symbol,market,period_end,asof_ts,revenue,operating_income,net_income,free_cash_flow,total_assets,total_equity,total_debt,shares_out,eps,source
000660,kospi,2025-12-31,2026-05-07T15:55:05.130524,,,18000000000000.0,12000000000000.0,,90000000000000.0,20000000000000.0,728002365.0,24725.0,manual
005380,kospi,2025-12-31,2026-05-07T15:55:05.153144,,,14000000000000.0,7000000000000.0,,110000000000000.0,90000000000000.0,211531506.0,66299.0,manual
005930,kospi,2025-12-31,2026-05-07T15:55:05.138836,,,35000000000000.0,28000000000000.0,,300000000000000.0,5000000000000.0,5969782550.0,5863.0,manual
035420,kospi,2025-12-31,2026-05-07T15:55:21.499990,,,1200000000000.0,900000000000.0,,24000000000000.0,3000000000000.0,164049085.0,7315.0,manual
051910,kospi,2025-12-31,2026-05-07T15:55:21.504910,,,2500000000000.0,1000000000000.0,,40000000000000.0,12000000000000.0,70592343.0,35415.0,manual
AAPL,us,2006-09-30,2009-10-27T00:00:00,,,,,,9984000000.0,,,,sec_edgar:companyfacts
AAPL,us,2007-09-29,2009-10-27T00:00:00,,,3496000000.0,,,14532000000.0,,,3.93,sec_edgar:companyfacts
AAPL,us,2008-06-28,2009-07-22T00:00:00,,,3698000000.0,,,,,,4.1,sec_edgar:companyfacts
AAPL,us,2008-09-27,2009-10-27T00:00:00,,,4834000000.0,,,21030000000.0,,888325973.0,5.36,sec_edgar:companyfacts
AAPL,us,2008-12-27,2010-01-25T00:00:00,,,2255000000.0,,,,,,2.5,sec_edgar:companyfacts
AAPL,us,2009-03-28,2010-04-21T00:00:00,,,3875000000.0,,,,,,4.29,sec_edgar:companyfacts
AAPL,us,2009-06-27,2009-07-22T00:00:00,,,4039000000.0,,,25888000000.0,,895735210.0,4.47,sec_edgar:companyfacts
AAPL,us,2009-09-26,2009-10-27T00:00:00,,,5704000000.0,,,27832000000.0,,899805500.0,6.29,sec_edgar:companyfacts
AAPL,us,2009-12-26,2010-01-25T00:00:00,,,3378000000.0,,,35768000000.0,,906282182.0,3.67,sec_edgar:companyfacts
AAPL,us,2010-03-27,2010-04-21T00:00:00,,,6452000000.0,,,39348000000.0,,909635811.0,7.0,sec_edgar:companyfacts
AAPL,us,2010-06-26,2010-07-21T00:00:00,,,9705000000.0,,,43111000000.0,,913482347.0,10.51,sec_edgar:companyfacts
AAPL,us,2010-09-25,2010-10-27T00:00:00,,,14013000000.0,,,47791000000.0,,915970050.0,15.15,sec_edgar:companyfacts
AAPL,us,2010-12-25,2011-01-19T00:00:00,,,6004000000.0,,,54666000000.0,,921035475.0,6.43,sec_edgar:companyfacts
AAPL,us,2011-03-26,2011-04-21T00:00:00,,,11991000000.0,,,61477000000.0,,924674079.0,12.83,sec_edgar:companyfacts
AAPL,us,2011-06-25,2011-07-20T00:00:00,,,19299000000.0,,,69343000000.0,,926903779.0,20.63,sec_edgar:companyfacts
AAPL,us,2011-09-24,2011-10-26T00:00:00,,,25922000000.0,,,76615000000.0,,929277000.0,27.68,sec_edgar:companyfacts
AAPL,us,2011-12-31,2012-01-25T00:00:00,,,13064000000.0,,,90054000000.0,,932214000.0,13.87,sec_edgar:companyfacts
AAPL,us,2012-03-31,2012-04-25T00:00:00,,,24686000000.0,,,102498000000.0,,934982000.0,26.17,sec_edgar:companyfacts
AAPL,us,2012-06-30,2012-07-25T00:00:00,,,33510000000.0,,,111746000000.0,,937266000.0,35.48,sec_edgar:companyfacts
AAPL,us,2012-09-29,2012-10-31T00:00:00,,,41733000000.0,,,118210000000.0,0.0,939208000.0,44.15,sec_edgar:companyfacts
AAPL,us,2012-12-29,2013-01-24T00:00:00,,,13078000000.0,,,127346000000.0,,938973000.0,13.81,sec_edgar:companyfacts
AAPL,us,2013-03-30,2013-04-24T00:00:00,,,22625000000.0,,,135490000000.0,,940094000.0,23.9,sec_edgar:companyfacts
AAPL,us,2013-06-29,2013-07-24T00:00:00,,,29525000000.0,,,123354000000.0,16958000000.0,908442000.0,31.44,sec_edgar:companyfacts
AAPL,us,2013-09-28,2015-10-28T00:00:00,,,37037000000.0,45501000000.0,,123549000000.0,16960000000.0,899213000.0,39.75,sec_edgar:companyfacts
AAPL,us,2013-12-28,2015-01-28T00:00:00,,,13072000000.0,20685000000.0,,129684000000.0,16961000000.0,892447000.0,14.5,sec_edgar:companyfacts
AAPL,us,2014-03-29,2015-04-28T00:00:00,,,23295000000.0,,,120179000000.0,16962000000.0,861745.0,26.16,sec_edgar:companyfacts
AAPL,us,2014-06-28,2015-07-22T00:00:00,,,31043000000.0,,,120940000000.0,29030000000.0,5989171000.0,5.03,sec_edgar:companyfacts
AAPL,us,2014-09-27,2015-10-28T00:00:00,,,39510000000.0,,,111547000000.0,28987000000.0,5866161000.0,6.45,sec_edgar:companyfacts
AAPL,us,2014-12-27,2015-01-28T00:00:00,,,18024000000.0,,,123328000000.0,32504000000.0,5826419000.0,3.06,sec_edgar:companyfacts
AAPL,us,2015-03-28,2015-04-28T00:00:00,,,31593000000.0,,,129006000000.0,40072000000.0,5762278000.0,5.39,sec_edgar:companyfacts
AAPL,us,2015-06-27,2015-07-22T00:00:00,,,42270000000.0,,,125677000000.0,,5705400000.0,7.25,sec_edgar:companyfacts
AAPL,us,2015-09-26,2017-11-03T00:00:00,,,53394000000.0,70019000000.0,,119355000000.0,,5578753000.0,9.22,sec_edgar:companyfacts
AAPL,us,2015-12-26,2016-01-27T00:00:00,,,18361000000.0,,,128267000000.0,,5544487000.0,3.28,sec_edgar:companyfacts
AAPL,us,2016-03-26,2017-05-03T00:00:00,,,28877000000.0,33116000000.0,,130457000000.0,,5478446000.0,5.19,sec_edgar:companyfacts
AAPL,us,2016-06-25,2017-08-02T00:00:00,,,36673000000.0,40941000000.0,,126541000000.0,,5393165000.0,6.62,sec_edgar:companyfacts
AAPL,us,2016-09-24,2018-11-05T00:00:00,215639000000.0,,45687000000.0,53090000000.0,,128249000000.0,,5336166000.0,8.31,sec_edgar:companyfacts
AAPL,us,2016-12-31,2018-11-05T00:00:00,78351000000.0,,17891000000.0,23900000000.0,,132390000000.0,,5255423000.0,3.36,sec_edgar:companyfacts
AAPL,us,2017-04-01,2018-11-05T00:00:00,52896000000.0,,28920000000.0,33270000000.0,,134082000000.0,,5205815000.0,5.46,sec_edgar:companyfacts
AAPL,us,2017-07-01,2018-11-05T00:00:00,45408000000.0,,37637000000.0,39356000000.0,,132425000000.0,,5169782000.0,7.14,sec_edgar:companyfacts
AAPL,us,2017-09-30,2018-11-05T00:00:00,229234000000.0,,48351000000.0,51147000000.0,,134047000000.0,,5126201000.0,9.21,sec_edgar:companyfacts
AAPL,us,2017-12-30,2018-11-05T00:00:00,88293000000.0,,20065000000.0,25483000000.0,,140199000000.0,,5081651000.0,3.89,sec_edgar:companyfacts
AAPL,us,2018-03-31,2018-11-05T00:00:00,61137000000.0,,33887000000.0,36418000000.0,,126878000000.0,,4943282000.0,6.63,sec_edgar:companyfacts
AAPL,us,2018-06-30,2018-11-05T00:00:00,53265000000.0,,45406000000.0,47639000000.0,,114949000000.0,,4842917000.0,8.99,sec_edgar:companyfacts
AAPL,us,2018-09-29,2018-11-05T00:00:00,265595000000.0,,59531000000.0,64121000000.0,,107147000000.0,,4754986000.0,11.91,sec_edgar:companyfacts
AAPL,us,2018-12-29,2019-01-30T00:00:00,,,19965000000.0,23335000000.0,,117892000000.0,,4729803000.0,4.18,sec_edgar:companyfacts
AAPL,us,2019-03-30,2019-05-01T00:00:00,,,31526000000.0,32127000000.0,,105860000000.0,,4607284000.0,6.66,sec_edgar:companyfacts
AAPL,us,2019-06-29,2019-07-31T00:00:00,,,41570000000.0,41763000000.0,,96456000000.0,,4531395000.0,8.86,sec_edgar:companyfacts
AAPL,us,2019-09-28,2019-10-31T00:00:00,,,55256000000.0,58896000000.0,,90488000000.0,,4443236000.0,11.89,sec_edgar:companyfacts
AAPL,us,2019-12-28,2020-01-29T00:00:00,,,22236000000.0,28409000000.0,,89531000000.0,,4384959000.0,4.99,sec_edgar:companyfacts
AAPL,us,2020-03-28,2020-05-01T00:00:00,,,33485000000.0,39867000000.0,,78425000000.0,,4323987000.0,7.56,sec_edgar:companyfacts
AAPL,us,2020-06-27,2020-07-31T00:00:00,,,44738000000.0,54573000000.0,,72282000000.0,,4283939000.0,10.16,sec_edgar:companyfacts
AAPL,us,2020-09-26,2020-10-30T00:00:00,,,57411000000.0,73365000000.0,,65339000000.0,,16976763000.0,3.28,sec_edgar:companyfacts
AAPL,us,2020-12-26,2021-01-28T00:00:00,,,28755000000.0,35263000000.0,,66224000000.0,,16823263000.0,1.68,sec_edgar:companyfacts
AAPL,us,2021-03-27,2021-04-29T00:00:00,,,52385000000.0,56975000000.0,,69178000000.0,,16686305000.0,3.08,sec_edgar:companyfacts
AAPL,us,2021-06-26,2021-07-28T00:00:00,,,74129000000.0,75976000000.0,,64280000000.0,,16556942000.0,4.38,sec_edgar:companyfacts
AAPL,us,2021-09-25,2021-10-29T00:00:00,,,94680000000.0,92953000000.0,,63090000000.0,118700000000.0,16426786000.0,5.61,sec_edgar:companyfacts
AAPL,us,2021-12-25,2022-01-28T00:00:00,,,34630000000.0,44163000000.0,,71932000000.0,117800000000.0,16340851000.0,2.1,sec_edgar:companyfacts
AAPL,us,2022-03-26,2022-04-29T00:00:00,,,59640000000.0,69815000000.0,,67399000000.0,113000000000.0,16207568000.0,3.62,sec_edgar:companyfacts
AAPL,us,2022-06-25,2022-07-29T00:00:00,,,79082000000.0,90605000000.0,,58107000000.0,108700000000.0,16095378000.0,4.82,sec_edgar:companyfacts
AAPL,us,2022-09-24,2022-10-28T00:00:00,,,99803000000.0,111443000000.0,,50672000000.0,110100000000.0,15943425000.0,6.11,sec_edgar:companyfacts
AAPL,us,2022-12-31,2023-02-03T00:00:00,,,29998000000.0,30218000000.0,,56727000000.0,109400000000.0,15842407000.0,1.88,sec_edgar:companyfacts
AAPL,us,2023-04-01,2023-05-05T00:00:00,,,54158000000.0,55862000000.0,,62158000000.0,107600000000.0,15723406000.0,3.41,sec_edgar:companyfacts
AAPL,us,2023-07-01,2023-08-04T00:00:00,,,74039000000.0,80149000000.0,,60274000000.0,105300000000.0,15647868000.0,4.67,sec_edgar:companyfacts
AAPL,us,2023-09-30,2023-11-03T00:00:00,,,96995000000.0,99584000000.0,,62146000000.0,105103000000.0,15550061000.0,6.13,sec_edgar:companyfacts
AAPL,us,2023-12-30,2024-02-02T00:00:00,,,33916000000.0,37503000000.0,,74100000000.0,106000000000.0,15460223000.0,2.18,sec_edgar:companyfacts
AAPL,us,2024-03-30,2024-05-03T00:00:00,,,57552000000.0,58197000000.0,,74194000000.0,102600000000.0,15337686000.0,3.71,sec_edgar:companyfacts
AAPL,us,2024-06-29,2024-08-02T00:00:00,,,79000000000.0,84904000000.0,,66708000000.0,98300000000.0,15222259000.0,5.11,sec_edgar:companyfacts
AAPL,us,2024-09-28,2024-11-01T00:00:00,,,93736000000.0,108807000000.0,,56950000000.0,96662000000.0,15116786000.0,6.08,sec_edgar:companyfacts
AAPL,us,2024-12-28,2025-01-31T00:00:00,,,36330000000.0,26995000000.0,,66758000000.0,94800000000.0,15040731000.0,2.4,sec_edgar:companyfacts
AAPL,us,2025-03-29,2025-05-02T00:00:00,,,61110000000.0,47876000000.0,,66796000000.0,92200000000.0,14939315000.0,4.05,sec_edgar:companyfacts
AAPL,us,2025-06-28,2025-08-01T00:00:00,,,84544000000.0,72281000000.0,,65830000000.0,91800000000.0,14856722000.0,5.62,sec_edgar:companyfacts
AAPL,us,2025-09-27,2025-10-31T00:00:00,,,112010000000.0,98767000000.0,,73733000000.0,90678000000.0,14773260000.0,7.46,sec_edgar:companyfacts
AAPL,us,2025-12-27,2026-01-30T00:00:00,,,42097000000.0,51552000000.0,,88190000000.0,88500000000.0,14702703000.0,2.84,sec_edgar:companyfacts
AAPL,us,2026-03-28,2026-05-01T00:00:00,,,71675000000.0,78283000000.0,,106491000000.0,82700000000.0,14667688000.0,4.85,sec_edgar:companyfacts
ABBV,us,2012-12-31,2014-02-21T00:00:00,,,,,,-350000000.0,1020000000.0,,3.35,sec_edgar:companyfacts
ABBV,us,2013-03-31,2013-05-08T00:00:00,,,,,,2957000000.0,414000000.0,1583729114.0,0.6,sec_edgar:companyfacts
ABBV,us,2013-06-30,2013-08-09T00:00:00,,,,,,3558000000.0,410000000.0,1585428724.0,1.27,sec_edgar:companyfacts
ABBV,us,2013-09-30,2013-11-12T00:00:00,,,,,,3577000000.0,411000000.0,1590861812.0,1.86,sec_edgar:companyfacts
ABBV,us,2013-12-31,2014-02-21T00:00:00,,,,,,4492000000.0,413000000.0,,2.56,sec_edgar:companyfacts
ABBV,us,2014-03-31,2014-05-09T00:00:00,,,,,,4697000000.0,2000000.0,1590066459.0,0.61,sec_edgar:companyfacts
ABBV,us,2014-06-30,2015-08-07T00:00:00,9489000000.0,,,,,5218000000.0,251000000.0,1591699124.0,1.29,sec_edgar:companyfacts
ABBV,us,2014-09-30,2015-11-06T00:00:00,14508000000.0,,,,,4645000000.0,301000000.0,1593265381.0,1.6,sec_edgar:companyfacts
ABBV,us,2014-12-31,2017-02-17T00:00:00,,,1774000000.0,,,1742000000.0,425000000.0,,1.1,sec_edgar:companyfacts
ABBV,us,2015-03-31,2017-02-17T00:00:00,5040000000.0,,1022000000.0,,,1377000000.0,569000000.0,1593076097.0,0.63,sec_edgar:companyfacts
ABBV,us,2015-06-30,2017-02-17T00:00:00,10515000000.0,,1366000000.0,,,5504000000.0,,1655276338.0,1.47,sec_edgar:companyfacts
ABBV,us,2015-09-30,2016-11-07T00:00:00,16459000000.0,,3627000000.0,5185000000.0,,4863000000.0,760000000.0,1634746917.0,2.21,sec_edgar:companyfacts
ABBV,us,2015-12-31,2017-02-17T00:00:00,,,5144000000.0,,,3945000000.0,406000000.0,,3.13,sec_edgar:companyfacts
ABBV,us,2016-03-31,2017-05-05T00:00:00,5958000000.0,,1354000000.0,2007000000.0,,4643000000.0,400000000.0,1617358607.0,0.83,sec_edgar:companyfacts
ABBV,us,2016-06-30,2017-08-07T00:00:00,12410000000.0,,1610000000.0,3794000000.0,,5640000000.0,494000000.0,1628542359.0,1.81,sec_edgar:companyfacts
ABBV,us,2016-09-30,2016-11-07T00:00:00,18842000000.0,,4562000000.0,5135000000.0,,6469000000.0,0.0,,2.78,sec_edgar:companyfacts
ABBV,us,2016-12-31,2019-02-27T00:00:00,25638000000.0,,5953000000.0,,,4636000000.0,377000000.0,,3.63,sec_edgar:companyfacts
ABBV,us,2017-03-31,2017-05-05T00:00:00,6538000000.0,,1711000000.0,2007000000.0,,4998000000.0,400000000.0,,1.06,sec_edgar:companyfacts
ABBV,us,2017-06-30,2017-08-07T00:00:00,13482000000.0,,3626000000.0,3884000000.0,,6009000000.0,400000000.0,,2.25,sec_edgar:companyfacts
ABBV,us,2017-09-30,2017-11-07T00:00:00,20477000000.0,,5257000000.0,7029000000.0,,6687000000.0,800000000.0,,3.27,sec_edgar:companyfacts
ABBV,us,2017-12-31,2020-02-21T00:00:00,28216000000.0,,5309000000.0,9431000000.0,,5097000000.0,400000000.0,,3.3,sec_edgar:companyfacts
ABBV,us,2018-03-31,2018-05-04T00:00:00,7934000000.0,,2783000000.0,2526000000.0,,3553000000.0,367000000.0,,1.74,sec_edgar:companyfacts
ABBV,us,2018-06-30,2018-08-07T00:00:00,16212000000.0,,4766000000.0,5278000000.0,,-3375000000.0,3511000000.0,,2.99,sec_edgar:companyfacts
ABBV,us,2018-09-30,2018-11-07T00:00:00,24448000000.0,,7513000000.0,9520000000.0,,-2921000000.0,3002000000.0,,4.79,sec_edgar:companyfacts
ABBV,us,2018-12-31,2020-02-21T00:00:00,32753000000.0,,5687000000.0,12789000000.0,,-8446000000.0,3699000000.0,,3.66,sec_edgar:companyfacts
ABBV,us,2019-03-31,2019-05-03T00:00:00,7828000000.0,,2456000000.0,2910000000.0,,-7826000000.0,499000000.0,,1.65,sec_edgar:companyfacts
ABBV,us,2019-06-30,2019-08-05T00:00:00,16083000000.0,,3197000000.0,5259000000.0,,-8566000000.0,306000000.0,,2.14,sec_edgar:companyfacts
ABBV,us,2019-09-30,2019-11-06T00:00:00,24562000000.0,,5081000000.0,9660000000.0,,-8226000000.0,0.0,,3.41,sec_edgar:companyfacts
ABBV,us,2019-12-31,2020-02-21T00:00:00,33266000000.0,,7882000000.0,12772000000.0,,-8172000000.0,67233000000.0,,5.28,sec_edgar:companyfacts
ABBV,us,2020-03-31,2020-05-08T00:00:00,8619000000.0,,3010000000.0,3690000000.0,,-7415000000.0,6000000.0,,2.02,sec_edgar:companyfacts
ABBV,us,2020-06-30,2020-08-04T00:00:00,19044000000.0,,2272000000.0,6602000000.0,,14708000000.0,64000000.0,,1.43,sec_edgar:companyfacts
ABBV,us,2020-09-30,2020-11-04T00:00:00,31946000000.0,,4580000000.0,12215000000.0,,15270000000.0,54000000.0,,2.77,sec_edgar:companyfacts
ABBV,us,2020-12-31,2021-02-19T00:00:00,45804000000.0,,4616000000.0,16790000000.0,,13076000000.0,84982000000.0,,2.72,sec_edgar:companyfacts
ABBV,us,2021-03-31,2021-05-07T00:00:00,13010000000.0,,3553000000.0,4689000000.0,,13710000000.0,9000000.0,,1.99,sec_edgar:companyfacts
ABBV,us,2021-06-30,2021-08-02T00:00:00,26969000000.0,,4319000000.0,9384000000.0,,12569000000.0,17000000.0,,2.41,sec_edgar:companyfacts
ABBV,us,2021-09-30,2021-11-02T00:00:00,41311000000.0,,7498000000.0,17102000000.0,,13550000000.0,16000000.0,,4.19,sec_edgar:companyfacts
ABBV,us,2021-12-31,2022-02-18T00:00:00,56197000000.0,,11542000000.0,21990000000.0,,15408000000.0,75976000000.0,,6.45,sec_edgar:companyfacts
ABBV,us,2022-03-31,2022-05-06T00:00:00,13538000000.0,,4490000000.0,4746000000.0,,16283000000.0,12000000.0,,2.51,sec_edgar:companyfacts
ABBV,us,2022-06-30,2022-08-04T00:00:00,28121000000.0,,5414000000.0,9608000000.0,,14653000000.0,17000000.0,,3.03,sec_edgar:companyfacts
ABBV,us,2022-09-30,2022-11-04T00:00:00,42933000000.0,,9363000000.0,17033000000.0,,15994000000.0,10000000.0,,5.24,sec_edgar:companyfacts
ABBV,us,2022-12-31,2023-02-17T00:00:00,58054000000.0,,11836000000.0,24248000000.0,,17254000000.0,63129000000.0,,6.63,sec_edgar:companyfacts
ABBV,us,2023-03-31,2023-05-05T00:00:00,12225000000.0,,239000000.0,4018000000.0,,13274000000.0,1000000.0,,0.13,sec_edgar:companyfacts
ABBV,us,2023-06-30,2023-08-07T00:00:00,26090000000.0,,2263000000.0,10159000000.0,,12866000000.0,0.0,,1.26,sec_edgar:companyfacts
ABBV,us,2023-09-30,2023-11-06T00:00:00,40017000000.0,,4041000000.0,17514000000.0,,12094000000.0,2000000.0,,2.26,sec_edgar:companyfacts
ABBV,us,2023-12-31,2024-02-20T00:00:00,54318000000.0,,4863000000.0,22062000000.0,,10360000000.0,59245000000.0,,2.72,sec_edgar:companyfacts
ABBV,us,2024-03-31,2024-05-03T00:00:00,12310000000.0,,1369000000.0,3847000000.0,,8007000000.0,3000000.0,,0.77,sec_edgar:companyfacts
ABBV,us,2024-06-30,2024-08-07T00:00:00,26772000000.0,,2739000000.0,5877000000.0,,6778000000.0,,,1.53,sec_edgar:companyfacts
ABBV,us,2024-09-30,2024-11-04T00:00:00,41232000000.0,,4300000000.0,11075000000.0,,6032000000.0,,,2.41,sec_edgar:companyfacts
ABBV,us,2024-12-31,2025-02-14T00:00:00,56334000000.0,,4278000000.0,17832000000.0,,3325000000.0,66841000000.0,,2.39,sec_edgar:companyfacts
ABBV,us,2025-03-31,2025-05-09T00:00:00,13343000000.0,,1286000000.0,1400000000.0,,1420000000.0,1593000000.0,,0.72,sec_edgar:companyfacts
ABBV,us,2025-06-30,2025-08-04T00:00:00,28766000000.0,,2224000000.0,6284000000.0,,-183000000.0,5556000000.0,,1.24,sec_edgar:companyfacts
ABBV,us,2025-09-30,2025-11-04T00:00:00,44542000000.0,,2410000000.0,12927000000.0,,-2642000000.0,3790000000.0,,1.34,sec_edgar:companyfacts
ABBV,us,2025-12-31,2026-02-20T00:00:00,61160000000.0,,4226000000.0,17816000000.0,,-3270000000.0,67002000000.0,,2.36,sec_edgar:companyfacts
ABBV,us,2026-03-31,2026-05-08T00:00:00,15002000000.0,,695000000.0,3564000000.0,,-6656000000.0,0.0,,0.39,sec_edgar:companyfacts
ABT,us,2007-12-31,2010-02-19T00:00:00,,,,,,17778540000.0,1827361000.0,,2.31,sec_edgar:companyfacts
ABT,us,2008-12-31,2010-02-19T00:00:00,,,,,,17479551000.0,11445069000.0,,3.12,sec_edgar:companyfacts
ABT,us,2009-06-30,2009-08-07T00:00:00,,,,1897628000.0,,19879112000.0,4295727000.0,1545912443.0,1.75,sec_edgar:companyfacts
ABT,us,2009-09-30,2009-11-06T00:00:00,,,,4598942000.0,,21335055000.0,4042619000.0,1546738426.0,2.7,sec_edgar:companyfacts
ABT,us,2009-12-31,2010-02-19T00:00:00,,,,,,22855627000.0,16455438000.0,,3.69,sec_edgar:companyfacts
ABT,us,2010-03-31,2010-05-04T00:00:00,,,,1277609000.0,,20860099000.0,5730427000.0,1543565059.0,0.64,sec_edgar:companyfacts
ABT,us,2010-06-30,2010-08-05T00:00:00,,,,3352392000.0,,19911709000.0,3650975000.0,1544028722.0,1.47,sec_edgar:companyfacts
ABT,us,2010-09-30,2010-11-05T00:00:00,,,,5695720000.0,,21403932000.0,3587830000.0,1545815965.0,2.04,sec_edgar:companyfacts
ABT,us,2010-12-31,2011-02-18T00:00:00,,,,,,22388135000.0,18918796000.0,,2.96,sec_edgar:companyfacts
ABT,us,2011-03-31,2011-05-06T00:00:00,,,,1619333000.0,,24629650000.0,4718336000.0,1554282988.0,0.55,sec_edgar:companyfacts
ABT,us,2011-06-30,2011-08-04T00:00:00,,,,3749528000.0,,26378853000.0,5565507000.0,1556576533.0,1.79,sec_edgar:companyfacts
ABT,us,2011-09-30,2011-11-04T00:00:00,,,,,,24603800000.0,3589563000.0,1557795578.0,1.98,sec_edgar:companyfacts
ABT,us,2011-12-31,2014-02-21T00:00:00,,,4728000000.0,7478500000.0,,24439833000.0,15414859000.0,,3.01,sec_edgar:companyfacts
ABT,us,2012-03-31,2014-02-21T00:00:00,,,1242000000.0,1771600000.0,,25453691000.0,3757859000.0,1573391467.0,0.78,sec_edgar:companyfacts
ABT,us,2012-06-30,2014-02-21T00:00:00,,,1725000000.0,3413313000.0,,24486960000.0,5063525000.0,1569333729.0,1.85,sec_edgar:companyfacts
ABT,us,2012-09-30,2014-02-21T00:00:00,,,1943000000.0,6402068000.0,,27014175000.0,3206147000.0,1580667737.0,3.06,sec_edgar:companyfacts
ABT,us,2012-12-31,2014-02-21T00:00:00,,,5963000000.0,7518711000.0,,26720961000.0,20475839000.0,,3.72,sec_edgar:companyfacts
ABT,us,2013-03-31,2014-02-21T00:00:00,,,545000000.0,185790000.0,,22588186000.0,3358255000.0,1558864658.0,0.34,sec_edgar:companyfacts
ABT,us,2013-06-30,2014-02-21T00:00:00,,,476000000.0,611930000.0,,22336064000.0,4259614000.0,1554125355.0,0.64,sec_edgar:companyfacts
ABT,us,2013-09-30,2014-02-21T00:00:00,,,966000000.0,857598000.0,,23696237000.0,4595867000.0,1546185646.0,1.25,sec_edgar:companyfacts
ABT,us,2013-12-31,2014-02-21T00:00:00,,,2576000000.0,2179000000.0,,25171000000.0,6561000000.0,,1.62,sec_edgar:companyfacts
ABT,us,2014-03-31,2014-05-07T00:00:00,,,375000000.0,81000000.0,,23390000000.0,4370000000.0,1501938538.0,0.24,sec_edgar:companyfacts
ABT,us,2014-06-30,2014-08-05T00:00:00,,,841000000.0,723000000.0,,23602000000.0,3953000000.0,1503699033.0,0.55,sec_edgar:companyfacts
ABT,us,2014-09-30,2014-11-06T00:00:00,,,1380000000.0,1647000000.0,,22888000000.0,4376000000.0,1505790586.0,0.9,sec_edgar:companyfacts
ABT,us,2014-12-31,2015-02-27T00:00:00,,,2284000000.0,2598000000.0,,21526000000.0,7845000000.0,,1.49,sec_edgar:companyfacts
ABT,us,2015-03-31,2015-05-06T00:00:00,,,2292000000.0,-233000000.0,,21874000000.0,2921000000.0,1488757318.0,1.51,sec_edgar:companyfacts
ABT,us,2015-06-30,2015-08-04T00:00:00,,,3076000000.0,492000000.0,,23008000000.0,2867000000.0,1490441465.0,2.03,sec_edgar:companyfacts
ABT,us,2015-09-30,2015-11-05T00:00:00,,,3656000000.0,1276000000.0,,21111000000.0,2370000000.0,1491719891.0,2.41,sec_edgar:companyfacts
ABT,us,2015-12-31,2016-02-19T00:00:00,,,4423000000.0,1856000000.0,,21211000000.0,9001000000.0,,2.92,sec_edgar:companyfacts
ABT,us,2016-03-31,2016-05-04T00:00:00,,,316000000.0,-336000000.0,,20722000000.0,2610000000.0,1469152033.0,0.21,sec_edgar:companyfacts
ABT,us,2016-06-30,2016-08-03T00:00:00,,,931000000.0,326000000.0,,20675000000.0,2892000000.0,1469995415.0,0.63,sec_edgar:companyfacts
ABT,us,2016-09-30,2016-11-03T00:00:00,,,602000000.0,1231000000.0,,20776000000.0,2531000000.0,1472309523.0,0.4,sec_edgar:companyfacts
ABT,us,2016-12-31,2019-02-22T00:00:00,20853000000.0,,1400000000.0,2082000000.0,,20538000000.0,22006000000.0,,0.94,sec_edgar:companyfacts
ABT,us,2017-03-31,2018-05-02T00:00:00,6335000000.0,,419000000.0,302000000.0,,31362000000.0,207000000.0,1735272054.0,0.24,sec_edgar:companyfacts
ABT,us,2017-06-30,2018-08-01T00:00:00,12972000000.0,,702000000.0,1398000000.0,,31602000000.0,218000000.0,1737443264.0,0.4,sec_edgar:companyfacts
ABT,us,2017-09-30,2018-10-31T00:00:00,19801000000.0,,1305000000.0,3140000000.0,,32032000000.0,211000000.0,1740600687.0,0.74,sec_edgar:companyfacts
ABT,us,2017-12-31,2019-02-22T00:00:00,27390000000.0,,477000000.0,4435000000.0,,30897000000.0,27924000000.0,,0.27,sec_edgar:companyfacts
ABT,us,2018-03-31,2018-05-02T00:00:00,7390000000.0,,418000000.0,833000000.0,,31399000000.0,230000000.0,1753187766.0,0.23,sec_edgar:companyfacts
ABT,us,2018-06-30,2018-08-01T00:00:00,15157000000.0,,1151000000.0,1779000000.0,,30577000000.0,341000000.0,1754319284.0,0.64,sec_edgar:companyfacts
ABT,us,2018-09-30,2018-10-31T00:00:00,22813000000.0,,1714000000.0,3608000000.0,,30705000000.0,211000000.0,1756333032.0,0.96,sec_edgar:companyfacts
ABT,us,2018-12-31,2019-02-22T00:00:00,30578000000.0,,2368000000.0,4906000000.0,,30524000000.0,19566000000.0,,1.33,sec_edgar:companyfacts
ABT,us,2019-03-31,2019-05-01T00:00:00,7535000000.0,,672000000.0,377000000.0,,30925000000.0,201000000.0,1764181262.0,0.38,sec_edgar:companyfacts
ABT,us,2019-06-30,2019-07-31T00:00:00,15514000000.0,,1678000000.0,969000000.0,,31686000000.0,204000000.0,1767397615.0,0.94,sec_edgar:companyfacts
ABT,us,2019-09-30,2019-10-31T00:00:00,23590000000.0,,2638000000.0,2516000000.0,,31817000000.0,204000000.0,1768455705.0,1.47,sec_edgar:companyfacts
ABT,us,2019-12-31,2020-02-21T00:00:00,31904000000.0,,3687000000.0,4498000000.0,,31088000000.0,18139000000.0,,2.06,sec_edgar:companyfacts
ABT,us,2020-03-31,2020-04-29T00:00:00,7726000000.0,,564000000.0,355000000.0,,30218000000.0,204000000.0,1768845326.0,0.31,sec_edgar:companyfacts
ABT,us,2020-06-30,2020-07-29T00:00:00,15054000000.0,,1101000000.0,1035000000.0,,30578000000.0,205000000.0,1770529999.0,0.61,sec_edgar:companyfacts
ABT,us,2020-09-30,2020-11-04T00:00:00,23907000000.0,,2333000000.0,2605000000.0,,31386000000.0,208000000.0,1772361581.0,1.3,sec_edgar:companyfacts
ABT,us,2020-12-31,2021-02-19T00:00:00,34608000000.0,,4495000000.0,5724000000.0,,32784000000.0,18747000000.0,,2.5,sec_edgar:companyfacts
ABT,us,2021-03-31,2021-05-05T00:00:00,10456000000.0,,1793000000.0,2240000000.0,,33562000000.0,199000000.0,1776820148.0,1.0,sec_edgar:companyfacts
ABT,us,2021-06-30,2021-08-04T00:00:00,20679000000.0,,2982000000.0,3955000000.0,,33800000000.0,199000000.0,1772817349.0,1.66,sec_edgar:companyfacts
ABT,us,2021-09-30,2021-11-03T00:00:00,31607000000.0,,5082000000.0,6195000000.0,,34422000000.0,197000000.0,1768286969.0,2.83,sec_edgar:companyfacts
ABT,us,2021-12-31,2022-02-18T00:00:00,43075000000.0,,7071000000.0,8648000000.0,,35802000000.0,18050000000.0,,3.94,sec_edgar:companyfacts
ABT,us,2022-03-31,2022-05-03T00:00:00,11895000000.0,,2447000000.0,1744000000.0,,35399000000.0,,1750942289.0,1.37,sec_edgar:companyfacts
ABT,us,2022-06-30,2022-08-02T00:00:00,23152000000.0,,4465000000.0,3775000000.0,,36490000000.0,,1751219743.0,2.51,sec_edgar:companyfacts
ABT,us,2022-09-30,2022-11-01T00:00:00,33562000000.0,,5900000000.0,6088000000.0,,35675000000.0,,1743573777.0,3.32,sec_edgar:companyfacts
ABT,us,2022-12-31,2023-02-17T00:00:00,43653000000.0,,6933000000.0,7804000000.0,,36686000000.0,16773000000.0,,3.91,sec_edgar:companyfacts
ABT,us,2023-03-31,2023-05-04T00:00:00,9747000000.0,,1318000000.0,763000000.0,,37010000000.0,,1738946799.0,0.75,sec_edgar:companyfacts
ABT,us,2023-06-30,2023-08-03T00:00:00,19725000000.0,,2693000000.0,1459000000.0,,37174000000.0,,1735357980.0,1.53,sec_edgar:companyfacts
ABT,us,2023-09-30,2023-11-01T00:00:00,29868000000.0,,4129000000.0,2776000000.0,,37481000000.0,,1736058536.0,2.35,sec_edgar:companyfacts
ABT,us,2023-12-31,2024-02-16T00:00:00,40109000000.0,,5723000000.0,5059000000.0,,38603000000.0,14679000000.0,,3.26,sec_edgar:companyfacts
ABT,us,2024-03-31,2024-05-02T00:00:00,9964000000.0,,1225000000.0,627000000.0,,38810000000.0,,1739633759.0,0.7,sec_edgar:companyfacts
ABT,us,2024-06-30,2024-07-31T00:00:00,20341000000.0,,2527000000.0,2054000000.0,,39318000000.0,,1739897004.0,1.44,sec_edgar:companyfacts
ABT,us,2024-09-30,2024-10-31T00:00:00,30976000000.0,,4173000000.0,4203000000.0,,39796000000.0,,1734455213.0,2.38,sec_edgar:companyfacts
ABT,us,2024-12-31,2025-02-21T00:00:00,41950000000.0,,13402000000.0,6351000000.0,,47664000000.0,14125000000.0,,7.64,sec_edgar:companyfacts
ABT,us,2025-03-31,2025-04-30T00:00:00,10358000000.0,,1325000000.0,933000000.0,,48811000000.0,,1739836465.0,0.76,sec_edgar:companyfacts
ABT,us,2025-06-30,2025-07-30T00:00:00,21500000000.0,,3104000000.0,2478000000.0,,50565000000.0,,1740459014.0,1.77,sec_edgar:companyfacts
ABT,us,2025-09-30,2025-10-29T00:00:00,32869000000.0,,4748000000.0,4769000000.0,,50954000000.0,,1738871947.0,2.7,sec_edgar:companyfacts
ABT,us,2025-12-31,2026-02-20T00:00:00,44328000000.0,,6524000000.0,7395000000.0,,52130000000.0,12929000000.0,,3.72,sec_edgar:companyfacts
ABT,us,2026-03-31,2026-04-29T00:00:00,11164000000.0,,1077000000.0,916000000.0,,52061000000.0,,1741812429.0,0.61,sec_edgar:companyfacts
ACN,us,2008-08-31,2010-10-26T00:00:00,25313826000.0,,1691751000.0,2482880000.0,,,,,2.64,sec_edgar:companyfacts
ACN,us,2008-11-30,2009-12-18T00:00:00,6470608000.0,,479866000.0,396256000.0,,,,,0.74,sec_edgar:companyfacts
ACN,us,2009-02-28,2010-03-26T00:00:00,12128171000.0,,891302000.0,974280000.0,,,,,1.37,sec_edgar:companyfacts
ACN,us,2009-05-31,2010-06-25T00:00:00,17665519000.0,,1335271000.0,1945254000.0,,,,,2.05,sec_edgar:companyfacts
ACN,us,2009-08-31,2010-10-26T00:00:00,23170968000.0,,1589963000.0,2916747000.0,,2835221000.0,594000.0,,2.44,sec_edgar:companyfacts
ACN,us,2009-11-30,2009-12-18T00:00:00,5747687000.0,,444817000.0,184294000.0,,2809267000.0,1734000.0,,0.67,sec_edgar:companyfacts
ACN,us,2010-02-28,2010-03-26T00:00:00,11285510000.0,,844577000.0,800229000.0,,2959496000.0,206000.0,,1.27,sec_edgar:companyfacts
ACN,us,2010-05-31,2010-06-25T00:00:00,17261005000.0,,1335174000.0,1703402000.0,,2996630000.0,573000.0,,2.0,sec_edgar:companyfacts
ACN,us,2010-08-31,2010-10-26T00:00:00,23094078000.0,,1780656000.0,2853405000.0,,2835746000.0,143000.0,,2.66,sec_edgar:companyfacts
ACN,us,2010-11-30,2010-12-20T00:00:00,6478193000.0,,534714000.0,30916000.0,,2909396000.0,332000.0,,0.81,sec_edgar:companyfacts
ACN,us,2011-02-28,2011-03-25T00:00:00,12974486000.0,,1037731000.0,553445000.0,,3592907000.0,422000.0,,1.56,sec_edgar:companyfacts
ACN,us,2011-05-31,2011-06-24T00:00:00,20178841000.0,,1665744000.0,1793724000.0,,3713803000.0,4621000.0,,2.49,sec_edgar:companyfacts
ACN,us,2011-08-31,2011-10-21T00:00:00,27352914000.0,,2277677000.0,3038025000.0,,3878951000.0,4419000.0,,3.4,sec_edgar:companyfacts
ACN,us,2011-11-30,2011-12-20T00:00:00,7589108000.0,,642086000.0,394383000.0,,3766360000.0,4762000.0,,0.96,sec_edgar:companyfacts
ACN,us,2012-02-28,2012-10-30T00:00:00,7259828000.0,,643923000.0,,,,,,0.97,sec_edgar:companyfacts
ACN,us,2012-02-29,2012-03-23T00:00:00,14848936000.0,,1286009000.0,1166817000.0,,4468553000.0,4653000.0,,1.93,sec_edgar:companyfacts
ACN,us,2012-05-31,2012-06-29T00:00:00,22489726000.0,,1975228000.0,2291945000.0,,4106004000.0,5381000.0,,2.96,sec_edgar:companyfacts
ACN,us,2012-08-31,2012-10-30T00:00:00,29777985000.0,,2553510000.0,3884878000.0,,4145833000.0,11000.0,,3.84,sec_edgar:companyfacts
ACN,us,2012-11-30,2012-12-20T00:00:00,7668036000.0,,698817000.0,-195362000.0,,4506633000.0,13000.0,,1.06,sec_edgar:companyfacts
ACN,us,2013-02-28,2013-03-28T00:00:00,15161356000.0,,1800619000.0,348621000.0,,5452349000.0,13000.0,,2.71,sec_edgar:companyfacts
ACN,us,2013-05-31,2013-06-28T00:00:00,22869291000.0,,2610878000.0,1760254000.0,,5324867000.0,0.0,,3.92,sec_edgar:companyfacts
ACN,us,2013-08-31,2013-10-29T00:00:00,30394285000.0,,3281878000.0,2933535000.0,,4960186000.0,0.0,,4.93,sec_edgar:companyfacts
ACN,us,2013-11-30,2013-12-19T00:00:00,7799696000.0,,751846000.0,122274000.0,,4927831000.0,0.0,,1.15,sec_edgar:companyfacts
ACN,us,2014-02-28,2014-03-27T00:00:00,15367179000.0,,1423146000.0,338487000.0,,5272315000.0,167000.0,,2.18,sec_edgar:companyfacts
ACN,us,2014-05-31,2014-06-26T00:00:00,23607359000.0,,2240482000.0,1616460000.0,,5603631000.0,139000.0,,3.44,sec_edgar:companyfacts
ACN,us,2014-08-31,2014-10-24T00:00:00,31874678000.0,,2941498000.0,3164215000.0,,5732035000.0,330000.0,,4.52,sec_edgar:companyfacts
ACN,us,2014-11-30,2014-12-18T00:00:00,8343257000.0,,831530000.0,821042000.0,,5481501000.0,4000.0,,1.29,sec_edgar:companyfacts
ACN,us,2015-02-28,2015-03-26T00:00:00,16274847000.0,,1522256000.0,1040761000.0,,5990851000.0,191000.0,,2.37,sec_edgar:companyfacts
ACN,us,2015-05-31,2015-06-25T00:00:00,24549913000.0,,2315953000.0,2340571000.0,,5911214000.0,1000.0,,3.61,sec_edgar:companyfacts
ACN,us,2015-08-31,2015-10-30T00:00:00,32914424000.0,,3053581000.0,3697120000.0,,6133725000.0,1848000.0,,4.76,sec_edgar:companyfacts
ACN,us,2015-11-30,2015-12-17T00:00:00,8465984000.0,,818899000.0,516528000.0,,5900425000.0,1848000.0,,1.28,sec_edgar:companyfacts
ACN,us,2016-02-29,2016-03-24T00:00:00,16863037000.0,,2145419000.0,685806000.0,,6811661000.0,1784000.0,,3.36,sec_edgar:companyfacts
ACN,us,2016-05-31,2016-06-23T00:00:00,25832081000.0,,3042666000.0,2183176000.0,,7127325000.0,2072000.0,,4.77,sec_edgar:companyfacts
ACN,us,2016-08-31,2016-10-28T00:00:00,34797661000.0,,4111892000.0,4078549000.0,,7555262000.0,2773000.0,,6.45,sec_edgar:companyfacts
ACN,us,2016-11-30,2016-12-21T00:00:00,9005603000.0,,1004476000.0,999329000.0,,7417093000.0,2773000.0,,1.58,sec_edgar:companyfacts
ACN,us,2017-02-28,2017-03-23T00:00:00,17767785000.0,,1843228000.0,1049623000.0,,7964245000.0,2944000.0,,2.91,sec_edgar:companyfacts
ACN,us,2017-05-31,2017-06-22T00:00:00,27124572000.0,,2512696000.0,2706384000.0,,8167356000.0,2942000.0,,3.96,sec_edgar:companyfacts
ACN,us,2017-08-31,2017-10-26T00:00:00,36765478000.0,,3445149000.0,4457120000.0,,8949477000.0,2907000.0,,5.44,sec_edgar:companyfacts
ACN,us,2017-11-30,2017-12-21T00:00:00,10054493000.0,,1123660000.0,872486000.0,,9102130000.0,2979000.0,,1.79,sec_edgar:companyfacts
ACN,us,2018-02-28,2018-03-22T00:00:00,20122325000.0,,1987363000.0,1663647000.0,,9682687000.0,2914000.0,,3.16,sec_edgar:companyfacts
ACN,us,2018-05-31,2018-06-28T00:00:00,30961179000.0,,3030383000.0,3477629000.0,,9797325000.0,2840000.0,,4.76,sec_edgar:companyfacts
ACN,us,2018-08-31,2018-10-24T00:00:00,41603428000.0,,4059907000.0,5407504000.0,,10364753000.0,5337000.0,,6.34,sec_edgar:companyfacts
ACN,us,2018-11-30,2018-12-20T00:00:00,10605546000.0,,1274720000.0,949817000.0,,12678856000.0,4727000.0,,1.96,sec_edgar:companyfacts
ACN,us,2019-02-28,2019-03-28T00:00:00,21059675000.0,,2399169000.0,2169670000.0,,13337033000.0,4365000.0,,3.69,sec_edgar:companyfacts
ACN,us,2019-05-31,2019-06-27T00:00:00,32159363000.0,,3648685000.0,4152951000.0,,13737324000.0,4137000.0,,5.62,sec_edgar:companyfacts
ACN,us,2019-08-31,2019-10-29T00:00:00,43215013000.0,,4779112000.0,6027944000.0,,14409008000.0,6411000.0,,7.36,sec_edgar:companyfacts
ACN,us,2019-11-30,2019-12-19T00:00:00,11358958000.0,,1356968000.0,691848000.0,,15167138000.0,3698000.0,,2.09,sec_edgar:companyfacts
ACN,us,2020-02-29,2020-03-19T00:00:00,22500463000.0,,2591708000.0,2057119000.0,,15474589000.0,6697000.0,,4.0,sec_edgar:companyfacts
ACN,us,2020-05-31,2020-06-25T00:00:00,33491768000.0,,3819910000.0,4648604000.0,,16014606000.0,8697000.0,,5.9,sec_edgar:companyfacts
ACN,us,2020-08-31,2020-10-22T00:00:00,44327039000.0,,5107839000.0,7616020000.0,,17000536000.0,7820000.0,,7.89,sec_edgar:companyfacts
ACN,us,2020-11-30,2020-12-17T00:00:00,11762185000.0,,1500276000.0,1509730000.0,,17906501000.0,8925000.0,,2.32,sec_edgar:companyfacts
ACN,us,2021-02-28,2021-03-18T00:00:00,23850310000.0,,2941135000.0,3951941000.0,,18308027000.0,9040000.0,,4.55,sec_edgar:companyfacts
ACN,us,2021-05-31,2021-06-24T00:00:00,37114105000.0,,4490561000.0,6194879000.0,,19342845000.0,9157000.0,,6.96,sec_edgar:companyfacts
ACN,us,2021-08-31,2021-10-15T00:00:00,50533389000.0,,5906809000.0,8395016000.0,,19529454000.0,12080000.0,,9.16,sec_edgar:companyfacts
ACN,us,2021-11-30,2021-12-16T00:00:00,14965153000.0,,1791024000.0,349200000.0,,20353199000.0,9089000.0,,2.78,sec_edgar:companyfacts
ACN,us,2022-02-28,2022-03-17T00:00:00,30011846000.0,,3425966000.0,2340033000.0,,20560023000.0,9092000.0,,5.32,sec_edgar:companyfacts
ACN,us,2022-05-31,2022-06-23T00:00:00,46170649000.0,,5212041000.0,5210072000.0,,21389094000.0,8768000.0,,8.11,sec_edgar:companyfacts
ACN,us,2022-08-31,2022-10-12T00:00:00,61594305000.0,,6877169000.0,8823131000.0,,22106097000.0,9175000.0,,10.71,sec_edgar:companyfacts
ACN,us,2022-11-30,2022-12-16T00:00:00,15747802000.0,,1964950000.0,396568000.0,,22974611000.0,9430000.0,,3.08,sec_edgar:companyfacts
ACN,us,2023-02-28,2023-03-23T00:00:00,31561960000.0,,3488598000.0,2619131000.0,,23762619000.0,10815000.0,,5.47,sec_edgar:companyfacts
ACN,us,2023-05-31,2023-06-22T00:00:00,48126545000.0,,5498594000.0,5767002000.0,,25332431000.0,10389000.0,,8.62,sec_edgar:companyfacts
ACN,us,2023-08-31,2023-10-12T00:00:00,64111745000.0,,6871557000.0,8996096000.0,,25692839000.0,104810000.0,,10.77,sec_edgar:companyfacts
ACN,us,2023-11-30,2023-12-19T00:00:00,16224303000.0,,1973444000.0,429618000.0,,26676751000.0,104819000.0,,3.1,sec_edgar:companyfacts
ACN,us,2024-02-29,2024-03-21T00:00:00,32023817000.0,,3648303000.0,2420838000.0,,27122853000.0,111141000.0,,5.73,sec_edgar:companyfacts
ACN,us,2024-05-31,2024-06-20T00:00:00,48490645000.0,,5580486000.0,5438723000.0,,27744489000.0,1610025000.0,,8.77,sec_edgar:companyfacts
ACN,us,2024-08-31,2024-10-10T00:00:00,64896464000.0,,7264787000.0,8614518000.0,,28288646000.0,946229000.0,,11.44,sec_edgar:companyfacts
ACN,us,2024-11-30,2024-12-19T00:00:00,17689545000.0,,2278894000.0,870281000.0,,29190495000.0,114321000.0,,3.59,sec_edgar:companyfacts
ACN,us,2025-02-28,2025-03-20T00:00:00,34348846000.0,,4066969000.0,3552869000.0,,29246053000.0,115179000.0,,6.42,sec_edgar:companyfacts
ACN,us,2025-05-31,2025-06-20T00:00:00,52076717000.0,,6264470000.0,7068128000.0,,30554725000.0,115064000.0,,9.9,sec_edgar:companyfacts
ACN,us,2025-08-31,2025-10-10T00:00:00,69672977000.0,,7678433000.0,10874360000.0,,31195446000.0,114484000.0,,12.15,sec_edgar:companyfacts
ACN,us,2025-11-30,2025-12-18T00:00:00,18742125000.0,,2211561000.0,1507515000.0,,30867503000.0,113676000.0,,3.54,sec_edgar:companyfacts
ACN,us,2026-02-28,2026-03-19T00:00:00,36786191000.0,,4036800000.0,5175468000.0,,31210676000.0,114063000.0,,6.47,sec_edgar:companyfacts
ADBE,us,2006-12-01,2010-01-22T00:00:00,,,,,,5151876000.0,,,,sec_edgar:companyfacts
ADBE,us,2007-11-30,2010-01-22T00:00:00,3157881000.0,,723807000.0,1308978000.0,,4649982000.0,,,1.21,sec_edgar:companyfacts
ADBE,us,2008-05-30,2009-06-26T00:00:00,1777331000.0,,434289000.0,682420000.0,,,,,0.78,sec_edgar:companyfacts
ADBE,us,2008-08-29,2009-10-01T00:00:00,2664588000.0,,625897000.0,853952000.0,,,,,1.13,sec_edgar:companyfacts
ADBE,us,2008-11-28,2010-01-22T00:00:00,3579889000.0,,871814000.0,1168890000.0,,4410354000.0,,526111000.0,1.59,sec_edgar:companyfacts
ADBE,us,2009-02-27,2010-04-09T00:00:00,786390000.0,,156435000.0,349827000.0,,,,,0.3,sec_edgar:companyfacts
ADBE,us,2009-05-29,2009-06-26T00:00:00,1491063000.0,,282506000.0,601044000.0,,4801041000.0,,524530000.0,0.53,sec_edgar:companyfacts
ADBE,us,2009-08-28,2009-10-01T00:00:00,2188570000.0,,418551000.0,779294000.0,,4694558000.0,,524665000.0,0.79,sec_edgar:companyfacts
ADBE,us,2009-11-27,2010-01-22T00:00:00,2945853000.0,,386508000.0,998180000.0,,4890568000.0,,522657000.0,0.73,sec_edgar:companyfacts
ADBE,us,2010-03-05,2010-04-09T00:00:00,858700000.0,,127154000.0,234256000.0,,5171420000.0,,525782000.0,0.24,sec_edgar:companyfacts
ADBE,us,2010-06-04,2010-07-02T00:00:00,1801735000.0,,275765000.0,435718000.0,,5178755000.0,,525068000.0,0.52,sec_edgar:companyfacts
ADBE,us,2010-09-03,2010-10-08T00:00:00,2792054000.0,,505830000.0,688149000.0,,5084858000.0,,513057000.0,0.95,sec_edgar:companyfacts
ADBE,us,2010-12-03,2011-01-27T00:00:00,3800000000.0,,774680000.0,943353000.0,,5192387000.0,,501897000.0,1.47,sec_edgar:companyfacts
ADBE,us,2011-03-04,2011-04-08T00:00:00,1027706000.0,,234591000.0,299681000.0,,5425407000.0,,504987000.0,0.46,sec_edgar:companyfacts
ADBE,us,2011-06-03,2011-06-29T00:00:00,2050885000.0,,464027000.0,651511000.0,,5389415000.0,,493763000.0,0.91,sec_edgar:companyfacts
ADBE,us,2011-09-02,2011-10-07T00:00:00,3064097000.0,,659128000.0,911164000.0,,5563958000.0,,492806000.0,1.3,sec_edgar:companyfacts
ADBE,us,2011-12-02,2012-01-26T00:00:00,4216258000.0,,832847000.0,1333020000.0,,5783113000.0,,491540000.0,1.65,sec_edgar:companyfacts
ADBE,us,2012-03-02,2012-03-30T00:00:00,1045220000.0,,185209000.0,263275000.0,,5986302000.0,,495928000.0,0.37,sec_edgar:companyfacts
ADBE,us,2012-06-01,2012-06-27T00:00:00,2169669000.0,,409085000.0,650726000.0,,6099646000.0,,493987000.0,0.81,sec_edgar:companyfacts
ADBE,us,2012-08-31,2012-09-27T00:00:00,3250249000.0,,610442000.0,836634000.0,,6438693000.0,,494732000.0,1.22,sec_edgar:companyfacts
ADBE,us,2012-11-30,2013-01-22T00:00:00,4403677000.0,,832775000.0,1228504000.0,,6665182000.0,,494132000.0,1.66,sec_edgar:companyfacts
ADBE,us,2013-03-01,2013-03-28T00:00:00,1007873000.0,,65117000.0,261841000.0,,6805338000.0,,501045000.0,0.13,sec_edgar:companyfacts
ADBE,us,2013-05-31,2013-06-28T00:00:00,2018422000.0,,141663000.0,514740000.0,,6927302000.0,,503052000.0,0.28,sec_edgar:companyfacts
ADBE,us,2013-08-30,2013-10-03T00:00:00,3013541000.0,,224665000.0,683467000.0,,6834759000.0,,501806000.0,0.44,sec_edgar:companyfacts
ADBE,us,2013-11-29,2014-01-21T00:00:00,4055240000.0,,289985000.0,963328000.0,,6724634000.0,14676000.0,496261000.0,0.56,sec_edgar:companyfacts
ADBE,us,2014-02-28,2014-03-28T00:00:00,1000120000.0,,47046000.0,222280000.0,,6610883000.0,613310000.0,498501000.0,0.09,sec_edgar:companyfacts
ADBE,us,2014-05-30,2014-06-25T00:00:00,2068328000.0,,135573000.0,562618000.0,,6636888000.0,609742000.0,497247000.0,0.27,sec_edgar:companyfacts
ADBE,us,2014-08-29,2014-09-25T00:00:00,3073737000.0,,180259000.0,776172000.0,,6731260000.0,606426000.0,498599000.0,0.35,sec_edgar:companyfacts
ADBE,us,2014-11-28,2015-01-20T00:00:00,4147065000.0,,268395000.0,1139150000.0,,6775905000.0,1514315000.0,497484000.0,0.53,sec_edgar:companyfacts
ADBE,us,2015-02-27,2015-03-25T00:00:00,1109181000.0,,84888000.0,147469000.0,,6589020000.0,64000.0,500048000.0,0.17,sec_edgar:companyfacts
ADBE,us,2015-05-29,2015-06-24T00:00:00,2271339000.0,,232381000.0,583223000.0,,6610103000.0,0.0,498276000.0,0.46,sec_edgar:companyfacts
ADBE,us,2015-08-28,2015-09-23T00:00:00,3489107000.0,,406846000.0,894727000.0,,6841332000.0,1906094000.0,498705000.0,0.8,sec_edgar:companyfacts
ADBE,us,2015-11-27,2016-01-19T00:00:00,4795511000.0,,629551000.0,1284566000.0,,7001580000.0,1907231000.0,497809000.0,1.24,sec_edgar:companyfacts
ADBE,us,2016-03-04,2016-03-30T00:00:00,1383335000.0,,254307000.0,451327000.0,,7081202000.0,1916831000.0,500693000.0,0.5,sec_edgar:companyfacts
ADBE,us,2016-06-03,2016-06-29T00:00:00,2782044000.0,,498381000.0,886283000.0,,7248611000.0,1918389000.0,498972000.0,0.99,sec_edgar:companyfacts
ADBE,us,2016-09-02,2016-09-27T00:00:00,4246011000.0,,769169000.0,1348955000.0,,7277946000.0,1916591000.0,497025000.0,1.52,sec_edgar:companyfacts
ADBE,us,2016-12-02,2017-01-20T00:00:00,5854430000.0,,1168782000.0,1995923000.0,,7424835000.0,1892200000.0,494254000.0,2.32,sec_edgar:companyfacts
ADBE,us,2017-03-03,2017-03-29T00:00:00,1681646000.0,,398446000.0,699467000.0,,7588690000.0,1884074000.0,495130000.0,0.8,sec_edgar:companyfacts
ADBE,us,2017-06-02,2017-06-28T00:00:00,3453836000.0,,772836000.0,1288997000.0,,7803998000.0,1888398000.0,493324000.0,1.54,sec_edgar:companyfacts
ADBE,us,2017-09-01,2017-09-27T00:00:00,5294910000.0,,1192405000.0,1939195000.0,,8170434000.0,1889218000.0,492874000.0,2.38,sec_edgar:companyfacts
ADBE,us,2017-12-01,2018-01-22T00:00:00,7301505000.0,,1693954000.0,2734731000.0,,8459869000.0,1881421000.0,491262000.0,3.38,sec_edgar:companyfacts
ADBE,us,2018-03-02,2018-03-28T00:00:00,2078947000.0,,583076000.0,894459000.0,,8634028000.0,1874794000.0,492880000.0,1.17,sec_edgar:companyfacts
ADBE,us,2018-06-01,2018-06-27T00:00:00,4274307000.0,,1246243000.0,1825549000.0,,8705583000.0,1874057000.0,490435000.0,2.5,sec_edgar:companyfacts
ADBE,us,2018-08-31,2018-09-26T00:00:00,6565383000.0,,1912534000.0,2717295000.0,,8861925000.0,1874654000.0,489007000.0,3.84,sec_edgar:companyfacts
ADBE,us,2018-11-30,2019-01-25T00:00:00,9030008000.0,,2590774000.0,3762725000.0,,9362114000.0,4124800000.0,487663000.0,5.2,sec_edgar:companyfacts
ADBE,us,2019-03-01,2019-03-27T00:00:00,2600946000.0,,674241000.0,948180000.0,,9871485000.0,4129587000.0,488504000.0,1.36,sec_edgar:companyfacts
ADBE,us,2019-05-31,2019-06-26T00:00:00,5345226000.0,,1306834000.0,1912016000.0,,9931693000.0,4133606000.0,486273000.0,2.65,sec_edgar:companyfacts
ADBE,us,2019-08-30,2019-09-26T00:00:00,8179352000.0,,2099597000.0,2745030000.0,,10242773000.0,4137016000.0,484903000.0,4.26,sec_edgar:companyfacts
ADBE,us,2019-11-29,2020-01-21T00:00:00,11171297000.0,,2951458000.0,4027334000.0,,10530155000.0,4138343000.0,482339000.0,6.0,sec_edgar:companyfacts
ADBE,us,2020-02-28,2020-03-25T00:00:00,3091000000.0,,955000000.0,1231000000.0,,10465000000.0,4113000000.0,483000000.0,1.96,sec_edgar:companyfacts
ADBE,us,2020-05-29,2020-06-24T00:00:00,6219000000.0,,2055000000.0,2319000000.0,,10881000000.0,4114000000.0,480000000.0,4.23,sec_edgar:companyfacts
ADBE,us,2020-08-28,2020-09-23T00:00:00,9444000000.0,,3010000000.0,3629000000.0,,11713000000.0,4116000000.0,480000000.0,6.2,sec_edgar:companyfacts
ADBE,us,2020-11-27,2021-01-15T00:00:00,12868000000.0,,5260000000.0,5308000000.0,,13264000000.0,4117000000.0,479000000.0,10.83,sec_edgar:companyfacts
ADBE,us,2021-03-05,2021-03-31T00:00:00,3905000000.0,,1261000000.0,1713000000.0,,13546000000.0,4119000000.0,479000000.0,2.61,sec_edgar:companyfacts
ADBE,us,2021-06-04,2021-06-30T00:00:00,7740000000.0,,2377000000.0,3606000000.0,,13852000000.0,4120000000.0,477000000.0,4.93,sec_edgar:companyfacts
ADBE,us,2021-09-03,2021-09-29T00:00:00,11675000000.0,,3589000000.0,4915000000.0,,14414000000.0,4122000000.0,476000000.0,7.45,sec_edgar:companyfacts
ADBE,us,2021-12-03,2022-01-21T00:00:00,15785000000.0,,4822000000.0,6882000000.0,,14797000000.0,4123000000.0,475000000.0,10.02,sec_edgar:companyfacts
ADBE,us,2022-03-04,2022-03-30T00:00:00,4262000000.0,,1266000000.0,1669000000.0,,13775000000.0,4125000000.0,472000000.0,2.66,sec_edgar:companyfacts
ADBE,us,2022-06-03,2022-06-29T00:00:00,8648000000.0,,2444000000.0,3583000000.0,,13985000000.0,4126000000.0,471000000.0,5.15,sec_edgar:companyfacts
ADBE,us,2022-09-02,2022-09-28T00:00:00,13081000000.0,,3580000000.0,5162000000.0,,14373000000.0,4127000000.0,467000000.0,7.57,sec_edgar:companyfacts
ADBE,us,2022-12-02,2023-01-17T00:00:00,17606000000.0,,4756000000.0,7396000000.0,,14051000000.0,4129000000.0,462000000.0,10.1,sec_edgar:companyfacts
ADBE,us,2023-03-03,2023-03-29T00:00:00,4655000000.0,,1247000000.0,1592000000.0,,14206000000.0,3630000000.0,459000000.0,2.71,sec_edgar:companyfacts
ADBE,us,2023-06-02,2023-06-28T00:00:00,9471000000.0,,2542000000.0,3610000000.0,,14838000000.0,3631000000.0,456000000.0,5.54,sec_edgar:companyfacts
ADBE,us,2023-09-01,2023-09-27T00:00:00,14361000000.0,,3945000000.0,5392000000.0,,15776000000.0,3633000000.0,456000000.0,8.59,sec_edgar:companyfacts
ADBE,us,2023-12-01,2024-01-17T00:00:00,19409000000.0,,5428000000.0,6942000000.0,,16518000000.0,3634000000.0,455000000.0,11.82,sec_edgar:companyfacts
ADBE,us,2024-03-01,2024-03-27T00:00:00,5182000000.0,,620000000.0,1137000000.0,,15460000000.0,3635000000.0,453000000.0,1.36,sec_edgar:companyfacts
ADBE,us,2024-05-31,2024-06-26T00:00:00,10491000000.0,,2193000000.0,3036000000.0,,14843000000.0,5625000000.0,449000000.0,4.83,sec_edgar:companyfacts
ADBE,us,2024-08-30,2024-09-25T00:00:00,15899000000.0,,3877000000.0,5000000000.0,,14545000000.0,5627000000.0,445000000.0,8.58,sec_edgar:companyfacts
ADBE,us,2024-11-29,2025-01-13T00:00:00,21505000000.0,,5560000000.0,7873000000.0,,14105000000.0,5628000000.0,441000000.0,12.36,sec_edgar:companyfacts
ADBE,us,2025-02-28,2025-03-26T00:00:00,5714000000.0,,1811000000.0,2456000000.0,,13095000000.0,6155000000.0,435000000.0,4.14,sec_edgar:companyfacts
ADBE,us,2025-05-30,2025-06-25T00:00:00,11587000000.0,,3502000000.0,4600000000.0,,11448000000.0,6166000000.0,427000000.0,8.08,sec_edgar:companyfacts
ADBE,us,2025-08-29,2025-09-24T00:00:00,17575000000.0,,5274000000.0,6726000000.0,,11770000000.0,6200000000.0,420000000.0,12.26,sec_edgar:companyfacts
ADBE,us,2025-11-28,2026-01-15T00:00:00,23769000000.0,,7130000000.0,9852000000.0,,11623000000.0,6210000000.0,413000000.0,16.7,sec_edgar:companyfacts
ADBE,us,2026-02-27,2026-03-25T00:00:00,6398000000.0,,1889000000.0,2921000000.0,,11433000000.0,6228000000.0,406000000.0,4.6,sec_edgar:companyfacts
ALL,us,2007-12-31,2010-02-25T00:00:00,36769000000.0,,,5159000000.0,,,,,7.76,sec_edgar:companyfacts
ALL,us,2008-06-30,2009-08-27T00:00:00,15505000000.0,,,2201000000.0,,,,,0.67,sec_edgar:companyfacts
ALL,us,2008-09-30,2009-11-04T00:00:00,22825000000.0,,,3403000000.0,,,,,-1.0,sec_edgar:companyfacts
ALL,us,2008-12-31,2010-02-25T00:00:00,29394000000.0,,,3619000000.0,,12641000000.0,5659000000.0,536000000.0,-3.06,sec_edgar:companyfacts
ALL,us,2009-03-31,2010-04-28T00:00:00,7883000000.0,,,1469000000.0,,,,,-0.51,sec_edgar:companyfacts
ALL,us,2009-06-30,2009-08-27T00:00:00,16373000000.0,,,2378000000.0,,15068000000.0,6658000000.0,536000000.0,0.21,sec_edgar:companyfacts
ALL,us,2009-09-30,2009-11-04T00:00:00,23955000000.0,,,3372000000.0,,17505000000.0,6661000000.0,536000000.0,0.62,sec_edgar:companyfacts
ALL,us,2009-12-31,2012-02-22T00:00:00,32013000000.0,,854000000.0,4112000000.0,,16692000000.0,5910000000.0,537000000.0,1.58,sec_edgar:companyfacts
ALL,us,2010-03-31,2012-02-22T00:00:00,7749000000.0,,120000000.0,940000000.0,,17560000000.0,5910000000.0,538000000.0,0.22,sec_edgar:companyfacts
ALL,us,2010-06-30,2012-02-22T00:00:00,15405000000.0,,145000000.0,2025000000.0,,18039000000.0,5909000000.0,538000000.0,0.49,sec_edgar:companyfacts
ALL,us,2010-09-30,2012-02-22T00:00:00,23313000000.0,,367000000.0,2909000000.0,,19274000000.0,5909000000.0,538000000.0,1.16,sec_edgar:companyfacts
ALL,us,2010-12-31,2012-02-22T00:00:00,31400000000.0,,928000000.0,3527000000.0,,19016000000.0,5908000000.0,533000000.0,1.71,sec_edgar:companyfacts
ALL,us,2011-03-31,2012-02-22T00:00:00,8095000000.0,,519000000.0,678000000.0,,19312000000.0,5908000000.0,524000000.0,0.97,sec_edgar:companyfacts
ALL,us,2011-06-30,2012-02-22T00:00:00,16176000000.0,,-620000000.0,1154000000.0,,18764000000.0,5907000000.0,517000000.0,-0.19,sec_edgar:companyfacts
ALL,us,2011-09-30,2012-02-22T00:00:00,24418000000.0,,165000000.0,1511000000.0,,18100000000.0,5907000000.0,505000000.0,0.12,sec_edgar:companyfacts
ALL,us,2011-12-31,2012-02-22T00:00:00,32654000000.0,,788000000.0,1683000000.0,,18674000000.0,5908000000.0,501000000.0,1.51,sec_edgar:companyfacts
ALL,us,2012-03-31,2012-05-02T00:00:00,8362000000.0,,766000000.0,756000000.0,,19182000000.0,6058000000.0,493000000.0,1.53,sec_edgar:companyfacts
ALL,us,2012-06-30,2012-07-31T00:00:00,16640000000.0,,1189000000.0,1658000000.0,,19475000000.0,6058000000.0,486000000.0,2.39,sec_edgar:companyfacts
ALL,us,2012-09-30,2012-10-31T00:00:00,24768000000.0,,1912000000.0,2442000000.0,,20837000000.0,6057000000.0,483000000.0,3.86,sec_edgar:companyfacts
ALL,us,2012-12-31,2013-02-20T00:00:00,33315000000.0,,2306000000.0,2769000000.0,,20580000000.0,6057000000.0,479000000.0,4.68,sec_edgar:companyfacts
ALL,us,2013-03-31,2013-05-01T00:00:00,8463000000.0,,709000000.0,680000000.0,,20619000000.0,6556000000.0,468000000.0,1.47,sec_edgar:companyfacts
ALL,us,2013-06-30,2013-07-31T00:00:00,17250000000.0,,1143000000.0,1510000000.0,,19869000000.0,5975000000.0,465000000.0,2.39,sec_edgar:companyfacts
ALL,us,2013-09-30,2013-10-30T00:00:00,25715000000.0,,1459000000.0,2955000000.0,,20780000000.0,6217000000.0,456000000.0,3.07,sec_edgar:companyfacts
ALL,us,2013-12-31,2014-02-20T00:00:00,34507000000.0,,2280000000.0,4035000000.0,,21480000000.0,6201000000.0,449000000.0,4.81,sec_edgar:companyfacts
ALL,us,2014-03-31,2014-05-06T00:00:00,8684000000.0,,600000000.0,419000000.0,,22105000000.0,6200000000.0,434000000.0,1.3,sec_edgar:companyfacts
ALL,us,2014-06-30,2014-07-30T00:00:00,17544000000.0,,1245000000.0,1077000000.0,,22872000000.0,5846000000.0,434000000.0,2.69,sec_edgar:companyfacts
ALL,us,2014-09-30,2014-10-29T00:00:00,26480000000.0,,2026000000.0,2358000000.0,,22329000000.0,5195000000.0,419000000.0,4.42,sec_edgar:companyfacts
ALL,us,2014-12-31,2015-02-19T00:00:00,35239000000.0,,2850000000.0,2948000000.0,,22304000000.0,5194000000.0,418000000.0,6.27,sec_edgar:companyfacts
ALL,us,2015-03-31,2015-05-05T00:00:00,8952000000.0,,677000000.0,507000000.0,,22179000000.0,5194000000.0,409000000.0,1.53,sec_edgar:companyfacts
ALL,us,2015-06-30,2015-08-03T00:00:00,17934000000.0,,1032000000.0,1170000000.0,,21298000000.0,5186000000.0,402000000.0,2.33,sec_edgar:companyfacts
ALL,us,2015-09-30,2015-11-02T00:00:00,26962000000.0,,1682000000.0,2467000000.0,,20504000000.0,5175000000.0,390000000.0,3.87,sec_edgar:companyfacts
ALL,us,2015-12-31,2016-02-19T00:00:00,35653000000.0,,2171000000.0,3313000000.0,,20025000000.0,5124000000.0,381000000.0,5.05,sec_edgar:companyfacts
ALL,us,2016-03-31,2016-05-04T00:00:00,8871000000.0,,246000000.0,662000000.0,,20340000000.0,5108000000.0,375000000.0,0.57,sec_edgar:companyfacts
ALL,us,2016-06-30,2016-08-03T00:00:00,18035000000.0,,517000000.0,1238000000.0,,20553000000.0,5109000000.0,371000000.0,1.21,sec_edgar:companyfacts
ALL,us,2016-09-30,2016-11-02T00:00:00,27256000000.0,,1037000000.0,2552000000.0,,20934000000.0,5110000000.0,368000000.0,2.51,sec_edgar:companyfacts
ALL,us,2016-12-31,2017-02-17T00:00:00,36534000000.0,,1877000000.0,3680000000.0,,20573000000.0,6347000000.0,366000000.0,4.67,sec_edgar:companyfacts
ALL,us,2017-03-31,2017-05-02T00:00:00,9434000000.0,,695000000.0,783000000.0,,21158000000.0,6346000000.0,365000000.0,1.79,sec_edgar:companyfacts
ALL,us,2017-06-30,2017-08-01T00:00:00,19021000000.0,,1274000000.0,1202000000.0,,21501000000.0,6348000000.0,361000000.0,3.29,sec_edgar:companyfacts
ALL,us,2017-09-30,2017-11-01T00:00:00,28681000000.0,,1940000000.0,2998000000.0,,22119000000.0,6349000000.0,360000000.0,5.02,sec_edgar:companyfacts
ALL,us,2017-12-31,2018-02-26T00:00:00,38524000000.0,,3189000000.0,4015000000.0,,22551000000.0,6350000000.0,355000000.0,8.36,sec_edgar:companyfacts
ALL,us,2018-03-31,2018-05-01T00:00:00,9770000000.0,,975000000.0,564000000.0,,23277000000.0,6847000000.0,352000000.0,2.63,sec_edgar:companyfacts
ALL,us,2018-06-30,2018-08-01T00:00:00,19869000000.0,,1651000000.0,1962000000.0,,23122000000.0,6448000000.0,347000000.0,4.43,sec_edgar:companyfacts
ALL,us,2018-09-30,2018-10-31T00:00:00,30334000000.0,,2521000000.0,3623000000.0,,23633000000.0,6450000000.0,345000000.0,6.8,sec_edgar:companyfacts
ALL,us,2018-12-31,2019-02-15T00:00:00,39815000000.0,,2252000000.0,4898000000.0,,21312000000.0,6451000000.0,332000000.0,5.96,sec_edgar:companyfacts
ALL,us,2019-03-31,2019-05-01T00:00:00,10990000000.0,,1292000000.0,634000000.0,,23418000000.0,6453000000.0,333000000.0,3.74,sec_edgar:companyfacts
ALL,us,2019-06-30,2019-07-30T00:00:00,22134000000.0,,2143000000.0,1889000000.0,,24476000000.0,6628000000.0,330000000.0,6.17,sec_edgar:companyfacts
ALL,us,2019-09-30,2019-10-29T00:00:00,33203000000.0,,3074000000.0,3602000000.0,,26140000000.0,6630000000.0,325000000.0,8.85,sec_edgar:companyfacts
ALL,us,2019-12-31,2020-02-21T00:00:00,44675000000.0,,4847000000.0,4696000000.0,,25998000000.0,6631000000.0,319000000.0,14.03,sec_edgar:companyfacts
ALL,us,2020-03-31,2020-05-05T00:00:00,10076000000.0,,549000000.0,962000000.0,,24173000000.0,6633000000.0,315000000.0,1.59,sec_edgar:companyfacts
ALL,us,2020-06-30,2020-08-04T00:00:00,21273000000.0,,1799000000.0,2710000000.0,,26986000000.0,6634000000.0,313000000.0,5.43,sec_edgar:companyfacts
ALL,us,2020-09-30,2020-11-04T00:00:00,32773000000.0,,2952000000.0,3937000000.0,,27263000000.0,6635000000.0,304000000.0,9.01,sec_edgar:companyfacts
ALL,us,2020-12-31,2021-02-22T00:00:00,44791000000.0,,5576000000.0,5183000000.0,,30217000000.0,7825000000.0,304000000.0,17.31,sec_edgar:companyfacts
ALL,us,2021-03-31,2021-05-05T00:00:00,12451000000.0,,-1381000000.0,1327000000.0,,26819000000.0,7996000000.0,300000000.0,-4.6,sec_edgar:companyfacts
ALL,us,2021-06-30,2021-08-04T00:00:00,25097000000.0,,244000000.0,2719000000.0,,28207000000.0,7996000000.0,297000000.0,0.61,sec_edgar:companyfacts
ALL,us,2021-09-30,2021-11-03T00:00:00,37577000000.0,,782000000.0,3959000000.0,,26729000000.0,7980000000.0,288000000.0,2.3,sec_edgar:companyfacts
ALL,us,2021-12-31,2022-02-18T00:00:00,50588000000.0,,1599000000.0,4771000000.0,,25179000000.0,7976000000.0,281000000.0,4.96,sec_edgar:companyfacts
ALL,us,2022-03-31,2022-05-04T00:00:00,12337000000.0,,656000000.0,302000000.0,,23212000000.0,7973000000.0,276000000.0,2.24,sec_edgar:companyfacts
ALL,us,2022-06-30,2022-08-03T00:00:00,24557000000.0,,-359000000.0,1877000000.0,,20115000000.0,7970000000.0,271000000.0,-1.49,sec_edgar:companyfacts
ALL,us,2022-09-30,2022-11-02T00:00:00,37765000000.0,,-1027000000.0,3799000000.0,,17673000000.0,7967000000.0,266000000.0,-4.04,sec_edgar:companyfacts
ALL,us,2022-12-31,2023-02-16T00:00:00,51412000000.0,,-1311000000.0,4701000000.0,,17475000000.0,7964000000.0,263000000.0,-5.22,sec_edgar:companyfacts
ALL,us,2023-03-31,2023-05-03T00:00:00,13786000000.0,,-320000000.0,522000000.0,,17494000000.0,8452000000.0,263000000.0,-1.31,sec_edgar:companyfacts
ALL,us,2023-06-30,2023-08-01T00:00:00,27765000000.0,,-1672000000.0,1629000000.0,,15517000000.0,7949000000.0,262000000.0,-6.59,sec_edgar:companyfacts
ALL,us,2023-09-30,2023-11-01T00:00:00,42262000000.0,,-1677000000.0,2807000000.0,,14593000000.0,7946000000.0,262000000.0,-6.76,sec_edgar:companyfacts
ALL,us,2023-12-31,2024-02-21T00:00:00,57094000000.0,,-188000000.0,3961000000.0,,17770000000.0,7942000000.0,262000000.0,-1.2,sec_edgar:companyfacts
ALL,us,2024-03-31,2024-05-01T00:00:00,15259000000.0,,1218000000.0,1625000000.0,,18639000000.0,7938000000.0,264000000.0,4.46,sec_edgar:companyfacts
ALL,us,2024-06-30,2024-07-31T00:00:00,30973000000.0,,1549000000.0,3928000000.0,,18593000000.0,8082000000.0,264000000.0,5.58,sec_edgar:companyfacts
ALL,us,2024-09-30,2024-10-30T00:00:00,47600000000.0,,2739000000.0,7066000000.0,,20877000000.0,8083000000.0,265000000.0,9.91,sec_edgar:companyfacts
ALL,us,2024-12-31,2025-02-24T00:00:00,64106000000.0,,4667000000.0,8721000000.0,,21442000000.0,8085000000.0,265000000.0,16.99,sec_edgar:companyfacts
ALL,us,2025-03-31,2025-04-30T00:00:00,16452000000.0,,595000000.0,1872000000.0,,22055000000.0,8086000000.0,265000000.0,2.11,sec_edgar:companyfacts
ALL,us,2025-06-30,2025-07-30T00:00:00,33085000000.0,,2704000000.0,3746000000.0,,24019000000.0,8087000000.0,264000000.0,9.85,sec_edgar:companyfacts
ALL,us,2025-09-30,2025-11-05T00:00:00,50340000000.0,,6450000000.0,6982000000.0,,27505000000.0,8089000000.0,262000000.0,23.76,sec_edgar:companyfacts
ALL,us,2025-12-31,2026-02-20T00:00:00,67685000000.0,,10282000000.0,9882000000.0,,30610000000.0,7490000000.0,260000000.0,38.06,sec_edgar:companyfacts
ALL,us,2026-03-31,2026-04-29T00:00:00,16941000000.0,,2457000000.0,3522000000.0,,31607000000.0,7491000000.0,258000000.0,9.25,sec_edgar:companyfacts
AMAT,us,2007-10-28,2010-12-10T00:00:00,,,1710196000.0,,,7821409000.0,,,1.2,sec_edgar:companyfacts
AMAT,us,2008-07-27,2009-09-01T00:00:00,,,729651000.0,,,,,,0.53,sec_edgar:companyfacts
AMAT,us,2008-10-26,2009-12-11T00:00:00,,,960746000.0,,,7548958000.0,,1330761000.0,0.7,sec_edgar:companyfacts
AMAT,us,2009-01-25,2010-03-09T00:00:00,,,-132934000.0,,,,,,-0.1,sec_edgar:companyfacts
AMAT,us,2009-04-26,2010-06-09T00:00:00,,,-388324000.0,,,,,,-0.29,sec_edgar:companyfacts
AMAT,us,2009-07-26,2009-09-01T00:00:00,,,-443189000.0,,,7013609000.0,,,-0.33,sec_edgar:companyfacts
AMAT,us,2009-10-25,2009-12-11T00:00:00,,,-305327000.0,,,7094608000.0,202000000.0,1340917000.0,-0.23,sec_edgar:companyfacts
AMAT,us,2010-01-31,2010-03-09T00:00:00,,,82751000.0,,,7148143000.0,,,0.06,sec_edgar:companyfacts
AMAT,us,2010-05-02,2010-06-09T00:00:00,,,346755000.0,,,7321081000.0,,1342979000.0,0.26,sec_edgar:companyfacts
AMAT,us,2010-08-01,2011-08-26T00:00:00,6662000000.0,,469851000.0,,,7278139000.0,206000000.0,1336068000.0,0.35,sec_edgar:companyfacts
AMAT,us,2010-10-31,2010-12-10T00:00:00,,,937866000.0,,,7536113000.0,205529000.0,1327998000.0,0.7,sec_edgar:companyfacts
AMAT,us,2011-01-30,2011-02-28T00:00:00,,,506000000.0,,,7839000000.0,205000000.0,,0.38,sec_edgar:companyfacts
AMAT,us,2011-05-01,2011-12-06T00:00:00,,,995000000.0,,,8182000000.0,205000000.0,,0.37,sec_edgar:companyfacts
AMAT,us,2011-07-31,2011-08-26T00:00:00,8336000000.0,,1471000000.0,,,8551000000.0,1900000000.0,,1.1,sec_edgar:companyfacts
AMAT,us,2011-10-30,2013-12-04T00:00:00,,,1926000000.0,2217000000.0,,8800000000.0,1900000000.0,1306000000.0,1.45,sec_edgar:companyfacts
AMAT,us,2012-01-29,2012-12-05T00:00:00,,,117000000.0,,,8650000000.0,1900000000.0,,0.09,sec_edgar:companyfacts
AMAT,us,2012-04-29,2012-12-05T00:00:00,,,406000000.0,,,8703000000.0,1900000000.0,,0.22,sec_edgar:companyfacts
AMAT,us,2012-07-29,2012-08-23T00:00:00,,,624000000.0,,,8339000000.0,1900000000.0,,0.48,sec_edgar:companyfacts
AMAT,us,2012-10-28,2013-12-04T00:00:00,,,109000000.0,1689000000.0,,7235000000.0,1900000000.0,1197000000.0,0.09,sec_edgar:companyfacts
AMAT,us,2013-01-27,2014-02-20T00:00:00,,,34000000.0,-33000000.0,,7141000000.0,1900000000.0,,0.03,sec_edgar:companyfacts
AMAT,us,2013-04-28,2014-05-22T00:00:00,,,-95000000.0,139000000.0,,6898000000.0,1900000000.0,,-0.11,sec_edgar:companyfacts
AMAT,us,2013-07-28,2014-08-21T00:00:00,,,73000000.0,463000000.0,,6954000000.0,,,0.06,sec_edgar:companyfacts
AMAT,us,2013-10-27,2014-12-17T00:00:00,,,256000000.0,426000000.0,,7088000000.0,,1204000000.0,0.21,sec_edgar:companyfacts
AMAT,us,2014-01-26,2014-12-17T00:00:00,,,253000000.0,324000000.0,,7241000000.0,,,0.21,sec_edgar:companyfacts
AMAT,us,2014-04-27,2014-05-22T00:00:00,,,515000000.0,696000000.0,,7475000000.0,,,0.42,sec_edgar:companyfacts
AMAT,us,2014-07-27,2014-08-21T00:00:00,,,816000000.0,1215000000.0,,7684000000.0,,,0.66,sec_edgar:companyfacts
AMAT,us,2014-10-26,2014-12-17T00:00:00,,,1072000000.0,1559000000.0,,7868000000.0,1947000000.0,1221000000.0,0.87,sec_edgar:companyfacts
AMAT,us,2015-01-25,2015-12-09T00:00:00,,,348000000.0,11000000.0,,8072000000.0,,,0.28,sec_edgar:companyfacts
AMAT,us,2015-04-26,2015-05-21T00:00:00,,,712000000.0,245000000.0,,8351000000.0,,,0.57,sec_edgar:companyfacts
AMAT,us,2015-07-26,2015-08-20T00:00:00,,,1041000000.0,528000000.0,,7977000000.0,1947000000.0,,0.84,sec_edgar:companyfacts
AMAT,us,2015-10-25,2015-12-09T00:00:00,,,1377000000.0,948000000.0,,7613000000.0,4542000000.0,1160000000.0,1.12,sec_edgar:companyfacts
AMAT,us,2016-01-31,2016-12-15T00:00:00,,,286000000.0,139000000.0,,7168000000.0,3343000000.0,,0.25,sec_edgar:companyfacts
AMAT,us,2016-05-01,2016-05-26T00:00:00,,,606000000.0,573000000.0,,6565000000.0,3343000000.0,,0.53,sec_edgar:companyfacts
AMAT,us,2016-07-31,2016-08-25T00:00:00,,,1111000000.0,1504000000.0,,6819000000.0,3343000000.0,,0.99,sec_edgar:companyfacts
AMAT,us,2016-10-30,2018-12-13T00:00:00,10825000000.0,,1721000000.0,2213000000.0,,7217000000.0,3343000000.0,1078000000.0,1.54,sec_edgar:companyfacts
AMAT,us,2017-01-29,2018-12-13T00:00:00,3278000000.0,,703000000.0,582000000.0,,7687000000.0,3325000000.0,,0.65,sec_edgar:companyfacts
AMAT,us,2017-04-30,2018-12-13T00:00:00,3546000000.0,,1527000000.0,1403000000.0,,8212000000.0,5502000000.0,,1.4,sec_edgar:companyfacts
AMAT,us,2017-07-30,2018-08-23T00:00:00,10568000000.0,,2452000000.0,2689000000.0,,8716000000.0,5303000000.0,,2.26,sec_edgar:companyfacts
AMAT,us,2017-10-29,2018-12-13T00:00:00,14537000000.0,,3434000000.0,3264000000.0,,9349000000.0,5304000000.0,1060000000.0,3.17,sec_edgar:companyfacts
AMAT,us,2018-01-28,2018-12-13T00:00:00,4204000000.0,,135000000.0,1263000000.0,,8506000000.0,5305000000.0,,0.13,sec_edgar:companyfacts
AMAT,us,2018-04-29,2018-12-13T00:00:00,4567000000.0,,1264000000.0,1753000000.0,,7042000000.0,5306000000.0,,1.2,sec_edgar:companyfacts
AMAT,us,2018-07-29,2018-08-23T00:00:00,13239000000.0,,2437000000.0,2253000000.0,,6825000000.0,5308000000.0,,2.35,sec_edgar:companyfacts
AMAT,us,2018-10-28,2018-12-13T00:00:00,17253000000.0,,3313000000.0,3165000000.0,,6839000000.0,5309000000.0,967000000.0,3.23,sec_edgar:companyfacts
AMAT,us,2019-01-27,2019-02-21T00:00:00,3753000000.0,,771000000.0,701000000.0,,8209000000.0,,,0.8,sec_edgar:companyfacts
AMAT,us,2019-04-28,2019-05-23T00:00:00,7292000000.0,,1437000000.0,1383000000.0,,8201000000.0,,,1.5,sec_edgar:companyfacts
AMAT,us,2019-07-28,2019-08-22T00:00:00,10854000000.0,,2008000000.0,2077000000.0,,8116000000.0,,,2.11,sec_edgar:companyfacts
AMAT,us,2019-10-27,2019-12-13T00:00:00,14608000000.0,,2706000000.0,2806000000.0,,8214000000.0,5913000000.0,916000000.0,2.86,sec_edgar:companyfacts
AMAT,us,2020-01-26,2020-02-20T00:00:00,4162000000.0,,892000000.0,885000000.0,,8660000000.0,5314000000.0,,0.96,sec_edgar:companyfacts
AMAT,us,2020-04-26,2020-05-21T00:00:00,8119000000.0,,1647000000.0,1449000000.0,,9024000000.0,,,1.78,sec_edgar:companyfacts
AMAT,us,2020-07-26,2020-08-20T00:00:00,12514000000.0,,2488000000.0,2229000000.0,,9569000000.0,,,2.69,sec_edgar:companyfacts
AMAT,us,2020-10-25,2020-12-11T00:00:00,,,3619000000.0,3382000000.0,,10578000000.0,5448000000.0,914000000.0,3.92,sec_edgar:companyfacts
AMAT,us,2021-01-31,2021-02-25T00:00:00,5162000000.0,,1130000000.0,1300000000.0,,11473000000.0,,,1.22,sec_edgar:companyfacts
AMAT,us,2021-05-02,2021-05-27T00:00:00,,,2460000000.0,2283000000.0,,11993000000.0,,,2.66,sec_edgar:companyfacts
AMAT,us,2021-08-01,2021-08-26T00:00:00,,,4176000000.0,3832000000.0,,12060000000.0,,,4.52,sec_edgar:companyfacts
AMAT,us,2021-10-31,2021-12-17T00:00:00,,,5888000000.0,4774000000.0,,12247000000.0,,892000000.0,6.4,sec_edgar:companyfacts
AMAT,us,2022-01-30,2022-02-24T00:00:00,,,1792000000.0,2514000000.0,,11890000000.0,,,2.0,sec_edgar:companyfacts
AMAT,us,2022-05-01,2022-05-26T00:00:00,,,3328000000.0,2719000000.0,,11579000000.0,,,3.74,sec_edgar:companyfacts
AMAT,us,2022-07-31,2022-08-25T00:00:00,,,4934000000.0,3978000000.0,,12070000000.0,,,5.59,sec_edgar:companyfacts
AMAT,us,2022-10-30,2022-12-16T00:00:00,,,6525000000.0,4612000000.0,,12194000000.0,0.0,844000000.0,7.44,sec_edgar:companyfacts
AMAT,us,2023-01-29,2023-02-23T00:00:00,,,1717000000.0,1983000000.0,,13420000000.0,199000000.0,,2.02,sec_edgar:companyfacts
AMAT,us,2023-04-30,2023-05-26T00:00:00,,,3292000000.0,4020000000.0,,14129000000.0,199000000.0,,3.88,sec_edgar:companyfacts
AMAT,us,2023-07-30,2023-08-24T00:00:00,,,4852000000.0,6348000000.0,,15093000000.0,199000000.0,,5.73,sec_edgar:companyfacts
AMAT,us,2023-10-29,2023-12-15T00:00:00,,,6856000000.0,7594000000.0,,16349000000.0,100000000.0,833000000.0,8.11,sec_edgar:companyfacts
AMAT,us,2024-01-28,2024-02-27T00:00:00,,,2019000000.0,2096000000.0,,17429000000.0,100000000.0,,2.41,sec_edgar:companyfacts
AMAT,us,2024-04-28,2024-05-23T00:00:00,,,3741000000.0,3231000000.0,,18199000000.0,99000000.0,,4.47,sec_edgar:companyfacts
AMAT,us,2024-07-28,2024-08-22T00:00:00,,,5446000000.0,5319000000.0,,18840000000.0,99000000.0,,6.52,sec_edgar:companyfacts
AMAT,us,2024-10-27,2024-12-13T00:00:00,,,7177000000.0,7487000000.0,,19001000000.0,799000000.0,818000000.0,8.61,sec_edgar:companyfacts
AMAT,us,2025-01-26,2025-02-20T00:00:00,,,1185000000.0,544000000.0,,18625000000.0,799000000.0,,1.45,sec_edgar:companyfacts
AMAT,us,2025-04-27,2025-05-22T00:00:00,,,3322000000.0,1605000000.0,,18961000000.0,799000000.0,,4.08,sec_edgar:companyfacts
AMAT,us,2025-07-27,2025-08-21T00:00:00,,,5101000000.0,3655000000.0,,19504000000.0,799000000.0,,6.29,sec_edgar:companyfacts
AMAT,us,2025-10-26,2025-12-12T00:00:00,,,6998000000.0,5698000000.0,,20415000000.0,100000000.0,793000000.0,8.66,sec_edgar:companyfacts
AMAT,us,2026-01-25,2026-02-19T00:00:00,,,2026000000.0,1040000000.0,,21717000000.0,100000000.0,,2.54,sec_edgar:companyfacts
AMAT,us,2026-04-26,2026-05-21T00:00:00,,,4832000000.0,1250000000.0,,23909000000.0,1199000000.0,,6.05,sec_edgar:companyfacts
AMD,us,2007-12-29,2011-02-18T00:00:00,,,,,,3230000000.0,,,,sec_edgar:companyfacts
AMD,us,2008-12-27,2011-02-18T00:00:00,,,,-1316000000.0,,127000000.0,,,-5.15,sec_edgar:companyfacts
AMD,us,2009-12-26,2011-02-18T00:00:00,,,,7000000.0,,648000000.0,,671000000.0,0.45,sec_edgar:companyfacts
AMD,us,2010-06-26,2010-08-04T00:00:00,,,,-154000000.0,,752000000.0,,674000000.0,0.29,sec_edgar:companyfacts
AMD,us,2010-09-25,2010-11-03T00:00:00,,,,-309000000.0,,614000000.0,,681000000.0,0.13,sec_edgar:companyfacts
AMD,us,2010-12-25,2013-02-21T00:00:00,,,471000000.0,-560000000.0,,1013000000.0,,683000000.0,0.64,sec_edgar:companyfacts
AMD,us,2011-04-02,2013-02-21T00:00:00,,,510000000.0,-206000000.0,,1558000000.0,,687000000.0,0.68,sec_edgar:companyfacts
AMD,us,2011-07-02,2013-02-21T00:00:00,,,61000000.0,-99000000.0,,1641000000.0,,691000000.0,0.76,sec_edgar:companyfacts
AMD,us,2011-10-01,2013-02-21T00:00:00,,,97000000.0,32000000.0,,1744000000.0,,697000000.0,0.9,sec_edgar:companyfacts
AMD,us,2011-12-31,2013-02-21T00:00:00,,,491000000.0,132000000.0,,1590000000.0,2065000000.0,698000000.0,0.66,sec_edgar:companyfacts
AMD,us,2012-03-31,2013-02-21T00:00:00,,,-590000000.0,67000000.0,,1052000000.0,,700000000.0,-0.8,sec_edgar:companyfacts
AMD,us,2012-06-30,2013-02-21T00:00:00,,,37000000.0,109000000.0,,1117000000.0,,707000000.0,-0.75,sec_edgar:companyfacts
AMD,us,2012-09-29,2013-02-21T00:00:00,,,-157000000.0,-163000000.0,,989000000.0,,712000000.0,-0.96,sec_edgar:companyfacts
AMD,us,2012-12-29,2013-05-06T00:00:00,,,-1183000000.0,-471000000.0,,538000000.0,,713000000.0,-1.6,sec_edgar:companyfacts
AMD,us,2013-03-30,2013-05-06T00:00:00,,,-146000000.0,-175000000.0,,415000000.0,,714000000.0,-0.19,sec_edgar:companyfacts
AMD,us,2013-06-29,2013-08-01T00:00:00,,,-220000000.0,-238000000.0,,359000000.0,,720000000.0,-0.29,sec_edgar:companyfacts
AMD,us,2013-09-28,2013-10-30T00:00:00,,,-172000000.0,-232000000.0,,434000000.0,,723000000.0,-0.23,sec_edgar:companyfacts
AMD,us,2013-12-28,2014-05-01T00:00:00,,,-83000000.0,-232000000.0,,544000000.0,55000000.0,725000000.0,-0.11,sec_edgar:companyfacts
AMD,us,2014-03-29,2014-05-01T00:00:00,,,-20000000.0,-225000000.0,,511000000.0,,762000000.0,-0.03,sec_edgar:companyfacts
AMD,us,2014-06-28,2014-07-31T00:00:00,,,-56000000.0,-276000000.0,,501000000.0,96000000.0,765000000.0,-0.07,sec_edgar:companyfacts
AMD,us,2014-09-27,2014-10-30T00:00:00,,,-39000000.0,-287000000.0,,535000000.0,97000000.0,775000000.0,-0.05,sec_edgar:companyfacts
AMD,us,2014-12-27,2015-04-29T00:00:00,,,-403000000.0,-193000000.0,,187000000.0,172000000.0,776000000.0,-0.53,sec_edgar:companyfacts
AMD,us,2015-03-28,2015-04-29T00:00:00,,,-180000000.0,-195000000.0,,17000000.0,230000000.0,778000000.0,-0.23,sec_edgar:companyfacts
AMD,us,2015-06-27,2015-07-30T00:00:00,,,-361000000.0,-270000000.0,,-141000000.0,230000000.0,779000000.0,-0.46,sec_edgar:companyfacts
AMD,us,2015-09-26,2015-11-03T00:00:00,,,-558000000.0,-354000000.0,,-336000000.0,230000000.0,790000000.0,-0.72,sec_edgar:companyfacts
AMD,us,2015-12-26,2016-02-18T00:00:00,,,-660000000.0,-322000000.0,,-412000000.0,2467000000.0,792000000.0,-0.84,sec_edgar:companyfacts
AMD,us,2016-03-26,2016-04-28T00:00:00,,,-109000000.0,-68000000.0,,-503000000.0,230000000.0,793000000.0,-0.14,sec_edgar:companyfacts
AMD,us,2016-06-25,2016-07-26T00:00:00,,,-40000000.0,-174000000.0,,-413000000.0,226000000.0,795000000.0,-0.05,sec_edgar:companyfacts
AMD,us,2016-09-24,2016-10-26T00:00:00,,,-446000000.0,-154000000.0,,385000000.0,0.0,926000000.0,-0.56,sec_edgar:companyfacts
AMD,us,2016-12-31,2017-02-21T00:00:00,,,-497000000.0,13000000.0,,416000000.0,1435000000.0,935000000.0,-0.6,sec_edgar:companyfacts
AMD,us,2017-04-01,2017-05-08T00:00:00,,,-73000000.0,-322000000.0,,409000000.0,,942000000.0,-0.08,sec_edgar:companyfacts
AMD,us,2017-07-01,2018-08-02T00:00:00,2329000000.0,,-89000000.0,-416000000.0,,417000000.0,42000000.0,947000000.0,-0.09,sec_edgar:companyfacts
AMD,us,2017-09-30,2018-10-31T00:00:00,3913000000.0,,-18000000.0,-384000000.0,,520000000.0,70000000.0,965000000.0,-0.02,sec_edgar:companyfacts
AMD,us,2017-12-30,2018-02-27T00:00:00,,,43000000.0,-45000000.0,,611000000.0,1395000000.0,967000000.0,0.04,sec_edgar:companyfacts
AMD,us,2018-03-31,2018-05-03T00:00:00,,,81000000.0,-132000000.0,,715000000.0,,969000000.0,0.08,sec_edgar:companyfacts
AMD,us,2018-06-30,2018-08-02T00:00:00,,,197000000.0,-220000000.0,,879000000.0,,975000000.0,0.19,sec_edgar:companyfacts
AMD,us,2018-09-29,2018-10-31T00:00:00,,,299000000.0,-158000000.0,,1125000000.0,,999000000.0,0.28,sec_edgar:companyfacts
AMD,us,2018-12-29,2019-02-08T00:00:00,,,337000000.0,-129000000.0,,1266000000.0,1250000000.0,1005000000.0,0.32,sec_edgar:companyfacts
AMD,us,2019-03-30,2019-05-01T00:00:00,,,16000000.0,-275000000.0,,1788000000.0,,1082000000.0,0.01,sec_edgar:companyfacts
AMD,us,2019-06-29,2019-07-31T00:00:00,,,51000000.0,-303000000.0,,1901000000.0,,1086000000.0,0.05,sec_edgar:companyfacts
AMD,us,2019-09-28,2019-10-30T00:00:00,,,171000000.0,-124000000.0,,2176000000.0,,1114000000.0,0.15,sec_edgar:companyfacts
AMD,us,2019-12-28,2020-02-04T00:00:00,,,341000000.0,276000000.0,,2827000000.0,486000000.0,1170000000.0,0.3,sec_edgar:companyfacts
AMD,us,2020-03-28,2020-04-29T00:00:00,,,162000000.0,-120000000.0,,3037000000.0,,1171000000.0,0.14,sec_edgar:companyfacts
AMD,us,2020-06-27,2020-07-29T00:00:00,,,319000000.0,32000000.0,,3305000000.0,200000000.0,1174000000.0,0.27,sec_edgar:companyfacts
AMD,us,2020-09-26,2020-10-28T00:00:00,,,709000000.0,297000000.0,,3867000000.0,,1202000000.0,0.59,sec_edgar:companyfacts
AMD,us,2020-12-26,2021-01-29T00:00:00,,,2490000000.0,777000000.0,,5837000000.0,330000000.0,1211000000.0,2.06,sec_edgar:companyfacts
AMD,us,2021-03-27,2021-04-28T00:00:00,,,555000000.0,832000000.0,,6477000000.0,,1215000000.0,0.45,sec_edgar:companyfacts
AMD,us,2021-06-26,2021-07-28T00:00:00,,,1265000000.0,1720000000.0,,7065000000.0,,1213000000.0,1.03,sec_edgar:companyfacts
AMD,us,2021-09-25,2021-10-27T00:00:00,,,2188000000.0,2484000000.0,,7136000000.0,312000000.0,1212000000.0,1.78,sec_edgar:companyfacts
AMD,us,2021-12-25,2022-02-03T00:00:00,,,3162000000.0,3220000000.0,,7497000000.0,313000000.0,1207000000.0,2.57,sec_edgar:companyfacts
AMD,us,2022-03-26,2022-05-04T00:00:00,,,786000000.0,924000000.0,,55333000000.0,312000000.0,1620000000.0,0.56,sec_edgar:companyfacts
AMD,us,2022-06-25,2022-08-03T00:00:00,,,1233000000.0,1830000000.0,,55169000000.0,312000000.0,1612000000.0,0.81,sec_edgar:companyfacts
AMD,us,2022-09-24,2022-11-02T00:00:00,,,1299000000.0,2672000000.0,,54542000000.0,0.0,1612000000.0,0.84,sec_edgar:companyfacts
AMD,us,2022-12-31,2023-02-27T00:00:00,,,1320000000.0,3115000000.0,,54750000000.0,0.0,1612000000.0,0.84,sec_edgar:companyfacts
AMD,us,2023-04-01,2023-05-03T00:00:00,,,-139000000.0,328000000.0,,54694000000.0,,1609000000.0,-0.09,sec_edgar:companyfacts
AMD,us,2023-07-01,2023-08-02T00:00:00,,,-112000000.0,582000000.0,,55136000000.0,753000000.0,1614000000.0,-0.07,sec_edgar:companyfacts
AMD,us,2023-09-30,2023-11-01T00:00:00,,,187000000.0,879000000.0,,54970000000.0,752000000.0,1615000000.0,0.11,sec_edgar:companyfacts
AMD,us,2023-12-30,2024-01-31T00:00:00,,,854000000.0,1121000000.0,,55892000000.0,751000000.0,1616000000.0,0.53,sec_edgar:companyfacts
AMD,us,2024-03-30,2024-05-01T00:00:00,,,123000000.0,379000000.0,,56198000000.0,750000000.0,1618000000.0,0.07,sec_edgar:companyfacts
AMD,us,2024-06-29,2024-07-31T00:00:00,,,388000000.0,818000000.0,,56538000000.0,0.0,1618000000.0,0.24,sec_edgar:companyfacts
AMD,us,2024-09-28,2024-10-30T00:00:00,,,1159000000.0,1314000000.0,,56985000000.0,0.0,1623000000.0,0.71,sec_edgar:companyfacts
AMD,us,2024-12-28,2025-02-05T00:00:00,,,1641000000.0,2405000000.0,,57568000000.0,0.0,1622000000.0,1.0,sec_edgar:companyfacts
AMD,us,2025-03-29,2025-05-07T00:00:00,,,709000000.0,727000000.0,,57881000000.0,947000000.0,1616000000.0,0.44,sec_edgar:companyfacts
AMD,us,2025-06-28,2025-08-06T00:00:00,,,1581000000.0,2456000000.0,,59665000000.0,,1622000000.0,0.97,sec_edgar:companyfacts
AMD,us,2025-09-27,2025-11-05T00:00:00,,,2824000000.0,4357000000.0,,60790000000.0,,1628000000.0,1.73,sec_edgar:companyfacts
AMD,us,2025-12-27,2026-02-04T00:00:00,,,4335000000.0,6735000000.0,,62999000000.0,874000000.0,1630000000.0,2.65,sec_edgar:companyfacts
AMD,us,2026-03-28,2026-05-06T00:00:00,,,1383000000.0,2566000000.0,,64462000000.0,,1630000000.0,0.84,sec_edgar:companyfacts
AMGN,us,2006-12-31,2010-03-01T00:00:00,,,,,,19841000000.0,,,,sec_edgar:companyfacts
AMGN,us,2007-12-31,2010-03-01T00:00:00,14771000000.0,,3078000000.0,4134000000.0,,18512000000.0,,,2.74,sec_edgar:companyfacts
AMGN,us,2008-06-30,2009-08-10T00:00:00,7377000000.0,,2006000000.0,,,,,,1.85,sec_edgar:companyfacts
AMGN,us,2008-09-30,2009-11-06T00:00:00,11252000000.0,,3127000000.0,4097000000.0,,,,,2.9,sec_edgar:companyfacts
AMGN,us,2008-12-31,2010-03-01T00:00:00,15003000000.0,,4052000000.0,5316000000.0,,20885000000.0,,1047000000.0,3.77,sec_edgar:companyfacts
AMGN,us,2009-03-31,2010-05-07T00:00:00,3308000000.0,,1019000000.0,742000000.0,,,,,0.98,sec_edgar:companyfacts
AMGN,us,2009-06-30,2010-08-09T00:00:00,7021000000.0,,2288000000.0,2282000000.0,,21360000000.0,,1015000000.0,2.23,sec_edgar:companyfacts
AMGN,us,2009-09-30,2009-11-06T00:00:00,10833000000.0,,3674000000.0,4127000000.0,,22858000000.0,,1016000000.0,3.58,sec_edgar:companyfacts
AMGN,us,2009-12-31,2010-03-01T00:00:00,14642000000.0,,4605000000.0,5806000000.0,,22667000000.0,10601000000.0,995000000.0,4.51,sec_edgar:companyfacts
AMGN,us,2010-03-31,2010-05-07T00:00:00,3592000000.0,,1167000000.0,819000000.0,,22339000000.0,,966000000.0,1.18,sec_edgar:companyfacts
AMGN,us,2010-06-30,2010-08-09T00:00:00,7396000000.0,,2369000000.0,2206000000.0,,23170000000.0,11732000000.0,958000000.0,2.43,sec_edgar:companyfacts
AMGN,us,2010-09-30,2010-11-08T00:00:00,11212000000.0,,3605000000.0,3381000000.0,,24071000000.0,13292000000.0,952000000.0,3.71,sec_edgar:companyfacts
AMGN,us,2010-12-31,2011-02-25T00:00:00,15053000000.0,,4627000000.0,5207000000.0,,23944000000.0,13362000000.0,932000000.0,4.79,sec_edgar:companyfacts
AMGN,us,2011-03-31,2011-05-10T00:00:00,3706000000.0,,1125000000.0,930000000.0,,24984000000.0,10907000000.0,933000000.0,1.2,sec_edgar:companyfacts
AMGN,us,2011-06-30,2011-08-08T00:00:00,7665000000.0,,2295000000.0,2343000000.0,,25614000000.0,13930000000.0,924000000.0,2.45,sec_edgar:companyfacts
AMGN,us,2011-09-30,2011-11-04T00:00:00,11609000000.0,,2749000000.0,3192000000.0,,23553000000.0,13965000000.0,879000000.0,2.96,sec_edgar:companyfacts
AMGN,us,2011-12-31,2012-02-29T00:00:00,15582000000.0,,3683000000.0,4552000000.0,,19029000000.0,21428000000.0,795600000.0,4.04,sec_edgar:companyfacts
AMGN,us,2012-03-31,2012-05-08T00:00:00,4048000000.0,,1184000000.0,828000000.0,,18874000000.0,21409000000.0,781100000.0,1.48,sec_edgar:companyfacts
AMGN,us,2012-06-30,2012-08-08T00:00:00,8525000000.0,,2450000000.0,3031000000.0,,19239000000.0,24378000000.0,769200000.0,3.09,sec_edgar:companyfacts
AMGN,us,2012-09-30,2012-11-06T00:00:00,12844000000.0,,3557000000.0,4581000000.0,,19902000000.0,26478000000.0,768100000.0,4.51,sec_edgar:companyfacts
AMGN,us,2012-12-31,2013-02-27T00:00:00,17265000000.0,,4345000000.0,5193000000.0,,19060000000.0,26529000000.0,756300000.0,5.52,sec_edgar:companyfacts
AMGN,us,2013-03-31,2013-05-03T00:00:00,4238000000.0,,1434000000.0,891000000.0,,19491000000.0,23892000000.0,749600000.0,1.88,sec_edgar:companyfacts
AMGN,us,2013-06-30,2013-08-06T00:00:00,8917000000.0,,2692000000.0,2332000000.0,,20594000000.0,23915000000.0,752900000.0,3.52,sec_edgar:companyfacts
AMGN,us,2013-09-30,2013-10-29T00:00:00,13665000000.0,,4060000000.0,3964000000.0,,21728000000.0,27189000000.0,754100000.0,5.31,sec_edgar:companyfacts
AMGN,us,2013-12-31,2014-02-24T00:00:00,18676000000.0,,5081000000.0,5598000000.0,,22096000000.0,32128000000.0,754600000.0,6.64,sec_edgar:companyfacts
AMGN,us,2014-03-31,2014-04-30T00:00:00,4521000000.0,,1073000000.0,970000000.0,,22741000000.0,32024000000.0,756900000.0,1.4,sec_edgar:companyfacts
AMGN,us,2014-06-30,2014-08-05T00:00:00,9701000000.0,,2620000000.0,3024000000.0,,24382000000.0,33328000000.0,759400000.0,3.41,sec_edgar:companyfacts
AMGN,us,2014-09-30,2014-10-29T00:00:00,14732000000.0,,3864000000.0,5595000000.0,,25325000000.0,32980000000.0,760600000.0,5.02,sec_edgar:companyfacts
AMGN,us,2014-12-31,2015-02-19T00:00:00,20063000000.0,,5158000000.0,7837000000.0,,25778000000.0,30715000000.0,760400000.0,6.7,sec_edgar:companyfacts
AMGN,us,2015-03-31,2015-04-27T00:00:00,5033000000.0,,1623000000.0,1211000000.0,,26506000000.0,30341000000.0,760400000.0,2.11,sec_edgar:companyfacts
AMGN,us,2015-06-30,2015-08-05T00:00:00,10403000000.0,,3276000000.0,3892000000.0,,27484000000.0,31952000000.0,759100000.0,4.26,sec_edgar:companyfacts
AMGN,us,2015-09-30,2015-11-02T00:00:00,16126000000.0,,5139000000.0,6628000000.0,,27967000000.0,31761000000.0,754900000.0,6.7,sec_edgar:companyfacts
AMGN,us,2015-12-31,2016-02-16T00:00:00,21662000000.0,,6939000000.0,8483000000.0,,28083000000.0,31556000000.0,754000000.0,9.06,sec_edgar:companyfacts
AMGN,us,2016-03-31,2016-05-02T00:00:00,5527000000.0,,1900000000.0,1759000000.0,,28682000000.0,34307000000.0,751300000.0,2.5,sec_edgar:companyfacts
AMGN,us,2016-06-30,2016-07-29T00:00:00,11215000000.0,,3770000000.0,4248000000.0,,30133000000.0,33222000000.0,748900000.0,4.97,sec_edgar:companyfacts
AMGN,us,2016-09-30,2016-10-28T00:00:00,17026000000.0,,5787000000.0,6743000000.0,,30773000000.0,35323000000.0,744800000.0,7.63,sec_edgar:companyfacts
AMGN,us,2016-12-31,2017-02-14T00:00:00,22991000000.0,,7722000000.0,9616000000.0,,29875000000.0,38999000000.0,738200000.0,10.24,sec_edgar:companyfacts
AMGN,us,2017-03-31,2017-04-27T00:00:00,5464000000.0,,2071000000.0,2217000000.0,,30637000000.0,34092000000.0,736100000.0,2.79,sec_edgar:companyfacts
AMGN,us,2017-06-30,2017-07-26T00:00:00,11274000000.0,,4222000000.0,4358000000.0,,31722000000.0,36521000000.0,730700000.0,5.71,sec_edgar:companyfacts
AMGN,us,2017-09-30,2017-10-26T00:00:00,17047000000.0,,6243000000.0,7654000000.0,,32229000000.0,37775000000.0,726600000.0,8.46,sec_edgar:companyfacts
AMGN,us,2017-12-31,2018-02-13T00:00:00,22849000000.0,,1979000000.0,10513000000.0,,25241000000.0,35342000000.0,722200000.0,2.69,sec_edgar:companyfacts
AMGN,us,2018-03-31,2018-04-25T00:00:00,5554000000.0,,2311000000.0,2572000000.0,,15620000000.0,35541000000.0,666400000.0,3.25,sec_edgar:companyfacts
AMGN,us,2018-06-30,2018-07-27T00:00:00,11613000000.0,,4607000000.0,4487000000.0,,14909000000.0,34497000000.0,649000000.0,6.73,sec_edgar:companyfacts
AMGN,us,2018-09-30,2018-10-31T00:00:00,17517000000.0,,6466000000.0,7589000000.0,,14349000000.0,34427000000.0,649000000.0,9.61,sec_edgar:companyfacts
AMGN,us,2018-12-31,2019-02-13T00:00:00,23747000000.0,,8394000000.0,10558000000.0,,12500000000.0,33929000000.0,629600000.0,12.62,sec_edgar:companyfacts
AMGN,us,2019-03-31,2019-05-01T00:00:00,5557000000.0,,1992000000.0,1729000000.0,,10832000000.0,33024000000.0,614400000.0,3.18,sec_edgar:companyfacts
AMGN,us,2019-06-30,2019-07-31T00:00:00,11428000000.0,,4171000000.0,2999000000.0,,10794000000.0,30614000000.0,602100000.0,6.75,sec_edgar:companyfacts
AMGN,us,2019-09-30,2019-10-30T00:00:00,17165000000.0,,6139000000.0,6206000000.0,,10927000000.0,29791000000.0,596200000.0,10.01,sec_edgar:companyfacts
AMGN,us,2019-12-31,2020-02-12T00:00:00,23362000000.0,,7842000000.0,8532000000.0,,9673000000.0,29903000000.0,591400000.0,12.88,sec_edgar:companyfacts
AMGN,us,2020-03-31,2020-05-01T00:00:00,6161000000.0,,1825000000.0,1992000000.0,,9485000000.0,31848000000.0,588000000.0,3.07,sec_edgar:companyfacts
AMGN,us,2020-06-30,2020-07-29T00:00:00,12367000000.0,,3628000000.0,4676000000.0,,10659000000.0,34224000000.0,586400000.0,6.12,sec_edgar:companyfacts
AMGN,us,2020-09-30,2020-10-29T00:00:00,18790000000.0,,5649000000.0,7909000000.0,,10959000000.0,34287000000.0,583500000.0,9.54,sec_edgar:companyfacts
AMGN,us,2020-12-31,2021-02-09T00:00:00,25424000000.0,,7264000000.0,9889000000.0,,9409000000.0,32986000000.0,578300000.0,12.31,sec_edgar:companyfacts
AMGN,us,2021-03-31,2021-04-28T00:00:00,5901000000.0,,1646000000.0,1938000000.0,,9334000000.0,32685000000.0,575300000.0,2.83,sec_edgar:companyfacts
AMGN,us,2021-06-30,2021-08-04T00:00:00,12427000000.0,,2110000000.0,3684000000.0,,8247000000.0,32782000000.0,569600000.0,3.65,sec_edgar:companyfacts
AMGN,us,2021-09-30,2021-11-03T00:00:00,,,3994000000.0,5860000000.0,,8217000000.0,37579000000.0,565000000.0,6.93,sec_edgar:companyfacts
AMGN,us,2021-12-31,2022-02-16T00:00:00,,,5893000000.0,8381000000.0,,6700000000.0,33309000000.0,558300000.0,10.28,sec_edgar:companyfacts
AMGN,us,2022-03-31,2022-04-28T00:00:00,,,1476000000.0,1974000000.0,,916000000.0,36854000000.0,534200000.0,2.68,sec_edgar:companyfacts
AMGN,us,2022-06-30,2022-08-05T00:00:00,,,2793000000.0,3658000000.0,,2419000000.0,36522000000.0,534900000.0,5.13,sec_edgar:companyfacts
AMGN,us,2022-09-30,2022-11-04T00:00:00,,,4936000000.0,6476000000.0,,3653000000.0,38704000000.0,533500000.0,9.11,sec_edgar:companyfacts
AMGN,us,2022-12-31,2023-02-09T00:00:00,,,6552000000.0,8785000000.0,,3661000000.0,38945000000.0,534000000.0,12.11,sec_edgar:companyfacts
AMGN,us,2023-03-31,2023-04-28T00:00:00,,,2841000000.0,720000000.0,,5348000000.0,61595000000.0,534300000.0,5.28,sec_edgar:companyfacts
AMGN,us,2023-06-30,2023-08-04T00:00:00,,,4220000000.0,4558000000.0,,6781000000.0,61544000000.0,534900000.0,7.86,sec_edgar:companyfacts
AMGN,us,2023-09-30,2023-10-31T00:00:00,,,5950000000.0,7070000000.0,,7656000000.0,60468000000.0,535100000.0,11.06,sec_edgar:companyfacts
AMGN,us,2023-12-31,2024-02-14T00:00:00,,,6717000000.0,7359000000.0,,6232000000.0,64613000000.0,535400000.0,12.49,sec_edgar:companyfacts
AMGN,us,2024-03-31,2024-05-03T00:00:00,,,-113000000.0,459000000.0,,5022000000.0,64020000000.0,536400000.0,-0.21,sec_edgar:companyfacts
AMGN,us,2024-06-30,2024-08-07T00:00:00,,,633000000.0,2680000000.0,,5925000000.0,62645000000.0,537200000.0,1.17,sec_edgar:companyfacts
AMGN,us,2024-09-30,2024-10-31T00:00:00,,,3463000000.0,5994000000.0,,7527000000.0,60398000000.0,537500000.0,6.4,sec_edgar:companyfacts
AMGN,us,2024-12-31,2025-02-14T00:00:00,,,4090000000.0,10394000000.0,,5877000000.0,60099000000.0,536900000.0,7.56,sec_edgar:companyfacts
AMGN,us,2025-03-31,2025-05-02T00:00:00,,,1730000000.0,980000000.0,,6207000000.0,57381000000.0,537700000.0,3.2,sec_edgar:companyfacts
AMGN,us,2025-06-30,2025-08-06T00:00:00,,,3162000000.0,2891000000.0,,7428000000.0,56204000000.0,538300000.0,5.84,sec_edgar:companyfacts
AMGN,us,2025-09-30,2025-11-05T00:00:00,,,6378000000.0,7139000000.0,,9619000000.0,54587000000.0,538500000.0,11.77,sec_edgar:companyfacts
AMGN,us,2025-12-31,2026-02-13T00:00:00,,,7711000000.0,8100000000.0,,8658000000.0,54604000000.0,538800000.0,14.23,sec_edgar:companyfacts
AMGN,us,2026-03-31,2026-05-01T00:00:00,,,1819000000.0,1477000000.0,,9190000000.0,57323000000.0,539700000.0,3.34,sec_edgar:companyfacts
AMT,us,2007-12-31,2010-03-01T00:00:00,,,56316000.0,,,,,,0.13,sec_edgar:companyfacts
AMT,us,2008-06-30,2009-08-06T00:00:00,,,200941000.0,,,,,,0.48,sec_edgar:companyfacts
AMT,us,2008-09-30,2009-11-05T00:00:00,,,261407000.0,,,,,,0.62,sec_edgar:companyfacts
AMT,us,2008-12-31,2010-03-01T00:00:00,,,347246000.0,,,2991322000.0,1837000.0,396976896.0,0.84,sec_edgar:companyfacts
AMT,us,2009-03-31,2010-05-06T00:00:00,,,58601000.0,,,,,,0.15,sec_edgar:companyfacts
AMT,us,2009-06-30,2009-08-06T00:00:00,,,114890000.0,,,3087781000.0,22577000.0,395810003.0,0.28,sec_edgar:companyfacts
AMT,us,2009-09-30,2009-11-05T00:00:00,,,182245000.0,,,3231815000.0,7717000.0,401059793.0,0.45,sec_edgar:companyfacts
AMT,us,2009-12-31,2010-03-01T00:00:00,,,246595000.0,,,3315082000.0,4282102000.0,401596984.0,0.61,sec_edgar:companyfacts
AMT,us,2010-03-31,2010-05-06T00:00:00,,,96318000.0,,,3454910000.0,77905000.0,403691679.0,0.24,sec_edgar:companyfacts
AMT,us,2010-06-30,2010-08-06T00:00:00,,,195983000.0,,,3426999000.0,1610000.0,401745103.0,0.48,sec_edgar:companyfacts
AMT,us,2010-09-30,2010-11-05T00:00:00,,,289422000.0,,,3450600000.0,178655000.0,399610995.0,0.71,sec_edgar:companyfacts
AMT,us,2010-12-31,2011-02-28T00:00:00,,,372936000.0,,,3501444000.0,5662284000.0,398677234.0,0.92,sec_edgar:companyfacts
AMT,us,2011-03-31,2011-05-05T00:00:00,,,91842000.0,,,3499194000.0,178105000.0,397066098.0,0.23,sec_edgar:companyfacts
AMT,us,2011-06-30,2011-08-04T00:00:00,,,207053000.0,,,3561863000.0,782775000.0,395996123.0,0.52,sec_edgar:companyfacts
AMT,us,2011-09-30,2011-11-02T00:00:00,,,191352000.0,,,3263290000.0,861160000.0,393467211.0,0.48,sec_edgar:companyfacts
AMT,us,2011-12-31,2012-02-29T00:00:00,,,396462000.0,,,3287220000.0,7236308000.0,393642079.0,0.99,sec_edgar:companyfacts
AMT,us,2012-03-31,2012-05-03T00:00:00,,,221306000.0,,,3478968000.0,,394598281.0,0.56,sec_edgar:companyfacts
AMT,us,2012-06-30,2012-08-02T00:00:00,,,269515000.0,,,3357548000.0,,395035260.0,0.68,sec_edgar:companyfacts
AMT,us,2012-09-30,2012-10-31T00:00:00,,,501604000.0,,,3556754000.0,,395354428.0,1.26,sec_edgar:companyfacts
AMT,us,2012-12-31,2013-02-27T00:00:00,,,637283000.0,,,3573101000.0,8753376000.0,395091213.0,1.6,sec_edgar:companyfacts
AMT,us,2013-03-31,2013-05-01T00:00:00,,,171407000.0,,,3671615000.0,,395587902.0,0.43,sec_edgar:companyfacts
AMT,us,2013-06-30,2013-07-31T00:00:00,,,271228000.0,,,3518323000.0,,395129882.0,0.68,sec_edgar:companyfacts
AMT,us,2013-09-30,2013-10-30T00:00:00,,,451351000.0,,,3528963000.0,,394534996.0,1.13,sec_edgar:companyfacts
AMT,us,2013-12-31,2014-02-26T00:00:00,,,551333000.0,,,3534165000.0,14478278000.0,394864324.0,1.38,sec_edgar:companyfacts
AMT,us,2014-03-31,2014-05-01T00:00:00,,,202499000.0,,,3671178000.0,,395660243.0,0.51,sec_edgar:companyfacts
AMT,us,2014-06-30,2014-07-30T00:00:00,,,436930000.0,,,4406494000.0,,396001448.0,1.08,sec_edgar:companyfacts
AMT,us,2014-09-30,2014-10-30T00:00:00,,,644523000.0,,,4194627000.0,,396397490.0,1.58,sec_edgar:companyfacts
AMT,us,2014-12-31,2017-02-27T00:00:00,,,824910000.0,,,3953560000.0,14608708000.0,396698725.0,2.0,sec_edgar:companyfacts
AMT,us,2015-03-31,2016-04-29T00:00:00,,,193317000.0,,,7351686000.0,,423073605.0,0.45,sec_edgar:companyfacts
AMT,us,2015-06-30,2015-07-29T00:00:00,,,349373000.0,,,7310872000.0,,423264965.0,0.75,sec_edgar:companyfacts
AMT,us,2015-09-30,2015-10-29T00:00:00,,,452372000.0,,,6617891000.0,,423497310.0,0.92,sec_edgar:companyfacts
AMT,us,2015-12-31,2017-02-27T00:00:00,,,685074000.0,,,6651679000.0,17119009000.0,423885253.0,1.41,sec_edgar:companyfacts
AMT,us,2016-03-31,2016-04-29T00:00:00,,,275159000.0,,,6933249000.0,,424563005.0,0.58,sec_edgar:companyfacts
AMT,us,2016-06-30,2016-07-28T00:00:00,,,462709000.0,,,6773515000.0,,425261258.0,0.95,sec_edgar:companyfacts
AMT,us,2016-09-30,2016-10-27T00:00:00,,,727218000.0,,,6707396000.0,,425621532.0,1.51,sec_edgar:companyfacts
AMT,us,2016-12-31,2019-02-27T00:00:00,5785700000.0,,956425000.0,2019195000.0,,6763895000.0,18533465000.0,427102510.0,1.98,sec_edgar:companyfacts
AMT,us,2017-03-31,2019-02-27T00:00:00,1616200000.0,,316080000.0,,,6852474000.0,,426247652.0,0.67,sec_edgar:companyfacts
AMT,us,2017-06-30,2019-02-27T00:00:00,1662500000.0,,683131000.0,,,6482709000.0,,429174983.0,1.47,sec_edgar:companyfacts
AMT,us,2017-09-30,2018-10-30T00:00:00,4959400000.0,,1000399000.0,,,6518127000.0,,429243720.0,2.16,sec_edgar:companyfacts
AMT,us,2017-12-31,2019-02-27T00:00:00,6663900000.0,,1238900000.0,2122000000.0,,6241500000.0,20205100000.0,428820000.0,2.67,sec_edgar:companyfacts
AMT,us,2018-03-31,2019-02-27T00:00:00,1741800000.0,,285200000.0,,,6334200000.0,,441596000.0,0.63,sec_edgar:companyfacts
AMT,us,2018-06-30,2019-02-27T00:00:00,1780900000.0,,591900000.0,,,5550700000.0,,441186000.0,1.32,sec_edgar:companyfacts
AMT,us,2018-09-30,2018-10-30T00:00:00,5308200000.0,,958800000.0,,,5350700000.0,,440775000.0,2.15,sec_edgar:companyfacts
AMT,us,2018-12-31,2019-02-27T00:00:00,7440100000.0,,1236400000.0,2835100000.0,,5336100000.0,21159900000.0,441060000.0,2.77,sec_edgar:companyfacts
AMT,us,2019-03-31,2019-05-03T00:00:00,1813400000.0,,397430000.0,,,5347000000.0,,441968000.0,0.89,sec_edgar:companyfacts
AMT,us,2019-06-30,2019-07-31T00:00:00,3703000000.0,,826500000.0,,,5477500000.0,,442386000.0,1.86,sec_edgar:companyfacts
AMT,us,2019-09-30,2019-10-31T00:00:00,5656600000.0,,1325100000.0,,,5240400000.0,,442386000.0,2.98,sec_edgar:companyfacts
AMT,us,2019-12-31,2020-02-25T00:00:00,7580300000.0,,1887800000.0,2761300000.0,,5055400000.0,1900000.0,442890000.0,4.24,sec_edgar:companyfacts
AMT,us,2020-03-31,2021-04-29T00:00:00,1993100000.0,,415000000.0,585600000.0,,3634400000.0,,443332.0,0.93,sec_edgar:companyfacts
AMT,us,2020-06-30,2021-07-29T00:00:00,3906100000.0,,861100000.0,1363900000.0,,3620300000.0,,443561.0,1.93,sec_edgar:companyfacts
AMT,us,2020-09-30,2021-10-28T00:00:00,5919000000.0,,1325500000.0,2080300000.0,,3731700000.0,,444190000.0,2.97,sec_edgar:companyfacts
AMT,us,2020-12-31,2021-02-25T00:00:00,8041500000.0,,1690600000.0,2849700000.0,,4093500000.0,,444330000.0,3.79,sec_edgar:companyfacts
AMT,us,2021-03-31,2022-04-27T00:00:00,2158500000.0,,645000000.0,767900000.0,,3883400000.0,,444793000.0,1.45,sec_edgar:companyfacts
AMT,us,2021-06-30,2021-07-29T00:00:00,4457400000.0,,1391300000.0,1441900000.0,,5754200000.0,,455031000.0,3.1,sec_edgar:companyfacts
AMT,us,2021-09-30,2021-10-28T00:00:00,6911700000.0,,2114300000.0,3224300000.0,,5411200000.0,,455409000.0,4.68,sec_edgar:companyfacts
AMT,us,2021-12-31,2022-02-25T00:00:00,9356900000.0,,,3443200000.0,,5081200000.0,43497500000.0,455772000.0,5.66,sec_edgar:companyfacts
AMT,us,2022-03-31,2022-04-27T00:00:00,2660300000.0,,711700000.0,277500000.0,,5363000000.0,,456277000.0,1.56,sec_edgar:companyfacts
AMT,us,2022-06-30,2022-07-28T00:00:00,5334600000.0,,1609900000.0,822700000.0,,6958700000.0,,465585000.0,3.51,sec_edgar:companyfacts
AMT,us,2022-09-30,2022-10-27T00:00:00,8006100000.0,,2449600000.0,1295800000.0,,6281800000.0,,465602000.0,5.31,sec_edgar:companyfacts
AMT,us,2022-12-31,2023-02-23T00:00:00,10711100000.0,,,1822600000.0,,5572400000.0,38901800000.0,465619000.0,3.82,sec_edgar:companyfacts
AMT,us,2023-03-31,2023-04-26T00:00:00,2767200000.0,,,608600000.0,,5406600000.0,,466038000.0,0.72,sec_edgar:companyfacts
AMT,us,2023-06-30,2023-07-27T00:00:00,5538900000.0,,,1397100000.0,,5166400000.0,,466134000.0,1.74,sec_edgar:companyfacts
AMT,us,2023-09-30,2023-10-26T00:00:00,8357500000.0,,,2307000000.0,,4533300000.0,,466160000.0,2.99,sec_edgar:companyfacts
AMT,us,2023-12-31,2024-02-27T00:00:00,11144200000.0,,,2924300000.0,,4198200000.0,,466296000.0,3.18,sec_edgar:companyfacts
AMT,us,2024-03-31,2024-04-30T00:00:00,2834100000.0,,,886900000.0,,4047800000.0,,466964000.0,1.96,sec_edgar:companyfacts
AMT,us,2024-06-30,2024-07-30T00:00:00,5734400000.0,,,1900200000.0,,3856000000.0,,467077000.0,3.89,sec_edgar:companyfacts
AMT,us,2024-09-30,2024-10-29T00:00:00,7579600000.0,,,2944900000.0,,3641700000.0,,467276000.0,2.19,sec_edgar:companyfacts
AMT,us,2024-12-31,2025-02-25T00:00:00,10127200000.0,,,3700500000.0,,3382200000.0,,467384000.0,4.82,sec_edgar:companyfacts
AMT,us,2025-03-31,2025-04-29T00:00:00,2562800000.0,,,963900000.0,,3534800000.0,,468127000.0,1.04,sec_edgar:companyfacts
AMT,us,2025-06-30,2025-07-29T00:00:00,5189700000.0,,,1940800000.0,,3712800000.0,,468224000.0,1.83,sec_edgar:companyfacts
AMT,us,2025-09-30,2025-10-28T00:00:00,7907100000.0,,,2935300000.0,,3952700000.0,,468291000.0,3.64,sec_edgar:companyfacts
AMT,us,2025-12-31,2026-02-24T00:00:00,10644600000.0,,,3783600000.0,,3652500000.0,,466318000.0,5.4,sec_edgar:companyfacts
AMT,us,2026-03-31,2026-04-28T00:00:00,2737500000.0,,,951100000.0,,3522600000.0,,465990000.0,1.84,sec_edgar:companyfacts
AMZN,us,2006-12-31,2010-01-29T00:00:00,,,,,,431000000.0,,,,sec_edgar:companyfacts
AMZN,us,2007-12-31,2010-01-29T00:00:00,,,476000000.0,1181000000.0,,1197000000.0,,,1.12,sec_edgar:companyfacts
AMZN,us,2008-06-30,2009-07-24T00:00:00,,,588000000.0,816000000.0,,,,,0.7,sec_edgar:companyfacts
AMZN,us,2008-09-30,2009-10-23T00:00:00,,,627000000.0,970000000.0,,,,,0.97,sec_edgar:companyfacts
AMZN,us,2008-12-31,2010-01-29T00:00:00,,,645000000.0,1364000000.0,,2672000000.0,,428000000.0,1.49,sec_edgar:companyfacts
AMZN,us,2009-03-31,2010-04-23T00:00:00,,,679000000.0,1431000000.0,,,,,0.41,sec_edgar:companyfacts
AMZN,us,2009-06-30,2009-07-24T00:00:00,,,663000000.0,1542000000.0,,3256000000.0,,432000000.0,0.73,sec_edgar:companyfacts
AMZN,us,2009-09-30,2009-10-23T00:00:00,,,743000000.0,1916000000.0,,3585000000.0,,433000000.0,1.18,sec_edgar:companyfacts
AMZN,us,2009-12-31,2010-01-29T00:00:00,,,902000000.0,2920000000.0,,5257000000.0,,444000000.0,2.04,sec_edgar:companyfacts
AMZN,us,2010-03-31,2010-04-23T00:00:00,,,1024000000.0,2322000000.0,,5618000000.0,,446000000.0,0.66,sec_edgar:companyfacts
AMZN,us,2010-06-30,2010-07-23T00:00:00,,,1088000000.0,1986000000.0,,5857000000.0,,448000000.0,1.11,sec_edgar:companyfacts
AMZN,us,2010-09-30,2010-10-22T00:00:00,,,1120000000.0,1829000000.0,,6397000000.0,,449000000.0,1.62,sec_edgar:companyfacts
AMZN,us,2010-12-31,2011-01-28T00:00:00,,,1152000000.0,2516000000.0,,6864000000.0,,451000000.0,2.53,sec_edgar:companyfacts
AMZN,us,2011-03-31,2011-04-27T00:00:00,,,1054000000.0,1895000000.0,,7347000000.0,,452000000.0,0.44,sec_edgar:companyfacts
AMZN,us,2011-06-30,2011-07-27T00:00:00,,,1038000000.0,1831000000.0,,7765000000.0,,454000000.0,0.85,sec_edgar:companyfacts
AMZN,us,2011-09-30,2011-10-26T00:00:00,,,871000000.0,1525000000.0,,7766000000.0,,455000000.0,0.99,sec_edgar:companyfacts
AMZN,us,2011-12-31,2012-02-01T00:00:00,,,631000000.0,2092000000.0,,7757000000.0,384000000.0,455000000.0,1.37,sec_edgar:companyfacts
AMZN,us,2012-03-31,2012-04-27T00:00:00,,,561000000.0,1152000000.0,,7271000000.0,,450000000.0,0.28,sec_edgar:companyfacts
AMZN,us,2012-06-30,2012-07-27T00:00:00,,,377000000.0,1099000000.0,,7505000000.0,,452000000.0,0.3,sec_edgar:companyfacts
AMZN,us,2012-09-30,2012-10-26T00:00:00,,,40000000.0,1058000000.0,,7553000000.0,,453000000.0,-0.3,sec_edgar:companyfacts
AMZN,us,2012-12-31,2013-01-30T00:00:00,,,-39000000.0,395000000.0,,8192000000.0,3691000000.0,454000000.0,-0.09,sec_edgar:companyfacts
AMZN,us,2013-03-31,2013-04-26T00:00:00,,,-87000000.0,177000000.0,,8432000000.0,3718000000.0,455000000.0,0.18,sec_edgar:companyfacts
AMZN,us,2013-06-30,2013-07-26T00:00:00,,,-101000000.0,265000000.0,,8733000000.0,3758000000.0,457000000.0,0.16,sec_edgar:companyfacts
AMZN,us,2013-09-30,2013-10-25T00:00:00,,,132000000.0,388000000.0,,9087000000.0,3747000000.0,458000000.0,0.07,sec_edgar:companyfacts
AMZN,us,2013-12-31,2014-01-31T00:00:00,,,274000000.0,2031000000.0,,9746000000.0,3967000000.0,459000000.0,0.59,sec_edgar:companyfacts
AMZN,us,2014-03-31,2014-04-25T00:00:00,,,299000000.0,1491000000.0,,10328000000.0,3953000000.0,460000000.0,0.23,sec_edgar:companyfacts
AMZN,us,2014-06-30,2014-07-25T00:00:00,,,181000000.0,1039000000.0,,10602000000.0,4000000000.0,462000000.0,-0.04,sec_edgar:companyfacts
AMZN,us,2014-09-30,2014-10-24T00:00:00,,,-216000000.0,1077000000.0,,10336000000.0,3983000000.0,463000000.0,-0.99,sec_edgar:companyfacts
AMZN,us,2014-12-31,2015-01-30T00:00:00,,,-241000000.0,1949000000.0,,10741000000.0,9881000000.0,465000000.0,-0.52,sec_edgar:companyfacts
AMZN,us,2015-03-31,2015-04-24T00:00:00,,,-405000000.0,3161000000.0,,10873000000.0,9729000000.0,466000000.0,-0.12,sec_edgar:companyfacts
AMZN,us,2015-06-30,2015-07-24T00:00:00,,,-188000000.0,4373000000.0,,11768000000.0,9602000000.0,468000000.0,0.07,sec_edgar:companyfacts
AMZN,us,2015-09-30,2015-10-23T00:00:00,,,328000000.0,5399000000.0,,12430000000.0,9451000000.0,469000000.0,0.24,sec_edgar:companyfacts
AMZN,us,2015-12-31,2016-01-29T00:00:00,,,596000000.0,7331000000.0,,13384000000.0,8562000000.0,471000000.0,1.25,sec_edgar:companyfacts
AMZN,us,2016-03-31,2016-04-29T00:00:00,,,1166000000.0,6361000000.0,,14756000000.0,8405000000.0,472000000.0,1.07,sec_edgar:companyfacts
AMZN,us,2016-06-30,2016-07-29T00:00:00,,,1931000000.0,7331000000.0,,16538000000.0,8347000000.0,474000000.0,2.84,sec_edgar:companyfacts
AMZN,us,2016-09-30,2016-10-28T00:00:00,,,2105000000.0,8563000000.0,,17782000000.0,8345000000.0,475000000.0,3.36,sec_edgar:companyfacts
AMZN,us,2016-12-31,2019-02-01T00:00:00,135987000000.0,,2371000000.0,9706000000.0,,19285000000.0,8838000000.0,477000000.0,4.9,sec_edgar:companyfacts
AMZN,us,2017-03-31,2019-02-01T00:00:00,35714000000.0,,2583000000.0,10217000000.0,,21674000000.0,8827000000.0,478000000.0,1.48,sec_edgar:companyfacts
AMZN,us,2017-06-30,2019-02-01T00:00:00,37955000000.0,,1922000000.0,,,23214000000.0,8832000000.0,480000000.0,1.87,sec_edgar:companyfacts
AMZN,us,2017-09-30,2018-10-26T00:00:00,117413000000.0,,1926000000.0,,,24658000000.0,25847000000.0,482000000.0,2.39,sec_edgar:companyfacts
AMZN,us,2017-12-31,2019-02-01T00:00:00,177866000000.0,,3033000000.0,,,27709000000.0,24942000000.0,484000000.0,6.15,sec_edgar:companyfacts
AMZN,us,2018-03-31,2019-02-01T00:00:00,51042000000.0,,3938000000.0,,,31463000000.0,24792000000.0,485000000.0,3.27,sec_edgar:companyfacts
AMZN,us,2018-06-30,2019-02-01T00:00:00,52886000000.0,,6275000000.0,,,34995000000.0,24770000000.0,487000000.0,8.34,sec_edgar:companyfacts
AMZN,us,2018-09-30,2018-10-26T00:00:00,160504000000.0,,8902000000.0,,,39125000000.0,24829000000.0,489000000.0,14.1,sec_edgar:companyfacts
AMZN,us,2018-12-31,2019-02-01T00:00:00,232887000000.0,,10073000000.0,,,43549000000.0,24965000000.0,491000000.0,20.14,sec_edgar:companyfacts
AMZN,us,2019-03-31,2019-04-26T00:00:00,59700000000.0,,12005000000.0,,,48410000000.0,25031000000.0,492000000.0,7.09,sec_edgar:companyfacts
AMZN,us,2019-06-30,2019-07-26T00:00:00,123104000000.0,,12096000000.0,,,53061000000.0,25066000000.0,494000000.0,12.31,sec_edgar:companyfacts
AMZN,us,2019-09-30,2019-10-25T00:00:00,193086000000.0,,11347000000.0,,,56508000000.0,25411000000.0,495000000.0,16.53,sec_edgar:companyfacts
AMZN,us,2019-12-31,2020-01-31T00:00:00,280522000000.0,,11588000000.0,,,62060000000.0,24820000000.0,498000000.0,23.01,sec_edgar:companyfacts
AMZN,us,2020-03-31,2020-05-01T00:00:00,75452000000.0,,10563000000.0,,,65272000000.0,24849000000.0,499000000.0,5.01,sec_edgar:companyfacts
AMZN,us,2020-06-30,2020-07-31T00:00:00,164364000000.0,,13180000000.0,,,73728000000.0,34486000000.0,501000000.0,15.32,sec_edgar:companyfacts
AMZN,us,2020-09-30,2020-10-30T00:00:00,260509000000.0,,17377000000.0,,,82775000000.0,33288000000.0,502000000.0,27.72,sec_edgar:companyfacts
AMZN,us,2020-12-31,2021-02-03T00:00:00,386064000000.0,,21331000000.0,,,93404000000.0,33174000000.0,503000000.0,41.83,sec_edgar:companyfacts
AMZN,us,2021-03-31,2021-04-30T00:00:00,108518000000.0,,26903000000.0,,,103320000000.0,33227000000.0,504000000.0,15.79,sec_edgar:companyfacts
AMZN,us,2021-06-30,2021-07-30T00:00:00,221598000000.0,,29438000000.0,,,114803000000.0,51762000000.0,506000000.0,30.92,sec_edgar:companyfacts
AMZN,us,2021-09-30,2021-10-29T00:00:00,332410000000.0,,26263000000.0,,,120564000000.0,51376000000.0,507000000.0,37.02,sec_edgar:companyfacts
AMZN,us,2021-12-31,2022-02-04T00:00:00,469822000000.0,,33364000000.0,,,138245000000.0,50871000000.0,509000000.0,64.81,sec_edgar:companyfacts
AMZN,us,2022-03-31,2022-04-29T00:00:00,116444000000.0,,21413000000.0,,,134001000000.0,50553000000.0,509000000.0,-7.56,sec_edgar:companyfacts
AMZN,us,2022-06-30,2022-07-29T00:00:00,237678000000.0,,11607000000.0,,,131402000000.0,63670000000.0,10183000000.0,-0.58,sec_edgar:companyfacts
AMZN,us,2022-09-30,2022-10-28T00:00:00,364779000000.0,,11323000000.0,,,137489000000.0,64641000000.0,10198000000.0,-0.29,sec_edgar:companyfacts
AMZN,us,2022-12-31,2023-02-03T00:00:00,513983000000.0,,-2722000000.0,,,146043000000.0,71742000000.0,10242000000.0,-0.27,sec_edgar:companyfacts
AMZN,us,2023-03-31,2023-04-28T00:00:00,127358000000.0,,4294000000.0,,,154526000000.0,70572000000.0,10258000000.0,0.31,sec_edgar:companyfacts
AMZN,us,2023-06-30,2023-08-04T00:00:00,261741000000.0,,13072000000.0,,,168602000000.0,68572000000.0,10313000000.0,0.95,sec_edgar:companyfacts
AMZN,us,2023-09-30,2023-10-27T00:00:00,404824000000.0,,20079000000.0,,,182973000000.0,67638000000.0,10330000000.0,1.89,sec_edgar:companyfacts
AMZN,us,2023-12-31,2024-02-02T00:00:00,574785000000.0,,30425000000.0,,,201875000000.0,67329000000.0,10383000000.0,2.9,sec_edgar:companyfacts
AMZN,us,2024-03-31,2024-05-01T00:00:00,143313000000.0,,37684000000.0,,,216661000000.0,66902000000.0,10403000000.0,0.98,sec_edgar:companyfacts
AMZN,us,2024-06-30,2024-08-02T00:00:00,291290000000.0,,44419000000.0,,,236447000000.0,62759000000.0,10490000000.0,2.24,sec_edgar:companyfacts
AMZN,us,2024-09-30,2024-11-01T00:00:00,450167000000.0,,49868000000.0,,,259151000000.0,60588000000.0,10511000000.0,3.67,sec_edgar:companyfacts
AMZN,us,2024-12-31,2025-02-07T00:00:00,637959000000.0,,59248000000.0,,,285970000000.0,58151000000.0,10593000000.0,5.53,sec_edgar:companyfacts
AMZN,us,2025-03-31,2025-05-02T00:00:00,155667000000.0,,65944000000.0,,,305867000000.0,58826000000.0,10613000000.0,1.59,sec_edgar:companyfacts
AMZN,us,2025-06-30,2025-08-01T00:00:00,323369000000.0,,70623000000.0,,,333775000000.0,56255000000.0,10660000000.0,3.27,sec_edgar:companyfacts
AMZN,us,2025-09-30,2025-10-31T00:00:00,503538000000.0,,76482000000.0,,,369631000000.0,55317000000.0,10687000000.0,5.22,sec_edgar:companyfacts
AMZN,us,2025-12-31,2026-02-06T00:00:00,716924000000.0,,77670000000.0,,,411065000000.0,69291000000.0,10731000000.0,7.17,sec_edgar:companyfacts
AMZN,us,2026-03-31,2026-04-30T00:00:00,181519000000.0,,90798000000.0,,,441914000000.0,122784000000.0,10754000000.0,2.78,sec_edgar:companyfacts
AVGO,us,2016-10-30,2018-12-21T00:00:00,13240000000.0,,-1739000000.0,2688000000.0,,,,,-4.86,sec_edgar:companyfacts
AVGO,us,2017-01-29,2018-12-21T00:00:00,4139000000.0,,239000000.0,,,,,,0.57,sec_edgar:companyfacts
AVGO,us,2017-04-30,2018-06-14T00:00:00,8329000000.0,,679000000.0,2355000000.0,,,,,1.63,sec_edgar:companyfacts
AVGO,us,2017-07-30,2018-09-13T00:00:00,12792000000.0,,1160000000.0,3756000000.0,,,,,2.77,sec_edgar:companyfacts
AVGO,us,2017-10-29,2018-12-21T00:00:00,17636000000.0,,1692000000.0,5482000000.0,,20285000000.0,17548000000.0,408732155.0,4.02,sec_edgar:companyfacts
AVGO,us,2018-02-04,2019-03-15T00:00:00,5327000000.0,,6230000000.0,1465000000.0,,,,,14.62,sec_edgar:companyfacts
AVGO,us,2018-05-06,2018-06-14T00:00:00,10341000000.0,,9948000000.0,3589000000.0,,32067000000.0,17598000000.0,436235225.0,22.99,sec_edgar:companyfacts
AVGO,us,2018-08-05,2018-09-13T00:00:00,15404000000.0,,11144000000.0,5716000000.0,,27452000000.0,17604000000.0,413296951.0,25.74,sec_edgar:companyfacts
AVGO,us,2018-11-04,2018-12-21T00:00:00,20848000000.0,,12259000000.0,8245000000.0,,26657000000.0,17493000000.0,407637618.0,28.44,sec_edgar:companyfacts
AVGO,us,2019-02-03,2019-03-15T00:00:00,,,471000000.0,2033000000.0,,23224000000.0,37641000000.0,396153863.0,1.12,sec_edgar:companyfacts
AVGO,us,2019-05-05,2019-06-14T00:00:00,,,1162000000.0,4575000000.0,,22172000000.0,37548000000.0,398513768.0,2.77,sec_edgar:companyfacts
AVGO,us,2019-08-04,2019-09-13T00:00:00,,,1877000000.0,6882000000.0,,21503000000.0,37565000000.0,397612545.0,4.47,sec_edgar:companyfacts
AVGO,us,2019-11-03,2019-12-20T00:00:00,,,,9265000000.0,,24941000000.0,32798000000.0,397560810.0,6.43,sec_edgar:companyfacts
AVGO,us,2022-10-30,2024-12-20T00:00:00,,,11495000000.0,16312000000.0,,,,418000000.0,26.53,sec_edgar:companyfacts
AVGO,us,2023-10-29,2024-12-20T00:00:00,,,14082000000.0,17633000000.0,,,,414000000.0,32.98,sec_edgar:companyfacts
AVGO,us,2024-11-03,2024-12-20T00:00:00,,,5895000000.0,19414000000.0,,,1271000000.0,4686000000.0,1.23,sec_edgar:companyfacts
AXP,us,2006-12-31,2010-02-26T00:00:00,,,,,,10511000000.0,,,,sec_edgar:companyfacts
AXP,us,2007-12-31,2010-02-26T00:00:00,,,4012000000.0,7073000000.0,,11029000000.0,,,3.34,sec_edgar:companyfacts
AXP,us,2008-06-30,2009-09-02T00:00:00,,,1644000000.0,7562000000.0,,,,,1.41,sec_edgar:companyfacts
AXP,us,2008-09-30,2009-10-30T00:00:00,,,2459000000.0,8110000000.0,,,,,2.1,sec_edgar:companyfacts
AXP,us,2008-12-31,2011-02-28T00:00:00,28365000000.0,,2699000000.0,7164000000.0,,11841000000.0,69034000000.0,1160000000.0,2.32,sec_edgar:companyfacts
AXP,us,2009-03-31,2010-05-05T00:00:00,,,437000000.0,906000000.0,,,,,0.31,sec_edgar:companyfacts
AXP,us,2009-06-30,2009-09-02T00:00:00,,,774000000.0,2822000000.0,,13420000000.0,55714000000.0,1189000000.0,0.4,sec_edgar:companyfacts
AXP,us,2009-09-30,2009-10-30T00:00:00,,,1414000000.0,5101000000.0,,13943000000.0,55052000000.0,1189000000.0,0.94,sec_edgar:companyfacts
AXP,us,2009-12-31,2011-02-28T00:00:00,24523000000.0,,2130000000.0,5612000000.0,,14406000000.0,54682000000.0,1192000000.0,1.54,sec_edgar:companyfacts
AXP,us,2010-03-31,2010-05-05T00:00:00,,,885000000.0,923000000.0,,13425000000.0,74224000000.0,1197000000.0,0.73,sec_edgar:companyfacts
AXP,us,2010-06-30,2010-08-05T00:00:00,,,1902000000.0,4121000000.0,,14513000000.0,71954000000.0,1202000000.0,1.57,sec_edgar:companyfacts
AXP,us,2010-09-30,2010-11-03T00:00:00,,,2995000000.0,6635000000.0,,15920000000.0,70747000000.0,1204000000.0,2.47,sec_edgar:companyfacts
AXP,us,2010-12-31,2011-02-28T00:00:00,27819000000.0,,4057000000.0,8401000000.0,,16230000000.0,69830000000.0,1197000000.0,3.35,sec_edgar:companyfacts
AXP,us,2011-03-31,2011-05-04T00:00:00,,,1177000000.0,496000000.0,,17482000000.0,64105000000.0,1202000000.0,0.97,sec_edgar:companyfacts
AXP,us,2011-06-30,2011-08-03T00:00:00,,,2508000000.0,3831000000.0,,18205000000.0,65097000000.0,1193000000.0,2.07,sec_edgar:companyfacts
AXP,us,2011-09-30,2011-11-02T00:00:00,,,3743000000.0,6103000000.0,,18100000000.0,65416000000.0,1169000000.0,3.11,sec_edgar:companyfacts
AXP,us,2011-12-31,2012-02-24T00:00:00,,,4935000000.0,9286000000.0,,18794000000.0,62994000000.0,1164000000.0,4.12,sec_edgar:companyfacts
AXP,us,2012-03-31,2012-05-01T00:00:00,,,1256000000.0,3166000000.0,,19907000000.0,60602000000.0,1166000000.0,1.07,sec_edgar:companyfacts
AXP,us,2012-06-30,2012-08-02T00:00:00,,,2595000000.0,6246000000.0,,19267000000.0,59506000000.0,1139000000.0,2.22,sec_edgar:companyfacts
AXP,us,2012-09-30,2012-10-31T00:00:00,,,3845000000.0,9849000000.0,,19478000000.0,60298000000.0,1122000000.0,3.31,sec_edgar:companyfacts
AXP,us,2012-12-31,2013-02-22T00:00:00,,,4482000000.0,,,18886000000.0,62287000000.0,1105000000.0,3.89,sec_edgar:companyfacts
AXP,us,2013-03-31,2015-02-24T00:00:00,,,1280000000.0,,,19290000000.0,59725000000.0,1098000000.0,1.15,sec_edgar:companyfacts
AXP,us,2013-06-30,2015-02-24T00:00:00,,,2685000000.0,,,19034000000.0,55636000000.0,1084000000.0,1.27,sec_edgar:companyfacts
AXP,us,2013-09-30,2015-02-24T00:00:00,,,4051000000.0,,,19216000000.0,55776000000.0,1071000000.0,1.25,sec_edgar:companyfacts
AXP,us,2013-12-31,2014-02-25T00:00:00,,,5359000000.0,,,19496000000.0,60351000000.0,1064000000.0,4.88,sec_edgar:companyfacts
AXP,us,2014-03-31,2015-02-24T00:00:00,,,1432000000.0,,,19977000000.0,56916000000.0,1059000000.0,1.33,sec_edgar:companyfacts
AXP,us,2014-06-30,2015-02-24T00:00:00,,,2961000000.0,,,20213000000.0,58272000000.0,1046000000.0,1.43,sec_edgar:companyfacts
AXP,us,2014-09-30,2015-02-24T00:00:00,,,4438000000.0,,,20216000000.0,59094000000.0,1035000000.0,1.4,sec_edgar:companyfacts
AXP,us,2014-12-31,2015-02-24T00:00:00,,,5885000000.0,,,20673000000.0,61435000000.0,1023000000.0,1.39,sec_edgar:companyfacts
AXP,us,2015-03-31,2016-02-19T00:00:00,,,1525000000.0,,,21830000000.0,57073000000.0,1016000000.0,1.48,sec_edgar:companyfacts
AXP,us,2015-06-30,2016-02-19T00:00:00,,,2998000000.0,,,21885000000.0,57226000000.0,1002000000.0,1.42,sec_edgar:companyfacts
AXP,us,2015-09-30,2016-02-19T00:00:00,,,4264000000.0,,,21335000000.0,51813000000.0,985000000.0,1.24,sec_edgar:companyfacts
AXP,us,2015-12-31,2016-02-19T00:00:00,,,5163000000.0,,,20673000000.0,52873000000.0,969000000.0,0.89,sec_edgar:companyfacts
AXP,us,2016-03-31,2017-02-17T00:00:00,,,1426000000.0,,,20727000000.0,49907000000.0,951000000.0,1.45,sec_edgar:companyfacts
AXP,us,2016-06-30,2016-07-26T00:00:00,,,3441000000.0,,,20712000000.0,52992000000.0,925000000.0,3.54,sec_edgar:companyfacts
AXP,us,2016-09-30,2016-10-25T00:00:00,,,4583000000.0,,,21000000000.0,47755000000.0,917000000.0,4.76,sec_edgar:companyfacts
AXP,us,2016-12-31,2017-02-17T00:00:00,,,5408000000.0,,,20501000000.0,52571000000.0,904000000.0,0.88,sec_edgar:companyfacts
AXP,us,2017-03-31,2017-04-27T00:00:00,,,1237000000.0,,,20935000000.0,55247000000.0,895000000.0,1.34,sec_edgar:companyfacts
AXP,us,2017-06-30,2017-07-25T00:00:00,,,2577000000.0,,,21175000000.0,55371000000.0,885000000.0,2.8,sec_edgar:companyfacts
AXP,us,2017-09-30,2017-10-24T00:00:00,,,3933000000.0,,,21085000000.0,51114000000.0,871000000.0,4.3,sec_edgar:companyfacts
AXP,us,2017-12-31,2020-02-13T00:00:00,,,2736000000.0,12478000000.0,,18227000000.0,59082000000.0,859000000.0,-1.41,sec_edgar:companyfacts
AXP,us,2018-03-31,2018-04-25T00:00:00,,,1634000000.0,,,19613000000.0,54313000000.0,860000000.0,1.86,sec_edgar:companyfacts
AXP,us,2018-06-30,2019-07-23T00:00:00,,,3257000000.0,4560000000.0,,20892000000.0,57855000000.0,861000000.0,3.7,sec_edgar:companyfacts
AXP,us,2018-09-30,2019-10-21T00:00:00,,,4911000000.0,9311000000.0,,21460000000.0,57592000000.0,854000000.0,5.59,sec_edgar:companyfacts
AXP,us,2018-12-31,2020-02-13T00:00:00,,,6921000000.0,7620000000.0,,22290000000.0,61523000000.0,847000000.0,2.32,sec_edgar:companyfacts
AXP,us,2019-03-31,2020-04-24T00:00:00,,,1550000000.0,8199000000.0,,22218000000.0,60446000000.0,837000000.0,1.8,sec_edgar:companyfacts
AXP,us,2019-06-30,2019-07-23T00:00:00,,,3311000000.0,10637000000.0,,23092000000.0,60563000000.0,832000000.0,3.87,sec_edgar:companyfacts
AXP,us,2019-09-30,2019-10-21T00:00:00,,,5066000000.0,9222000000.0,,23025000000.0,61292000000.0,821000000.0,5.95,sec_edgar:companyfacts
AXP,us,2019-12-31,2020-02-13T00:00:00,,,6759000000.0,11987000000.0,,23071000000.0,64277000000.0,810000000.0,2.03,sec_edgar:companyfacts
AXP,us,2020-03-31,2020-04-24T00:00:00,,,367000000.0,-2554000000.0,,21006000000.0,56085000000.0,805000000.0,0.41,sec_edgar:companyfacts
AXP,us,2020-06-30,2020-07-24T00:00:00,,,624000000.0,-778000000.0,,21062000000.0,50364000000.0,805000000.0,0.71,sec_edgar:companyfacts
AXP,us,2020-09-30,2020-10-23T00:00:00,,,1697000000.0,1049000000.0,,21869000000.0,46493000000.0,805000000.0,2.01,sec_edgar:companyfacts
AXP,us,2020-12-31,2021-02-12T00:00:00,,,3135000000.0,4113000000.0,,22984000000.0,44830000000.0,805000000.0,1.76,sec_edgar:companyfacts
AXP,us,2021-03-31,2021-04-23T00:00:00,,,2235000000.0,1961000000.0,,24449000000.0,43597000000.0,803000000.0,2.74,sec_edgar:companyfacts
AXP,us,2021-06-30,2021-07-23T00:00:00,,,4515000000.0,4856000000.0,,25539000000.0,39227000000.0,798000000.0,5.54,sec_edgar:companyfacts
AXP,us,2021-09-30,2021-10-22T00:00:00,,,6341000000.0,8558000000.0,,24426000000.0,36736000000.0,778000000.0,7.82,sec_edgar:companyfacts
AXP,us,2021-12-31,2022-02-11T00:00:00,,,8060000000.0,13095000000.0,,22177000000.0,40918000000.0,761000000.0,10.02,sec_edgar:companyfacts
AXP,us,2022-03-31,2022-04-22T00:00:00,,,2099000000.0,3433000000.0,,22383000000.0,40459000000.0,755000000.0,2.73,sec_edgar:companyfacts
AXP,us,2022-06-30,2022-07-22T00:00:00,,,4063000000.0,7240000000.0,,23235000000.0,42479000000.0,751000000.0,5.3,sec_edgar:companyfacts
AXP,us,2022-09-30,2022-10-21T00:00:00,,,5942000000.0,11305000000.0,,23940000000.0,43908000000.0,747000000.0,7.77,sec_edgar:companyfacts
AXP,us,2022-12-31,2023-02-10T00:00:00,,,7514000000.0,19224000000.0,,24711000000.0,43921000000.0,743000000.0,9.85,sec_edgar:companyfacts
AXP,us,2023-03-31,2023-04-21T00:00:00,,,1816000000.0,-737000000.0,,25992000000.0,42862000000.0,743000000.0,2.4,sec_edgar:companyfacts
AXP,us,2023-06-30,2023-07-25T00:00:00,,,3990000000.0,2810000000.0,,26703000000.0,48308000000.0,736000000.0,5.29,sec_edgar:companyfacts
AXP,us,2023-09-30,2023-10-20T00:00:00,,,6441000000.0,10653000000.0,,27324000000.0,48060000000.0,729000000.0,8.59,sec_edgar:companyfacts
AXP,us,2023-12-31,2024-02-09T00:00:00,,,8374000000.0,16996000000.0,,28057000000.0,49159000000.0,723000000.0,11.21,sec_edgar:companyfacts
AXP,us,2024-03-31,2024-04-19T00:00:00,,,2437000000.0,5156000000.0,,28764000000.0,50568000000.0,719000000.0,3.33,sec_edgar:companyfacts
AXP,us,2024-06-30,2024-07-19T00:00:00,,,5452000000.0,9123000000.0,,29540000000.0,53160000000.0,712000000.0,7.48,sec_edgar:companyfacts
AXP,us,2024-09-30,2024-10-18T00:00:00,,,7959000000.0,6856000000.0,,29707000000.0,55003000000.0,704000000.0,10.97,sec_edgar:companyfacts
AXP,us,2024-12-31,2025-02-07T00:00:00,,,10129000000.0,12139000000.0,,30264000000.0,51089000000.0,702000000.0,14.01,sec_edgar:companyfacts
AXP,us,2025-03-31,2025-04-18T00:00:00,,,2584000000.0,4334000000.0,,31202000000.0,52795000000.0,701000000.0,3.64,sec_edgar:companyfacts
AXP,us,2025-06-30,2025-07-18T00:00:00,,,5469000000.0,8079000000.0,,32311000000.0,59695000000.0,696000000.0,7.71,sec_edgar:companyfacts
AXP,us,2025-09-30,2025-10-17T00:00:00,,,8371000000.0,13658000000.0,,32417000000.0,59233000000.0,689000000.0,11.85,sec_edgar:companyfacts
AXP,us,2025-12-31,2026-02-06T00:00:00,,,10833000000.0,16003000000.0,,33474000000.0,57758000000.0,686000000.0,15.38,sec_edgar:companyfacts
AXP,us,2026-03-31,2026-04-23T00:00:00,,,2971000000.0,2655000000.0,,33995000000.0,60442000000.0,682000000.0,4.28,sec_edgar:companyfacts
BA,us,2007-12-31,2010-02-08T00:00:00,66387000000.0,,4074000000.0,7853000000.0,,,,,5.28,sec_edgar:companyfacts
BA,us,2008-06-30,2009-07-22T00:00:00,32952000000.0,,2063000000.0,875000000.0,,,,,2.79,sec_edgar:companyfacts
BA,us,2008-09-30,2009-10-21T00:00:00,48245000000.0,,2758000000.0,11000000.0,,,,,3.76,sec_edgar:companyfacts
BA,us,2008-12-31,2012-02-09T00:00:00,60909000000.0,,2672000000.0,-2075000000.0,,-1294000000.0,560000000.0,1012261159.0,3.67,sec_edgar:companyfacts
BA,us,2009-03-31,2010-04-21T00:00:00,16502000000.0,,610000000.0,-249000000.0,,,,,0.86,sec_edgar:companyfacts
BA,us,2009-06-30,2009-07-22T00:00:00,33656000000.0,,1608000000.0,458000000.0,,180000000.0,416000000.0,,2.27,sec_edgar:companyfacts
BA,us,2009-09-30,2009-10-21T00:00:00,50344000000.0,,44000000.0,1426000000.0,,-1028000000.0,973000000.0,,0.06,sec_edgar:companyfacts
BA,us,2009-12-31,2012-02-09T00:00:00,68281000000.0,,1312000000.0,4417000000.0,,2128000000.0,707000000.0,1012261159.0,1.84,sec_edgar:companyfacts
BA,us,2010-03-31,2010-04-21T00:00:00,15216000000.0,,519000000.0,-471000000.0,,2942000000.0,1479000000.0,,0.7,sec_edgar:companyfacts
BA,us,2010-06-30,2010-07-28T00:00:00,30789000000.0,,1306000000.0,-462000000.0,,3077000000.0,1507000000.0,,1.76,sec_edgar:companyfacts
BA,us,2010-09-30,2010-10-20T00:00:00,47756000000.0,,2143000000.0,1111000000.0,,4454000000.0,953000000.0,,2.89,sec_edgar:companyfacts
BA,us,2010-12-31,2012-02-09T00:00:00,64306000000.0,,3307000000.0,1827000000.0,,2766000000.0,948000000.0,1012261159.0,4.45,sec_edgar:companyfacts
BA,us,2011-03-31,2011-04-27T00:00:00,14910000000.0,,586000000.0,-1370000000.0,,3912000000.0,966000000.0,,0.78,sec_edgar:companyfacts
BA,us,2011-06-30,2011-07-27T00:00:00,31453000000.0,,1527000000.0,-119000000.0,,4733000000.0,1304000000.0,,2.04,sec_edgar:companyfacts
BA,us,2011-09-30,2011-10-26T00:00:00,49180000000.0,,2625000000.0,-50000000.0,,5967000000.0,1603000000.0,,3.49,sec_edgar:companyfacts
BA,us,2011-12-31,2012-02-09T00:00:00,68735000000.0,,4018000000.0,2310000000.0,,3515000000.0,2353000000.0,1012261159.0,5.34,sec_edgar:companyfacts
BA,us,2012-03-31,2012-04-25T00:00:00,19383000000.0,,923000000.0,413000000.0,,5027000000.0,2807000000.0,,1.22,sec_edgar:companyfacts
BA,us,2012-06-30,2012-07-25T00:00:00,39388000000.0,,1890000000.0,965000000.0,,5804000000.0,2466000000.0,,2.49,sec_edgar:companyfacts
BA,us,2012-09-30,2012-10-24T00:00:00,59396000000.0,,2922000000.0,2133000000.0,,7588000000.0,2172000000.0,,3.84,sec_edgar:companyfacts
BA,us,2012-12-31,2013-02-11T00:00:00,81698000000.0,,3900000000.0,5805000000.0,,5867000000.0,1436000000.0,1012261159.0,5.11,sec_edgar:companyfacts
BA,us,2013-03-31,2013-04-24T00:00:00,18893000000.0,,1106000000.0,3000000.0,,7462000000.0,917000000.0,,1.44,sec_edgar:companyfacts
BA,us,2013-06-30,2013-07-24T00:00:00,40708000000.0,,2194000000.0,3015000000.0,,7526000000.0,883000000.0,,2.85,sec_edgar:companyfacts
BA,us,2013-09-30,2013-10-23T00:00:00,62838000000.0,,3352000000.0,5339000000.0,,8951000000.0,919000000.0,,4.36,sec_edgar:companyfacts
BA,us,2013-12-31,2014-02-14T00:00:00,86623000000.0,,4585000000.0,6081000000.0,,14875000000.0,1563000000.0,1012261159.0,5.96,sec_edgar:companyfacts
BA,us,2014-03-31,2014-04-23T00:00:00,20465000000.0,,965000000.0,615000000.0,,14520000000.0,1660000000.0,,1.28,sec_edgar:companyfacts
BA,us,2014-06-30,2014-07-23T00:00:00,42510000000.0,,2618000000.0,1975000000.0,,14061000000.0,1591000000.0,,3.5,sec_edgar:companyfacts
BA,us,2014-09-30,2014-10-22T00:00:00,66294000000.0,,3980000000.0,2292000000.0,,14511000000.0,1579000000.0,,5.36,sec_edgar:companyfacts
BA,us,2014-12-31,2015-02-12T00:00:00,90762000000.0,,5446000000.0,6622000000.0,,8665000000.0,929000000.0,1012261159.0,7.38,sec_edgar:companyfacts
BA,us,2015-03-31,2015-04-22T00:00:00,22149000000.0,,1336000000.0,-486000000.0,,7906000000.0,133000000.0,,1.87,sec_edgar:companyfacts
BA,us,2015-06-30,2015-07-22T00:00:00,46692000000.0,,2446000000.0,2119000000.0,,6264000000.0,112000000.0,,3.46,sec_edgar:companyfacts
BA,us,2015-09-30,2015-10-21T00:00:00,72541000000.0,,4150000000.0,4417000000.0,,6740000000.0,614000000.0,,5.92,sec_edgar:companyfacts
BA,us,2015-12-31,2016-02-10T00:00:00,96114000000.0,,5176000000.0,6913000000.0,,6335000000.0,1234000000.0,1012261159.0,7.44,sec_edgar:companyfacts
BA,us,2016-03-31,2016-04-27T00:00:00,22632000000.0,,1219000000.0,483000000.0,,4043000000.0,1243000000.0,,1.83,sec_edgar:companyfacts
BA,us,2016-06-30,2016-07-27T00:00:00,47387000000.0,,985000000.0,3046000000.0,,585000000.0,1168000000.0,,1.51,sec_edgar:companyfacts
BA,us,2016-09-30,2016-10-26T00:00:00,71285000000.0,,3264000000.0,5653000000.0,,2089000000.0,632000000.0,,5.04,sec_edgar:companyfacts
BA,us,2016-12-31,2017-02-08T00:00:00,94571000000.0,,4895000000.0,7886000000.0,,817000000.0,384000000.0,1012261159.0,7.61,sec_edgar:companyfacts
BA,us,2017-03-31,2017-04-26T00:00:00,20976000000.0,,1451000000.0,1628000000.0,,95000000.0,367000000.0,,2.34,sec_edgar:companyfacts
BA,us,2017-06-30,2017-07-26T00:00:00,43715000000.0,,3212000000.0,6139000000.0,,-2037000000.0,720000000.0,,5.22,sec_edgar:companyfacts
BA,us,2017-09-30,2017-10-25T00:00:00,68024000000.0,,5065000000.0,9136000000.0,,1086000000.0,988000000.0,,8.27,sec_edgar:companyfacts
BA,us,2017-12-31,2018-02-12T00:00:00,93392000000.0,,8197000000.0,11605000000.0,,355000000.0,1335000000.0,1012261159.0,13.43,sec_edgar:companyfacts
BA,us,2018-03-31,2018-04-25T00:00:00,23382000000.0,,2477000000.0,2742000000.0,,1222000000.0,1981000000.0,,4.15,sec_edgar:companyfacts
BA,us,2018-06-30,2018-07-25T00:00:00,47640000000.0,,4673000000.0,7046000000.0,,-1441000000.0,1611000000.0,,7.88,sec_edgar:companyfacts
BA,us,2018-09-30,2018-10-24T00:00:00,72786000000.0,,7036000000.0,11148000000.0,,-1289000000.0,1389000000.0,,11.95,sec_edgar:companyfacts
BA,us,2018-12-31,2019-02-08T00:00:00,101127000000.0,,10460000000.0,13600000000.0,,339000000.0,3190000000.0,1012261159.0,17.85,sec_edgar:companyfacts
BA,us,2019-03-31,2019-04-24T00:00:00,22917000000.0,,2149000000.0,2287000000.0,,125000000.0,3381000000.0,,3.75,sec_edgar:companyfacts
BA,us,2019-06-30,2019-07-24T00:00:00,38668000000.0,,-793000000.0,1276000000.0,,-5322000000.0,4357000000.0,,-1.4,sec_edgar:companyfacts
BA,us,2019-09-30,2019-10-23T00:00:00,58648000000.0,,374000000.0,-1613000000.0,,-4116000000.0,4354000000.0,,0.66,sec_edgar:companyfacts
BA,us,2019-12-31,2020-01-31T00:00:00,76559000000.0,,-636000000.0,-4280000000.0,,-8617000000.0,28304000000.0,1012261159.0,-1.12,sec_edgar:companyfacts
BA,us,2020-03-31,2020-04-29T00:00:00,16908000000.0,,-628000000.0,-4730000000.0,,-9665000000.0,5173000000.0,,-1.11,sec_edgar:companyfacts
BA,us,2020-06-30,2020-07-29T00:00:00,28715000000.0,,-3004000000.0,-10358000000.0,,-11667000000.0,61710000000.0,,-5.31,sec_edgar:companyfacts
BA,us,2020-09-30,2020-10-28T00:00:00,42854000000.0,,-3453000000.0,-15439000000.0,,-11821000000.0,62474000000.0,,-6.1,sec_edgar:companyfacts
BA,us,2020-12-31,2021-02-01T00:00:00,58158000000.0,,-11873000000.0,-19713000000.0,,-18316000000.0,65073000000.0,1012261159.0,-20.88,sec_edgar:companyfacts
BA,us,2021-03-31,2021-04-28T00:00:00,15217000000.0,,-537000000.0,-3678000000.0,,-18058000000.0,69405000000.0,,-0.92,sec_edgar:companyfacts
BA,us,2021-06-30,2021-07-28T00:00:00,32215000000.0,,50000000.0,-4383000000.0,,-16682000000.0,69911000000.0,,0.09,sec_edgar:companyfacts
BA,us,2021-09-30,2021-10-27T00:00:00,47493000000.0,,-59000000.0,-4890000000.0,,-14440000000.0,67615000000.0,,-0.1,sec_edgar:companyfacts
BA,us,2021-12-31,2022-01-31T00:00:00,62286000000.0,,-4202000000.0,-4396000000.0,,-14999000000.0,59217000000.0,1012261159.0,-7.15,sec_edgar:companyfacts
BA,us,2022-03-31,2022-04-27T00:00:00,13991000000.0,,-1219000000.0,-3565000000.0,,-15398000000.0,60150000000.0,,-2.06,sec_edgar:companyfacts
BA,us,2022-06-30,2022-07-27T00:00:00,30672000000.0,,-1026000000.0,-3747000000.0,,-14888000000.0,62415000000.0,,-1.73,sec_edgar:companyfacts
BA,us,2022-09-30,2022-10-26T00:00:00,46628000000.0,,-4301000000.0,-841000000.0,,-17699000000.0,62452000000.0,,-7.24,sec_edgar:companyfacts
BA,us,2022-12-31,2023-01-27T00:00:00,66608000000.0,,-4935000000.0,2290000000.0,,-15883000000.0,61984000000.0,1012261159.0,-8.3,sec_edgar:companyfacts
BA,us,2023-03-31,2023-04-26T00:00:00,17921000000.0,,-414000000.0,-786000000.0,,-15508000000.0,63101000000.0,,-0.69,sec_edgar:companyfacts
BA,us,2023-06-30,2023-07-26T00:00:00,37672000000.0,,-563000000.0,1793000000.0,,-15517000000.0,56646000000.0,,-0.93,sec_edgar:companyfacts
BA,us,2023-09-30,2023-10-25T00:00:00,55776000000.0,,-2199000000.0,1483000000.0,,-16729000000.0,56922000000.0,,-3.64,sec_edgar:companyfacts
BA,us,2023-12-31,2024-01-31T00:00:00,77794000000.0,,-2222000000.0,4433000000.0,,-17233000000.0,57259000000.0,1012261159.0,-3.67,sec_edgar:companyfacts
BA,us,2024-03-31,2024-04-24T00:00:00,16569000000.0,,-343000000.0,-3929000000.0,,-17009000000.0,48752000000.0,,-0.56,sec_edgar:companyfacts
BA,us,2024-06-30,2024-07-31T00:00:00,33435000000.0,,-1782000000.0,-8256000000.0,,-17976000000.0,62434000000.0,,-2.9,sec_edgar:companyfacts
BA,us,2024-09-30,2024-10-23T00:00:00,51275000000.0,,-7952000000.0,-10212000000.0,,-23552000000.0,61871000000.0,,-12.91,sec_edgar:companyfacts
BA,us,2024-12-31,2025-02-03T00:00:00,66517000000.0,,-11817000000.0,-14310000000.0,,-3908000000.0,54903000000.0,1012261159.0,-18.36,sec_edgar:companyfacts
BA,us,2025-03-31,2025-04-23T00:00:00,19496000000.0,,-37000000.0,-2290000000.0,,-3325000000.0,61324000000.0,,-0.16,sec_edgar:companyfacts
BA,us,2025-06-30,2025-07-29T00:00:00,42245000000.0,,-648000000.0,-2490000000.0,,-3295000000.0,61862000000.0,,-1.09,sec_edgar:companyfacts
BA,us,2025-09-30,2025-10-29T00:00:00,65515000000.0,,-5985000000.0,-2252000000.0,,-8250000000.0,61919000000.0,,-8.25,sec_edgar:companyfacts
BA,us,2025-12-31,2026-01-30T00:00:00,89463000000.0,,2235000000.0,-1877000000.0,,5454000000.0,62309000000.0,1012261159.0,2.48,sec_edgar:companyfacts
BA,us,2026-03-31,2026-04-22T00:00:00,22217000000.0,,-4000000.0,-1454000000.0,,5987000000.0,49817000000.0,,-0.11,sec_edgar:companyfacts
BAC,us,2006-12-31,2010-02-26T00:00:00,,,,,,135272000000.0,,,,sec_edgar:companyfacts
BAC,us,2007-12-31,2010-02-26T00:00:00,66833000000.0,,14982000000.0,,,146803000000.0,,,3.29,sec_edgar:companyfacts
BAC,us,2008-06-30,2009-08-07T00:00:00,37481000000.0,,4620000000.0,,,162691000000.0,,,0.95,sec_edgar:companyfacts
BAC,us,2008-09-30,2009-11-06T00:00:00,57102000000.0,,5797000000.0,,,161039000000.0,,,1.09,sec_edgar:companyfacts
BAC,us,2008-12-31,2010-02-26T00:00:00,72782000000.0,,4008000000.0,,,177052000000.0,426348000000.0,5017435592.0,0.54,sec_edgar:companyfacts
BAC,us,2009-03-31,2010-05-07T00:00:00,35758000000.0,,4247000000.0,,,239549000000.0,,,0.44,sec_edgar:companyfacts
BAC,us,2009-06-30,2009-08-07T00:00:00,68532000000.0,,7471000000.0,,,255152000000.0,543423000000.0,8651459122.0,0.75,sec_edgar:companyfacts
BAC,us,2009-09-30,2009-11-06T00:00:00,94567000000.0,,6470000000.0,,,257683000000.0,518568000000.0,8650314133.0,0.39,sec_edgar:companyfacts
BAC,us,2009-12-31,2010-02-26T00:00:00,119643000000.0,,6276000000.0,,,231444000000.0,508045000000.0,8650243926.0,-0.29,sec_edgar:companyfacts
BAC,us,2010-03-31,2010-05-07T00:00:00,31969000000.0,,3182000000.0,,,229823000000.0,597059000000.0,10032001150.0,0.28,sec_edgar:companyfacts
BAC,us,2010-06-30,2010-08-06T00:00:00,61122000000.0,,6305000000.0,,,233174000000.0,563441000000.0,10033016719.0,0.55,sec_edgar:companyfacts
BAC,us,2010-09-30,2010-11-05T00:00:00,87822000000.0,,-994000000.0,,,230495000000.0,543676000000.0,10033705046.0,-0.21,sec_edgar:companyfacts
BAC,us,2010-12-31,2011-02-25T00:00:00,110220000000.0,,-2238000000.0,,,228248000000.0,508393000000.0,10085154806.0,-0.37,sec_edgar:companyfacts
BAC,us,2011-03-31,2011-05-05T00:00:00,26877000000.0,,2049000000.0,,,230876000000.0,,10131803417.0,0.17,sec_edgar:companyfacts
BAC,us,2011-06-30,2011-08-04T00:00:00,40113000000.0,,-6777000000.0,,,222176000000.0,,10133189501.0,-0.73,sec_edgar:companyfacts
BAC,us,2011-09-30,2011-11-03T00:00:00,68566000000.0,,-545000000.0,,,230252000000.0,432834000000.0,10134431514.0,-0.15,sec_edgar:companyfacts
BAC,us,2011-12-31,2012-02-23T00:00:00,93454000000.0,,1446000000.0,,,230101000000.0,407963000000.0,10535937957.0,0.01,sec_edgar:companyfacts
BAC,us,2012-03-31,2012-05-03T00:00:00,22278000000.0,,653000000.0,,,232499000000.0,394166000000.0,10775604276.0,0.03,sec_edgar:companyfacts
BAC,us,2012-06-30,2012-08-02T00:00:00,44246000000.0,,3116000000.0,,,235975000000.0,340867000000.0,10776869270.0,0.22,sec_edgar:companyfacts
BAC,us,2012-09-30,2012-11-02T00:00:00,64674000000.0,,3456000000.0,,,238606000000.0,321825000000.0,10777267465.0,0.22,sec_edgar:companyfacts
BAC,us,2012-12-31,2013-02-28T00:00:00,83334000000.0,,4188000000.0,,,236956000000.0,306316000000.0,10778263628.0,0.25,sec_edgar:companyfacts
BAC,us,2013-03-31,2013-05-07T00:00:00,23197000000.0,,1483000000.0,,,237293000000.0,321789000000.0,10822379936.0,0.1,sec_edgar:companyfacts
BAC,us,2013-06-30,2013-08-01T00:00:00,45924000000.0,,5495000000.0,,,231032000000.0,308950000000.0,10743097956.0,0.42,sec_edgar:companyfacts
BAC,us,2013-09-30,2013-10-30T00:00:00,67454000000.0,,7992000000.0,,,232282000000.0,296100000000.0,10683282112.0,0.62,sec_edgar:companyfacts
BAC,us,2013-12-31,2014-02-25T00:00:00,88942000000.0,,11431000000.0,,,232685000000.0,295673000000.0,10591808296.0,0.9,sec_edgar:companyfacts
BAC,us,2014-03-31,2014-05-01T00:00:00,22566000000.0,,-276000000.0,,,231888000000.0,306194000000.0,10530045485.0,-0.05,sec_edgar:companyfacts
BAC,us,2014-06-30,2014-07-29T00:00:00,44313000000.0,,2015000000.0,,,237411000000.0,302944000000.0,10515824628.0,0.14,sec_edgar:companyfacts
BAC,us,2014-09-30,2014-11-06T00:00:00,65522000000.0,,1783000000.0,,,238681000000.0,501315000000.0,10515893904.0,0.1,sec_edgar:companyfacts
BAC,us,2014-12-31,2015-02-25T00:00:00,84247000000.0,,4833000000.0,,,243471000000.0,475588000000.0,10516542476.0,0.36,sec_edgar:companyfacts
BAC,us,2015-03-31,2015-04-29T00:00:00,21202000000.0,,3357000000.0,,,250188000000.0,474886000000.0,10520400507.0,0.27,sec_edgar:companyfacts
BAC,us,2015-06-30,2015-07-29T00:00:00,43319000000.0,,8677000000.0,,,251659000000.0,496341000000.0,10471836636.0,0.72,sec_edgar:companyfacts
BAC,us,2015-09-30,2015-10-30T00:00:00,64001000000.0,,13185000000.0,,,255905000000.0,471044000000.0,10427305035.0,1.09,sec_edgar:companyfacts
BAC,us,2015-12-31,2016-02-24T00:00:00,82507000000.0,,15888000000.0,,,256205000000.0,439153000000.0,10380265063.0,1.31,sec_edgar:companyfacts
BAC,us,2016-03-31,2016-05-02T00:00:00,19512000000.0,,2680000000.0,,,262776000000.0,452690000000.0,10312660252.0,0.21,sec_edgar:companyfacts
BAC,us,2016-06-30,2016-08-01T00:00:00,39910000000.0,,6912000000.0,,,267069000000.0,440730000000.0,10216780615.0,0.56,sec_edgar:companyfacts
BAC,us,2016-09-30,2016-11-01T00:00:00,63711000000.0,,13210000000.0,,,270083000000.0,225136000000.0,10123845121.0,1.1,sec_edgar:companyfacts
BAC,us,2016-12-31,2019-02-26T00:00:00,83701000000.0,,17906000000.0,,,266840000000.0,216823000000.0,10052625604.0,1.5,sec_edgar:companyfacts
BAC,us,2017-03-31,2018-04-30T00:00:00,22248000000.0,,4856000000.0,,,268153000000.0,221385000000.0,9974189863.0,0.41,sec_edgar:companyfacts
BAC,us,2017-06-30,2018-07-30T00:00:00,45077000000.0,,10125000000.0,,,270987000000.0,223923000000.0,9878118264.0,0.87,sec_edgar:companyfacts
BAC,us,2017-09-30,2018-10-29T00:00:00,66916000000.0,,15712000000.0,,,272459000000.0,228666000000.0,10457473674.0,1.35,sec_edgar:companyfacts
BAC,us,2017-12-31,2019-02-26T00:00:00,87352000000.0,,18232000000.0,,,267146000000.0,227402000000.0,10287302431.0,1.56,sec_edgar:companyfacts
BAC,us,2018-03-31,2018-04-30T00:00:00,23125000000.0,,6918000000.0,,,266224000000.0,232256000000.0,10175910851.0,0.62,sec_edgar:companyfacts
BAC,us,2018-06-30,2018-07-30T00:00:00,45734000000.0,,13702000000.0,,,264216000000.0,226595000000.0,10012719225.0,1.25,sec_edgar:companyfacts
BAC,us,2018-09-30,2018-10-29T00:00:00,68511000000.0,,20869000000.0,,,262158000000.0,234100000000.0,9858252641.0,1.91,sec_edgar:companyfacts
BAC,us,2018-12-31,2019-02-26T00:00:00,91247000000.0,,28147000000.0,,,265325000000.0,229340000000.0,9669286370.0,2.61,sec_edgar:companyfacts
BAC,us,2019-03-31,2019-04-26T00:00:00,23004000000.0,,7311000000.0,,,267010000000.0,233929000000.0,9568389268.0,0.7,sec_edgar:companyfacts
BAC,us,2019-06-30,2019-07-29T00:00:00,46088000000.0,,14659000000.0,,,271408000000.0,238011000000.0,9342601750.0,1.45,sec_edgar:companyfacts
BAC,us,2019-09-30,2019-10-28T00:00:00,68895000000.0,,20436000000.0,,,268387000000.0,243405000000.0,9079264535.0,2.01,sec_edgar:companyfacts
BAC,us,2019-12-31,2020-02-19T00:00:00,91244000000.0,,27430000000.0,,,264810000000.0,240856000000.0,8836148954.0,2.75,sec_edgar:companyfacts
BAC,us,2020-03-31,2020-05-01T00:00:00,22767000000.0,,4010000000.0,,,264918000000.0,256712000000.0,8675487435.0,0.4,sec_edgar:companyfacts
BAC,us,2020-06-30,2020-07-31T00:00:00,45093000000.0,,7543000000.0,,,265637000000.0,261638000000.0,8664081625.0,0.77,sec_edgar:companyfacts
BAC,us,2020-09-30,2020-10-30T00:00:00,65429000000.0,,12424000000.0,,,268850000000.0,255723000000.0,8661522562.0,1.28,sec_edgar:companyfacts
BAC,us,2020-12-31,2021-02-24T00:00:00,85528000000.0,,17894000000.0,,,272924000000.0,262934000000.0,8650814105.0,1.87,sec_edgar:companyfacts
BAC,us,2021-03-31,2021-04-29T00:00:00,22821000000.0,,8050000000.0,,,274000000000.0,251211000000.0,8589731470.0,0.86,sec_edgar:companyfacts
BAC,us,2021-06-30,2021-07-30T00:00:00,44287000000.0,,17274000000.0,,,277119000000.0,274604000000.0,8487151465.0,1.9,sec_edgar:companyfacts
BAC,us,2021-09-30,2021-10-29T00:00:00,67053000000.0,,24965000000.0,,,272464000000.0,278621000000.0,8241243911.0,2.75,sec_edgar:companyfacts
BAC,us,2021-12-31,2022-02-22T00:00:00,89113000000.0,,31978000000.0,,,270066000000.0,280117000000.0,8077831463.0,3.57,sec_edgar:companyfacts
BAC,us,2022-03-31,2022-04-29T00:00:00,23228000000.0,,7067000000.0,,,266617000000.0,278710000000.0,8062102236.0,0.8,sec_edgar:companyfacts
BAC,us,2022-06-30,2022-07-29T00:00:00,45916000000.0,,13314000000.0,,,269118000000.0,275697000000.0,8035221887.0,1.53,sec_edgar:companyfacts
BAC,us,2022-09-30,2022-10-28T00:00:00,70418000000.0,,20396000000.0,,,269524000000.0,269122000000.0,8024450244.0,2.34,sec_edgar:companyfacts
BAC,us,2022-12-31,2023-02-22T00:00:00,94950000000.0,,27528000000.0,,,273197000000.0,275982000000.0,7996777943.0,3.19,sec_edgar:companyfacts
BAC,us,2023-03-31,2023-05-01T00:00:00,26258000000.0,,8161000000.0,,,280196000000.0,283873000000.0,7972438148.0,0.94,sec_edgar:companyfacts
BAC,us,2023-06-30,2023-07-31T00:00:00,51455000000.0,,15569000000.0,,,283319000000.0,286073000000.0,7953563116.0,1.82,sec_edgar:companyfacts
BAC,us,2023-09-30,2023-10-31T00:00:00,76622000000.0,,23371000000.0,,,287064000000.0,290359000000.0,7923357339.0,2.72,sec_edgar:companyfacts
BAC,us,2023-12-31,2024-02-20T00:00:00,98581000000.0,,26515000000.0,,,291646000000.0,302204000000.0,7895457665.0,3.08,sec_edgar:companyfacts
BAC,us,2024-03-31,2024-04-30T00:00:00,25818000000.0,,6674000000.0,,,293552000000.0,296346000000.0,7866868200.0,0.76,sec_edgar:companyfacts
BAC,us,2024-06-30,2024-07-30T00:00:00,51195000000.0,,13571000000.0,,,293892000000.0,290474000000.0,7774753442.0,1.59,sec_edgar:companyfacts
BAC,us,2024-09-30,2024-10-29T00:00:00,76540000000.0,,20467000000.0,,,296512000000.0,296927000000.0,7688767832.0,2.4,sec_edgar:companyfacts
BAC,us,2024-12-31,2025-02-25T00:00:00,101887000000.0,,27132000000.0,,,295559000000.0,283279000000.0,7610862311.0,3.21,sec_edgar:companyfacts
BAC,us,2025-03-31,2025-04-30T00:00:00,27366000000.0,,7396000000.0,,,295581000000.0,304146000000.0,7560084716.0,0.9,sec_edgar:companyfacts
BAC,us,2025-06-30,2025-07-31T00:00:00,53829000000.0,,14512000000.0,,,299599000000.0,313418000000.0,7436679485.0,1.79,sec_edgar:companyfacts
BAC,us,2025-09-30,2025-10-31T00:00:00,81917000000.0,,22981000000.0,,,304152000000.0,311484000000.0,7329421929.0,2.85,sec_edgar:companyfacts
BAC,us,2025-12-31,2026-02-25T00:00:00,113097000000.0,,30509000000.0,,,303243000000.0,317816000000.0,7212464345.0,3.81,sec_edgar:companyfacts
BAC,us,2026-03-31,2026-05-01T00:00:00,30272000000.0,,8584000000.0,,,300668000000.0,325964000000.0,7129908032.0,1.11,sec_edgar:companyfacts
BAX,us,2007-12-31,2010-02-23T00:00:00,,,1707000000.0,1613000000.0,,,,,2.61,sec_edgar:companyfacts
BAX,us,2008-06-30,2009-07-28T00:00:00,,,973000000.0,718000000.0,,,,,1.52,sec_edgar:companyfacts
BAX,us,2008-09-30,2009-10-29T00:00:00,,,1445000000.0,1280000000.0,,,,,2.26,sec_edgar:companyfacts
BAX,us,2008-12-31,2010-02-23T00:00:00,,,2014000000.0,1561000000.0,,6229000000.0,388000000.0,,3.16,sec_edgar:companyfacts
BAX,us,2009-03-31,2010-05-10T00:00:00,,,516000000.0,66000000.0,,,,,0.83,sec_edgar:companyfacts
BAX,us,2009-06-30,2009-07-28T00:00:00,,,1103000000.0,661000000.0,,6552000000.0,234000000.0,,1.79,sec_edgar:companyfacts
BAX,us,2009-09-30,2009-10-29T00:00:00,,,1633000000.0,1289000000.0,,7086000000.0,31000000.0,,2.66,sec_edgar:companyfacts
BAX,us,2009-12-31,2010-02-23T00:00:00,,,2205000000.0,1895000000.0,,7191000000.0,29000000.0,,3.59,sec_edgar:companyfacts
BAX,us,2010-03-31,2010-05-10T00:00:00,,,-63000000.0,49000000.0,,6429000000.0,15000000.0,,-0.11,sec_edgar:companyfacts
BAX,us,2010-06-30,2010-08-05T00:00:00,,,472000000.0,595000000.0,,5898000000.0,15000000.0,,0.78,sec_edgar:companyfacts
BAX,us,2010-09-30,2010-11-03T00:00:00,,,997000000.0,1369000000.0,,6531000000.0,15000000.0,,1.67,sec_edgar:companyfacts
BAX,us,2010-12-31,2011-02-23T00:00:00,,,1420000000.0,2040000000.0,,6567000000.0,15000000.0,,2.39,sec_edgar:companyfacts
BAX,us,2011-03-31,2011-05-03T00:00:00,,,570000000.0,173000000.0,,6734000000.0,14000000.0,,0.98,sec_edgar:companyfacts
BAX,us,2011-06-30,2011-08-02T00:00:00,,,1185000000.0,595000000.0,,6997000000.0,13000000.0,,2.05,sec_edgar:companyfacts
BAX,us,2011-09-30,2011-11-02T00:00:00,,,1761000000.0,1282000000.0,,6952000000.0,87000000.0,,3.06,sec_edgar:companyfacts
BAX,us,2011-12-31,2012-02-23T00:00:00,,,2224000000.0,1857000000.0,,6585000000.0,256000000.0,,3.88,sec_edgar:companyfacts
BAX,us,2012-03-31,2012-05-03T00:00:00,,,588000000.0,174000000.0,,6725000000.0,313000000.0,,1.04,sec_edgar:companyfacts
BAX,us,2012-06-30,2012-08-02T00:00:00,,,1249000000.0,853000000.0,,6551000000.0,385000000.0,,2.24,sec_edgar:companyfacts
BAX,us,2012-09-30,2012-11-01T00:00:00,,,1832000000.0,1399000000.0,,7129000000.0,16000000.0,,3.29,sec_edgar:companyfacts
BAX,us,2012-12-31,2013-02-21T00:00:00,,,2326000000.0,1945000000.0,,6938000000.0,27000000.0,,4.18,sec_edgar:companyfacts
BAX,us,2013-03-31,2013-05-01T00:00:00,,,552000000.0,94000000.0,,6961000000.0,333000000.0,,1.0,sec_edgar:companyfacts
BAX,us,2013-06-30,2013-07-31T00:00:00,,,1142000000.0,510000000.0,,7282000000.0,33000000.0,,2.07,sec_edgar:companyfacts
BAX,us,2013-09-30,2013-10-30T00:00:00,,,1686000000.0,1078000000.0,,7749000000.0,42000000.0,,3.06,sec_edgar:companyfacts
BAX,us,2013-12-31,2014-02-21T00:00:00,,,2012000000.0,1673000000.0,,8463000000.0,181000000.0,,3.66,sec_edgar:companyfacts
BAX,us,2014-03-31,2015-02-26T00:00:00,,,556000000.0,138000000.0,,8671000000.0,49000000.0,,1.01,sec_edgar:companyfacts
BAX,us,2014-06-30,2015-02-26T00:00:00,,,520000000.0,314000000.0,,8662000000.0,186000000.0,,1.96,sec_edgar:companyfacts
BAX,us,2014-09-30,2015-02-26T00:00:00,,,468000000.0,747000000.0,,8404000000.0,392000000.0,,2.82,sec_edgar:companyfacts
BAX,us,2014-12-31,2015-02-26T00:00:00,,,2497000000.0,1317000000.0,,8120000000.0,913000000.0,,4.56,sec_edgar:companyfacts
BAX,us,2015-03-31,2015-05-06T00:00:00,,,430000000.0,-425000000.0,,7258000000.0,2151000000.0,,0.78,sec_edgar:companyfacts
BAX,us,2015-06-30,2015-08-07T00:00:00,,,762000000.0,-229000000.0,,7988000000.0,1493000000.0,,1.39,sec_edgar:companyfacts
BAX,us,2015-09-30,2015-11-09T00:00:00,,,763000000.0,265000000.0,,7824000000.0,1962000000.0,,1.39,sec_edgar:companyfacts
BAX,us,2015-12-31,2016-02-26T00:00:00,,,968000000.0,736000000.0,,8846000000.0,1775000000.0,,1.76,sec_edgar:companyfacts
BAX,us,2016-03-31,2016-05-06T00:00:00,,,3380000000.0,-517000000.0,,9019000000.0,817000000.0,,6.12,sec_edgar:companyfacts
BAX,us,2016-06-30,2016-08-04T00:00:00,,,4592000000.0,90000000.0,,8509000000.0,791000000.0,,8.32,sec_edgar:companyfacts
BAX,us,2016-09-30,2016-11-07T00:00:00,,,4722000000.0,422000000.0,,8677000000.0,,,8.55,sec_edgar:companyfacts
BAX,us,2016-12-31,2019-02-21T00:00:00,10163000000.0,,4965000000.0,935000000.0,,8290000000.0,,,9.01,sec_edgar:companyfacts
BAX,us,2017-03-31,2019-02-21T00:00:00,2475000000.0,,272000000.0,66000000.0,,8686000000.0,,,0.49,sec_edgar:companyfacts
BAX,us,2017-06-30,2018-08-06T00:00:00,5080000000.0,,537000000.0,439000000.0,,9175000000.0,,,0.97,sec_edgar:companyfacts
BAX,us,2017-09-30,2018-11-05T00:00:00,7787000000.0,,788000000.0,913000000.0,,9466000000.0,,,1.42,sec_edgar:companyfacts
BAX,us,2017-12-31,2019-02-21T00:00:00,10561000000.0,,717000000.0,1203000000.0,,9124000000.0,,,1.29,sec_edgar:companyfacts
BAX,us,2018-03-31,2019-02-21T00:00:00,2677000000.0,,389000000.0,292000000.0,,9099000000.0,,,0.71,sec_edgar:companyfacts
BAX,us,2018-06-30,2018-08-06T00:00:00,5519000000.0,,732000000.0,541000000.0,,8881000000.0,,,1.33,sec_edgar:companyfacts
BAX,us,2018-09-30,2018-11-05T00:00:00,8286000000.0,,1276000000.0,873000000.0,,9130000000.0,,,2.33,sec_edgar:companyfacts
BAX,us,2018-12-31,2019-02-21T00:00:00,11127000000.0,,1624000000.0,1415000000.0,,7794000000.0,2000000.0,,2.97,sec_edgar:companyfacts
BAX,us,2019-03-31,2019-05-08T00:00:00,2632000000.0,,347000000.0,-56000000.0,,7646000000.0,796000000.0,,0.66,sec_edgar:companyfacts
BAX,us,2019-06-30,2019-07-30T00:00:00,5472000000.0,,690000000.0,259000000.0,,7812000000.0,2000000.0,,1.33,sec_edgar:companyfacts
BAX,us,2019-09-30,2020-03-17T00:00:00,8323000000.0,,1024000000.0,770000000.0,,7588000000.0,0.0,,1.97,sec_edgar:companyfacts
BAX,us,2019-12-31,2020-03-17T00:00:00,11362000000.0,,1001000000.0,1408000000.0,,7882000000.0,226000000.0,,1.93,sec_edgar:companyfacts
BAX,us,2020-03-31,2020-04-30T00:00:00,2802000000.0,,332000000.0,100000000.0,,7699000000.0,221000000.0,,0.64,sec_edgar:companyfacts
BAX,us,2020-06-30,2020-07-30T00:00:00,5520000000.0,,578000000.0,330000000.0,,8128000000.0,1000000.0,,1.12,sec_edgar:companyfacts
BAX,us,2020-09-30,2020-10-29T00:00:00,8492000000.0,,934000000.0,684000000.0,,8567000000.0,0.0,,1.81,sec_edgar:companyfacts
BAX,us,2020-12-31,2021-02-11T00:00:00,11673000000.0,,1102000000.0,1159000000.0,,8689000000.0,6233000000.0,,2.13,sec_edgar:companyfacts
BAX,us,2021-03-31,2021-04-29T00:00:00,2946000000.0,,298000000.0,206000000.0,,8452000000.0,,,0.58,sec_edgar:companyfacts
BAX,us,2021-06-30,2021-07-29T00:00:00,6044000000.0,,596000000.0,525000000.0,,8494000000.0,51000000.0,,1.17,sec_edgar:companyfacts
BAX,us,2021-09-30,2021-10-28T00:00:00,9270000000.0,,1046000000.0,1021000000.0,,8770000000.0,301000000.0,,2.06,sec_edgar:companyfacts
BAX,us,2021-12-31,2022-02-23T00:00:00,12784000000.0,,1284000000.0,1479000000.0,,9077000000.0,18055000000.0,,2.53,sec_edgar:companyfacts
BAX,us,2022-03-31,2022-04-28T00:00:00,3707000000.0,,71000000.0,68000000.0,,9075000000.0,200000000.0,,0.14,sec_edgar:companyfacts
BAX,us,2022-06-30,2022-07-28T00:00:00,7453000000.0,,323000000.0,171000000.0,,8859000000.0,200000000.0,,0.64,sec_edgar:companyfacts
BAX,us,2022-09-30,2022-10-27T00:00:00,11226000000.0,,-2614000000.0,293000000.0,,5535000000.0,275000000.0,,-5.2,sec_edgar:companyfacts
BAX,us,2022-12-31,2023-02-09T00:00:00,15113000000.0,,-2433000000.0,532000000.0,,5833000000.0,17001000000.0,,-4.83,sec_edgar:companyfacts
BAX,us,2023-03-31,2023-04-27T00:00:00,3649000000.0,,44000000.0,307000000.0,,5879000000.0,50000000.0,,0.09,sec_edgar:companyfacts
BAX,us,2023-06-30,2023-07-27T00:00:00,7220000000.0,,-97000000.0,502000000.0,,5569000000.0,249000000.0,,-0.19,sec_edgar:companyfacts
BAX,us,2023-09-30,2023-11-02T00:00:00,10928000000.0,,2411000000.0,693000000.0,,8101000000.0,514000000.0,,4.76,sec_edgar:companyfacts
BAX,us,2023-12-31,2024-02-08T00:00:00,14813000000.0,,2656000000.0,1034000000.0,,8402000000.0,13855000000.0,,5.25,sec_edgar:companyfacts
BAX,us,2024-03-31,2024-05-02T00:00:00,3592000000.0,,37000000.0,,,8173000000.0,,,0.07,sec_edgar:companyfacts
BAX,us,2024-06-30,2024-08-06T00:00:00,7404000000.0,,-277000000.0,,,7643000000.0,,,-0.54,sec_edgar:companyfacts
BAX,us,2024-09-30,2024-11-12T00:00:00,7883000000.0,,-137000000.0,,,7872000000.0,,,-0.27,sec_edgar:companyfacts
BAX,us,2024-12-31,2025-02-21T00:00:00,10636000000.0,,-649000000.0,573000000.0,,6964000000.0,15306000000.0,,-1.27,sec_edgar:companyfacts
BAX,us,2025-03-31,2025-05-06T00:00:00,2625000000.0,,126000000.0,,,7081000000.0,11000000.0,,0.25,sec_edgar:companyfacts
BAX,us,2025-06-30,2025-08-05T00:00:00,5435000000.0,,217000000.0,,,7320000000.0,6000000.0,,0.42,sec_edgar:companyfacts
BAX,us,2025-09-30,2025-11-04T00:00:00,8270000000.0,,171000000.0,,,7241000000.0,4000000.0,,0.33,sec_edgar:companyfacts
BAX,us,2025-12-31,2026-02-12T00:00:00,11244000000.0,,-957000000.0,332000000.0,,6129000000.0,9439000000.0,,-1.87,sec_edgar:companyfacts
BAX,us,2026-03-31,2026-04-30T00:00:00,2701000000.0,,-15000000.0,,,6043000000.0,0.0,,-0.03,sec_edgar:companyfacts
BKNG,us,2008-12-31,2012-02-27T00:00:00,,,182246000.0,297231000.0,,698826000.0,,,3.74,sec_edgar:companyfacts
BKNG,us,2009-03-31,2011-02-25T00:00:00,,,25023000.0,,,,,,0.53,sec_edgar:companyfacts
BKNG,us,2009-06-30,2010-08-04T00:00:00,,,92034000.0,160107000.0,,,,,1.92,sec_edgar:companyfacts
BKNG,us,2009-09-30,2010-11-09T00:00:00,,,411017000.0,353498000.0,,,,,8.42,sec_edgar:companyfacts
BKNG,us,2009-12-31,2012-02-27T00:00:00,,,489472000.0,494559000.0,,1321629000.0,,,9.88,sec_edgar:companyfacts
BKNG,us,2010-03-31,2011-05-06T00:00:00,,,53875000.0,99866000.0,,,,,1.06,sec_edgar:companyfacts
BKNG,us,2010-06-30,2010-08-04T00:00:00,,,168832000.0,281783000.0,,,,,3.31,sec_edgar:companyfacts
BKNG,us,2010-09-30,2010-11-09T00:00:00,,,391812000.0,582909000.0,,,,,7.7,sec_edgar:companyfacts
BKNG,us,2010-12-31,2011-05-06T00:00:00,,,527541000.0,754704000.0,,1813336000.0,,,10.35,sec_edgar:companyfacts
BKNG,us,2011-03-31,2012-02-27T00:00:00,,,104790000.0,267940000.0,,1724401000.0,,,2.05,sec_edgar:companyfacts
BKNG,us,2011-06-30,2012-02-27T00:00:00,,,256368000.0,481425000.0,,1989627000.0,,,7.06,sec_edgar:companyfacts
BKNG,us,2011-09-30,2012-02-27T00:00:00,,,469499000.0,1030201000.0,,2390299000.0,,,16.23,sec_edgar:companyfacts
BKNG,us,2011-12-31,2012-02-27T00:00:00,,,225715000.0,,,2574295000.0,,,20.63,sec_edgar:companyfacts
BKNG,us,2012-03-31,2013-02-27T00:00:00,,,181970000.0,,,2591659000.0,,,3.54,sec_edgar:companyfacts
BKNG,us,2012-06-30,2013-02-27T00:00:00,,,352347000.0,,,2927787000.0,,,10.41,sec_edgar:companyfacts
BKNG,us,2012-09-30,2013-02-27T00:00:00,,,596586000.0,,,3577864000.0,,,22.05,sec_edgar:companyfacts
BKNG,us,2012-12-31,2013-02-27T00:00:00,,,288663000.0,,,3896975000.0,,,27.66,sec_edgar:companyfacts
BKNG,us,2013-03-31,2013-05-09T00:00:00,,,,,,3990835000.0,,,4.76,sec_edgar:companyfacts
BKNG,us,2013-06-30,2013-08-08T00:00:00,,,,,,5857660000.0,,,13.18,sec_edgar:companyfacts
BKNG,us,2013-09-30,2013-11-07T00:00:00,,,,,,6396622000.0,,,29.0,sec_edgar:companyfacts
BKNG,us,2013-12-31,2014-02-20T00:00:00,,,,,,6909729000.0,1742047000.0,,36.11,sec_edgar:companyfacts
BKNG,us,2014-03-31,2014-05-08T00:00:00,,,,,,7209409000.0,,,6.25,sec_edgar:companyfacts
BKNG,us,2014-06-30,2014-08-11T00:00:00,,,,,,7824032000.0,,,17.12,sec_edgar:companyfacts
BKNG,us,2014-09-30,2014-11-04T00:00:00,,,,,,8733111000.0,3887243000.0,,37.13,sec_edgar:companyfacts
BKNG,us,2014-12-31,2015-02-19T00:00:00,,,,,,8566694000.0,3849756000.0,,45.67,sec_edgar:companyfacts
BKNG,us,2015-03-31,2015-05-07T00:00:00,,,,,,8630125000.0,5304108000.0,,6.36,sec_edgar:companyfacts
BKNG,us,2015-06-30,2015-08-05T00:00:00,,,,,,8557965000.0,5399966000.0,,16.27,sec_edgar:companyfacts
BKNG,us,2015-09-30,2015-11-09T00:00:00,,,,,,8526773000.0,5421328000.0,,39.4,sec_edgar:companyfacts
BKNG,us,2015-12-31,2016-02-17T00:00:00,,,,,,8795469000.0,6158443000.0,,49.45,sec_edgar:companyfacts
BKNG,us,2016-03-31,2016-05-04T00:00:00,,,,,,9052367000.0,6421202000.0,,7.47,sec_edgar:companyfacts
BKNG,us,2016-06-30,2016-08-04T00:00:00,,,,,,9274705000.0,7255205000.0,,19.06,sec_edgar:companyfacts
BKNG,us,2016-09-30,2016-11-07T00:00:00,,,,,,9802570000.0,6347207000.0,,29.19,sec_edgar:companyfacts
BKNG,us,2016-12-31,2019-02-27T00:00:00,10743000000.0,,,3764111000.0,,9820142000.0,6170522000.0,,42.65,sec_edgar:companyfacts
BKNG,us,2017-03-31,2019-02-27T00:00:00,2419000000.0,,,,,10811019000.0,7286102000.0,,9.11,sec_edgar:companyfacts
BKNG,us,2017-06-30,2018-08-09T00:00:00,5443960000.0,,,1454565000.0,,11589669000.0,7564636000.0,,23.49,sec_edgar:companyfacts
BKNG,us,2017-09-30,2018-11-05T00:00:00,9877989000.0,,,3264733000.0,,12876994000.0,8726679000.0,,57.85,sec_edgar:companyfacts
BKNG,us,2017-12-31,2019-02-27T00:00:00,12681000000.0,,,4374195000.0,,11260598000.0,8809788000.0,,46.86,sec_edgar:companyfacts
BKNG,us,2018-03-31,2019-05-09T00:00:00,2928000000.0,,,508013000.0,,10636343000.0,7990418000.0,,12.34,sec_edgar:companyfacts
BKNG,us,2018-06-30,2018-08-09T00:00:00,6465295000.0,,,2055184000.0,,10472632000.0,7764580000.0,,32.42,sec_edgar:companyfacts
BKNG,us,2018-09-30,2018-11-05T00:00:00,11314385000.0,,,3898177000.0,,9951810000.0,8703901000.0,,69.07,sec_edgar:companyfacts
BKNG,us,2018-12-31,2019-02-27T00:00:00,14527000000.0,,,4896000000.0,,8785000000.0,8649000000.0,,83.26,sec_edgar:companyfacts
BKNG,us,2019-03-31,2019-05-09T00:00:00,2837000000.0,,,39000000.0,,6915000000.0,7619000000.0,,16.85,sec_edgar:companyfacts
BKNG,us,2019-06-30,2019-08-07T00:00:00,6687000000.0,,,1738000000.0,,5307000000.0,7686000000.0,,39.17,sec_edgar:companyfacts
BKNG,us,2019-09-30,2019-11-07T00:00:00,11727000000.0,,,3507000000.0,,5951000000.0,7512000000.0,,84.06,sec_edgar:companyfacts
BKNG,us,2019-12-31,2020-02-26T00:00:00,15066000000.0,,,4497000000.0,,5933000000.0,7640000000.0,,111.82,sec_edgar:companyfacts
BKNG,us,2020-03-31,2020-05-07T00:00:00,2288000000.0,,,-460000000.0,,3831000000.0,7553000000.0,,-17.01,sec_edgar:companyfacts
BKNG,us,2020-06-30,2020-08-06T00:00:00,2918000000.0,,,-408000000.0,,3999000000.0,10633000000.0,,-14.07,sec_edgar:companyfacts
BKNG,us,2020-09-30,2020-11-05T00:00:00,5558000000.0,,,440000000.0,,4913000000.0,10829000000.0,,5.44,sec_edgar:companyfacts
BKNG,us,2020-12-31,2021-02-24T00:00:00,6796000000.0,,,-201000000.0,,4893000000.0,,,1.44,sec_edgar:companyfacts
BKNG,us,2021-03-31,2021-05-05T00:00:00,1141000000.0,,,-272000000.0,,4764000000.0,,,-1.34,sec_edgar:companyfacts
BKNG,us,2021-06-30,2021-08-04T00:00:00,3301000000.0,,,821000000.0,,4799000000.0,,,-5.42,sec_edgar:companyfacts
BKNG,us,2021-09-30,2021-11-03T00:00:00,7977000000.0,,,2338000000.0,,5545000000.0,,,13.22,sec_edgar:companyfacts
BKNG,us,2021-12-31,2022-02-23T00:00:00,10958000000.0,,,2516000000.0,,6178000000.0,,,28.17,sec_edgar:companyfacts
BKNG,us,2022-03-31,2022-05-04T00:00:00,2695000000.0,,,1586000000.0,,4373000000.0,,,-17.1,sec_edgar:companyfacts
BKNG,us,2022-06-30,2022-08-03T00:00:00,6989000000.0,,,4184000000.0,,4002000000.0,,,3.84,sec_edgar:companyfacts
BKNG,us,2022-09-30,2022-11-02T00:00:00,13041000000.0,,,4088000000.0,,3670000000.0,,,45.0,sec_edgar:companyfacts
BKNG,us,2022-12-31,2023-02-23T00:00:00,17090000000.0,,,6186000000.0,,2782000000.0,12485000000.0,,76.35,sec_edgar:companyfacts
BKNG,us,2023-03-31,2023-05-04T00:00:00,3778000000.0,,,2801000000.0,,1074000000.0,,,7.0,sec_edgar:companyfacts
BKNG,us,2023-06-30,2023-08-03T00:00:00,9240000000.0,,,4446000000.0,,-665000000.0,,,41.51,sec_edgar:companyfacts
BKNG,us,2023-09-30,2023-11-02T00:00:00,16581000000.0,,,5747000000.0,,-625000000.0,,,110.02,sec_edgar:companyfacts
BKNG,us,2023-12-31,2024-02-22T00:00:00,21365000000.0,,,6999000000.0,,-2744000000.0,14184000000.0,,117.4,sec_edgar:companyfacts
BKNG,us,2024-03-31,2024-05-02T00:00:00,4415000000.0,,,2574000000.0,,-4052000000.0,16900000000.0,,22.37,sec_edgar:companyfacts
BKNG,us,2024-06-30,2024-08-01T00:00:00,10274000000.0,,,4953000000.0,,-4276000000.0,16808000000.0,,66.6,sec_edgar:companyfacts
BKNG,us,2024-09-30,2024-10-30T00:00:00,18268000000.0,,,7249000000.0,,-3653000000.0,16212000000.0,,140.45,sec_edgar:companyfacts
BKNG,us,2024-12-31,2025-02-20T00:00:00,23739000000.0,,,7894000000.0,,-4020000000.0,16598000000.0,,172.69,sec_edgar:companyfacts
BKNG,us,2025-03-31,2025-04-29T00:00:00,4762000000.0,,,3162000000.0,,-6112000000.0,16024000000.0,,10.07,sec_edgar:companyfacts
BKNG,us,2025-06-30,2025-07-29T00:00:00,11560000000.0,,,6299000000.0,,-6657000000.0,18472000000.0,,37.38,sec_edgar:companyfacts
BKNG,us,2025-09-30,2025-10-28T00:00:00,20568000000.0,,,7670000000.0,,-4736000000.0,16996000000.0,,121.39,sec_edgar:companyfacts
BKNG,us,2025-12-31,2026-02-18T00:00:00,26917000000.0,,,9087000000.0,,-5578000000.0,18736000000.0,,165.57,sec_edgar:companyfacts
BKNG,us,2026-03-31,2026-04-28T00:00:00,5532000000.0,,,3108000000.0,,-8724000000.0,,,1.36,sec_edgar:companyfacts
BLK,us,2022-12-31,2025-02-25T00:00:00,11061000000.0,,5178000000.0,4423000000.0,,,,,33.97,sec_edgar:companyfacts
BLK,us,2023-09-30,2024-11-06T00:00:00,,,4127000000.0,1947000000.0,,,,,27.36,sec_edgar:companyfacts
BLK,us,2023-12-31,2025-02-25T00:00:00,11012000000.0,,5502000000.0,3821000000.0,,39347000000.0,7918000000.0,148500074.0,36.51,sec_edgar:companyfacts
BLK,us,2024-03-31,2025-05-07T00:00:00,,,1573000000.0,-472000000.0,,,,,10.48,sec_edgar:companyfacts
BLK,us,2024-06-30,2025-08-06T00:00:00,,,3068000000.0,886000000.0,,,,,20.47,sec_edgar:companyfacts
BLK,us,2024-09-30,2024-11-06T00:00:00,,,4699000000.0,2173000000.0,,41178000000.0,12370000000.0,147953572.0,31.37,sec_edgar:companyfacts
BLK,us,2024-12-31,2025-02-25T00:00:00,12794000000.0,,6369000000.0,4701000000.0,,47495000000.0,12314000000.0,154947813.0,42.01,sec_edgar:companyfacts
BLK,us,2025-03-31,2025-05-07T00:00:00,,,1510000000.0,-1206000000.0,,48036000000.0,12349000000.0,155022449.0,9.64,sec_edgar:companyfacts
BLK,us,2025-06-30,2025-08-06T00:00:00,,,3103000000.0,69000000.0,,49141000000.0,12762000000.0,154751073.0,19.83,sec_edgar:companyfacts
BLK,us,2025-09-30,2025-11-05T00:00:00,,,4426000000.0,1405000000.0,,55519000000.0,12766000000.0,155124267.0,28.21,sec_edgar:companyfacts
BLK,us,2025-12-31,2026-02-25T00:00:00,,,5553000000.0,3552000000.0,,55888000000.0,12768000000.0,155069171.0,35.31,sec_edgar:companyfacts
BLK,us,2026-03-31,2026-05-06T00:00:00,,,2212000000.0,-1086000000.0,,56688000000.0,12749000000.0,155364965.0,14.06,sec_edgar:companyfacts
BMY,us,2007-12-31,2010-02-19T00:00:00,,,2165000000.0,2310000000.0,,,,,1.09,sec_edgar:companyfacts
BMY,us,2008-06-30,2009-07-23T00:00:00,,,1425000000.0,1429000000.0,,,,,0.71,sec_edgar:companyfacts
BMY,us,2008-09-30,2009-10-22T00:00:00,,,4003000000.0,2655000000.0,,,,,2.0,sec_edgar:companyfacts
BMY,us,2008-12-31,2010-02-19T00:00:00,,,5247000000.0,2766000000.0,,12241000000.0,154000000.0,,2.62,sec_edgar:companyfacts
BMY,us,2009-03-31,2010-04-29T00:00:00,,,638000000.0,251000000.0,,,,,0.32,sec_edgar:companyfacts
BMY,us,2009-06-30,2009-07-23T00:00:00,,,1621000000.0,883000000.0,,14096000000.0,124000000.0,1980924717.0,0.81,sec_edgar:companyfacts
BMY,us,2009-09-30,2009-10-22T00:00:00,,,2587000000.0,2187000000.0,,14518000000.0,286000000.0,1980980141.0,1.3,sec_edgar:companyfacts
BMY,us,2009-12-31,2010-02-19T00:00:00,,,10612000000.0,3335000000.0,,14843000000.0,231000000.0,,5.34,sec_edgar:companyfacts
BMY,us,2010-03-31,2010-04-29T00:00:00,,,743000000.0,335000000.0,,15249000000.0,208000000.0,1719674383.0,0.43,sec_edgar:companyfacts
BMY,us,2010-06-30,2010-07-22T00:00:00,,,1670000000.0,1303000000.0,,15668000000.0,290000000.0,1714842193.0,0.96,sec_edgar:companyfacts
BMY,us,2010-09-30,2010-10-26T00:00:00,,,2619000000.0,2597000000.0,,15970000000.0,243000000.0,1711685361.0,1.51,sec_edgar:companyfacts
BMY,us,2010-12-31,2011-02-18T00:00:00,,,3102000000.0,4067000000.0,,15713000000.0,117000000.0,,1.79,sec_edgar:companyfacts
BMY,us,2011-03-31,2011-04-28T00:00:00,,,986000000.0,406000000.0,,15998000000.0,5411000000.0,1705988458.0,0.57,sec_edgar:companyfacts
BMY,us,2011-06-30,2011-07-28T00:00:00,,,1888000000.0,1425000000.0,,16353000000.0,5519000000.0,1705666684.0,1.1,sec_edgar:companyfacts
BMY,us,2011-09-30,2011-10-27T00:00:00,,,2857000000.0,3039000000.0,,16572000000.0,5619000000.0,1694531520.0,1.66,sec_edgar:companyfacts
BMY,us,2011-12-31,2012-02-17T00:00:00,,,3709000000.0,4473000000.0,,15956000000.0,5491000000.0,,2.16,sec_edgar:companyfacts
BMY,us,2012-03-31,2012-04-26T00:00:00,,,1101000000.0,264000000.0,,16337000000.0,5415000000.0,1689084439.0,0.64,sec_edgar:companyfacts
BMY,us,2012-06-30,2012-07-25T00:00:00,,,1746000000.0,1285000000.0,,16098000000.0,5445000000.0,1679022076.0,1.02,sec_edgar:companyfacts
BMY,us,2012-09-30,2012-10-24T00:00:00,,,1035000000.0,5732000000.0,,13900000000.0,7978000000.0,1650688859.0,0.61,sec_edgar:companyfacts
BMY,us,2012-12-31,2013-02-15T00:00:00,,,1960000000.0,6393000000.0,,13623000000.0,8058000000.0,,1.16,sec_edgar:companyfacts
BMY,us,2013-03-31,2013-04-25T00:00:00,,,609000000.0,-543000000.0,,13659000000.0,8552000000.0,1642551939.0,0.37,sec_edgar:companyfacts
BMY,us,2013-06-30,2013-07-25T00:00:00,,,1145000000.0,869000000.0,,14371000000.0,7886000000.0,1646323647.0,0.69,sec_edgar:companyfacts
BMY,us,2013-09-30,2013-10-23T00:00:00,,,1837000000.0,1798000000.0,,14726000000.0,7242000000.0,1646542902.0,1.11,sec_edgar:companyfacts
BMY,us,2013-12-31,2014-02-14T00:00:00,,,2563000000.0,3008000000.0,,15154000000.0,8340000000.0,,1.54,sec_edgar:companyfacts
BMY,us,2014-03-31,2014-04-29T00:00:00,,,937000000.0,499000000.0,,15473000000.0,7648000000.0,1657176162.0,0.56,sec_edgar:companyfacts
BMY,us,2014-06-30,2014-07-24T00:00:00,,,1270000000.0,1445000000.0,,15327000000.0,7737000000.0,1657904666.0,0.76,sec_edgar:companyfacts
BMY,us,2014-09-30,2014-10-24T00:00:00,,,1991000000.0,2241000000.0,,15143000000.0,7668000000.0,1658776491.0,1.19,sec_edgar:companyfacts
BMY,us,2014-12-31,2015-02-13T00:00:00,,,2004000000.0,2622000000.0,,14852000000.0,590000000.0,,1.2,sec_edgar:companyfacts
BMY,us,2015-03-31,2015-04-28T00:00:00,,,1186000000.0,490000000.0,,15546000000.0,330000000.0,1666974545.0,0.71,sec_edgar:companyfacts
BMY,us,2015-06-30,2015-07-23T00:00:00,,,1056000000.0,396000000.0,,15123000000.0,755000000.0,1667502766.0,0.63,sec_edgar:companyfacts
BMY,us,2015-09-30,2015-10-27T00:00:00,,,1762000000.0,686000000.0,,15079000000.0,642000000.0,1668286317.0,1.05,sec_edgar:companyfacts
BMY,us,2015-12-31,2016-02-12T00:00:00,,,1565000000.0,1012000000.0,,14266000000.0,139000000.0,,0.93,sec_edgar:companyfacts
BMY,us,2016-03-31,2016-04-28T00:00:00,,,1195000000.0,-628000000.0,,14386000000.0,106000000.0,1669307273.0,0.71,sec_edgar:companyfacts
BMY,us,2016-06-30,2016-07-28T00:00:00,,,2361000000.0,-478000000.0,,14918000000.0,155000000.0,1670858535.0,1.41,sec_edgar:companyfacts
BMY,us,2016-09-30,2016-10-27T00:00:00,,,3563000000.0,578000000.0,,15613000000.0,,1671229946.0,2.12,sec_edgar:companyfacts
BMY,us,2016-12-31,2019-02-25T00:00:00,19427000000.0,,4457000000.0,1635000000.0,,16177000000.0,992000000.0,,2.65,sec_edgar:companyfacts
BMY,us,2017-03-31,2019-02-25T00:00:00,4929000000.0,,1574000000.0,570000000.0,,14416000000.0,7685000000.0,1647434458.0,0.94,sec_edgar:companyfacts
BMY,us,2017-06-30,2019-02-25T00:00:00,5144000000.0,,2490000000.0,1906000000.0,,14699000000.0,7467000000.0,1639926446.0,1.5,sec_edgar:companyfacts
BMY,us,2017-09-30,2019-02-25T00:00:00,5254000000.0,,3335000000.0,3357000000.0,,14783000000.0,7644000000.0,1636699696.0,2.02,sec_edgar:companyfacts
BMY,us,2017-12-31,2019-02-25T00:00:00,20776000000.0,,1007000000.0,4220000000.0,,11741000000.0,7487000000.0,,0.61,sec_edgar:companyfacts
BMY,us,2018-03-31,2019-02-25T00:00:00,5193000000.0,,1486000000.0,936000000.0,,12793000000.0,6233000000.0,1634538458.0,0.91,sec_edgar:companyfacts
BMY,us,2018-06-30,2019-02-25T00:00:00,5704000000.0,,1859000000.0,1795000000.0,,12317000000.0,6023000000.0,1631876909.0,1.13,sec_edgar:companyfacts
BMY,us,2018-09-30,2019-02-25T00:00:00,5691000000.0,,3760000000.0,2850000000.0,,13640000000.0,5999000000.0,1632198774.0,2.3,sec_edgar:companyfacts
BMY,us,2018-12-31,2019-02-25T00:00:00,22561000000.0,,4920000000.0,4989000000.0,,14031000000.0,8598000000.0,,3.01,sec_edgar:companyfacts
BMY,us,2019-03-31,2019-04-25T00:00:00,5920000000.0,,1710000000.0,1186000000.0,,15218000000.0,6016000000.0,1635705782.0,1.04,sec_edgar:companyfacts
BMY,us,2019-06-30,2019-07-25T00:00:00,12193000000.0,,3142000000.0,3078000000.0,,16049000000.0,24978000000.0,1635766530.0,1.92,sec_edgar:companyfacts
BMY,us,2019-09-30,2019-10-31T00:00:00,18200000000.0,,4495000000.0,5444000000.0,,17648000000.0,24959000000.0,1629284798.0,2.75,sec_edgar:companyfacts
BMY,us,2019-12-31,2020-02-24T00:00:00,26145000000.0,,3439000000.0,7231000000.0,,51598000000.0,49496000000.0,,2.01,sec_edgar:companyfacts
BMY,us,2020-03-31,2020-05-07T00:00:00,10781000000.0,,-775000000.0,3708000000.0,,49911000000.0,49967000000.0,2262689755.0,-0.34,sec_edgar:companyfacts
BMY,us,2020-06-30,2020-08-06T00:00:00,20910000000.0,,-860000000.0,7846000000.0,,49094000000.0,50925000000.0,2253934635.0,-0.38,sec_edgar:companyfacts
BMY,us,2020-09-30,2020-11-05T00:00:00,31450000000.0,,1012000000.0,9912000000.0,,50158000000.0,48199000000.0,2259751518.0,0.44,sec_edgar:companyfacts
BMY,us,2020-12-31,2021-02-10T00:00:00,42518000000.0,,-9015000000.0,13299000000.0,,37822000000.0,52676000000.0,,-3.99,sec_edgar:companyfacts
BMY,us,2021-03-31,2021-04-29T00:00:00,11073000000.0,,2021000000.0,3651000000.0,,37605000000.0,47782000000.0,2232843755.0,0.89,sec_edgar:companyfacts
BMY,us,2021-06-30,2021-07-28T00:00:00,22776000000.0,,3076000000.0,6501000000.0,,36808000000.0,47655000000.0,2222113553.0,1.36,sec_edgar:companyfacts
BMY,us,2021-09-30,2021-10-27T00:00:00,34400000000.0,,4622000000.0,11497000000.0,,37213000000.0,49511000000.0,2219644935.0,2.05,sec_edgar:companyfacts
BMY,us,2021-12-31,2022-02-09T00:00:00,46385000000.0,,6994000000.0,15234000000.0,,35946000000.0,49317000000.0,,3.12,sec_edgar:companyfacts
BMY,us,2022-03-31,2022-04-29T00:00:00,11648000000.0,,1278000000.0,3559000000.0,,31580000000.0,52269000000.0,2129064271.0,0.59,sec_edgar:companyfacts
BMY,us,2022-06-30,2022-07-27T00:00:00,23535000000.0,,2699000000.0,5548000000.0,,32600000000.0,46706000000.0,,1.25,sec_edgar:companyfacts
BMY,us,2022-09-30,2022-10-26T00:00:00,34753000000.0,,4305000000.0,8988000000.0,,32671000000.0,41001000000.0,,2.0,sec_edgar:companyfacts
BMY,us,2022-12-31,2023-02-14T00:00:00,46159000000.0,,6327000000.0,11948000000.0,,31061000000.0,43217000000.0,,2.95,sec_edgar:companyfacts
BMY,us,2023-03-31,2023-04-27T00:00:00,11337000000.0,,2262000000.0,2692000000.0,,31824000000.0,40084000000.0,,1.07,sec_edgar:companyfacts
BMY,us,2023-06-30,2023-07-27T00:00:00,22563000000.0,,4335000000.0,4320000000.0,,31973000000.0,40090000000.0,,2.06,sec_edgar:companyfacts
BMY,us,2023-09-30,2023-10-26T00:00:00,33529000000.0,,6263000000.0,8729000000.0,,28998000000.0,42477000000.0,,2.99,sec_edgar:companyfacts
BMY,us,2023-12-31,2024-02-13T00:00:00,45006000000.0,,8025000000.0,12651000000.0,,29430000000.0,42645000000.0,,3.86,sec_edgar:companyfacts
BMY,us,2024-03-31,2024-04-25T00:00:00,11865000000.0,,-11911000000.0,2550000000.0,,16490000000.0,58550000000.0,,-5.89,sec_edgar:companyfacts
BMY,us,2024-06-30,2024-07-26T00:00:00,24066000000.0,,-10231000000.0,4614000000.0,,17015000000.0,55481000000.0,,-5.05,sec_edgar:companyfacts
BMY,us,2024-09-30,2024-10-31T00:00:00,35958000000.0,,-9020000000.0,9881000000.0,,17142000000.0,50625000000.0,,-4.45,sec_edgar:companyfacts
BMY,us,2024-12-31,2025-02-12T00:00:00,48300000000.0,,-8948000000.0,13942000000.0,,16335000000.0,51477000000.0,,-4.41,sec_edgar:companyfacts
BMY,us,2025-03-31,2025-04-24T00:00:00,11201000000.0,,2456000000.0,1694000000.0,,17389000000.0,53060000000.0,,1.2,sec_edgar:companyfacts
BMY,us,2025-06-30,2025-07-31T00:00:00,23470000000.0,,3766000000.0,5250000000.0,,17435000000.0,53660000000.0,,1.85,sec_edgar:companyfacts
BMY,us,2025-09-30,2025-10-30T00:00:00,35692000000.0,,5967000000.0,11241000000.0,,18552000000.0,53226000000.0,,2.93,sec_edgar:companyfacts
BMY,us,2025-12-31,2026-02-11T00:00:00,48194000000.0,,7054000000.0,12845000000.0,,18473000000.0,47088000000.0,,3.46,sec_edgar:companyfacts
BMY,us,2026-03-31,2026-04-30T00:00:00,11489000000.0,,2677000000.0,757000000.0,,20068000000.0,46448000000.0,,1.31,sec_edgar:companyfacts
BNY,us,2007-12-31,2010-02-26T00:00:00,,,2209000000.0,3657000000.0,,,,,2.17,sec_edgar:companyfacts
BNY,us,2008-06-30,2009-08-07T00:00:00,,,1055000000.0,1716000000.0,,,,,0.92,sec_edgar:companyfacts
BNY,us,2008-09-30,2009-11-06T00:00:00,,,1358000000.0,1323000000.0,,,,,1.17,sec_edgar:companyfacts
BNY,us,2008-12-31,2011-02-28T00:00:00,13573000000.0,,1431000000.0,2611000000.0,,28050000000.0,15865000000.0,,1.2,sec_edgar:companyfacts
BNY,us,2009-03-31,2010-05-07T00:00:00,,,322000000.0,-551000000.0,,,,,0.28,sec_edgar:companyfacts
BNY,us,2009-06-30,2010-08-06T00:00:00,5868000000.0,,498000000.0,126000000.0,,27276000000.0,17363000000.0,,0.43,sec_edgar:companyfacts
BNY,us,2009-09-30,2010-11-08T00:00:00,4353000000.0,,-1960000000.0,2236000000.0,,28295000000.0,17486000000.0,,-1.67,sec_edgar:companyfacts
BNY,us,2009-12-31,2011-02-28T00:00:00,7654000000.0,,-814000000.0,3463000000.0,,28977000000.0,17234000000.0,,-1.16,sec_edgar:companyfacts
BNY,us,2010-03-31,2010-08-06T00:00:00,3355000000.0,,559000000.0,1147000000.0,,29683000000.0,,,0.46,sec_edgar:companyfacts
BNY,us,2010-06-30,2010-08-06T00:00:00,6680000000.0,,1217000000.0,-224000000.0,,30396000000.0,,,1.0,sec_edgar:companyfacts
BNY,us,2010-09-30,2010-11-08T00:00:00,10079000000.0,,1839000000.0,2769000000.0,,32153000000.0,,,1.51,sec_edgar:companyfacts
BNY,us,2010-12-31,2013-02-28T00:00:00,13816000000.0,,2518000000.0,3820000000.0,,32354000000.0,16517000000.0,1241530195.0,2.05,sec_edgar:companyfacts
BNY,us,2011-03-31,2011-05-09T00:00:00,3602000000.0,,,262000000.0,,33258000000.0,,,0.5,sec_edgar:companyfacts
BNY,us,2011-06-30,2011-08-08T00:00:00,7431000000.0,,,630000000.0,,33851000000.0,,,1.08,sec_edgar:companyfacts
BNY,us,2011-09-30,2012-11-08T00:00:00,11112000000.0,,2011000000.0,-1263000000.0,,33695000000.0,,,1.61,sec_edgar:companyfacts
BNY,us,2011-12-31,2013-02-28T00:00:00,14680000000.0,,2516000000.0,1569000000.0,,33417000000.0,19933000000.0,1209674607.0,2.03,sec_edgar:companyfacts
BNY,us,2012-03-31,2013-05-09T00:00:00,3635000000.0,,619000000.0,-15000000.0,,34000000000.0,,,0.52,sec_edgar:companyfacts
BNY,us,2012-06-30,2012-11-08T00:00:00,7223000000.0,,466000000.0,98000000.0,,34533000000.0,,,0.9,sec_edgar:companyfacts
BNY,us,2012-09-30,2012-11-08T00:00:00,10873000000.0,,1810000000.0,820000000.0,,36218000000.0,,,1.51,sec_edgar:companyfacts
BNY,us,2012-12-31,2013-02-28T00:00:00,14479000000.0,,2445000000.0,977000000.0,,36431000000.0,18530000000.0,1163490341.0,2.03,sec_edgar:companyfacts
BNY,us,2013-03-31,2013-05-09T00:00:00,3597000000.0,,-253000000.0,-2870000000.0,,35690000000.0,,,-0.23,sec_edgar:companyfacts
BNY,us,2013-06-30,2013-08-08T00:00:00,7567000000.0,,592000000.0,-1217000000.0,,35882000000.0,,,0.48,sec_edgar:companyfacts
BNY,us,2013-09-30,2013-11-08T00:00:00,11326000000.0,,1572000000.0,-427000000.0,,36959000000.0,,,1.3,sec_edgar:companyfacts
BNY,us,2013-12-31,2014-02-28T00:00:00,14903000000.0,,2111000000.0,-1251000000.0,,37521000000.0,19864000000.0,1142249790.0,1.74,sec_edgar:companyfacts
BNY,us,2014-03-31,2014-05-09T00:00:00,3627000000.0,,674000000.0,-1256000000.0,,37986000000.0,,,0.57,sec_edgar:companyfacts
BNY,us,2014-06-30,2014-08-11T00:00:00,7355000000.0,,1251000000.0,2005000000.0,,38326000000.0,,,1.04,sec_edgar:companyfacts
BNY,us,2014-09-30,2014-11-07T00:00:00,11943000000.0,,2334000000.0,2703000000.0,,38451000000.0,,,1.97,sec_edgar:companyfacts
BNY,us,2014-12-31,2015-02-27T00:00:00,15608000000.0,,2567000000.0,3693000000.0,,37441000000.0,20264000000.0,1118227559.0,2.15,sec_edgar:companyfacts
BNY,us,2015-03-31,2015-05-08T00:00:00,3761000000.0,,779000000.0,-226000000.0,,37328000000.0,,,0.67,sec_edgar:companyfacts
BNY,us,2015-06-30,2015-08-07T00:00:00,7610000000.0,,1632000000.0,2322000000.0,,38270000000.0,,,1.4,sec_edgar:companyfacts
BNY,us,2015-09-30,2015-11-06T00:00:00,11405000000.0,,2465000000.0,3558000000.0,,38170000000.0,,,2.13,sec_edgar:companyfacts
BNY,us,2015-12-31,2016-02-26T00:00:00,15126000000.0,,3158000000.0,3526000000.0,,38037000000.0,21547000000.0,1085342985.0,2.71,sec_edgar:companyfacts
BNY,us,2016-03-31,2016-05-10T00:00:00,3737000000.0,,817000000.0,1646000000.0,,38459000000.0,,,0.73,sec_edgar:companyfacts
BNY,us,2016-06-30,2016-08-08T00:00:00,7509000000.0,,1690000000.0,1113000000.0,,38559000000.0,,,1.48,sec_edgar:companyfacts
BNY,us,2016-09-30,2016-11-08T00:00:00,,,2677000000.0,1062000000.0,,39695000000.0,,,2.38,sec_edgar:companyfacts
BNY,us,2016-12-31,2017-02-28T00:00:00,,,3547000000.0,5421000000.0,,38811000000.0,24463000000.0,1047488301.0,3.15,sec_edgar:companyfacts
BNY,us,2017-03-31,2017-05-08T00:00:00,,,922000000.0,-1519000000.0,,39138000000.0,,,0.83,sec_edgar:companyfacts
BNY,us,2017-06-30,2017-08-03T00:00:00,,,1897000000.0,-2577000000.0,,39974000000.0,,,1.7,sec_edgar:companyfacts
BNY,us,2017-09-30,2017-11-07T00:00:00,,,2915000000.0,2417000000.0,,40523000000.0,,,2.64,sec_edgar:companyfacts
BNY,us,2017-12-31,2020-02-27T00:00:00,15543000000.0,,4090000000.0,3444000000.0,,41251000000.0,27979000000.0,1013442445.0,3.72,sec_edgar:companyfacts
BNY,us,2018-03-31,2018-05-08T00:00:00,,,1171000000.0,-1025000000.0,,41728000000.0,,,1.1,sec_edgar:companyfacts
BNY,us,2018-06-30,2018-08-03T00:00:00,,,2274000000.0,1063000000.0,,41505000000.0,,,2.14,sec_edgar:companyfacts
BNY,us,2018-09-30,2018-11-06T00:00:00,,,3385000000.0,1993000000.0,,41560000000.0,,,3.2,sec_edgar:companyfacts
BNY,us,2018-12-31,2020-02-27T00:00:00,16392000000.0,,4266000000.0,4888000000.0,,40638000000.0,29163000000.0,960425669.0,4.04,sec_edgar:companyfacts
BNY,us,2019-03-31,2019-05-08T00:00:00,,,946000000.0,-1213000000.0,,41225000000.0,,,0.94,sec_edgar:companyfacts
BNY,us,2019-06-30,2019-08-07T00:00:00,,,1963000000.0,-3231000000.0,,41533000000.0,,,1.95,sec_edgar:companyfacts
BNY,us,2019-09-30,2019-11-07T00:00:00,,,3001000000.0,1455000000.0,,41120000000.0,,,3.01,sec_edgar:companyfacts
BNY,us,2019-12-31,2020-02-27T00:00:00,16462000000.0,,4441000000.0,-1114000000.0,,41483000000.0,27501000000.0,900683038.0,4.51,sec_edgar:companyfacts
BNY,us,2020-03-31,2020-05-07T00:00:00,,,980000000.0,-1949000000.0,,41145000000.0,,,1.05,sec_edgar:companyfacts
BNY,us,2020-06-30,2020-08-06T00:00:00,,,1930000000.0,4502000000.0,,43697000000.0,,,2.06,sec_edgar:companyfacts
BNY,us,2020-09-30,2020-11-05T00:00:00,,,2867000000.0,4947000000.0,,44917000000.0,,,3.04,sec_edgar:companyfacts
BNY,us,2020-12-31,2021-02-25T00:00:00,15808000000.0,,3617000000.0,3816000000.0,,45801000000.0,25984000000.0,886763531.0,3.83,sec_edgar:companyfacts
BNY,us,2021-03-31,2021-05-06T00:00:00,,,927000000.0,-3394000000.0,,44954000000.0,25350000000.0,,0.97,sec_edgar:companyfacts
BNY,us,2021-06-30,2021-08-05T00:00:00,,,1949000000.0,-810000000.0,,45281000000.0,25629000000.0,,2.1,sec_edgar:companyfacts
BNY,us,2021-09-30,2021-11-05T00:00:00,,,2896000000.0,-1132000000.0,,43601000000.0,25043000000.0,,3.14,sec_edgar:companyfacts
BNY,us,2021-12-31,2022-02-25T00:00:00,15931000000.0,,3759000000.0,1623000000.0,,43034000000.0,25931000000.0,804145366.0,4.14,sec_edgar:companyfacts
BNY,us,2022-03-31,2022-05-06T00:00:00,,,773000000.0,3158000000.0,,41799000000.0,25246000000.0,,0.86,sec_edgar:companyfacts
BNY,us,2022-06-30,2022-08-05T00:00:00,,,1642000000.0,7548000000.0,,40984000000.0,27610000000.0,,1.88,sec_edgar:companyfacts
BNY,us,2022-09-30,2022-11-07T00:00:00,,,2030000000.0,11155000000.0,,39737000000.0,27820000000.0,,2.28,sec_edgar:companyfacts
BNY,us,2022-12-31,2023-02-27T00:00:00,16377000000.0,,2573000000.0,13722000000.0,,40734000000.0,30458000000.0,808444600.0,2.9,sec_edgar:companyfacts
BNY,us,2023-03-31,2023-05-05T00:00:00,,,976000000.0,1531000000.0,,40634000000.0,30489000000.0,,1.12,sec_edgar:companyfacts
BNY,us,2023-06-30,2023-08-04T00:00:00,,,2043000000.0,2325000000.0,,40933000000.0,32463000000.0,,2.42,sec_edgar:companyfacts
BNY,us,2023-09-30,2023-11-03T00:00:00,,,3081000000.0,7029000000.0,,40966000000.0,29205000000.0,,3.65,sec_edgar:companyfacts
BNY,us,2023-12-31,2024-02-28T00:00:00,17502000000.0,,3286000000.0,4692000000.0,,40874000000.0,31257000000.0,759344092.0,3.87,sec_edgar:companyfacts
BNY,us,2024-03-31,2024-05-03T00:00:00,,,1025000000.0,-2979000000.0,,40569000000.0,32396000000.0,,1.25,sec_edgar:companyfacts
BNY,us,2024-06-30,2024-08-02T00:00:00,,,2193000000.0,-1232000000.0,,40843000000.0,30947000000.0,,2.77,sec_edgar:companyfacts
BNY,us,2024-09-30,2024-11-01T00:00:00,,,3375000000.0,-1919000000.0,,41992000000.0,33199000000.0,,4.26,sec_edgar:companyfacts
BNY,us,2024-12-31,2025-02-27T00:00:00,18619000000.0,,4530000000.0,-782000000.0,,41318000000.0,30854000000.0,717680268.0,5.8,sec_edgar:companyfacts
BNY,us,2025-03-31,2025-05-02T00:00:00,,,1220000000.0,92000000.0,,43119000000.0,30869000000.0,,1.58,sec_edgar:companyfacts
BNY,us,2025-06-30,2025-08-01T00:00:00,,,2643000000.0,1930000000.0,,43950000000.0,33429000000.0,,3.51,sec_edgar:companyfacts
BNY,us,2025-09-30,2025-10-31T00:00:00,,,4088000000.0,428000000.0,,43879000000.0,32287000000.0,,5.39,sec_edgar:companyfacts
BNY,us,2025-12-31,2026-02-25T00:00:00,20080000000.0,,5549000000.0,5177000000.0,,44313000000.0,31873000000.0,688236337.0,7.4,sec_edgar:companyfacts
BNY,us,2026-03-31,2026-05-01T00:00:00,,,1632000000.0,-3630000000.0,,44783000000.0,32582000000.0,,2.24,sec_edgar:companyfacts
BRK-B,us,2007-12-31,2010-03-01T00:00:00,118245000000.0,,13213000000.0,7177000000.0,,,,,,sec_edgar:companyfacts
BRK-B,us,2008-09-30,2009-11-06T00:00:00,83194000000.0,,4877000000.0,4227000000.0,,,,,3149.0,sec_edgar:companyfacts
BRK-B,us,2008-12-31,2010-03-01T00:00:00,107786000000.0,,4994000000.0,5114000000.0,,109267000000.0,,,,sec_edgar:companyfacts
BRK-B,us,2009-03-31,2011-02-28T00:00:00,22784000000.0,,-1534000000.0,3269000000.0,,,,,-990.0,sec_edgar:companyfacts
BRK-B,us,2009-06-30,2010-08-06T00:00:00,52391000000.0,,1761000000.0,4864000000.0,,,,,1136.0,sec_edgar:companyfacts
BRK-B,us,2009-09-30,2009-11-06T00:00:00,82295000000.0,,4999000000.0,8223000000.0,,126073000000.0,,,3223.0,sec_edgar:companyfacts
BRK-B,us,2009-12-31,2011-02-28T00:00:00,112493000000.0,,8055000000.0,10909000000.0,,131102000000.0,,,1969.0,sec_edgar:companyfacts
BRK-B,us,2010-03-31,2011-02-28T00:00:00,32037000000.0,,3633000000.0,2143000000.0,,147209000000.0,,,2272.0,sec_edgar:companyfacts
BRK-B,us,2010-06-30,2010-08-06T00:00:00,63746000000.0,,5601000000.0,4144000000.0,,142763000000.0,,,3451.0,sec_edgar:companyfacts
BRK-B,us,2010-09-30,2010-11-05T00:00:00,100020000000.0,,8590000000.0,9540000000.0,,149671000000.0,,,5265.0,sec_edgar:companyfacts
BRK-B,us,2010-12-31,2011-02-28T00:00:00,136185000000.0,,12967000000.0,11915000000.0,,157318000000.0,,,2656.0,sec_edgar:companyfacts
BRK-B,us,2011-03-31,2012-02-27T00:00:00,33720000000.0,,1511000000.0,2020000000.0,,160055000000.0,,,917.0,sec_edgar:companyfacts
BRK-B,us,2011-06-30,2012-02-27T00:00:00,71994000000.0,,4928000000.0,6539000000.0,,163007000000.0,,,2072.0,sec_edgar:companyfacts
BRK-B,us,2011-09-30,2012-02-27T00:00:00,105733000000.0,,7206000000.0,,,159957000000.0,,,1380.0,sec_edgar:companyfacts
BRK-B,us,2011-12-31,2012-02-27T00:00:00,143688000000.0,,10254000000.0,,,164850000000.0,,,1846.0,sec_edgar:companyfacts
BRK-B,us,2012-03-31,2013-03-01T00:00:00,38147000000.0,,3245000000.0,,,175997000000.0,,,1966.0,sec_edgar:companyfacts
BRK-B,us,2012-06-30,2013-03-01T00:00:00,76693000000.0,,6353000000.0,,,177379000000.0,,,1882.0,sec_edgar:companyfacts
BRK-B,us,2012-09-30,2013-03-01T00:00:00,117743000000.0,,10273000000.0,,,184602000000.0,,,2373.0,sec_edgar:companyfacts
BRK-B,us,2012-12-31,2013-03-01T00:00:00,162463000000.0,,14824000000.0,,,187647000000.0,,,2757.0,sec_edgar:companyfacts
BRK-B,us,2013-03-31,2014-03-03T00:00:00,43867000000.0,,4892000000.0,,,198071000000.0,,,2977.0,sec_edgar:companyfacts
BRK-B,us,2013-06-30,2014-03-03T00:00:00,88560000000.0,,9433000000.0,,,202016000000.0,,,2763.0,sec_edgar:companyfacts
BRK-B,us,2013-09-30,2014-03-03T00:00:00,135101000000.0,,14486000000.0,,,208382000000.0,,,3074.0,sec_edgar:companyfacts
BRK-B,us,2013-12-31,2014-03-03T00:00:00,182150000000.0,,19476000000.0,,,221890000000.0,,,3035.0,sec_edgar:companyfacts
BRK-B,us,2014-03-31,2014-05-02T00:00:00,45453000000.0,,4705000000.0,,,227612000000.0,,,,sec_edgar:companyfacts
BRK-B,us,2014-06-30,2014-08-01T00:00:00,95215000000.0,,11100000000.0,,,234005000000.0,,,,sec_edgar:companyfacts
BRK-B,us,2014-09-30,2014-11-07T00:00:00,146414000000.0,,15717000000.0,,,237456000000.0,,,,sec_edgar:companyfacts
BRK-B,us,2014-12-31,2015-03-02T00:00:00,194673000000.0,,19872000000.0,,,240170000000.0,,,,sec_edgar:companyfacts
BRK-B,us,2015-03-31,2015-05-01T00:00:00,48644000000.0,,5164000000.0,,,241458000000.0,,,,sec_edgar:companyfacts
BRK-B,us,2015-06-30,2015-08-07T00:00:00,100012000000.0,,9177000000.0,,,246043000000.0,,,,sec_edgar:companyfacts
BRK-B,us,2015-09-30,2015-11-06T00:00:00,159001000000.0,,18605000000.0,,,248283000000.0,,,,sec_edgar:companyfacts
BRK-B,us,2015-12-31,2018-02-26T00:00:00,210821000000.0,,24083000000.0,15409000000.0,,255550000000.0,,,,sec_edgar:companyfacts
BRK-B,us,2016-03-31,2016-05-06T00:00:00,52403000000.0,,5589000000.0,,,258661000000.0,,,,sec_edgar:companyfacts
BRK-B,us,2016-06-30,2016-08-05T00:00:00,106863000000.0,,10590000000.0,,,263025000000.0,,,,sec_edgar:companyfacts
BRK-B,us,2016-09-30,2016-11-04T00:00:00,165931000000.0,,17788000000.0,,,269264000000.0,,,,sec_edgar:companyfacts
BRK-B,us,2016-12-31,2018-02-26T00:00:00,223604000000.0,,24074000000.0,19581000000.0,,283001000000.0,,,,sec_edgar:companyfacts
BRK-B,us,2017-03-31,2018-05-07T00:00:00,65187000000.0,,4060000000.0,15940000000.0,,292851000000.0,,,,sec_edgar:companyfacts
BRK-B,us,2017-06-30,2018-08-06T00:00:00,122705000000.0,,8322000000.0,21473000000.0,,300659000000.0,,,,sec_edgar:companyfacts
BRK-B,us,2017-09-30,2018-11-05T00:00:00,183230000000.0,,12389000000.0,29088000000.0,,308278000000.0,,,,sec_edgar:companyfacts
BRK-B,us,2017-12-31,2018-02-26T00:00:00,242137000000.0,,44940000000.0,34068000000.0,,348296000000.0,,,,sec_edgar:companyfacts
BRK-B,us,2018-03-31,2018-05-07T00:00:00,58473000000.0,,-1138000000.0,4967000000.0,,347401000000.0,,,,sec_edgar:companyfacts
BRK-B,us,2018-06-30,2018-08-06T00:00:00,120673000000.0,,10873000000.0,9762000000.0,,358094000000.0,,,,sec_edgar:companyfacts
BRK-B,us,2018-09-30,2018-11-05T00:00:00,184123000000.0,,29413000000.0,16515000000.0,,375606000000.0,,,,sec_edgar:companyfacts
BRK-B,us,2018-12-31,2019-02-25T00:00:00,247837000000.0,,4021000000.0,22863000000.0,,348703000000.0,,,,sec_edgar:companyfacts
BRK-B,us,2019-03-31,2019-05-06T00:00:00,60678000000.0,,21661000000.0,4426000000.0,,368877000000.0,,,,sec_edgar:companyfacts
BRK-B,us,2019-06-30,2019-08-05T00:00:00,124276000000.0,,35734000000.0,10015000000.0,,382544000000.0,,,,sec_edgar:companyfacts
BRK-B,us,2019-09-30,2019-11-04T00:00:00,189248000000.0,,52258000000.0,15471000000.0,,397609000000.0,,,,sec_edgar:companyfacts
BRK-B,us,2019-12-31,2020-02-24T00:00:00,254616000000.0,,81417000000.0,22708000000.0,,424791000000.0,,,,sec_edgar:companyfacts
BRK-B,us,2020-03-31,2020-05-04T00:00:00,61265000000.0,,-49746000000.0,3830000000.0,,371565000000.0,,,,sec_edgar:companyfacts
BRK-B,us,2020-06-30,2020-08-10T00:00:00,118105000000.0,,-23451000000.0,11279000000.0,,393495000000.0,,,,sec_edgar:companyfacts
BRK-B,us,2020-09-30,2020-11-09T00:00:00,181129000000.0,,6686000000.0,19711000000.0,,415155000000.0,,,,sec_edgar:companyfacts
BRK-B,us,2020-12-31,2021-03-01T00:00:00,245510000000.0,,42521000000.0,26761000000.0,,443164000000.0,,,,sec_edgar:companyfacts
BRK-B,us,2021-01-01,2024-02-26T00:00:00,,,,,,436736000000.0,,,,sec_edgar:companyfacts
BRK-B,us,2021-03-31,2021-05-03T00:00:00,64599000000.0,,11711000000.0,6787000000.0,,447987000000.0,,,,sec_edgar:companyfacts
BRK-B,us,2021-06-30,2021-08-09T00:00:00,133713000000.0,,39805000000.0,13896000000.0,,470409000000.0,,,,sec_edgar:companyfacts
BRK-B,us,2021-09-30,2021-11-08T00:00:00,204296000000.0,,50149000000.0,22382000000.0,,472480000000.0,,,,sec_edgar:companyfacts
BRK-B,us,2021-12-31,2022-02-28T00:00:00,276094000000.0,,89795000000.0,26145000000.0,,506199000000.0,,,,sec_edgar:companyfacts
BRK-B,us,2022-03-31,2022-05-02T00:00:00,70810000000.0,,5460000000.0,3739000000.0,,508141000000.0,,,,sec_edgar:companyfacts
BRK-B,us,2022-06-30,2022-08-08T00:00:00,146990000000.0,,-38295000000.0,8528000000.0,,461229000000.0,,,,sec_edgar:companyfacts
BRK-B,us,2022-09-30,2022-11-07T00:00:00,223924000000.0,,-40983000000.0,16116000000.0,,455430000000.0,,,,sec_edgar:companyfacts
BRK-B,us,2022-12-31,2023-02-27T00:00:00,302089000000.0,,-22819000000.0,21760000000.0,,472360000000.0,,,,sec_edgar:companyfacts
BRK-B,us,2023-03-31,2023-05-08T00:00:00,85393000000.0,,35504000000.0,4980000000.0,,504554000000.0,,,,sec_edgar:companyfacts
BRK-B,us,2023-06-30,2023-08-07T00:00:00,177896000000.0,,71416000000.0,12729000000.0,,539883000000.0,,,,sec_edgar:companyfacts
BRK-B,us,2023-09-30,2023-11-06T00:00:00,271106000000.0,,58649000000.0,21095000000.0,,525330000000.0,,,,sec_edgar:companyfacts
BRK-B,us,2023-12-31,2024-02-26T00:00:00,364482000000.0,,96223000000.0,29787000000.0,,561273000000.0,,,,sec_edgar:companyfacts
BRK-B,us,2024-03-31,2024-05-06T00:00:00,89869000000.0,,12702000000.0,6173000000.0,,571490000000.0,,,,sec_edgar:companyfacts
BRK-B,us,2024-06-30,2024-08-05T00:00:00,183522000000.0,,43050000000.0,15240000000.0,,601697000000.0,,,,sec_edgar:companyfacts
BRK-B,us,2024-09-30,2024-11-04T00:00:00,276517000000.0,,69301000000.0,12342000000.0,,629069000000.0,,,,sec_edgar:companyfacts
BRK-B,us,2024-12-31,2025-02-24T00:00:00,371433000000.0,,88995000000.0,11616000000.0,,649368000000.0,,,,sec_edgar:companyfacts
BRK-B,us,2025-03-31,2025-05-05T00:00:00,89725000000.0,,4603000000.0,6622000000.0,,654471000000.0,,,,sec_edgar:companyfacts
BRK-B,us,2025-06-30,2025-08-04T00:00:00,182240000000.0,,16973000000.0,11849000000.0,,667989000000.0,,,,sec_edgar:companyfacts
BRK-B,us,2025-09-30,2025-11-03T00:00:00,277212000000.0,,47769000000.0,20052000000.0,,698155000000.0,,,,sec_edgar:companyfacts
BRK-B,us,2025-12-31,2026-03-02T00:00:00,371444000000.0,,66968000000.0,25042000000.0,,717419000000.0,,,,sec_edgar:companyfacts
BRK-B,us,2026-03-31,2026-05-04T00:00:00,93675000000.0,,10106000000.0,5452000000.0,,727181000000.0,,,,sec_edgar:companyfacts
C,us,2007-12-31,2010-02-26T00:00:00,77300000000.0,,3617000000.0,,,,,,0.67,sec_edgar:companyfacts
C,us,2008-09-30,2009-11-06T00:00:00,45953000000.0,,-10421000000.0,,,,,,-2.17,sec_edgar:companyfacts
C,us,2008-12-31,2010-02-26T00:00:00,51599000000.0,,-27684000000.0,,,141630000000.0,486284000000.0,5450068.0,-5.63,sec_edgar:companyfacts
C,us,2009-03-31,2010-05-07T00:00:00,24521000000.0,,1593000000.0,,,,,,-0.18,sec_edgar:companyfacts
C,us,2009-06-30,2010-08-06T00:00:00,54490000000.0,,5872000000.0,,,,,,0.31,sec_edgar:companyfacts
C,us,2009-09-30,2009-11-06T00:00:00,74880000000.0,,5973000000.0,,,140842000000.0,444288000000.0,22863947.0,-0.19,sec_edgar:companyfacts
C,us,2009-12-31,2010-05-07T00:00:00,80285000000.0,,-1606000000.0,,,152700000000.0,432898000000.0,28483267000.0,-0.8,sec_edgar:companyfacts
C,us,2010-03-31,2010-05-07T00:00:00,25421000000.0,,4428000000.0,,,151421000000.0,535968000000.0,28620248000.0,0.15,sec_edgar:companyfacts
C,us,2010-06-30,2010-08-06T00:00:00,47492000000.0,,7125000000.0,,,154806000000.0,506049000000.0,28975419000.0,0.24,sec_edgar:companyfacts
C,us,2010-09-30,2010-11-05T00:00:00,68230000000.0,,9293000000.0,,,162913000000.0,474343000000.0,29049601000.0,0.31,sec_edgar:companyfacts
C,us,2010-12-31,2011-02-25T00:00:00,86601000000.0,,10602000000.0,,,163468000000.0,459973000000.0,,0.35,sec_edgar:companyfacts
C,us,2011-03-31,2011-05-05T00:00:00,19726000000.0,,2999000000.0,,,171037000000.0,455163000000.0,,0.1,sec_edgar:companyfacts
C,us,2011-06-30,2011-08-05T00:00:00,40348000000.0,,6340000000.0,,,176364000000.0,425347000000.0,,2.08,sec_edgar:companyfacts
C,us,2011-09-30,2011-11-04T00:00:00,61179000000.0,,10111000000.0,,,177372000000.0,399642000000.0,,3.32,sec_edgar:companyfacts
C,us,2011-12-31,2012-02-24T00:00:00,78353000000.0,,11067000000.0,,,177806000000.0,377946000000.0,,3.63,sec_edgar:companyfacts
C,us,2012-03-31,2012-05-04T00:00:00,19406000000.0,,2931000000.0,,,181820000000.0,366690000000.0,,0.95,sec_edgar:companyfacts
C,us,2012-06-30,2012-08-03T00:00:00,38048000000.0,,5877000000.0,,,183911000000.0,347032000000.0,,1.91,sec_edgar:companyfacts
C,us,2012-09-30,2012-11-06T00:00:00,51999000000.0,,6345000000.0,,,186777000000.0,321026000000.0,,2.06,sec_edgar:companyfacts
C,us,2012-12-31,2013-03-01T00:00:00,70173000000.0,,7541000000.0,,,189049000000.0,291490000000.0,,2.44,sec_edgar:companyfacts
C,us,2013-03-31,2013-05-03T00:00:00,20491000000.0,,3808000000.0,,,193359000000.0,282519000000.0,,1.23,sec_edgar:companyfacts
C,us,2013-06-30,2013-08-02T00:00:00,40706000000.0,,7990000000.0,,,195926000000.0,279766000000.0,,2.57,sec_edgar:companyfacts
C,us,2013-09-30,2013-11-01T00:00:00,58586000000.0,,11217000000.0,,,200846000000.0,280497000000.0,,3.57,sec_edgar:companyfacts
C,us,2013-12-31,2014-03-03T00:00:00,76366000000.0,,13673000000.0,,,204339000000.0,280060000000.0,,4.35,sec_edgar:companyfacts
C,us,2014-03-31,2014-05-02T00:00:00,20124000000.0,,3943000000.0,,,208462000000.0,281650000000.0,,1.23,sec_edgar:companyfacts
C,us,2014-06-30,2014-08-01T00:00:00,39466000000.0,,4124000000.0,,,211362000000.0,286518000000.0,,1.26,sec_edgar:companyfacts
C,us,2014-09-30,2014-10-30T00:00:00,59070000000.0,,6963000000.0,,,212272000000.0,288680000000.0,,2.14,sec_edgar:companyfacts
C,us,2014-12-31,2015-02-25T00:00:00,76882000000.0,,7313000000.0,,,210534000000.0,281415000000.0,,2.2,sec_edgar:companyfacts
C,us,2015-03-31,2015-05-11T00:00:00,19736000000.0,,4770000000.0,,,214620000000.0,249927000000.0,,1.51,sec_edgar:companyfacts
C,us,2015-06-30,2015-08-03T00:00:00,39206000000.0,,9616000000.0,,,219440000000.0,237752000000.0,,3.02,sec_edgar:companyfacts
C,us,2015-09-30,2015-10-30T00:00:00,57898000000.0,,13907000000.0,,,220848000000.0,236112000000.0,,4.38,sec_edgar:companyfacts
C,us,2015-12-31,2016-02-26T00:00:00,76354000000.0,,17242000000.0,,,221857000000.0,222354000000.0,,5.4,sec_edgar:companyfacts
C,us,2016-03-31,2016-05-02T00:00:00,17555000000.0,,3501000000.0,,,227522000000.0,228728000000.0,,1.1,sec_edgar:companyfacts
C,us,2016-06-30,2016-08-01T00:00:00,35103000000.0,,7499000000.0,,,231888000000.0,225856000000.0,,2.35,sec_edgar:companyfacts
C,us,2016-09-30,2016-10-31T00:00:00,52863000000.0,,11339000000.0,,,231575000000.0,238578000000.0,,3.58,sec_edgar:companyfacts
C,us,2016-12-31,2017-02-24T00:00:00,69875000000.0,,14912000000.0,,,225120000000.0,236879000000.0,,4.72,sec_edgar:companyfacts
C,us,2017-03-31,2017-05-01T00:00:00,18120000000.0,,4090000000.0,,,228132000000.0,234657000000.0,,1.35,sec_edgar:companyfacts
C,us,2017-06-30,2017-08-01T00:00:00,36021000000.0,,7962000000.0,,,230019000000.0,261698000000.0,,2.63,sec_edgar:companyfacts
C,us,2017-09-30,2017-10-31T00:00:00,54194000000.0,,12095000000.0,,,227634000000.0,270822000000.0,,4.05,sec_edgar:companyfacts
C,us,2017-12-31,2018-02-23T00:00:00,71449000000.0,,-6798000000.0,,,200740000000.0,281161000000.0,,-2.98,sec_edgar:companyfacts
C,us,2018-03-31,2018-05-01T00:00:00,18872000000.0,,4620000000.0,,,201915000000.0,274032000000.0,,1.68,sec_edgar:companyfacts
C,us,2018-06-30,2018-07-31T00:00:00,37341000000.0,,9110000000.0,,,200094000000.0,274055000000.0,,3.31,sec_edgar:companyfacts
C,us,2018-09-30,2018-10-30T00:00:00,55730000000.0,,13732000000.0,,,197004000000.0,269040000000.0,,5.04,sec_edgar:companyfacts
C,us,2018-12-31,2021-02-26T00:00:00,72854000000.0,,18045000000.0,33178000000.0,,196220000000.0,264345000000.0,,6.68,sec_edgar:companyfacts
C,us,2019-03-31,2019-04-30T00:00:00,18576000000.0,,4710000000.0,,,196252000000.0,282888000000.0,,1.87,sec_edgar:companyfacts
C,us,2019-06-30,2019-08-01T00:00:00,37334000000.0,,9509000000.0,,,197359000000.0,294631000000.0,,3.82,sec_edgar:companyfacts
C,us,2019-09-30,2019-11-01T00:00:00,55908000000.0,,14422000000.0,,,196373000000.0,277468000000.0,,5.89,sec_edgar:companyfacts
C,us,2019-12-31,2021-02-26T00:00:00,74286000000.0,,19401000000.0,-18173000000.0,,193242000000.0,293809000000.0,,8.04,sec_edgar:companyfacts
C,us,2020-03-31,2021-05-06T00:00:00,20731000000.0,,2522000000.0,-25993000000.0,,192331000000.0,321049000000.0,,1.05,sec_edgar:companyfacts
C,us,2020-06-30,2021-08-04T00:00:00,40497000000.0,,3838000000.0,-20526000000.0,,191622000000.0,319931000000.0,,1.56,sec_edgar:companyfacts
C,us,2020-09-30,2021-11-08T00:00:00,57799000000.0,,7068000000.0,-24554000000.0,,193876000000.0,310693000000.0,,2.96,sec_edgar:companyfacts
C,us,2020-12-31,2021-02-26T00:00:00,74298000000.0,,11047000000.0,-24067000000.0,,199442000000.0,301200000000.0,,4.72,sec_edgar:companyfacts
C,us,2021-03-31,2021-05-06T00:00:00,19327000000.0,,7942000000.0,22368000000.0,,202549000000.0,288422000000.0,,3.62,sec_edgar:companyfacts
C,us,2021-06-30,2021-08-04T00:00:00,36801000000.0,,14135000000.0,21792000000.0,,202159000000.0,296037000000.0,,6.47,sec_edgar:companyfacts
C,us,2021-09-30,2021-11-08T00:00:00,53955000000.0,,18779000000.0,56374000000.0,,200875000000.0,287957000000.0,,8.65,sec_edgar:companyfacts
C,us,2021-12-31,2022-02-28T00:00:00,71884000000.0,,21952000000.0,57130000000.0,,201972000000.0,282347000000.0,,10.14,sec_edgar:companyfacts
C,us,2022-03-31,2022-05-09T00:00:00,19186000000.0,,4306000000.0,-14773000000.0,,197709000000.0,284098000000.0,,2.02,sec_edgar:companyfacts
C,us,2022-06-30,2022-08-04T00:00:00,38824000000.0,,8853000000.0,-5734000000.0,,199014000000.0,297479000000.0,,4.2,sec_edgar:companyfacts
C,us,2022-09-30,2022-11-04T00:00:00,57332000000.0,,12332000000.0,-7837000000.0,,198560000000.0,300436000000.0,,5.84,sec_edgar:companyfacts
C,us,2022-12-31,2023-02-27T00:00:00,75338000000.0,,14845000000.0,19437000000.0,,201189000000.0,318702000000.0,,7.0,sec_edgar:companyfacts
C,us,2023-03-31,2023-05-05T00:00:00,21447000000.0,,4606000000.0,-32119000000.0,,208295000000.0,319871000000.0,,2.19,sec_edgar:companyfacts
C,us,2023-06-30,2023-08-04T00:00:00,40883000000.0,,7521000000.0,-87669000000.0,,208719000000.0,314940000000.0,,3.52,sec_edgar:companyfacts
C,us,2023-09-30,2023-11-03T00:00:00,61022000000.0,,11067000000.0,-73568000000.0,,209503000000.0,318926000000.0,,5.14,sec_edgar:companyfacts
C,us,2023-12-31,2024-02-23T00:00:00,78462000000.0,,9228000000.0,-79999000000.0,,205453000000.0,324076000000.0,,4.04,sec_edgar:companyfacts
C,us,2024-03-31,2024-05-03T00:00:00,21104000000.0,,3371000000.0,-12438000000.0,,206585000000.0,317405000000.0,,1.58,sec_edgar:companyfacts
C,us,2024-06-30,2024-08-02T00:00:00,41243000000.0,,6588000000.0,-31042000000.0,,208310000000.0,319015000000.0,,3.1,sec_edgar:companyfacts
C,us,2024-09-30,2024-11-07T00:00:00,61558000000.0,,9826000000.0,-49277000000.0,,209083000000.0,340421000000.0,,4.61,sec_edgar:companyfacts
C,us,2024-12-31,2025-02-21T00:00:00,81139000000.0,,12682000000.0,-26169000000.0,,208598000000.0,335805000000.0,,5.94,sec_edgar:companyfacts
C,us,2025-03-31,2025-05-08T00:00:00,21596000000.0,,4064000000.0,-60225000000.0,,212408000000.0,344823000000.0,,1.96,sec_edgar:companyfacts
C,us,2025-06-30,2025-08-06T00:00:00,43264000000.0,,8083000000.0,-98559000000.0,,213222000000.0,373321000000.0,,3.92,sec_edgar:companyfacts
C,us,2025-09-30,2025-11-06T00:00:00,65354000000.0,,11835000000.0,-99076000000.0,,213023000000.0,370606000000.0,,5.78,sec_edgar:companyfacts
C,us,2025-12-31,2026-02-20T00:00:00,85225000000.0,,14306000000.0,-74152000000.0,,212291000000.0,367705000000.0,,6.99,sec_edgar:companyfacts
CAT,us,2006-12-31,2010-02-19T00:00:00,,,,,,6937000000.0,,,,sec_edgar:companyfacts
CAT,us,2007-12-31,2010-02-19T00:00:00,44958000000.0,,3541000000.0,,,8996000000.0,,,5.37,sec_edgar:companyfacts
CAT,us,2008-06-30,2009-08-12T00:00:00,25420000000.0,,2028000000.0,,,9583000000.0,,,3.18,sec_edgar:companyfacts
CAT,us,2008-09-30,2009-10-30T00:00:00,38401000000.0,,2896000000.0,,,9760000000.0,,,4.57,sec_edgar:companyfacts
CAT,us,2008-12-31,2011-02-22T00:00:00,51324000000.0,,3557000000.0,,,6190000000.0,30043000000.0,601500000.0,5.66,sec_edgar:companyfacts
CAT,us,2009-03-31,2010-05-03T00:00:00,9225000000.0,,-112000000.0,,,6336000000.0,,,-0.19,sec_edgar:companyfacts
CAT,us,2009-06-30,2009-08-12T00:00:00,17200000000.0,,259000000.0,,,7375000000.0,,,0.42,sec_edgar:companyfacts
CAT,us,2009-09-30,2009-10-30T00:00:00,24498000000.0,,663000000.0,,,8082000000.0,,,1.07,sec_edgar:companyfacts
CAT,us,2009-12-31,2011-02-22T00:00:00,32396000000.0,,895000000.0,,,8823000000.0,25930000000.0,624700000.0,1.43,sec_edgar:companyfacts
CAT,us,2010-03-31,2010-05-03T00:00:00,8238000000.0,,233000000.0,,,9022000000.0,,,0.36,sec_edgar:companyfacts
CAT,us,2010-06-30,2010-08-26T00:00:00,18647000000.0,,940000000.0,,,9272000000.0,,,1.46,sec_edgar:companyfacts
CAT,us,2010-09-30,2010-11-04T00:00:00,29781000000.0,,1732000000.0,,,9875000000.0,,,2.68,sec_edgar:companyfacts
CAT,us,2010-12-31,2011-02-22T00:00:00,42588000000.0,,2700000000.0,,,10864000000.0,24493000000.0,638800000.0,4.15,sec_edgar:companyfacts
CAT,us,2011-03-30,2012-02-21T00:00:00,12949000000.0,,,,,,,,1.84,sec_edgar:companyfacts
CAT,us,2011-03-31,2011-05-09T00:00:00,12949000000.0,,1225000000.0,,,12672000000.0,,,1.84,sec_edgar:companyfacts
CAT,us,2011-06-30,2011-08-04T00:00:00,27179000000.0,,2240000000.0,,,13436000000.0,,,3.36,sec_edgar:companyfacts
CAT,us,2011-09-30,2011-11-04T00:00:00,42895000000.0,,3381000000.0,,,14213000000.0,,,5.08,sec_edgar:companyfacts
CAT,us,2011-12-31,2012-02-21T00:00:00,60138000000.0,,,,,12929000000.0,28932000000.0,647500000.0,7.4,sec_edgar:companyfacts
CAT,us,2012-03-31,2013-05-02T00:00:00,15981000000.0,,,,,15016000000.0,,652300000.0,2.37,sec_edgar:companyfacts
CAT,us,2012-06-30,2013-08-02T00:00:00,33355000000.0,,,,,15981000000.0,,653300000.0,4.9,sec_edgar:companyfacts
CAT,us,2012-09-30,2013-11-01T00:00:00,49800000000.0,,,,,17936000000.0,,653900000.0,7.44,sec_edgar:companyfacts
CAT,us,2012-12-31,2013-02-19T00:00:00,65875000000.0,,,,,17582000000.0,33039000000.0,655000000.0,8.48,sec_edgar:companyfacts
CAT,us,2013-03-31,2013-05-02T00:00:00,13210000000.0,,,,,18318000000.0,,657500000.0,1.31,sec_edgar:companyfacts
CAT,us,2013-06-30,2013-08-02T00:00:00,27831000000.0,,,,,17678000000.0,,647600000.0,2.76,sec_edgar:companyfacts
CAT,us,2013-09-30,2013-11-01T00:00:00,41254000000.0,,,,,18177000000.0,,636400000.0,4.21,sec_edgar:companyfacts
CAT,us,2013-12-31,2014-02-18T00:00:00,55656000000.0,,,,,20878000000.0,30398000000.0,637800000.0,5.75,sec_edgar:companyfacts
CAT,us,2014-03-31,2014-05-02T00:00:00,13241000000.0,,,,,20369000000.0,,624200000.0,1.44,sec_edgar:companyfacts
CAT,us,2014-06-30,2014-08-01T00:00:00,27391000000.0,,,,,20923000000.0,,627800000.0,3.0,sec_edgar:companyfacts
CAT,us,2014-09-30,2014-10-31T00:00:00,40940000000.0,,,,,18896000000.0,,605400000.0,4.64,sec_edgar:companyfacts
CAT,us,2014-12-31,2015-02-17T00:00:00,55184000000.0,,,,,16826000000.0,32492000000.0,606200000.0,5.88,sec_edgar:companyfacts
CAT,us,2015-03-31,2015-05-01T00:00:00,12702000000.0,,,,,17038000000.0,,603600000.0,1.81,sec_edgar:companyfacts
CAT,us,2015-06-30,2015-07-31T00:00:00,25019000000.0,,,,,17161000000.0,,602600000.0,2.98,sec_edgar:companyfacts
CAT,us,2015-09-30,2015-10-30T00:00:00,35981000000.0,,,,,15968000000.0,,582200000.0,3.62,sec_edgar:companyfacts
CAT,us,2015-12-31,2016-02-16T00:00:00,47011000000.0,,,,,14885000000.0,32214000000.0,582300000.0,3.5,sec_edgar:companyfacts
CAT,us,2016-03-31,2016-05-02T00:00:00,9461000000.0,,,,,15753000000.0,,583900000.0,0.46,sec_edgar:companyfacts
CAT,us,2016-06-30,2016-08-03T00:00:00,19803000000.0,,,,,15303000000.0,,584200000.0,1.4,sec_edgar:companyfacts
CAT,us,2016-09-30,2016-11-02T00:00:00,28963000000.0,,,,,15715000000.0,,585100000.0,1.88,sec_edgar:companyfacts
CAT,us,2016-12-31,2017-02-15T00:00:00,38537000000.0,,,,,13213000000.0,30121000000.0,586500000.0,-0.11,sec_edgar:companyfacts
CAT,us,2017-01-01,2017-05-03T00:00:00,,,,,,13228000000.0,,,,sec_edgar:companyfacts
CAT,us,2017-03-31,2017-05-03T00:00:00,9822000000.0,,,,,13660000000.0,,589100000.0,0.32,sec_edgar:companyfacts
CAT,us,2017-06-30,2017-08-02T00:00:00,21153000000.0,,,,,14079000000.0,,591000000.0,1.67,sec_edgar:companyfacts
CAT,us,2017-09-30,2017-11-01T00:00:00,32566000000.0,,,,,15697000000.0,,594900000.0,3.44,sec_edgar:companyfacts
CAT,us,2017-12-31,2020-02-19T00:00:00,45462000000.0,,,,,13766000000.0,28684000000.0,597600000.0,1.26,sec_edgar:companyfacts
CAT,us,2018-01-01,2018-05-02T00:00:00,,,,,,13719000000.0,,,,sec_edgar:companyfacts
CAT,us,2018-03-31,2018-05-02T00:00:00,12859000000.0,,,,,15272000000.0,,597900000.0,2.74,sec_edgar:companyfacts
CAT,us,2018-06-30,2018-08-07T00:00:00,26870000000.0,,,,,14942000000.0,,594300000.0,5.56,sec_edgar:companyfacts
CAT,us,2018-09-30,2019-10-31T00:00:00,40380000000.0,,,,,15890000000.0,,590100000.0,8.45,sec_edgar:companyfacts
CAT,us,2018-12-31,2021-02-17T00:00:00,54722000000.0,,,5282000000.0,,14080000000.0,30723000000.0,575500000.0,10.26,sec_edgar:companyfacts
CAT,us,2019-01-01,2019-05-06T00:00:00,,,,,,14315000000.0,,,,sec_edgar:companyfacts
CAT,us,2019-03-31,2020-05-06T00:00:00,13466000000.0,,,843000000.0,,15478000000.0,,571700000.0,3.25,sec_edgar:companyfacts
CAT,us,2019-06-30,2020-08-05T00:00:00,27898000000.0,,,3230000000.0,,14878000000.0,,562600000.0,6.08,sec_edgar:companyfacts
CAT,us,2019-09-30,2020-11-04T00:00:00,40656000000.0,,,3755000000.0,,14993000000.0,,552700000.0,8.75,sec_edgar:companyfacts
CAT,us,2019-12-31,2021-02-17T00:00:00,53800000000.0,,,5856000000.0,,14629000000.0,31447000000.0,550100000.0,10.74,sec_edgar:companyfacts
CAT,us,2020-01-01,2020-05-06T00:00:00,,,,,,14604000000.0,,,,sec_edgar:companyfacts
CAT,us,2020-03-31,2020-05-06T00:00:00,10635000000.0,,,825000000.0,,14239000000.0,,542000000.0,1.98,sec_edgar:companyfacts
CAT,us,2020-06-30,2020-08-05T00:00:00,20632000000.0,,,2049000000.0,,13777000000.0,,541500000.0,2.83,sec_edgar:companyfacts
CAT,us,2020-09-30,2020-11-04T00:00:00,30513000000.0,,,3569000000.0,,14994000000.0,,543300000.0,4.05,sec_edgar:companyfacts
CAT,us,2020-12-31,2021-02-17T00:00:00,41748000000.0,,,5349000000.0,,15378000000.0,28014000000.0,545300000.0,5.46,sec_edgar:companyfacts
CAT,us,2021-03-31,2021-05-05T00:00:00,11887000000.0,,,1676000000.0,,16617000000.0,,547800000.0,2.77,sec_edgar:companyfacts
CAT,us,2021-06-30,2021-08-04T00:00:00,24776000000.0,,,3627000000.0,,16880000000.0,,547500000.0,5.33,sec_edgar:companyfacts
CAT,us,2021-09-30,2021-11-03T00:00:00,37173000000.0,,,5113000000.0,,16695000000.0,,540900000.0,7.94,sec_edgar:companyfacts
CAT,us,2021-12-31,2022-02-16T00:00:00,50971000000.0,,,6105000000.0,,16516000000.0,31437000000.0,535900000.0,11.83,sec_edgar:companyfacts
CAT,us,2022-03-31,2022-05-04T00:00:00,13589000000.0,,,-33000000.0,,17097000000.0,,533400000.0,2.86,sec_edgar:companyfacts
CAT,us,2022-06-30,2022-08-03T00:00:00,27836000000.0,,,1960000000.0,,15759000000.0,,527900000.0,5.99,sec_edgar:companyfacts
CAT,us,2022-09-30,2022-11-02T00:00:00,42830000000.0,,,4159000000.0,,15622000000.0,,520400000.0,9.85,sec_edgar:companyfacts
CAT,us,2022-12-31,2023-02-15T00:00:00,59427000000.0,,,6470000000.0,,15891000000.0,31671000000.0,516300000.0,12.64,sec_edgar:companyfacts
CAT,us,2023-03-31,2023-05-03T00:00:00,15862000000.0,,,1151000000.0,,18170000000.0,,515900000.0,3.74,sec_edgar:companyfacts
CAT,us,2023-06-30,2023-08-02T00:00:00,33180000000.0,,,4139000000.0,,18256000000.0,,510100000.0,9.41,sec_edgar:companyfacts
CAT,us,2023-09-30,2023-11-01T00:00:00,49990000000.0,,,7821000000.0,,20507000000.0,,509100000.0,14.85,sec_edgar:companyfacts
CAT,us,2023-12-31,2024-02-16T00:00:00,67060000000.0,,,11288000000.0,,19503000000.0,29115000000.0,499400000.0,20.12,sec_edgar:companyfacts
CAT,us,2024-03-31,2024-05-01T00:00:00,15799000000.0,,,1552000000.0,,17645000000.0,,489300000.0,5.75,sec_edgar:companyfacts
CAT,us,2024-06-30,2024-08-07T00:00:00,32488000000.0,,,4232000000.0,,17136000000.0,,484900000.0,11.23,sec_edgar:companyfacts
CAT,us,2024-09-30,2024-11-06T00:00:00,48594000000.0,,,7357000000.0,,19403000000.0,,482800000.0,16.27,sec_edgar:companyfacts
CAT,us,2024-12-31,2025-02-14T00:00:00,64809000000.0,,,10047000000.0,,19494000000.0,31744000000.0,477900000.0,22.05,sec_edgar:companyfacts
CAT,us,2025-03-31,2025-05-07T00:00:00,14249000000.0,,,579000000.0,,18070000000.0,,471000000.0,4.2,sec_edgar:companyfacts
CAT,us,2025-06-30,2025-08-06T00:00:00,30818000000.0,,,3146000000.0,,18663000000.0,,468500000.0,8.82,sec_edgar:companyfacts
CAT,us,2025-09-30,2025-11-03T00:00:00,48456000000.0,,,6225000000.0,,20659000000.0,,468000000.0,13.69,sec_edgar:companyfacts
CAT,us,2025-12-31,2026-02-13T00:00:00,67589000000.0,,,8918000000.0,,21318000000.0,36210000000.0,465300000.0,18.81,sec_edgar:companyfacts
CAT,us,2026-03-31,2026-05-06T00:00:00,17415000000.0,,,1142000000.0,,18660000000.0,,460600000.0,5.47,sec_edgar:companyfacts
CL,us,2007-12-31,2011-02-24T00:00:00,,,1737000000.0,,,,,509034801.0,3.2,sec_edgar:companyfacts
CL,us,2008-06-30,2009-07-30T00:00:00,,,960300000.0,,,,,,1.78,sec_edgar:companyfacts
CL,us,2008-09-30,2009-10-29T00:00:00,,,1460000000.0,,,,,,2.72,sec_edgar:companyfacts
CL,us,2008-12-31,2011-02-24T00:00:00,,,1957000000.0,,,1922100000.0,,501412580.0,3.66,sec_edgar:companyfacts
CL,us,2009-03-31,2010-04-29T00:00:00,,,508000000.0,,,,,,0.97,sec_edgar:companyfacts
CL,us,2009-06-30,2009-07-30T00:00:00,,,1069500000.0,,,2540300000.0,,,2.04,sec_edgar:companyfacts
CL,us,2009-09-30,2009-10-29T00:00:00,,,1660000000.0,,,2952000000.0,,,3.16,sec_edgar:companyfacts
CL,us,2009-12-31,2011-02-24T00:00:00,,,2291000000.0,,,3116000000.0,3147000000.0,494165017.0,4.37,sec_edgar:companyfacts
CL,us,2010-03-31,2010-04-29T00:00:00,,,357000000.0,,,2595000000.0,,,0.69,sec_edgar:companyfacts
CL,us,2010-06-30,2010-07-29T00:00:00,,,960000000.0,,,2632000000.0,,,1.86,sec_edgar:companyfacts
CL,us,2010-09-30,2010-10-28T00:00:00,,,1579000000.0,,,2672000000.0,,,3.07,sec_edgar:companyfacts
CL,us,2010-12-31,2011-02-24T00:00:00,,,2203000000.0,,,2675000000.0,3376000000.0,494850467.0,4.31,sec_edgar:companyfacts
CL,us,2011-03-31,2011-04-28T00:00:00,,,576000000.0,,,2419000000.0,,,1.16,sec_edgar:companyfacts
CL,us,2011-06-30,2011-07-28T00:00:00,,,1198000000.0,,,2969000000.0,,,2.42,sec_edgar:companyfacts
CL,us,2011-09-30,2011-10-27T00:00:00,,,1841000000.0,,,2667000000.0,,,3.73,sec_edgar:companyfacts
CL,us,2011-12-31,2014-02-20T00:00:00,16734000000.0,,2431000000.0,2359000000.0,,2375000000.0,4776000000.0,480018075.0,4.94,sec_edgar:companyfacts
CL,us,2012-03-31,2012-04-26T00:00:00,,,593000000.0,,,2290000000.0,,,1.23,sec_edgar:companyfacts
CL,us,2012-06-30,2013-07-25T00:00:00,8467000000.0,,1220000000.0,,,2306000000.0,,,2.53,sec_edgar:companyfacts
CL,us,2012-09-30,2013-10-24T00:00:00,12799000000.0,,1874000000.0,,,2507000000.0,,,3.89,sec_edgar:companyfacts
CL,us,2012-12-31,2014-02-20T00:00:00,17085000000.0,,2472000000.0,2631000000.0,,2189000000.0,5176000000.0,467864338.0,5.15,sec_edgar:companyfacts
CL,us,2013-03-31,2014-04-25T00:00:00,4315000000.0,,460000000.0,,,1772000000.0,,,0.97,sec_edgar:companyfacts
CL,us,2013-06-30,2013-07-25T00:00:00,8661000000.0,,1021000000.0,,,1531000000.0,,,1.08,sec_edgar:companyfacts
CL,us,2013-09-30,2013-10-24T00:00:00,13059000000.0,,1677000000.0,,,1784000000.0,,,1.78,sec_edgar:companyfacts
CL,us,2013-12-31,2014-02-20T00:00:00,17420000000.0,,2241000000.0,2534000000.0,,2305000000.0,5644000000.0,919946575.0,2.38,sec_edgar:companyfacts
CL,us,2014-03-31,2014-04-25T00:00:00,4325000000.0,,388000000.0,,,1630000000.0,,,0.42,sec_edgar:companyfacts
CL,us,2014-06-30,2014-07-31T00:00:00,8677000000.0,,1010000000.0,,,1779000000.0,,,1.09,sec_edgar:companyfacts
CL,us,2014-09-30,2014-10-24T00:00:00,13056000000.0,,1552000000.0,,,1420000000.0,,,1.68,sec_edgar:companyfacts
CL,us,2014-12-31,2015-02-19T00:00:00,17277000000.0,,2180000000.0,2541000000.0,,1145000000.0,6132000000.0,906712145.0,2.36,sec_edgar:companyfacts
CL,us,2015-03-31,2015-04-30T00:00:00,4070000000.0,,542000000.0,,,460000000.0,,,0.59,sec_edgar:companyfacts
CL,us,2015-06-30,2015-07-30T00:00:00,8136000000.0,,1116000000.0,,,454000000.0,,,1.22,sec_edgar:companyfacts
CL,us,2015-09-30,2015-10-30T00:00:00,12135000000.0,,1842000000.0,,,255000000.0,,,2.02,sec_edgar:companyfacts
CL,us,2015-12-31,2016-02-18T00:00:00,16034000000.0,,1384000000.0,2258000000.0,,-299000000.0,6567000000.0,892738518.0,1.52,sec_edgar:companyfacts
CL,us,2016-03-31,2016-04-28T00:00:00,3762000000.0,,533000000.0,,,-370000000.0,,,0.59,sec_edgar:companyfacts
CL,us,2016-06-30,2016-07-28T00:00:00,7607000000.0,,1133000000.0,,,-281000000.0,,,1.26,sec_edgar:companyfacts
CL,us,2016-09-30,2016-10-27T00:00:00,11474000000.0,,1835000000.0,,,-133000000.0,,,2.04,sec_edgar:companyfacts
CL,us,2016-12-31,2017-02-23T00:00:00,15195000000.0,,2441000000.0,2548000000.0,,-243000000.0,6520000000.0,883108963.0,2.72,sec_edgar:companyfacts
CL,us,2017-03-31,2017-04-28T00:00:00,3762000000.0,,570000000.0,,,-313000000.0,,,0.64,sec_edgar:companyfacts
CL,us,2017-06-30,2017-07-21T00:00:00,7588000000.0,,1094000000.0,,,-242000000.0,,,1.23,sec_edgar:companyfacts
CL,us,2017-09-30,2017-10-27T00:00:00,11562000000.0,,1701000000.0,,,-108000000.0,,,1.91,sec_edgar:companyfacts
CL,us,2017-12-31,2018-02-15T00:00:00,15454000000.0,,2024000000.0,2501000000.0,,-60000000.0,6566000000.0,874701118.0,2.28,sec_edgar:companyfacts
CL,us,2018-03-31,2018-04-27T00:00:00,4002000000.0,,634000000.0,,,-249000000.0,,,0.72,sec_edgar:companyfacts
CL,us,2018-06-30,2018-07-27T00:00:00,,,1271000000.0,,,-523000000.0,,,1.45,sec_edgar:companyfacts
CL,us,2018-09-30,2018-10-26T00:00:00,,,1794000000.0,,,-430000000.0,,,2.05,sec_edgar:companyfacts
CL,us,2018-12-31,2019-02-21T00:00:00,,,2400000000.0,2620000000.0,,-102000000.0,6354000000.0,862912792.0,2.75,sec_edgar:companyfacts
CL,us,2019-03-31,2019-04-26T00:00:00,,,560000000.0,,,-552000000.0,,,0.65,sec_edgar:companyfacts
CL,us,2019-06-30,2019-07-26T00:00:00,,,1146000000.0,,,-347000000.0,,,1.33,sec_edgar:companyfacts
CL,us,2019-09-30,2019-11-01T00:00:00,,,1724000000.0,,,-324000000.0,,,2.0,sec_edgar:companyfacts
CL,us,2019-12-31,2020-02-21T00:00:00,,,2367000000.0,2798000000.0,,117000000.0,,854701779.0,2.75,sec_edgar:companyfacts
CL,us,2020-03-31,2020-05-01T00:00:00,,,715000000.0,,,-113000000.0,,,0.83,sec_edgar:companyfacts
CL,us,2020-06-30,2020-07-31T00:00:00,,,1350000000.0,,,268000000.0,,,1.57,sec_edgar:companyfacts
CL,us,2020-09-30,2020-10-30T00:00:00,,,2048000000.0,,,653000000.0,,,2.38,sec_edgar:companyfacts
CL,us,2020-12-31,2021-02-18T00:00:00,,,2695000000.0,3310000000.0,,743000000.0,,849893601.0,3.14,sec_edgar:companyfacts
CL,us,2021-03-31,2021-04-30T00:00:00,,,681000000.0,,,262000000.0,,,0.8,sec_edgar:companyfacts
CL,us,2021-06-30,2021-07-30T00:00:00,,,1384000000.0,,,464000000.0,,,1.63,sec_edgar:companyfacts
CL,us,2021-09-30,2021-10-29T00:00:00,,,2018000000.0,,,591000000.0,,,2.38,sec_edgar:companyfacts
CL,us,2021-12-31,2022-02-17T00:00:00,,,2166000000.0,2758000000.0,,609000000.0,,840480284.0,2.55,sec_edgar:companyfacts
CL,us,2022-03-31,2022-04-29T00:00:00,,,559000000.0,,,321000000.0,,,0.66,sec_edgar:companyfacts
CL,us,2022-06-30,2022-07-29T00:00:00,,,1162000000.0,,,168000000.0,,,1.38,sec_edgar:companyfacts
CL,us,2022-09-30,2022-10-28T00:00:00,,,1780000000.0,,,622000000.0,,,2.12,sec_edgar:companyfacts
CL,us,2022-12-31,2023-02-16T00:00:00,,,1785000000.0,1860000000.0,,401000000.0,,830212606.0,2.13,sec_edgar:companyfacts
CL,us,2023-03-31,2023-04-28T00:00:00,,,372000000.0,,,-6000000.0,,,0.45,sec_edgar:companyfacts
CL,us,2023-06-30,2023-07-28T00:00:00,,,874000000.0,,,-64000000.0,,,1.05,sec_edgar:companyfacts
CL,us,2023-09-30,2023-10-27T00:00:00,,,1582000000.0,,,-9000000.0,,,1.9,sec_edgar:companyfacts
CL,us,2023-12-31,2024-02-15T00:00:00,,,2300000000.0,,,609000000.0,,821412769.0,2.77,sec_edgar:companyfacts
CL,us,2024-03-31,2024-04-26T00:00:00,,,683000000.0,,,230000000.0,,,0.83,sec_edgar:companyfacts
CL,us,2024-06-30,2024-07-26T00:00:00,,,1414000000.0,,,123000000.0,,,1.71,sec_edgar:companyfacts
CL,us,2024-09-30,2024-10-25T00:00:00,,,2150000000.0,,,435000000.0,,,2.61,sec_edgar:companyfacts
CL,us,2024-12-31,2025-02-13T00:00:00,,,2889000000.0,,,212000000.0,7005000000.0,812574698.0,3.51,sec_edgar:companyfacts
CL,us,2025-03-31,2025-04-25T00:00:00,,,690000000.0,,,363000000.0,,,0.85,sec_edgar:companyfacts
CL,us,2025-06-30,2025-08-01T00:00:00,,,1433000000.0,,,702000000.0,,,1.76,sec_edgar:companyfacts
CL,us,2025-09-30,2025-10-31T00:00:00,,,2169000000.0,,,856000000.0,,,2.67,sec_edgar:companyfacts
CL,us,2025-12-31,2026-02-23T00:00:00,,,2132000000.0,,,54000000.0,7839000000.0,801239524.0,2.63,sec_edgar:companyfacts
CL,us,2026-03-31,2026-05-01T00:00:00,,,646000000.0,,,145000000.0,,,0.8,sec_edgar:companyfacts
CMCSA,us,2007-12-31,2010-02-23T00:00:00,31060000000.0,,2587000000.0,2031000000.0,,,,,0.83,sec_edgar:companyfacts
CMCSA,us,2008-06-30,2009-08-06T00:00:00,16942000000.0,,1364000000.0,2197000000.0,,,,,0.46,sec_edgar:companyfacts
CMCSA,us,2008-09-30,2009-11-04T00:00:00,25491000000.0,,2135000000.0,3336000000.0,,,,,0.72,sec_edgar:companyfacts
CMCSA,us,2008-12-31,2010-02-23T00:00:00,34423000000.0,,2547000000.0,4481000000.0,,40450000000.0,2278000000.0,,0.86,sec_edgar:companyfacts
CMCSA,us,2009-03-31,2010-04-28T00:00:00,8866000000.0,,772000000.0,1352000000.0,,,,,0.27,sec_edgar:companyfacts
CMCSA,us,2009-06-30,2009-08-06T00:00:00,17773000000.0,,1739000000.0,2832000000.0,,41733000000.0,4167000000.0,,0.6,sec_edgar:companyfacts
CMCSA,us,2009-09-30,2009-11-04T00:00:00,26575000000.0,,2683000000.0,4217000000.0,,42311000000.0,954000000.0,2062064242.0,0.93,sec_edgar:companyfacts
CMCSA,us,2009-12-31,2010-02-23T00:00:00,35756000000.0,,3638000000.0,5164000000.0,,42721000000.0,1156000000.0,2063073161.0,1.26,sec_edgar:companyfacts
CMCSA,us,2010-03-31,2010-04-28T00:00:00,9202000000.0,,866000000.0,1978000000.0,,43082000000.0,2337000000.0,,0.31,sec_edgar:companyfacts
CMCSA,us,2010-06-30,2010-07-28T00:00:00,18727000000.0,,1750000000.0,3269000000.0,,43437000000.0,2308000000.0,,0.62,sec_edgar:companyfacts
CMCSA,us,2010-09-30,2010-10-27T00:00:00,28216000000.0,,2617000000.0,4303000000.0,,43784000000.0,2300000000.0,,0.93,sec_edgar:companyfacts
CMCSA,us,2010-12-31,2011-02-25T00:00:00,37937000000.0,,3635000000.0,6218000000.0,,44354000000.0,1800000000.0,,1.29,sec_edgar:companyfacts
CMCSA,us,2011-03-31,2011-05-05T00:00:00,12128000000.0,,943000000.0,2362000000.0,,46328000000.0,2296000000.0,,0.34,sec_edgar:companyfacts
CMCSA,us,2011-06-30,2011-08-03T00:00:00,26461000000.0,,1965000000.0,4579000000.0,,46643000000.0,1350000000.0,,0.7,sec_edgar:companyfacts
CMCSA,us,2011-09-30,2011-11-02T00:00:00,40800000000.0,,2873000000.0,6421000000.0,,46683000000.0,2448000000.0,,1.03,sec_edgar:companyfacts
CMCSA,us,2011-12-31,2012-02-23T00:00:00,55842000000.0,,4160000000.0,9038000000.0,,47274000000.0,1367000000.0,,1.5,sec_edgar:companyfacts
CMCSA,us,2012-03-31,2012-05-02T00:00:00,14878000000.0,,1224000000.0,3219000000.0,,47476000000.0,2705000000.0,,0.45,sec_edgar:companyfacts
CMCSA,us,2012-06-30,2012-08-01T00:00:00,30089000000.0,,2572000000.0,5354000000.0,,47731000000.0,2954000000.0,,0.94,sec_edgar:companyfacts
CMCSA,us,2012-09-30,2012-10-26T00:00:00,46633000000.0,,4685000000.0,7196000000.0,,48892000000.0,2799000000.0,,1.72,sec_edgar:companyfacts
CMCSA,us,2012-12-31,2013-02-21T00:00:00,62570000000.0,,6203000000.0,9140000000.0,,49356000000.0,2376000000.0,,2.28,sec_edgar:companyfacts
CMCSA,us,2013-03-31,2013-05-01T00:00:00,15310000000.0,,1437000000.0,3008000000.0,,48190000000.0,2177000000.0,,0.54,sec_edgar:companyfacts
CMCSA,us,2013-06-30,2013-07-31T00:00:00,31580000000.0,,3171000000.0,4818000000.0,,49091000000.0,2535000000.0,,1.19,sec_edgar:companyfacts
CMCSA,us,2013-09-30,2013-10-30T00:00:00,47731000000.0,,4903000000.0,7086000000.0,,49718000000.0,2337000000.0,,1.84,sec_edgar:companyfacts
CMCSA,us,2013-12-31,2014-02-12T00:00:00,64657000000.0,,6816000000.0,7564000000.0,,50694000000.0,3280000000.0,,2.56,sec_edgar:companyfacts
CMCSA,us,2014-03-31,2014-04-22T00:00:00,17408000000.0,,1871000000.0,3038000000.0,,51268000000.0,2819000000.0,,0.71,sec_edgar:companyfacts
CMCSA,us,2014-06-30,2014-07-24T00:00:00,34252000000.0,,3863000000.0,4301000000.0,,51971000000.0,2947000000.0,,1.47,sec_edgar:companyfacts
CMCSA,us,2014-09-30,2014-10-23T00:00:00,51043000000.0,,6455000000.0,7106000000.0,,53298000000.0,3523000000.0,,2.46,sec_edgar:companyfacts
CMCSA,us,2014-12-31,2015-02-27T00:00:00,68775000000.0,,8380000000.0,9525000000.0,,52711000000.0,4217000000.0,,3.2,sec_edgar:companyfacts
CMCSA,us,2015-03-31,2015-05-04T00:00:00,17853000000.0,,2059000000.0,3519000000.0,,52171000000.0,4180000000.0,,0.81,sec_edgar:companyfacts
CMCSA,us,2015-06-30,2015-07-23T00:00:00,36596000000.0,,4196000000.0,5137000000.0,,52400000000.0,3887000000.0,,1.65,sec_edgar:companyfacts
CMCSA,us,2015-09-30,2015-10-27T00:00:00,55265000000.0,,6192000000.0,7951000000.0,,51716000000.0,3152000000.0,,2.45,sec_edgar:companyfacts
CMCSA,us,2015-12-31,2016-02-05T00:00:00,74510000000.0,,8163000000.0,10279000000.0,,52269000000.0,3627000000.0,,3.24,sec_edgar:companyfacts
CMCSA,us,2016-03-31,2016-04-27T00:00:00,18790000000.0,,2134000000.0,3225000000.0,,52642000000.0,4119000000.0,,0.87,sec_edgar:companyfacts
CMCSA,us,2016-06-30,2016-07-27T00:00:00,38059000000.0,,4162000000.0,5227000000.0,,53098000000.0,2934000000.0,,1.7,sec_edgar:companyfacts
CMCSA,us,2016-09-30,2016-10-26T00:00:00,59378000000.0,,6399000000.0,6935000000.0,,53481000000.0,3333000000.0,,2.62,sec_edgar:companyfacts
CMCSA,us,2016-12-31,2017-02-03T00:00:00,80403000000.0,,8695000000.0,10105000000.0,,53943000000.0,5480000000.0,,3.57,sec_edgar:companyfacts
CMCSA,us,2017-03-31,2017-04-27T00:00:00,20463000000.0,,2566000000.0,3578000000.0,,55059000000.0,3509000000.0,,0.53,sec_edgar:companyfacts
CMCSA,us,2017-06-30,2017-07-27T00:00:00,41628000000.0,,5079000000.0,6409000000.0,,55005000000.0,6358000000.0,,1.05,sec_edgar:companyfacts
CMCSA,us,2017-09-30,2017-10-26T00:00:00,62611000000.0,,7729000000.0,9122000000.0,,55427000000.0,5241000000.0,,1.61,sec_edgar:companyfacts
CMCSA,us,2017-12-31,2018-01-31T00:00:00,84526000000.0,,22714000000.0,11853000000.0,,68606000000.0,5134000000.0,,4.75,sec_edgar:companyfacts
CMCSA,us,2018-03-31,2018-04-25T00:00:00,22791000000.0,,3118000000.0,3501000000.0,,69482000000.0,3039000000.0,,0.66,sec_edgar:companyfacts
CMCSA,us,2018-06-30,2018-07-26T00:00:00,44526000000.0,,6334000000.0,8314000000.0,,70694000000.0,2634000000.0,,1.36,sec_edgar:companyfacts
CMCSA,us,2018-09-30,2018-10-25T00:00:00,66661000000.0,,9220000000.0,11900000000.0,,71523000000.0,3173000000.0,,1.98,sec_edgar:companyfacts
CMCSA,us,2018-12-31,2019-01-31T00:00:00,94507000000.0,,11731000000.0,14523000000.0,,71613000000.0,4398000000.0,,2.53,sec_edgar:companyfacts
CMCSA,us,2019-03-31,2019-04-25T00:00:00,26859000000.0,,3553000000.0,5139000000.0,,74959000000.0,4629000000.0,,0.77,sec_edgar:companyfacts
CMCSA,us,2019-06-30,2019-07-25T00:00:00,53717000000.0,,6678000000.0,9916000000.0,,76850000000.0,6365000000.0,,1.45,sec_edgar:companyfacts
CMCSA,us,2019-09-30,2019-10-24T00:00:00,80544000000.0,,9895000000.0,12596000000.0,,78144000000.0,1039000000.0,,2.15,sec_edgar:companyfacts
CMCSA,us,2019-12-31,2020-01-30T00:00:00,108942000000.0,,13057000000.0,15744000000.0,,82726000000.0,4452000000.0,,2.83,sec_edgar:companyfacts
CMCSA,us,2020-03-31,2020-04-30T00:00:00,26609000000.0,,2147000000.0,3943000000.0,,81506000000.0,2973000000.0,,0.46,sec_edgar:companyfacts
CMCSA,us,2020-06-30,2020-07-30T00:00:00,50324000000.0,,5135000000.0,10510000000.0,,83614000000.0,4046000000.0,,1.11,sec_edgar:companyfacts
CMCSA,us,2020-09-30,2020-10-29T00:00:00,75856000000.0,,7154000000.0,13351000000.0,,86176000000.0,4429000000.0,,1.55,sec_edgar:companyfacts
CMCSA,us,2020-12-31,2021-02-04T00:00:00,103564000000.0,,10534000000.0,15558000000.0,,90323000000.0,3146000000.0,,2.28,sec_edgar:companyfacts
CMCSA,us,2021-03-31,2021-04-29T00:00:00,27205000000.0,,3329000000.0,5892000000.0,,92575000000.0,4777000000.0,,0.71,sec_edgar:companyfacts
CMCSA,us,2021-06-30,2021-07-29T00:00:00,55751000000.0,,7067000000.0,11354000000.0,,94935000000.0,3407000000.0,,1.51,sec_edgar:companyfacts
CMCSA,us,2021-09-30,2021-10-28T00:00:00,86049000000.0,,11102000000.0,15311000000.0,,95782000000.0,695000000.0,,2.38,sec_edgar:companyfacts
CMCSA,us,2021-12-31,2022-02-02T00:00:00,116385000000.0,,14159000000.0,19972000000.0,,96092000000.0,2132000000.0,,3.04,sec_edgar:companyfacts
CMCSA,us,2022-03-31,2022-04-28T00:00:00,31010000000.0,,3549000000.0,5401000000.0,,94693000000.0,2117000000.0,,0.78,sec_edgar:companyfacts
CMCSA,us,2022-06-30,2022-07-28T00:00:00,61026000000.0,,6945000000.0,9314000000.0,,91426000000.0,2083000000.0,,1.54,sec_edgar:companyfacts
CMCSA,us,2022-09-30,2022-10-27T00:00:00,90874000000.0,,2347000000.0,13468000000.0,,80296000000.0,2047000000.0,,0.52,sec_edgar:companyfacts
CMCSA,us,2022-12-31,2023-02-03T00:00:00,121427000000.0,,5370000000.0,15787000000.0,,80943000000.0,1743000000.0,,1.21,sec_edgar:companyfacts
CMCSA,us,2023-03-31,2023-04-27T00:00:00,29691000000.0,,3834000000.0,4564000000.0,,82421000000.0,1130000000.0,,0.91,sec_edgar:companyfacts
CMCSA,us,2023-06-30,2023-07-27T00:00:00,60205000000.0,,8082000000.0,8799000000.0,,84119000000.0,2524000000.0,,1.92,sec_edgar:companyfacts
CMCSA,us,2023-09-30,2023-10-26T00:00:00,90319000000.0,,12128000000.0,13657000000.0,,82625000000.0,2978000000.0,,2.9,sec_edgar:companyfacts
CMCSA,us,2023-12-31,2024-01-31T00:00:00,121572000000.0,,15388000000.0,16259000000.0,,82703000000.0,2069000000.0,,3.71,sec_edgar:companyfacts
CMCSA,us,2024-03-31,2024-04-25T00:00:00,,,3857000000.0,5218000000.0,,82549000000.0,2502000000.0,,0.97,sec_edgar:companyfacts
CMCSA,us,2024-06-30,2024-07-23T00:00:00,,,7785000000.0,7218000000.0,,83219000000.0,1021000000.0,,1.97,sec_edgar:companyfacts
CMCSA,us,2024-09-30,2024-10-31T00:00:00,,,11415000000.0,11326000000.0,,85774000000.0,2610000000.0,,2.9,sec_edgar:companyfacts
CMCSA,us,2024-12-31,2025-01-31T00:00:00,,,16192000000.0,15492000000.0,,85560000000.0,4907000000.0,,4.14,sec_edgar:companyfacts
CMCSA,us,2025-03-31,2025-04-24T00:00:00,,,3375000000.0,6042000000.0,,86638000000.0,6848000000.0,,0.89,sec_edgar:companyfacts
CMCSA,us,2025-06-30,2025-07-31T00:00:00,,,14498000000.0,11179000000.0,,96851000000.0,5720000000.0,,3.86,sec_edgar:companyfacts
CMCSA,us,2025-09-30,2025-10-30T00:00:00,,,17830000000.0,16801000000.0,,97081000000.0,5852000000.0,,4.78,sec_edgar:companyfacts
CMCSA,us,2025-12-31,2026-02-03T00:00:00,,,19998000000.0,21893000000.0,,96903000000.0,5958000000.0,,5.39,sec_edgar:companyfacts
CMCSA,us,2026-03-31,2026-04-23T00:00:00,,,2174000000.0,4540000000.0,,88274000000.0,5394000000.0,,0.6,sec_edgar:companyfacts
COF,us,2006-12-31,2010-02-26T00:00:00,,,,,,25235206000.0,,,,sec_edgar:companyfacts
COF,us,2007-12-31,2010-02-26T00:00:00,,,1570332000.0,12463335000.0,,24294112000.0,,,3.97,sec_edgar:companyfacts
COF,us,2008-06-30,2009-08-10T00:00:00,,,1001409000.0,2300723000.0,,24921465000.0,,,2.69,sec_edgar:companyfacts
COF,us,2008-09-30,2009-11-09T00:00:00,,,1375548000.0,3811073000.0,,25611540000.0,,,3.68,sec_edgar:companyfacts
COF,us,2008-12-31,2011-03-07T00:00:00,13893000000.0,,-45998000.0,3126648000.0,,26612433000.0,,,-0.21,sec_edgar:companyfacts
COF,us,2009-03-31,2010-05-07T00:00:00,,,-108062000.0,1372349000.0,,26747976000.0,,,-0.44,sec_edgar:companyfacts
COF,us,2009-06-30,2009-08-10T00:00:00,,,112324000.0,2964503000.0,,25329576000.0,,,-1.11,sec_edgar:companyfacts
COF,us,2009-09-30,2009-11-09T00:00:00,,,537963000.0,2917455000.0,,26222152000.0,,,-0.06,sec_edgar:companyfacts
COF,us,2009-12-31,2011-03-07T00:00:00,12983000000.0,,883781000.0,2565323000.0,,26589410000.0,21014000000.0,,0.74,sec_edgar:companyfacts
COF,us,2010-03-31,2010-05-07T00:00:00,,,636263000.0,1950495000.0,,24374382000.0,,,1.4,sec_edgar:companyfacts
COF,us,2010-06-30,2010-08-09T00:00:00,,,1244000000.0,4661000000.0,,25270000000.0,,,2.73,sec_edgar:companyfacts
COF,us,2010-09-30,2010-11-08T00:00:00,,,2046000000.0,7795000000.0,,26061000000.0,44333000000.0,,4.49,sec_edgar:companyfacts
COF,us,2010-12-31,2011-03-07T00:00:00,16171000000.0,,2743000000.0,7802000000.0,,26541000000.0,41796000000.0,,6.01,sec_edgar:companyfacts
COF,us,2011-03-31,2011-05-10T00:00:00,,,1016000000.0,1802000000.0,,27550000000.0,39797000000.0,,2.21,sec_edgar:companyfacts
COF,us,2011-06-30,2011-08-05T00:00:00,,,1927000000.0,4202000000.0,,28681000000.0,37735000000.0,,4.18,sec_edgar:companyfacts
COF,us,2011-09-30,2011-11-07T00:00:00,,,2740000000.0,5647000000.0,,29378000000.0,34315000000.0,,5.95,sec_edgar:companyfacts
COF,us,2011-12-31,2013-02-28T00:00:00,16279000000.0,,3147000000.0,7140000000.0,,29666000000.0,39561000000.0,459947217.0,6.8,sec_edgar:companyfacts
COF,us,2012-03-31,2012-05-08T00:00:00,,,1403000000.0,1310000000.0,,36950000000.0,32885000000.0,,2.72,sec_edgar:companyfacts
COF,us,2012-06-30,2013-08-08T00:00:00,9990000000.0,,1496000000.0,2890000000.0,,37192000000.0,35874000000.0,,2.72,sec_edgar:companyfacts
COF,us,2012-09-30,2013-11-06T00:00:00,15772000000.0,,2674000000.0,7774000000.0,,39672000000.0,38377000000.0,,4.75,sec_edgar:companyfacts
COF,us,2012-12-31,2014-02-27T00:00:00,21396000000.0,,3517000000.0,8500000000.0,,40499000000.0,49910000000.0,582207133.0,6.16,sec_edgar:companyfacts
COF,us,2013-03-31,2014-05-06T00:00:00,5551000000.0,,1066000000.0,2558000000.0,,41296000000.0,37492000000.0,583982235.0,1.79,sec_edgar:companyfacts
COF,us,2013-06-30,2013-08-08T00:00:00,11189000000.0,,2183000000.0,5182000000.0,,41041000000.0,36231000000.0,584862301.0,3.65,sec_edgar:companyfacts
COF,us,2013-09-30,2013-11-06T00:00:00,16840000000.0,,3300000000.0,14642000000.0,,41750000000.0,31845000000.0,581943560.0,5.51,sec_edgar:companyfacts
COF,us,2013-12-31,2014-02-27T00:00:00,22384000000.0,,4159000000.0,9166000000.0,,41744000000.0,40654000000.0,572675375.0,6.96,sec_edgar:companyfacts
COF,us,2014-03-31,2014-05-06T00:00:00,5370000000.0,,1154000000.0,3030000000.0,,42801000000.0,30118000000.0,572919084.0,1.96,sec_edgar:companyfacts
COF,us,2014-06-30,2014-08-05T00:00:00,10838000000.0,,2348000000.0,4670000000.0,,43815000000.0,39114000000.0,561849971.0,4.0,sec_edgar:companyfacts
COF,us,2014-09-30,2014-11-03T00:00:00,16477000000.0,,3429000000.0,7296000000.0,,44018000000.0,42243000000.0,558526922.0,5.86,sec_edgar:companyfacts
COF,us,2014-12-31,2015-02-24T00:00:00,22290000000.0,,4428000000.0,8802000000.0,,45053000000.0,48457000000.0,553391311.0,7.59,sec_edgar:companyfacts
COF,us,2015-03-31,2015-05-05T00:00:00,5647000000.0,,1153000000.0,1840000000.0,,45730000000.0,41029000000.0,548003155.0,2.0,sec_edgar:companyfacts
COF,us,2015-06-30,2015-08-03T00:00:00,11319000000.0,,2016000000.0,4119000000.0,,46659000000.0,45766000000.0,542460867.0,3.51,sec_edgar:companyfacts
COF,us,2015-09-30,2015-11-02T00:00:00,17219000000.0,,3130000000.0,8594000000.0,,47685000000.0,1021000000.0,534906040.0,5.48,sec_edgar:companyfacts
COF,us,2015-12-31,2016-02-25T00:00:00,23413000000.0,,4050000000.0,9595000000.0,,47284000000.0,981000000.0,527259920.0,7.07,sec_edgar:companyfacts
COF,us,2016-03-31,2016-05-04T00:00:00,6220000000.0,,1013000000.0,3968000000.0,,47707000000.0,917000000.0,514479243.0,1.84,sec_edgar:companyfacts
COF,us,2016-06-30,2016-08-01T00:00:00,12474000000.0,,1955000000.0,6244000000.0,,48108000000.0,999000000.0,505924989.0,3.52,sec_edgar:companyfacts
COF,us,2016-09-30,2016-11-03T00:00:00,18935000000.0,,2960000000.0,9353000000.0,,48213000000.0,1079000000.0,489220122.0,5.42,sec_edgar:companyfacts
COF,us,2016-12-31,2017-02-23T00:00:00,25501000000.0,,3751000000.0,11077000000.0,,47514000000.0,992000000.0,480218547.0,6.89,sec_edgar:companyfacts
COF,us,2017-03-31,2017-05-03T00:00:00,6535000000.0,,810000000.0,2941000000.0,,48040000000.0,1046000000.0,482765459.0,1.54,sec_edgar:companyfacts
COF,us,2017-06-30,2017-07-28T00:00:00,13239000000.0,,1846000000.0,6540000000.0,,49137000000.0,958000000.0,483692646.0,3.49,sec_edgar:companyfacts
COF,us,2017-09-30,2017-11-01T00:00:00,20224000000.0,,2953000000.0,9315000000.0,,50154000000.0,767000000.0,484419510.0,5.63,sec_edgar:companyfacts
COF,us,2017-12-31,2018-02-21T00:00:00,27237000000.0,,1982000000.0,13164000000.0,,48730000000.0,576000000.0,485525340.0,3.49,sec_edgar:companyfacts
COF,us,2018-03-31,2018-05-02T00:00:00,6909000000.0,,1346000000.0,1402000000.0,,49203000000.0,656000000.0,485879230.0,2.62,sec_edgar:companyfacts
COF,us,2018-06-30,2018-07-27T00:00:00,14101000000.0,,3252000000.0,5258000000.0,,49926000000.0,553000000.0,478425026.0,6.33,sec_edgar:companyfacts
COF,us,2018-09-30,2018-11-01T00:00:00,21063000000.0,,4754000000.0,8369000000.0,,50638000000.0,1634000000.0,473656501.0,9.32,sec_edgar:companyfacts
COF,us,2018-12-31,2019-02-20T00:00:00,28076000000.0,,6015000000.0,12104000000.0,,51668000000.0,9402000000.0,467717306.0,11.82,sec_edgar:companyfacts
COF,us,2019-03-31,2019-05-01T00:00:00,7083000000.0,,1412000000.0,4698000000.0,,53481000000.0,335000000.0,469596514.0,2.86,sec_edgar:companyfacts
COF,us,2019-06-30,2019-07-31T00:00:00,14207000000.0,,3037000000.0,8711000000.0,,55767000000.0,359000000.0,470333041.0,6.1,sec_edgar:companyfacts
COF,us,2019-09-30,2019-10-31T00:00:00,21166000000.0,,4370000000.0,11888000000.0,,58235000000.0,464000000.0,465720986.0,8.79,sec_edgar:companyfacts
COF,us,2019-12-31,2020-02-20T00:00:00,28593000000.0,,5546000000.0,15752000000.0,,58011000000.0,7314000000.0,456562399.0,11.05,sec_edgar:companyfacts
COF,us,2020-03-31,2020-05-01T00:00:00,7249000000.0,,-1340000000.0,5255000000.0,,56830000000.0,6399000000.0,455310083.0,-3.1,sec_edgar:companyfacts
COF,us,2020-06-30,2020-08-06T00:00:00,13805000000.0,,-2258000000.0,8873000000.0,,56045000000.0,573000000.0,456335486.0,-5.31,sec_edgar:companyfacts
COF,us,2020-09-30,2020-11-02T00:00:00,21186000000.0,,148000000.0,11529000000.0,,58424000000.0,702000000.0,457397091.0,-0.2,sec_edgar:companyfacts
COF,us,2020-12-31,2021-02-25T00:00:00,28523000000.0,,2714000000.0,15989000000.0,,60204000000.0,668000000.0,458972202.0,5.18,sec_edgar:companyfacts
COF,us,2021-03-31,2021-05-07T00:00:00,7113000000.0,,3325000000.0,1458000000.0,,61188000000.0,842000000.0,456800844.0,7.03,sec_edgar:companyfacts
COF,us,2021-06-30,2021-07-30T00:00:00,14487000000.0,,6861000000.0,5353000000.0,,64624000000.0,845000000.0,446113769.0,14.65,sec_edgar:companyfacts
COF,us,2021-09-30,2021-11-05T00:00:00,22317000000.0,,9965000000.0,7144000000.0,,63544000000.0,825000000.0,430375948.0,21.44,sec_edgar:companyfacts
COF,us,2021-12-31,2022-02-25T00:00:00,30435000000.0,,12390000000.0,11612000000.0,,61029000000.0,820000000.0,413858537.0,26.94,sec_edgar:companyfacts
COF,us,2022-03-31,2022-05-10T00:00:00,8173000000.0,,2403000000.0,-309000000.0,,56345000000.0,4594000000.0,398987722.0,5.62,sec_edgar:companyfacts
COF,us,2022-06-30,2022-07-29T00:00:00,16405000000.0,,4434000000.0,2452000000.0,,53410000000.0,440000000.0,383817721.0,10.61,sec_edgar:companyfacts
COF,us,2022-09-30,2022-11-04T00:00:00,25210000000.0,,6128000000.0,5008000000.0,,50861000000.0,528000000.0,381976333.0,14.84,sec_edgar:companyfacts
COF,us,2022-12-31,2023-02-24T00:00:00,34250000000.0,,7360000000.0,12875000000.0,,52582000000.0,883000000.0,381318702.0,17.91,sec_edgar:companyfacts
COF,us,2023-03-31,2023-05-05T00:00:00,8903000000.0,,960000000.0,2757000000.0,,54653000000.0,542000000.0,382030281.0,2.31,sec_edgar:companyfacts
COF,us,2023-06-30,2023-07-27T00:00:00,17915000000.0,,2391000000.0,5905000000.0,,54559000000.0,649000000.0,381441449.0,5.83,sec_edgar:companyfacts
COF,us,2023-09-30,2023-11-02T00:00:00,27281000000.0,,4181000000.0,12775000000.0,,53668000000.0,522000000.0,380991150.0,10.28,sec_edgar:companyfacts
COF,us,2023-12-31,2024-02-23T00:00:00,36787000000.0,,4887000000.0,19614000000.0,,58089000000.0,538000000.0,380389609.0,11.95,sec_edgar:companyfacts
COF,us,2024-03-31,2024-05-02T00:00:00,9402000000.0,,1280000000.0,2763000000.0,,57801000000.0,568000000.0,382063343.0,3.13,sec_edgar:companyfacts
COF,us,2024-06-30,2024-08-01T00:00:00,18908000000.0,,1877000000.0,8717000000.0,,57981000000.0,715000000.0,381856146.0,4.51,sec_edgar:companyfacts
COF,us,2024-09-30,2024-10-31T00:00:00,28922000000.0,,3654000000.0,14863000000.0,,62925000000.0,520000000.0,381510336.0,8.92,sec_edgar:companyfacts
COF,us,2024-12-31,2025-02-20T00:00:00,39112000000.0,,4750000000.0,16955000000.0,,60784000000.0,562000000.0,381230343.0,11.59,sec_edgar:companyfacts
COF,us,2025-03-31,2025-05-07T00:00:00,10000000000.0,,1404000000.0,4319000000.0,,63542000000.0,573000000.0,382959187.0,3.45,sec_edgar:companyfacts
COF,us,2025-06-30,2025-07-31T00:00:00,22492000000.0,,-2873000000.0,9986000000.0,,110956000000.0,742000000.0,639517306.0,-6.74,sec_edgar:companyfacts
COF,us,2025-09-30,2025-11-03T00:00:00,37851000000.0,,319000000.0,18753000000.0,,113813000000.0,616000000.0,635733605.0,0.23,sec_edgar:companyfacts
COF,us,2025-12-31,2026-02-19T00:00:00,53434000000.0,,2453000000.0,26140000000.0,,113616000000.0,1087000000.0,625102271.0,4.03,sec_edgar:companyfacts
COF,us,2026-03-31,2026-05-07T00:00:00,15231000000.0,,2174000000.0,5470000000.0,,112261000000.0,1626000000.0,615856605.0,3.34,sec_edgar:companyfacts
COP,us,2007-12-31,2010-02-25T00:00:00,,,11891000000.0,,,,,,7.22,sec_edgar:companyfacts
COP,us,2008-06-30,2009-08-04T00:00:00,129905000000.0,,9578000000.0,,,,,,6.11,sec_edgar:companyfacts
COP,us,2008-09-30,2009-11-03T00:00:00,,,14766000000.0,,,,,,9.5,sec_edgar:companyfacts
COP,us,2008-12-31,2010-02-25T00:00:00,,,-16998000000.0,,,55165000000.0,370000000.0,,-11.16,sec_edgar:companyfacts
COP,us,2009-03-31,2010-05-04T00:00:00,,,800000000.0,,,,,,0.54,sec_edgar:companyfacts
COP,us,2009-06-30,2009-08-04T00:00:00,67910000000.0,,2138000000.0,,,58929000000.0,1438000000.0,1482903059.0,1.43,sec_edgar:companyfacts
COP,us,2009-09-30,2009-11-03T00:00:00,,,3641000000.0,,,61510000000.0,2796000000.0,1483694303.0,2.43,sec_edgar:companyfacts
COP,us,2009-12-31,2010-02-25T00:00:00,,,4858000000.0,,,62467000000.0,1728000000.0,,3.24,sec_edgar:companyfacts
COP,us,2010-03-31,2010-05-04T00:00:00,,,2098000000.0,,,62837000000.0,2763000000.0,1488318070.0,1.4,sec_edgar:companyfacts
COP,us,2010-06-30,2010-08-05T00:00:00,,,6262000000.0,,,65371000000.0,3082000000.0,1483363225.0,4.17,sec_edgar:companyfacts
COP,us,2010-09-30,2010-11-02T00:00:00,,,9317000000.0,,,69361000000.0,376000000.0,1469224505.0,6.21,sec_edgar:companyfacts
COP,us,2010-12-31,2013-02-19T00:00:00,63335000000.0,,11358000000.0,,,68562000000.0,936000000.0,,7.62,sec_edgar:companyfacts
COP,us,2011-03-31,2011-05-03T00:00:00,,,3028000000.0,,,69972000000.0,605000000.0,1413506613.0,2.09,sec_edgar:companyfacts
COP,us,2011-06-30,2012-07-31T00:00:00,34471000000.0,,6430000000.0,,,70059000000.0,606000000.0,1373024600.0,4.5,sec_edgar:companyfacts
COP,us,2011-09-30,2012-10-30T00:00:00,51166000000.0,,9046000000.0,,,65806000000.0,616000000.0,1327738781.0,6.42,sec_edgar:companyfacts
COP,us,2011-12-31,2013-02-19T00:00:00,66069000000.0,,12436000000.0,,,65224000000.0,1013000000.0,,8.97,sec_edgar:companyfacts
COP,us,2012-03-31,2013-04-30T00:00:00,16083000000.0,,2937000000.0,,,66534000000.0,7002000000.0,1264556506.0,2.27,sec_edgar:companyfacts
COP,us,2012-06-30,2012-07-31T00:00:00,31636000000.0,,5204000000.0,,,45971000000.0,4179000000.0,1214549390.0,4.08,sec_edgar:companyfacts
COP,us,2012-09-30,2012-10-30T00:00:00,46725000000.0,,7002000000.0,,,47406000000.0,2335000000.0,1213894641.0,5.55,sec_edgar:companyfacts
COP,us,2012-12-31,2015-02-24T00:00:00,62004000000.0,,8428000000.0,-250000000.0,,47987000000.0,955000000.0,,6.72,sec_edgar:companyfacts
COP,us,2013-03-31,2013-04-30T00:00:00,14651000000.0,,2139000000.0,,,48803000000.0,1351000000.0,1222661180.0,1.73,sec_edgar:companyfacts
COP,us,2013-06-30,2013-08-02T00:00:00,28793000000.0,,4189000000.0,,,48508000000.0,554000000.0,1223007256.3223,3.38,sec_edgar:companyfacts
COP,us,2013-09-30,2013-11-05T00:00:00,44263000000.0,,6669000000.0,,,51113000000.0,572000000.0,1225098698.0,5.38,sec_edgar:companyfacts
COP,us,2013-12-31,2015-02-24T00:00:00,58248000000.0,,9156000000.0,550000000.0,,52090000000.0,589000000.0,,7.38,sec_edgar:companyfacts
COP,us,2014-03-31,2015-05-05T00:00:00,16048000000.0,,2123000000.0,2441000000.0,,53222000000.0,1712000000.0,1227705457.0,1.71,sec_edgar:companyfacts
COP,us,2014-06-30,2015-08-04T00:00:00,30749000000.0,,4204000000.0,1817000000.0,,55315000000.0,1664000000.0,1229567936.0,3.38,sec_edgar:companyfacts
COP,us,2014-09-30,2015-11-03T00:00:00,43666000000.0,,6908000000.0,1409000000.0,,55274000000.0,1688000000.0,1230912872.0,5.54,sec_edgar:companyfacts
COP,us,2014-12-31,2015-02-24T00:00:00,55517000000.0,,6869000000.0,-350000000.0,,51911000000.0,182000000.0,,5.51,sec_edgar:companyfacts
COP,us,2015-03-31,2015-05-05T00:00:00,8002000000.0,,272000000.0,-1462000000.0,,48652000000.0,193000000.0,1232946616.0,0.22,sec_edgar:companyfacts
COP,us,2015-06-30,2015-08-04T00:00:00,16662000000.0,,93000000.0,-1697000000.0,,48620000000.0,138000000.0,1233458569.0,0.07,sec_edgar:companyfacts
COP,us,2015-09-30,2015-11-03T00:00:00,24169000000.0,,-978000000.0,-1937000000.0,,44210000000.0,175000000.0,1234641991.0,-0.8,sec_edgar:companyfacts
COP,us,2015-12-31,2016-02-23T00:00:00,30935000000.0,,-4428000000.0,-2478000000.0,,39762000000.0,1427000000.0,,-3.58,sec_edgar:companyfacts
COP,us,2016-03-31,2016-05-03T00:00:00,5015000000.0,,-1469000000.0,-1400000000.0,,39089000000.0,2079000000.0,1238387216.0,-1.18,sec_edgar:companyfacts
COP,us,2016-06-30,2016-08-02T00:00:00,10590000000.0,,-2540000000.0,-1274000000.0,,37544000000.0,1331000000.0,1238505159.0,-2.04,sec_edgar:companyfacts
COP,us,2016-09-30,2016-11-01T00:00:00,17106000000.0,,-3580000000.0,-910000000.0,,36170000000.0,1336000000.0,1239027409.0,-2.88,sec_edgar:companyfacts
COP,us,2016-12-31,2017-02-21T00:00:00,24360000000.0,,-3615000000.0,-466000000.0,,34974000000.0,1089000000.0,,-2.91,sec_edgar:companyfacts
COP,us,2017-03-31,2018-05-01T00:00:00,7771000000.0,,586000000.0,824000000.0,,35353000000.0,1095000000.0,1237103953.0,0.47,sec_edgar:companyfacts
COP,us,2017-06-30,2018-07-31T00:00:00,16653000000.0,,-2854000000.0,1555000000.0,,30286000000.0,3798000000.0,1216949231.0,-2.3,sec_edgar:companyfacts
COP,us,2017-09-30,2017-10-31T00:00:00,23848000000.0,,-2434000000.0,1522000000.0,,30500000000.0,1331000000.0,1195515824.0,-1.98,sec_edgar:companyfacts
COP,us,2017-12-31,2018-02-20T00:00:00,32584000000.0,,-855000000.0,2486000000.0,,30607000000.0,25010000000.0,,-0.7,sec_edgar:companyfacts
COP,us,2018-03-31,2018-05-01T00:00:00,8961000000.0,,888000000.0,864000000.0,,30546000000.0,19245000000.0,1170066208.0,0.75,sec_edgar:companyfacts
COP,us,2018-06-30,2018-07-31T00:00:00,18201000000.0,,2528000000.0,2207000000.0,,31042000000.0,16670000000.0,1162095308.0,2.13,sec_edgar:companyfacts
COP,us,2018-09-30,2018-10-30T00:00:00,28366000000.0,,4389000000.0,4018000000.0,,31950000000.0,16649000000.0,1151241888.0,3.72,sec_edgar:companyfacts
COP,us,2018-12-31,2019-02-19T00:00:00,38727000000.0,,6257000000.0,6184000000.0,,31939000000.0,16259000000.0,,,sec_edgar:companyfacts
COP,us,2019-03-31,2019-05-02T00:00:00,10057000000.0,,1833000000.0,1257000000.0,,32859000000.0,17280000000.0,1130175935.0,1.6,sec_edgar:companyfacts
COP,us,2019-06-30,2019-08-01T00:00:00,18437000000.0,,3413000000.0,2419000000.0,,32976000000.0,17884000000.0,1110141595.0,3.0,sec_edgar:companyfacts
COP,us,2019-09-30,2019-10-31T00:00:00,28530000000.0,,6469000000.0,3081000000.0,,35146000000.0,18252000000.0,1097268667.0,5.72,sec_edgar:companyfacts
COP,us,2019-12-31,2022-02-17T00:00:00,36670000000.0,,7189000000.0,4468000000.0,,34981000000.0,18213000000.0,,6.4,sec_edgar:companyfacts
COP,us,2020-03-31,2020-05-05T00:00:00,4811000000.0,,-1739000000.0,456000000.0,,31315000000.0,15967000000.0,1072425162.0,-1.6,sec_edgar:companyfacts
COP,us,2020-06-30,2020-08-04T00:00:00,8827000000.0,,-1479000000.0,-263000000.0,,31493000000.0,18453000000.0,1072566210.0,-1.37,sec_edgar:companyfacts
COP,us,2020-09-30,2020-11-03T00:00:00,13207000000.0,,-1929000000.0,-527000000.0,,30783000000.0,19309000000.0,1072741643.0,-1.79,sec_edgar:companyfacts
COP,us,2020-12-31,2022-02-17T00:00:00,19256000000.0,,-2701000000.0,87000000.0,,29849000000.0,19725000000.0,,-2.51,sec_edgar:companyfacts
COP,us,2021-03-31,2021-05-06T00:00:00,10559000000.0,,982000000.0,880000000.0,,43155000000.0,23267000000.0,1349418454.0,0.75,sec_edgar:companyfacts
COP,us,2021-06-30,2022-08-04T00:00:00,20770000000.0,,3073000000.0,3866000000.0,,44276000000.0,24581000000.0,1339082083.0,2.31,sec_edgar:companyfacts
COP,us,2021-09-30,2022-11-03T00:00:00,32386000000.0,,5452000000.0,7361000000.0,,44115000000.0,23717000000.0,1318946867.0,4.09,sec_edgar:companyfacts
COP,us,2021-12-31,2022-05-05T00:00:00,48349000000.0,,8079000000.0,11672000000.0,,45406000000.0,1200000000.0,,6.07,sec_edgar:companyfacts
COP,us,2022-03-31,2022-05-05T00:00:00,17762000000.0,,5759000000.0,,,49218000000.0,1160000000.0,1293449547.0,4.39,sec_edgar:companyfacts
COP,us,2022-06-30,2022-08-04T00:00:00,38923000000.0,,10904000000.0,,,50202000000.0,676000000.0,1273033365.0,8.36,sec_edgar:companyfacts
COP,us,2022-09-30,2022-11-03T00:00:00,59936000000.0,,15431000000.0,,,49079000000.0,664000000.0,1246071066.0,11.93,sec_edgar:companyfacts
COP,us,2022-12-31,2023-05-04T00:00:00,78494000000.0,,18680000000.0,18155000000.0,,48003000000.0,417000000.0,,14.57,sec_edgar:companyfacts
COP,us,2023-03-31,2023-05-04T00:00:00,14811000000.0,,2920000000.0,,,47783000000.0,1317000000.0,1210058689.0,2.38,sec_edgar:companyfacts
COP,us,2023-06-30,2023-08-03T00:00:00,27162000000.0,,5152000000.0,,,47531000000.0,879000000.0,1197490673.0,4.22,sec_edgar:companyfacts
COP,us,2023-09-30,2023-11-02T00:00:00,41412000000.0,,7950000000.0,,,47745000000.0,881000000.0,1187407942.0,6.54,sec_edgar:companyfacts
COP,us,2023-12-31,2024-02-15T00:00:00,56141000000.0,,10957000000.0,,,49279000000.0,1074000000.0,,9.06,sec_edgar:companyfacts
COP,us,2024-03-31,2024-05-02T00:00:00,13848000000.0,,2551000000.0,,,49325000000.0,1113000000.0,1169533976.0,2.15,sec_edgar:companyfacts
COP,us,2024-06-30,2024-08-01T00:00:00,27468000000.0,,4880000000.0,,,49745000000.0,1312000000.0,1161249790.0,4.14,sec_edgar:companyfacts
COP,us,2024-09-30,2024-10-31T00:00:00,40509000000.0,,6939000000.0,,,49881000000.0,1314000000.0,1150912478.0,5.91,sec_edgar:companyfacts
COP,us,2024-12-31,2025-02-18T00:00:00,54745000000.0,,9245000000.0,,,64796000000.0,1035000000.0,,7.81,sec_edgar:companyfacts
COP,us,2025-03-31,2025-05-08T00:00:00,16517000000.0,,2849000000.0,,,65238000000.0,608000000.0,1262410026.0,2.23,sec_edgar:companyfacts
COP,us,2025-06-30,2025-08-07T00:00:00,30521000000.0,,4820000000.0,,,65572000000.0,414000000.0,1248942311.0,3.79,sec_edgar:companyfacts
COP,us,2025-09-30,2025-11-06T00:00:00,45552000000.0,,6546000000.0,,,64923000000.0,1016000000.0,1235718250.0,5.18,sec_edgar:companyfacts
COP,us,2025-12-31,2026-02-17T00:00:00,58944000000.0,,7988000000.0,,,64487000000.0,1020000000.0,,6.35,sec_edgar:companyfacts
COP,us,2026-03-31,2026-04-30T00:00:00,15761000000.0,,2183000000.0,,,64541000000.0,1065000000.0,1218294007.0,1.78,sec_edgar:companyfacts
COST,us,2008-08-31,2010-10-18T00:00:00,72483000000.0,,1283000000.0,607000000.0,,,,,,sec_edgar:companyfacts
COST,us,2008-11-23,2009-12-18T00:00:00,16395000000.0,,263000000.0,-390000000.0,,,,,0.6,sec_edgar:companyfacts
COST,us,2009-02-15,2010-03-17T00:00:00,33238000000.0,,502000000.0,179000000.0,,,,,1.14,sec_edgar:companyfacts
COST,us,2009-05-10,2010-06-10T00:00:00,49044000000.0,,712000000.0,646000000.0,,,,,1.62,sec_edgar:companyfacts
COST,us,2009-08-30,2011-10-14T00:00:00,71422000000.0,,1086000000.0,842000000.0,,10024000000.0,2226000000.0,435974000.0,2.47,sec_edgar:companyfacts
COST,us,2009-11-22,2009-12-18T00:00:00,17299000000.0,,266000000.0,438000000.0,,10345000000.0,30000000.0,439325000.0,0.6,sec_edgar:companyfacts
COST,us,2010-02-14,2010-03-17T00:00:00,36041000000.0,,565000000.0,854000000.0,,10651000000.0,46000000.0,440379000.0,1.27,sec_edgar:companyfacts
COST,us,2010-05-09,2010-06-10T00:00:00,53821000000.0,,871000000.0,1525000000.0,,10874000000.0,30000000.0,435974000.0,1.95,sec_edgar:companyfacts
COST,us,2010-08-29,2011-10-14T00:00:00,77946000000.0,,1303000000.0,1725000000.0,,10829000000.0,2167000000.0,433510000.0,2.92,sec_edgar:companyfacts
COST,us,2010-11-21,2010-12-17T00:00:00,19239000000.0,,312000000.0,414000000.0,,11199000000.0,24000000.0,436337000.0,0.71,sec_edgar:companyfacts
COST,us,2011-02-13,2011-03-17T00:00:00,40114000000.0,,660000000.0,906000000.0,,11583000000.0,1000000.0,437164000.0,1.49,sec_edgar:companyfacts
COST,us,2011-05-08,2011-06-09T00:00:00,60737000000.0,,984000000.0,1439000000.0,,11963000000.0,2148000000.0,437735000.0,2.22,sec_edgar:companyfacts
COST,us,2011-08-28,2011-10-14T00:00:00,88915000000.0,,1462000000.0,1908000000.0,,12002000000.0,2153000000.0,434266000.0,3.3,sec_edgar:companyfacts
COST,us,2011-11-20,2011-12-16T00:00:00,21628000000.0,,320000000.0,321000000.0,,11909000000.0,2264000000.0,435254000.0,0.73,sec_edgar:companyfacts
COST,us,2012-02-12,2012-03-15T00:00:00,44595000000.0,,714000000.0,612000000.0,,12232000000.0,2280000000.0,433875000.0,1.62,sec_edgar:companyfacts
COST,us,2012-05-06,2012-06-06T00:00:00,66919000000.0,,1100000000.0,1427000000.0,,12585000000.0,1373000000.0,433243000.0,2.5,sec_edgar:companyfacts
COST,us,2012-09-02,2012-10-19T00:00:00,99137000000.0,,1709000000.0,1577000000.0,,12361000000.0,1382000000.0,432350000.0,3.89,sec_edgar:companyfacts
COST,us,2012-11-25,2012-12-21T00:00:00,23715000000.0,,416000000.0,614000000.0,,12665000000.0,1379000000.0,434824000.0,0.95,sec_edgar:companyfacts
COST,us,2013-02-17,2013-03-20T00:00:00,48586000000.0,,963000000.0,582000000.0,,10112000000.0,4871000000.0,436336000.0,2.19,sec_edgar:companyfacts
COST,us,2013-05-12,2013-06-11T00:00:00,72669000000.0,,1422000000.0,1495000000.0,,10472000000.0,4887000000.0,436682983.0,3.23,sec_edgar:companyfacts
COST,us,2013-09-01,2013-10-16T00:00:00,105156000000.0,,2039000000.0,1354000000.0,,10833000000.0,5034000000.0,436839000.0,4.63,sec_edgar:companyfacts
COST,us,2013-11-24,2013-12-20T00:00:00,25017000000.0,,425000000.0,365000000.0,,11221000000.0,,439722000.0,0.96,sec_edgar:companyfacts
COST,us,2014-02-16,2014-03-14T00:00:00,51323000000.0,,888000000.0,631000000.0,,11515000000.0,,439888000.0,2.01,sec_edgar:companyfacts
COST,us,2014-05-11,2014-06-05T00:00:00,77117000000.0,,1361000000.0,1716000000.0,,11819000000.0,,438582000.0,3.07,sec_edgar:companyfacts
COST,us,2014-08-31,2014-10-15T00:00:00,112640000000.0,,2058000000.0,1991000000.0,,12303000000.0,5093000000.0,437683000.0,4.65,sec_edgar:companyfacts
COST,us,2014-11-23,2014-12-18T00:00:00,26866000000.0,,496000000.0,573000000.0,,12359000000.0,,440499000.0,1.12,sec_edgar:companyfacts
COST,us,2015-02-15,2015-03-11T00:00:00,54320000000.0,,1094000000.0,861000000.0,,10206000000.0,5030000000.0,440178000.0,2.47,sec_edgar:companyfacts
COST,us,2015-05-10,2015-06-04T00:00:00,80421000000.0,,1610000000.0,1669000000.0,,10587000000.0,6026000000.0,439749000.0,3.64,sec_edgar:companyfacts
COST,us,2015-08-30,2015-10-14T00:00:00,116199000000.0,,2377000000.0,,,10617000000.0,6147000000.0,437952000.0,5.37,sec_edgar:companyfacts
COST,us,2015-11-22,2015-12-18T00:00:00,27220000000.0,,480000000.0,,,10848000000.0,6126000000.0,439777000.0,1.09,sec_edgar:companyfacts
COST,us,2016-02-14,2016-03-09T00:00:00,55390000000.0,,1026000000.0,,,11000000000.0,4975000000.0,439256000.0,2.32,sec_edgar:companyfacts
COST,us,2016-05-08,2016-06-01T00:00:00,82159000000.0,,1571000000.0,,,11505000000.0,5114000000.0,438368000.0,3.56,sec_edgar:companyfacts
COST,us,2016-08-28,2016-10-12T00:00:00,118719000000.0,,2350000000.0,,,12079000000.0,5161000000.0,437524000.0,5.33,sec_edgar:companyfacts
COST,us,2016-11-20,2016-12-16T00:00:00,28099000000.0,,545000000.0,,,11973000000.0,5092000000.0,439343000.0,1.24,sec_edgar:companyfacts
COST,us,2017-02-12,2017-03-09T00:00:00,57865000000.0,,1060000000.0,,,12440000000.0,5072000000.0,438941000.0,2.41,sec_edgar:companyfacts
COST,us,2017-05-07,2017-06-01T00:00:00,86725000000.0,,1760000000.0,,,9898000000.0,3979000000.0,438679000.0,3.99,sec_edgar:companyfacts
COST,us,2017-09-03,2019-10-11T00:00:00,129025000000.0,,2679000000.0,4224000000.0,,10778000000.0,6659000000.0,437204000.0,6.08,sec_edgar:companyfacts
COST,us,2017-11-26,2017-12-21T00:00:00,31809000000.0,,640000000.0,,,11078000000.0,6594000000.0,439185000.0,1.45,sec_edgar:companyfacts
COST,us,2018-02-18,2018-03-15T00:00:00,64804000000.0,,1341000000.0,,,11754000000.0,6627000000.0,438883000.0,3.04,sec_edgar:companyfacts
COST,us,2018-05-13,2018-06-07T00:00:00,97165000000.0,,2091000000.0,,,12143000000.0,6611000000.0,438602000.0,4.74,sec_edgar:companyfacts
COST,us,2018-09-02,2019-10-11T00:00:00,141576000000.0,,3134000000.0,2805000000.0,,12799000000.0,6577000000.0,438189000.0,7.09,sec_edgar:companyfacts
COST,us,2018-11-25,2019-12-23T00:00:00,35069000000.0,,767000000.0,1447000000.0,,13167000000.0,6514000000.0,,1.73,sec_edgar:companyfacts
COST,us,2019-02-17,2020-03-12T00:00:00,70465000000.0,,1656000000.0,641000000.0,,13858000000.0,6525000000.0,,3.74,sec_edgar:companyfacts
COST,us,2019-05-12,2020-06-04T00:00:00,105205000000.0,,2562000000.0,2074000000.0,,14486000000.0,6529000000.0,,5.79,sec_edgar:companyfacts
COST,us,2019-09-01,2019-10-11T00:00:00,152703000000.0,,3659000000.0,3358000000.0,,15243000000.0,6852000000.0,439625000.0,8.26,sec_edgar:companyfacts
COST,us,2019-11-24,2019-12-23T00:00:00,37040000000.0,,844000000.0,1387000000.0,,15861000000.0,6833000000.0,,1.9,sec_edgar:companyfacts
COST,us,2020-02-16,2020-03-12T00:00:00,76112000000.0,,1775000000.0,1461000000.0,,16614000000.0,5624000000.0,441622000.0,4.0,sec_edgar:companyfacts
COST,us,2020-05-10,2020-06-04T00:00:00,113378000000.0,,2613000000.0,2661000000.0,,16802000000.0,9149000000.0,441523000.0,5.89,sec_edgar:companyfacts
COST,us,2020-08-30,2020-10-07T00:00:00,166761000000.0,,4002000000.0,6051000000.0,,18284000000.0,7657000000.0,441255000.0,9.02,sec_edgar:companyfacts
COST,us,2020-11-22,2020-12-16T00:00:00,43208000000.0,,1166000000.0,1754000000.0,,14860000000.0,7672000000.0,442955000.0,2.62,sec_edgar:companyfacts
COST,us,2021-02-14,2021-03-10T00:00:00,87977000000.0,,2117000000.0,1219000000.0,,15652000000.0,7661000000.0,442654000.0,4.76,sec_edgar:companyfacts
COST,us,2021-05-09,2021-06-03T00:00:00,133254000000.0,,3337000000.0,3524000000.0,,16482000000.0,7630000000.0,442141000.0,7.51,sec_edgar:companyfacts
COST,us,2021-08-29,2021-10-06T00:00:00,195929000000.0,,5007000000.0,5370000000.0,,17564000000.0,7531000000.0,441825000.0,11.27,sec_edgar:companyfacts
COST,us,2021-11-21,2021-12-22T00:00:00,50363000000.0,,1324000000.0,2203000000.0,,18463000000.0,7504000000.0,443434000.0,2.98,sec_edgar:companyfacts
COST,us,2022-02-13,2022-03-10T00:00:00,102267000000.0,,2623000000.0,1881000000.0,,19418000000.0,6694000000.0,443279000.0,5.9,sec_edgar:companyfacts
COST,us,2022-05-08,2022-06-02T00:00:00,154863000000.0,,3976000000.0,2254000000.0,,19968000000.0,6618000000.0,443029000.0,8.94,sec_edgar:companyfacts
COST,us,2022-08-28,2022-10-05T00:00:00,226954000000.0,,5844000000.0,3501000000.0,,20642000000.0,,442664000.0,13.14,sec_edgar:companyfacts
COST,us,2022-11-20,2022-12-29T00:00:00,54437000000.0,,1364000000.0,1553000000.0,,21471000000.0,,443841000.0,3.07,sec_edgar:companyfacts
COST,us,2023-02-12,2023-03-09T00:00:00,109703000000.0,,2830000000.0,3855000000.0,,22794000000.0,,443550000.0,6.37,sec_edgar:companyfacts
COST,us,2023-05-07,2023-06-01T00:00:00,163351000000.0,,4132000000.0,4576000000.0,,23568000000.0,,443222000.0,9.3,sec_edgar:companyfacts
COST,us,2023-09-03,2023-10-11T00:00:00,242290000000.0,,6292000000.0,6745000000.0,,25058000000.0,,442793000.0,14.16,sec_edgar:companyfacts
COST,us,2023-11-26,2023-12-20T00:00:00,57799000000.0,,1589000000.0,3611000000.0,,26147000000.0,,443787000.0,3.58,sec_edgar:companyfacts
COST,us,2024-02-18,2024-03-13T00:00:00,116241000000.0,,3332000000.0,3311000000.0,,20760000000.0,,443549000.0,7.49,sec_edgar:companyfacts
COST,us,2024-05-12,2024-06-06T00:00:00,174756000000.0,,5013000000.0,5248000000.0,,21771000000.0,,443374000.0,11.27,sec_edgar:companyfacts
COST,us,2024-09-01,2024-10-09T00:00:00,254453000000.0,,7367000000.0,6629000000.0,,23622000000.0,,443126000.0,16.56,sec_edgar:companyfacts
COST,us,2024-11-24,2024-12-19T00:00:00,62151000000.0,,1798000000.0,1996000000.0,,24451000000.0,,443942000.0,4.04,sec_edgar:companyfacts
COST,us,2025-02-16,2025-03-13T00:00:00,125874000000.0,,3586000000.0,3607000000.0,,25577000000.0,,443730000.0,8.06,sec_edgar:companyfacts
COST,us,2025-05-11,2025-06-05T00:00:00,189079000000.0,,5489000000.0,5936000000.0,,27125000000.0,,443519000.0,12.34,sec_edgar:companyfacts
COST,us,2025-08-31,2025-10-08T00:00:00,275235000000.0,,8099000000.0,7837000000.0,,29164000000.0,,443237000.0,18.21,sec_edgar:companyfacts
COST,us,2025-11-23,2025-12-17T00:00:00,67307000000.0,,2001000000.0,3162000000.0,,30303000000.0,,443919000.0,4.5,sec_edgar:companyfacts
COST,us,2026-02-15,2026-03-11T00:00:00,136904000000.0,,4036000000.0,4869000000.0,,32087000000.0,,443692000.0,9.08,sec_edgar:companyfacts
CRM,us,2008-01-31,2010-03-11T00:00:00,748700000.0,,18356000.0,160723000.0,,,,,0.15,sec_edgar:companyfacts
CRM,us,2008-07-31,2009-08-25T00:00:00,510699000.0,,19551000.0,99694000.0,,,,,0.16,sec_edgar:companyfacts
CRM,us,2008-10-31,2009-11-25T00:00:00,787186000.0,,29675000.0,105201000.0,,,,,0.24,sec_edgar:companyfacts
CRM,us,2009-01-31,2010-03-11T00:00:00,1076769000.0,,43428000.0,168498000.0,,671784000.0,,122850062.0,0.35,sec_edgar:companyfacts
CRM,us,2009-04-30,2010-05-28T00:00:00,304924000.0,,18436000.0,84548000.0,,,,,0.15,sec_edgar:companyfacts
CRM,us,2009-07-31,2009-08-25T00:00:00,620985000.0,,39634000.0,111075000.0,,791117000.0,,,0.31,sec_edgar:companyfacts
CRM,us,2009-10-31,2009-11-25T00:00:00,951534000.0,,60325000.0,132506000.0,,858891000.0,,,0.48,sec_edgar:companyfacts
CRM,us,2010-01-31,2010-03-11T00:00:00,1305583000.0,,80719000.0,217010000.0,,1043802000.0,,127152449.0,0.63,sec_edgar:companyfacts
CRM,us,2010-04-30,2010-05-28T00:00:00,376813000.0,,17745000.0,130993000.0,,1134510000.0,,,0.13,sec_edgar:companyfacts
CRM,us,2010-07-31,2010-09-09T00:00:00,771185000.0,,32489000.0,179758000.0,,1240626000.0,,,0.11,sec_edgar:companyfacts
CRM,us,2010-10-31,2010-11-24T00:00:00,1200272000.0,,53561000.0,233008000.0,,1210288000.0,,,0.4,sec_edgar:companyfacts
CRM,us,2011-01-31,2011-03-23T00:00:00,1657139000.0,,64474000.0,368194000.0,,1276491000.0,,132921147.0,0.47,sec_edgar:companyfacts
CRM,us,2011-04-30,2011-05-26T00:00:00,504364000.0,,530000.0,112204000.0,,1255642000.0,,,0.0,sec_edgar:companyfacts
CRM,us,2011-07-31,2011-09-06T00:00:00,1050366000.0,,-3738000.0,150086000.0,,1418123000.0,,,-0.03,sec_edgar:companyfacts
CRM,us,2011-10-31,2011-11-29T00:00:00,1634626000.0,,-7494000.0,244117000.0,,1498389000.0,,,-0.06,sec_edgar:companyfacts
CRM,us,2012-01-31,2012-05-25T00:00:00,2266539000.0,,-11572000.0,439862000.0,,1587360000.0,,137036541.0,-0.09,sec_edgar:companyfacts
CRM,us,2012-04-30,2012-05-25T00:00:00,695467000.0,,-19475000.0,168491000.0,,1809769000.0,,,-0.14,sec_edgar:companyfacts
CRM,us,2012-07-31,2012-08-31T00:00:00,1427116000.0,,-29304000.0,275384000.0,,1892314000.0,,,-0.21,sec_edgar:companyfacts
CRM,us,2012-10-31,2012-11-28T00:00:00,2215514000.0,,-249601000.0,330245000.0,,2083615000.0,,,-1.78,sec_edgar:companyfacts
CRM,us,2013-01-31,2013-03-08T00:00:00,3050195000.0,,-270445000.0,561296000.0,,2317633000.0,,146406655.0,-1.92,sec_edgar:companyfacts
CRM,us,2013-04-30,2013-05-24T00:00:00,892633000.0,,-67721000.0,229179000.0,,2462796000.0,,,-0.12,sec_edgar:companyfacts
CRM,us,2013-07-31,2013-08-30T00:00:00,1849727000.0,,8882000.0,309813000.0,,2818649000.0,,,0.01,sec_edgar:companyfacts
CRM,us,2013-10-31,2013-11-25T00:00:00,2925761000.0,,-115552000.0,374970000.0,,2912356000.0,,,-0.19,sec_edgar:companyfacts
CRM,us,2014-01-31,2014-03-05T00:00:00,4071003000.0,,-232175000.0,576359000.0,,3038510000.0,,610143000.0,-0.39,sec_edgar:companyfacts
CRM,us,2014-04-30,2014-05-30T00:00:00,1226772000.0,,-96911000.0,412989000.0,,3131914000.0,,,-0.16,sec_edgar:companyfacts
CRM,us,2014-07-31,2014-08-26T00:00:00,2545323000.0,,-157999000.0,587306000.0,,3300568000.0,,,-0.26,sec_edgar:companyfacts
CRM,us,2014-10-31,2014-11-26T00:00:00,3928978000.0,,-196923000.0,636391000.0,,3790614000.0,,,-0.32,sec_edgar:companyfacts
CRM,us,2015-01-31,2015-03-06T00:00:00,5373586000.0,,-262688000.0,883260000.0,,3975183000.0,,650596000.0,-0.42,sec_edgar:companyfacts
CRM,us,2015-04-30,2016-03-07T00:00:00,1511167000.0,,4092000.0,659770000.0,,4235203000.0,,,0.01,sec_edgar:companyfacts
CRM,us,2015-07-31,2016-03-07T00:00:00,1634684000.0,,3240000.0,899298000.0,,4535803000.0,,,0.0,sec_edgar:companyfacts
CRM,us,2015-10-31,2016-03-07T00:00:00,1711967000.0,,-21917000.0,937164000.0,,4749954000.0,,,-0.03,sec_edgar:companyfacts
CRM,us,2016-01-31,2016-03-07T00:00:00,6667216000.0,,-47426000.0,1328109000.0,,5002869000.0,,670929000.0,-0.07,sec_edgar:companyfacts
CRM,us,2016-04-30,2017-03-06T00:00:00,1916603000.0,,38759000.0,967761000.0,,5584264000.0,,,0.06,sec_edgar:companyfacts
CRM,us,2016-07-31,2017-03-06T00:00:00,2036618000.0,,268381000.0,1122409000.0,,6132576000.0,,,0.39,sec_edgar:companyfacts
CRM,us,2016-10-31,2017-03-06T00:00:00,2144775000.0,,231072000.0,1136068000.0,,6806037000.0,,,0.33,sec_edgar:companyfacts
CRM,us,2017-01-31,2017-03-06T00:00:00,8391984000.0,,179632000.0,1698240000.0,,7500127000.0,,707460000.0,0.26,sec_edgar:companyfacts
CRM,us,2017-04-30,2017-05-22T00:00:00,,,-9207000.0,1072982000.0,,7934488000.0,,,-0.01,sec_edgar:companyfacts
CRM,us,2017-07-31,2017-08-25T00:00:00,,,8529000.0,1275863000.0,,8451314000.0,,,0.01,sec_edgar:companyfacts
CRM,us,2017-10-31,2017-11-22T00:00:00,,,59923000.0,1290377000.0,,8829370000.0,,,0.08,sec_edgar:companyfacts
CRM,us,2018-01-31,2018-03-09T00:00:00,,,127478000.0,2203938000.0,,9388496000.0,1726821000.0,707460000.0,0.17,sec_edgar:companyfacts
CRM,us,2018-04-30,2018-05-31T00:00:00,,,344000000.0,1344000000.0,,11060000000.0,3200000000.0,,0.46,sec_edgar:companyfacts
CRM,us,2018-07-31,2018-08-31T00:00:00,,,643000000.0,1632000000.0,,13528000000.0,3700000000.0,,0.84,sec_edgar:companyfacts
CRM,us,2018-10-31,2018-11-28T00:00:00,,,748000000.0,1639000000.0,,14693000000.0,3699000000.0,,0.97,sec_edgar:companyfacts
CRM,us,2019-01-31,2019-03-08T00:00:00,,,1110000000.0,2803000000.0,,15605000000.0,3198000000.0,770000000.0,1.43,sec_edgar:companyfacts
CRM,us,2019-04-30,2019-06-05T00:00:00,,,392000000.0,1806000000.0,,16446000000.0,3197000000.0,,0.49,sec_edgar:companyfacts
CRM,us,2019-07-31,2019-08-23T00:00:00,,,483000000.0,2064000000.0,,17166000000.0,2996000000.0,,0.61,sec_edgar:companyfacts
CRM,us,2019-10-31,2019-12-04T00:00:00,,,374000000.0,2192000000.0,,33279000000.0,2845000000.0,,0.45,sec_edgar:companyfacts
CRM,us,2020-01-31,2020-03-05T00:00:00,,,126000000.0,3688000000.0,,33885000000.0,2694000000.0,893000000.0,0.15,sec_edgar:companyfacts
CRM,us,2020-04-30,2020-06-01T00:00:00,,,99000000.0,1536000000.0,,34565000000.0,2693000000.0,,0.11,sec_edgar:companyfacts
CRM,us,2020-07-31,2020-08-28T00:00:00,,,2724000000.0,1851000000.0,,38440000000.0,2692000000.0,,2.96,sec_edgar:companyfacts
CRM,us,2020-10-31,2020-12-04T00:00:00,,,3805000000.0,2066000000.0,,40310000000.0,2691000000.0,,4.11,sec_edgar:companyfacts
CRM,us,2021-01-31,2021-03-17T00:00:00,,,4072000000.0,4091000000.0,,41493000000.0,2690000000.0,919000000.0,4.38,sec_edgar:companyfacts
CRM,us,2021-04-30,2021-06-02T00:00:00,,,469000000.0,3057000000.0,,42567000000.0,2689000000.0,,0.5,sec_edgar:companyfacts
CRM,us,2021-07-31,2021-08-27T00:00:00,,,1004000000.0,3230000000.0,,55520000000.0,11931000000.0,,1.06,sec_edgar:companyfacts
CRM,us,2021-10-31,2021-12-02T00:00:00,,,1472000000.0,3468000000.0,,57054000000.0,10611000000.0,,1.53,sec_edgar:companyfacts
CRM,us,2022-01-31,2022-03-11T00:00:00,,,1444000000.0,5283000000.0,,58131000000.0,10596000000.0,989000000.0,1.48,sec_edgar:companyfacts
CRM,us,2022-04-30,2022-06-01T00:00:00,,,28000000.0,3497000000.0,,58876000000.0,10597000000.0,,0.03,sec_edgar:companyfacts
CRM,us,2022-07-31,2022-08-25T00:00:00,,,96000000.0,3628000000.0,,60098000000.0,10599000000.0,,0.1,sec_edgar:companyfacts
CRM,us,2022-10-31,2022-12-01T00:00:00,,,306000000.0,3743000000.0,,59351000000.0,10600000000.0,,0.31,sec_edgar:companyfacts
CRM,us,2023-01-31,2023-03-08T00:00:00,,,208000000.0,6313000000.0,,58359000000.0,10601000000.0,1009000000.0,0.21,sec_edgar:companyfacts
CRM,us,2023-04-30,2023-06-01T00:00:00,,,199000000.0,4248000000.0,,57412000000.0,9602000000.0,,0.2,sec_edgar:companyfacts
CRM,us,2023-07-31,2023-08-31T00:00:00,,,1466000000.0,4876000000.0,,58082000000.0,9423000000.0,,1.49,sec_edgar:companyfacts
CRM,us,2023-10-31,2023-11-30T00:00:00,,,2690000000.0,6242000000.0,,58090000000.0,9425000000.0,,2.73,sec_edgar:companyfacts
CRM,us,2024-01-31,2024-03-06T00:00:00,,,4136000000.0,9498000000.0,,59646000000.0,9426000000.0,971000000.0,4.2,sec_edgar:companyfacts
CRM,us,2024-04-30,2024-05-30T00:00:00,,,1533000000.0,6084000000.0,,59683000000.0,9429000000.0,,1.56,sec_edgar:companyfacts
CRM,us,2024-07-31,2024-08-29T00:00:00,,,2962000000.0,6839000000.0,,57633000000.0,8430000000.0,,3.03,sec_edgar:companyfacts
CRM,us,2024-10-31,2024-12-04T00:00:00,,,4489000000.0,8618000000.0,,58525000000.0,8432000000.0,,4.6,sec_edgar:companyfacts
CRM,us,2025-01-31,2025-03-05T00:00:00,,,6197000000.0,12434000000.0,,61173000000.0,8433000000.0,962000000.0,6.36,sec_edgar:companyfacts
CRM,us,2025-04-30,2025-05-29T00:00:00,,,1541000000.0,6297000000.0,,60666000000.0,8435000000.0,,1.59,sec_edgar:companyfacts
CRM,us,2025-07-31,2025-09-04T00:00:00,,,3428000000.0,6902000000.0,,61328000000.0,8436000000.0,,3.55,sec_edgar:companyfacts
CRM,us,2025-10-31,2025-12-04T00:00:00,,,5514000000.0,9079000000.0,,60021000000.0,8438000000.0,,5.73,sec_edgar:companyfacts
CRM,us,2026-01-31,2026-03-02T00:00:00,,,7457000000.0,14402000000.0,,59142000000.0,14439000000.0,929000000.0,7.8,sec_edgar:companyfacts
CSCO,us,2008-07-26,2010-09-21T00:00:00,,,8052000000.0,10821000000.0,,,,,1.31,sec_edgar:companyfacts
CSCO,us,2008-10-25,2009-11-18T00:00:00,,,2201000000.0,2357000000.0,,,,,0.37,sec_edgar:companyfacts
CSCO,us,2009-01-24,2010-02-17T00:00:00,,,3705000000.0,5331000000.0,,,,,0.63,sec_edgar:companyfacts
CSCO,us,2009-04-25,2010-05-26T00:00:00,,,5053000000.0,7118000000.0,,,,,0.86,sec_edgar:companyfacts
CSCO,us,2009-07-25,2010-09-21T00:00:00,,,6134000000.0,8892000000.0,,38647000000.0,10295000000.0,5785000000.0,1.05,sec_edgar:companyfacts
CSCO,us,2009-10-24,2009-11-18T00:00:00,,,1787000000.0,1328000000.0,,40002000000.0,,5751000000.0,0.3,sec_edgar:companyfacts
CSCO,us,2010-01-23,2010-02-17T00:00:00,,,3640000000.0,3566000000.0,,41512000000.0,,5734000000.0,0.62,sec_edgar:companyfacts
CSCO,us,2010-05-01,2010-05-26T00:00:00,,,5832000000.0,6242000000.0,,43830000000.0,,5722000000.0,0.99,sec_edgar:companyfacts
CSCO,us,2010-07-31,2012-09-12T00:00:00,40040000000.0,,7767000000.0,9165000000.0,,44267000000.0,15284000000.0,5655000000.0,1.33,sec_edgar:companyfacts
CSCO,us,2010-10-30,2010-11-23T00:00:00,,,1930000000.0,1341000000.0,,44675000000.0,15278000000.0,5577000000.0,0.34,sec_edgar:companyfacts
CSCO,us,2011-01-29,2012-02-21T00:00:00,21157000000.0,,3451000000.0,3624000000.0,,45641000000.0,,5533000000.0,0.61,sec_edgar:companyfacts
CSCO,us,2011-04-30,2012-05-23T00:00:00,32023000000.0,,5258000000.0,6325000000.0,,47163000000.0,16168000000.0,5501000000.0,0.94,sec_edgar:companyfacts
CSCO,us,2011-07-30,2012-09-12T00:00:00,43218000000.0,,6490000000.0,8905000000.0,,47226000000.0,16822000000.0,5435000000.0,1.17,sec_edgar:companyfacts
CSCO,us,2011-10-29,2012-11-20T00:00:00,11256000000.0,,1777000000.0,2068000000.0,,47188000000.0,,5371000000.0,0.33,sec_edgar:companyfacts
CSCO,us,2012-01-28,2012-02-21T00:00:00,22783000000.0,,3959000000.0,4885000000.0,,49246000000.0,605000000.0,5378000000.0,0.73,sec_edgar:companyfacts
CSCO,us,2012-04-28,2012-05-23T00:00:00,34371000000.0,,6124000000.0,7573000000.0,,51357000000.0,83000000.0,5383000000.0,1.13,sec_edgar:companyfacts
CSCO,us,2012-07-28,2012-09-12T00:00:00,46061000000.0,,8041000000.0,10365000000.0,,51286000000.0,16331000000.0,5298000000.0,1.49,sec_edgar:companyfacts
CSCO,us,2012-10-27,2012-11-20T00:00:00,11876000000.0,,2092000000.0,2200000000.0,,52686000000.0,16300000000.0,5311000000.0,0.39,sec_edgar:companyfacts
CSCO,us,2013-01-26,2013-02-19T00:00:00,23974000000.0,,5235000000.0,5262000000.0,,55515000000.0,16300000000.0,5323000000.0,0.98,sec_edgar:companyfacts
CSCO,us,2013-04-27,2013-05-21T00:00:00,36190000000.0,,7713000000.0,8065000000.0,,56788000000.0,16248000000.0,5315000000.0,1.44,sec_edgar:companyfacts
CSCO,us,2013-07-27,2013-09-10T00:00:00,48607000000.0,,9983000000.0,11734000000.0,,59120000000.0,16201000000.0,5389000000.0,1.86,sec_edgar:companyfacts
CSCO,us,2013-10-26,2013-11-22T00:00:00,12085000000.0,,1996000000.0,,,58897000000.0,16216000000.0,5351000000.0,0.37,sec_edgar:companyfacts
CSCO,us,2014-01-25,2014-02-20T00:00:00,23240000000.0,,3425000000.0,,,56069000000.0,16137000000.0,5191000000.0,0.64,sec_edgar:companyfacts
CSCO,us,2014-04-26,2014-05-22T00:00:00,34785000000.0,,5606000000.0,,,55787000000.0,20884000000.0,5116000000.0,1.06,sec_edgar:companyfacts
CSCO,us,2014-07-26,2014-09-09T00:00:00,47142000000.0,,7853000000.0,,,56654000000.0,20901000000.0,5107000000.0,1.49,sec_edgar:companyfacts
CSCO,us,2014-10-25,2014-11-20T00:00:00,12245000000.0,,1828000000.0,,,56708000000.0,20965000000.0,5109000000.0,0.35,sec_edgar:companyfacts
CSCO,us,2015-01-24,2015-02-18T00:00:00,24181000000.0,,4225000000.0,,,57718000000.0,20517000000.0,5107000000.0,0.82,sec_edgar:companyfacts
CSCO,us,2015-04-25,2015-05-20T00:00:00,36318000000.0,,6662000000.0,,,58823000000.0,20500000000.0,5093000000.0,1.29,sec_edgar:companyfacts
CSCO,us,2015-07-25,2015-09-08T00:00:00,49161000000.0,,8981000000.0,,,59698000000.0,25351000000.0,5085000000.0,1.75,sec_edgar:companyfacts
CSCO,us,2015-10-24,2015-11-19T00:00:00,12682000000.0,,2430000000.0,,,59977000000.0,24619000000.0,5082000000.0,0.48,sec_edgar:companyfacts
CSCO,us,2016-01-23,2017-02-21T00:00:00,24609000000.0,,5577000000.0,6112000000.0,,60871000000.0,24597000000.0,5052000000.0,1.09,sec_edgar:companyfacts
CSCO,us,2016-04-30,2017-05-23T00:00:00,36609000000.0,,7926000000.0,8872000000.0,,62358000000.0,28594000000.0,5034000000.0,1.56,sec_edgar:companyfacts
CSCO,us,2016-07-30,2018-09-06T00:00:00,49247000000.0,,10739000000.0,12424000000.0,,63586000000.0,28642000000.0,5029000000.0,2.11,sec_edgar:companyfacts
CSCO,us,2016-10-29,2017-11-21T00:00:00,12352000000.0,,2322000000.0,2455000000.0,,63406000000.0,34789000000.0,5024000000.0,0.46,sec_edgar:companyfacts
CSCO,us,2017-01-28,2018-09-06T00:00:00,11580000000.0,,4670000000.0,5976000000.0,,63811000000.0,34622000000.0,5007000000.0,0.92,sec_edgar:companyfacts
CSCO,us,2017-04-29,2018-09-06T00:00:00,11940000000.0,,7185000000.0,9119000000.0,,65382000000.0,30470000000.0,4998000000.0,1.42,sec_edgar:companyfacts
CSCO,us,2017-07-29,2018-09-06T00:00:00,48005000000.0,,9609000000.0,12912000000.0,,66137000000.0,30472000000.0,4983000000.0,1.9,sec_edgar:companyfacts
CSCO,us,2017-10-28,2018-09-06T00:00:00,12136000000.0,,2394000000.0,2912000000.0,,65550000000.0,30432000000.0,4951000000.0,0.48,sec_edgar:companyfacts
CSCO,us,2018-01-27,2018-09-06T00:00:00,11887000000.0,,-6384000000.0,6771000000.0,,51982000000.0,30374000000.0,4868000000.0,-1.29,sec_edgar:companyfacts
CSCO,us,2018-04-28,2018-09-06T00:00:00,12463000000.0,,-3693000000.0,8946000000.0,,46661000000.0,28072000000.0,4734000000.0,-0.76,sec_edgar:companyfacts
CSCO,us,2018-07-28,2018-09-06T00:00:00,49330000000.0,,110000000.0,12832000000.0,,43204000000.0,25569000000.0,4614000000.0,0.02,sec_edgar:companyfacts
CSCO,us,2018-10-27,2018-11-20T00:00:00,,,3549000000.0,3551000000.0,,43848000000.0,25564000000.0,4517000000.0,0.77,sec_edgar:companyfacts
CSCO,us,2019-01-26,2019-02-19T00:00:00,,,6371000000.0,7087000000.0,,40789000000.0,25630000000.0,4424000000.0,1.4,sec_edgar:companyfacts
CSCO,us,2019-04-27,2019-05-21T00:00:00,,,9415000000.0,11188000000.0,,36804000000.0,20415000000.0,4313000000.0,2.09,sec_edgar:companyfacts
CSCO,us,2019-07-27,2019-09-05T00:00:00,,,11621000000.0,14922000000.0,,33571000000.0,20473000000.0,4250000000.0,2.61,sec_edgar:companyfacts
CSCO,us,2019-10-26,2019-11-19T00:00:00,,,2926000000.0,3385000000.0,,34423000000.0,18497000000.0,4241000000.0,0.68,sec_edgar:companyfacts
CSCO,us,2020-01-25,2020-02-18T00:00:00,,,5804000000.0,6996000000.0,,35533000000.0,15993000000.0,4241000000.0,1.36,sec_edgar:companyfacts
CSCO,us,2020-04-25,2020-05-18T00:00:00,,,8578000000.0,11062000000.0,,35708000000.0,16084000000.0,4220000000.0,2.01,sec_edgar:companyfacts
CSCO,us,2020-07-25,2020-09-03T00:00:00,,,11214000000.0,14656000000.0,,37920000000.0,14583000000.0,4237000000.0,2.64,sec_edgar:companyfacts
CSCO,us,2020-10-24,2020-11-17T00:00:00,,,2174000000.0,3925000000.0,,38157000000.0,14566000000.0,4222000000.0,0.51,sec_edgar:companyfacts
CSCO,us,2021-01-23,2021-02-16T00:00:00,,,4719000000.0,6712000000.0,,39121000000.0,14554000000.0,4221000000.0,1.11,sec_edgar:companyfacts
CSCO,us,2021-05-01,2021-05-25T00:00:00,,,7582000000.0,10420000000.0,,40205000000.0,11532000000.0,4215000000.0,1.79,sec_edgar:companyfacts
CSCO,us,2021-07-31,2021-09-09T00:00:00,,,10591000000.0,14762000000.0,,41275000000.0,11526000000.0,4217000000.0,2.5,sec_edgar:companyfacts
CSCO,us,2021-10-30,2021-11-23T00:00:00,,,2980000000.0,3305000000.0,,42701000000.0,9502000000.0,4217000000.0,0.7,sec_edgar:companyfacts
CSCO,us,2022-01-29,2022-02-22T00:00:00,,,5953000000.0,5656000000.0,,39496000000.0,9471000000.0,4151000000.0,1.41,sec_edgar:companyfacts
CSCO,us,2022-04-30,2022-05-25T00:00:00,,,8997000000.0,9211000000.0,,40400000000.0,9418000000.0,4149000000.0,2.14,sec_edgar:companyfacts
CSCO,us,2022-07-30,2022-09-08T00:00:00,,,11812000000.0,12749000000.0,,39773000000.0,8915000000.0,4110000000.0,2.82,sec_edgar:companyfacts
CSCO,us,2022-10-29,2022-11-22T00:00:00,,,2670000000.0,3786000000.0,,40272000000.0,8878000000.0,4103000000.0,0.65,sec_edgar:companyfacts
CSCO,us,2023-01-28,2023-02-21T00:00:00,,,5443000000.0,8355000000.0,,41474000000.0,8887000000.0,4095000000.0,1.32,sec_edgar:companyfacts
CSCO,us,2023-04-29,2023-05-24T00:00:00,,,8655000000.0,13304000000.0,,42295000000.0,8394000000.0,4075000000.0,2.11,sec_edgar:companyfacts
CSCO,us,2023-07-29,2023-09-07T00:00:00,,,12613000000.0,19037000000.0,,44353000000.0,8391000000.0,4066000000.0,3.07,sec_edgar:companyfacts
CSCO,us,2023-10-28,2023-11-21T00:00:00,,,3638000000.0,2237000000.0,,45210000000.0,7650000000.0,4049000000.0,0.89,sec_edgar:companyfacts
CSCO,us,2024-01-27,2024-02-20T00:00:00,,,6272000000.0,2875000000.0,,46251000000.0,7666000000.0,4050000000.0,1.54,sec_edgar:companyfacts
CSCO,us,2024-04-27,2024-05-21T00:00:00,,,8158000000.0,6678000000.0,,45768000000.0,20102000000.0,4031000000.0,2.0,sec_edgar:companyfacts
CSCO,us,2024-07-27,2024-09-05T00:00:00,,,10320000000.0,10210000000.0,,45457000000.0,20109000000.0,4007000000.0,2.54,sec_edgar:companyfacts
CSCO,us,2024-10-26,2024-11-19T00:00:00,,,2711000000.0,3444000000.0,,45277000000.0,20117000000.0,3974000000.0,0.68,sec_edgar:companyfacts
CSCO,us,2025-01-25,2025-02-18T00:00:00,,,5139000000.0,5475000000.0,,45530000000.0,20122000000.0,3977000000.0,1.28,sec_edgar:companyfacts
CSCO,us,2025-04-26,2025-05-20T00:00:00,,,7630000000.0,9271000000.0,,45935000000.0,25105000000.0,3960000000.0,1.91,sec_edgar:companyfacts
CSCO,us,2025-07-26,2025-09-03T00:00:00,,,10180000000.0,13288000000.0,,46843000000.0,24611000000.0,3960000000.0,2.55,sec_edgar:companyfacts
CSCO,us,2025-10-25,2025-11-18T00:00:00,,,2860000000.0,2889000000.0,,46873000000.0,24613000000.0,3938000000.0,0.72,sec_edgar:companyfacts
CSCO,us,2026-01-24,2026-02-17T00:00:00,,,6035000000.0,4428000000.0,,47723000000.0,24617000000.0,3949000000.0,1.51,sec_edgar:companyfacts
CSCO,us,2026-04-25,2026-05-19T00:00:00,,,9408000000.0,7771000000.0,,48861000000.0,22869000000.0,3940000000.0,2.36,sec_edgar:companyfacts
CVS,us,2007-12-29,2010-02-26T00:00:00,76330000000.0,,2637000000.0,1425000000.0,,31322000000.0,,,1.92,sec_edgar:companyfacts
CVS,us,2008-06-28,2009-08-04T00:00:00,42466300000.0,,1523300000.0,436800000.0,,,,,1.04,sec_edgar:companyfacts
CVS,us,2008-09-27,2009-11-05T00:00:00,63329700000.0,,2259300000.0,695100000.0,,,,,1.54,sec_edgar:companyfacts
CVS,us,2008-12-31,2010-02-26T00:00:00,87472000000.0,,3212000000.0,1767000000.0,,34574400000.0,3044100000.0,1437065000.0,2.18,sec_edgar:companyfacts
CVS,us,2009-03-31,2010-05-04T00:00:00,23394000000.0,,738000000.0,305000000.0,,,,,0.5,sec_edgar:companyfacts
CVS,us,2009-06-30,2009-08-04T00:00:00,48265000000.0,,1624900000.0,231900000.0,,36151600000.0,1328000000.0,,1.105,sec_edgar:companyfacts
CVS,us,2009-09-30,2009-11-05T00:00:00,72906900000.0,,2646200000.0,478100000.0,,35674900000.0,1100000000.0,1418763000.0,1.81,sec_edgar:companyfacts
CVS,us,2009-12-31,2010-02-26T00:00:00,98729000000.0,,3696000000.0,1487000000.0,,35768000000.0,11490000000.0,1391000000.0,2.55,sec_edgar:companyfacts
CVS,us,2010-03-31,2010-05-04T00:00:00,23760000000.0,,771000000.0,659000000.0,,35694000000.0,515000000.0,1371000000.0,0.55,sec_edgar:companyfacts
CVS,us,2010-06-30,2010-07-29T00:00:00,47767000000.0,,1592000000.0,846000000.0,,35872000000.0,1852000000.0,1356000000.0,1.15,sec_edgar:companyfacts
CVS,us,2010-09-30,2010-11-03T00:00:00,71641000000.0,,2401000000.0,1625000000.0,,36637000000.0,1384000000.0,1358000000.0,1.74,sec_edgar:companyfacts
CVS,us,2010-12-31,2011-02-18T00:00:00,96413000000.0,,3427000000.0,2774000000.0,,37700000000.0,10357000000.0,1363000000.0,2.49,sec_edgar:companyfacts
CVS,us,2011-03-31,2011-05-05T00:00:00,25880000000.0,,713000000.0,1557000000.0,,37919000000.0,9800000000.0,1354000000.0,0.52,sec_edgar:companyfacts
CVS,us,2011-06-30,2011-08-04T00:00:00,52509000000.0,,1529000000.0,2363000000.0,,38244000000.0,11100000000.0,1346000000.0,1.12,sec_edgar:companyfacts
CVS,us,2011-09-30,2011-11-03T00:00:00,78783000000.0,,,3867000000.0,,37487000000.0,10730000000.0,1308000000.0,1.77,sec_edgar:companyfacts
CVS,us,2011-12-31,2012-02-17T00:00:00,107100000000.0,,,3984000000.0,,,10050000000.0,1298000000.0,2.57,sec_edgar:companyfacts
CVS,us,2012-03-31,2012-05-02T00:00:00,30798000000.0,,,2410000000.0,,,9200000000.0,1290000000.0,0.59,sec_edgar:companyfacts
CVS,us,2012-06-30,2012-08-07T00:00:00,61512000000.0,,,3199000000.0,,,9400000000.0,1271000000.0,1.34,sec_edgar:companyfacts
CVS,us,2012-09-30,2012-11-06T00:00:00,91739000000.0,,,3626000000.0,,,10025000000.0,1246000000.0,2.13,sec_edgar:companyfacts
CVS,us,2012-12-31,2015-02-10T00:00:00,123133000000.0,,,4641000000.0,,37653000000.0,9790000000.0,1231000000.0,3.03,sec_edgar:companyfacts
CVS,us,2013-03-31,2013-05-01T00:00:00,30763000000.0,,,1322000000.0,,,300000000.0,1228000000.0,0.77,sec_edgar:companyfacts
CVS,us,2013-06-30,2013-08-06T00:00:00,62011000000.0,,,1738000000.0,,,0.0,1227000000.0,1.68,sec_edgar:companyfacts
CVS,us,2013-09-30,2013-11-05T00:00:00,93979000000.0,,,2915000000.0,,,814000000.0,1204000000.0,2.7,sec_edgar:companyfacts
CVS,us,2013-12-31,2014-05-02T00:00:00,126761000000.0,,,3799000000.0,,37938000000.0,13400000000.0,1180000000.0,3.74,sec_edgar:companyfacts
CVS,us,2014-03-31,2014-05-02T00:00:00,32689000000.0,,,1784000000.0,,38210000000.0,,1173000000.0,0.95,sec_edgar:companyfacts
CVS,us,2014-06-30,2014-08-05T00:00:00,67291000000.0,,,2178000000.0,,38130000000.0,,1160000000.0,2.01,sec_edgar:companyfacts
CVS,us,2014-09-30,2014-11-04T00:00:00,102312000000.0,,,3278000000.0,,38104000000.0,775000000.0,1153000000.0,2.82,sec_edgar:companyfacts
CVS,us,2014-12-31,2017-02-09T00:00:00,139367000000.0,,4644000000.0,6001000000.0,,37958000000.0,12985000000.0,1140000000.0,3.96,sec_edgar:companyfacts
CVS,us,2015-03-31,2017-02-09T00:00:00,36332000000.0,,1221000000.0,1565000000.0,,36990000000.0,500000000.0,1127000000.0,1.07,sec_edgar:companyfacts
CVS,us,2015-06-30,2017-02-09T00:00:00,73501000000.0,,1272000000.0,2079000000.0,,37127000000.0,1488000000.0,1118000000.0,2.19,sec_edgar:companyfacts
CVS,us,2015-09-30,2017-02-09T00:00:00,112144000000.0,,1246000000.0,3351000000.0,,37174000000.0,0.0,1110000000.0,3.29,sec_edgar:companyfacts
CVS,us,2015-12-31,2017-02-09T00:00:00,153290000000.0,,5237000000.0,6045000000.0,,37196000000.0,27500000000.0,1101000000.0,4.63,sec_edgar:companyfacts
CVS,us,2016-03-31,2017-02-09T00:00:00,43215000000.0,,1146000000.0,1814000000.0,,36025000000.0,,1081000000.0,1.04,sec_edgar:companyfacts
CVS,us,2016-06-30,2017-02-09T00:00:00,86940000000.0,,924000000.0,2921000000.0,,34760000000.0,745000000.0,1065000000.0,1.9,sec_edgar:companyfacts
CVS,us,2016-09-30,2017-02-09T00:00:00,131555000000.0,,1540000000.0,6341000000.0,,35949000000.0,340000000.0,1066000000.0,3.32,sec_edgar:companyfacts
CVS,us,2016-12-31,2017-02-09T00:00:00,177526000000.0,,5317000000.0,7845000000.0,,36830000000.0,27574000000.0,1061000000.0,4.9,sec_edgar:companyfacts
CVS,us,2017-03-31,2017-05-02T00:00:00,44514000000.0,,952000000.0,3076000000.0,,33837000000.0,27468000000.0,1027000000.0,0.92,sec_edgar:companyfacts
CVS,us,2017-06-30,2017-08-08T00:00:00,90199000000.0,,2050000000.0,4644000000.0,,34142000000.0,26800000000.0,1015000000.0,1.98,sec_edgar:companyfacts
CVS,us,2017-09-30,2017-11-06T00:00:00,136380000000.0,,3335000000.0,6731000000.0,,34863000000.0,25810000000.0,1013000000.0,3.24,sec_edgar:companyfacts
CVS,us,2017-12-31,2018-02-14T00:00:00,184765000000.0,,6622000000.0,6089000000.0,,37691000000.0,26976000000.0,1014000000.0,6.44,sec_edgar:companyfacts
CVS,us,2018-01-01,2018-08-08T00:00:00,,,,,,37678000000.0,,,,sec_edgar:companyfacts
CVS,us,2018-01-02,2018-05-02T00:00:00,,,,,,37678000000.0,,,,sec_edgar:companyfacts
CVS,us,2018-03-31,2018-05-02T00:00:00,45693000000.0,,998000000.0,1873000000.0,,38673000000.0,65100000000.0,1016000000.0,0.98,sec_edgar:companyfacts
CVS,us,2018-06-30,2018-08-08T00:00:00,92401000000.0,,-1565000000.0,4377000000.0,,35607000000.0,65100000000.0,1017000000.0,-1.54,sec_edgar:companyfacts
CVS,us,2018-09-30,2018-11-06T00:00:00,139670000000.0,,-175000000.0,4934000000.0,,36618000000.0,62900000000.0,1019000000.0,-0.17,sec_edgar:companyfacts
CVS,us,2018-12-31,2019-02-28T00:00:00,194579000000.0,,-594000000.0,6828000000.0,,58225000000.0,74149000000.0,1295000000.0,-0.57,sec_edgar:companyfacts
CVS,us,2019-01-01,2019-05-01T00:00:00,,,,,,58403000000.0,,,,sec_edgar:companyfacts
CVS,us,2019-03-31,2020-02-18T00:00:00,61646000000.0,,1421000000.0,1232000000.0,,59686000000.0,3005000000.0,1298000000.0,1.09,sec_edgar:companyfacts
CVS,us,2019-06-30,2019-08-07T00:00:00,125077000000.0,,3357000000.0,5997000000.0,,61282000000.0,446000000.0,1299000000.0,2.58,sec_edgar:companyfacts
CVS,us,2019-09-30,2019-11-06T00:00:00,189887000000.0,,4887000000.0,8324000000.0,,62614000000.0,70124000000.0,1301000000.0,3.75,sec_edgar:companyfacts
CVS,us,2019-12-31,2020-02-18T00:00:00,256776000000.0,,6634000000.0,10391000000.0,,63864000000.0,0.0,1302000000.0,5.08,sec_edgar:companyfacts
CVS,us,2020-03-31,2020-05-06T00:00:00,66755000000.0,,2007000000.0,2563000000.0,,65140000000.0,255000000.0,1305000000.0,1.53,sec_edgar:companyfacts
CVS,us,2020-06-30,2020-08-05T00:00:00,132096000000.0,,4982000000.0,9234000000.0,,68022000000.0,,1307000000.0,3.79,sec_edgar:companyfacts
CVS,us,2020-09-30,2020-11-06T00:00:00,199152000000.0,,6206000000.0,10574000000.0,,68807000000.0,,1309000000.0,4.72,sec_edgar:companyfacts
CVS,us,2020-12-31,2021-02-16T00:00:00,268706000000.0,,7179000000.0,13428000000.0,,69389000000.0,0.0,1310000000.0,5.46,sec_edgar:companyfacts
CVS,us,2021-03-31,2021-05-04T00:00:00,69097000000.0,,2223000000.0,2063000000.0,,70850000000.0,252000000.0,1313000000.0,1.68,sec_edgar:companyfacts
CVS,us,2021-06-30,2021-08-04T00:00:00,141713000000.0,,5006000000.0,7424000000.0,,73244000000.0,,1318000000.0,3.78,sec_edgar:companyfacts
CVS,us,2021-09-30,2021-11-03T00:00:00,215507000000.0,,6604000000.0,12337000000.0,,74308000000.0,,1321000000.0,4.98,sec_edgar:companyfacts
CVS,us,2021-12-31,2022-02-09T00:00:00,292111000000.0,,7910000000.0,15745000000.0,,75075000000.0,,1322000000.0,5.95,sec_edgar:companyfacts
CVS,us,2022-03-31,2022-05-04T00:00:00,76826000000.0,,2312000000.0,2512000000.0,,73830000000.0,,1306000000.0,1.74,sec_edgar:companyfacts
CVS,us,2022-06-30,2022-08-03T00:00:00,157462000000.0,,5263000000.0,7547000000.0,,75184000000.0,,1312000000.0,3.97,sec_edgar:companyfacts
CVS,us,2022-09-30,2022-11-02T00:00:00,238621000000.0,,1847000000.0,16090000000.0,,70683000000.0,,1315000000.0,1.4,sec_edgar:companyfacts
CVS,us,2022-12-31,2023-02-08T00:00:00,322467000000.0,,4149000000.0,13450000000.0,,71015000000.0,0.0,1300000000.0,3.14,sec_edgar:companyfacts
CVS,us,2023-03-31,2023-05-03T00:00:00,85278000000.0,,2136000000.0,6454000000.0,,71382000000.0,,1279000000.0,1.65,sec_edgar:companyfacts
CVS,us,2023-06-30,2023-08-02T00:00:00,174199000000.0,,4037000000.0,11771000000.0,,72726000000.0,1000000000.0,1282000000.0,3.13,sec_edgar:companyfacts
CVS,us,2023-09-30,2023-11-01T00:00:00,263963000000.0,,6298000000.0,13942000000.0,,74337000000.0,,1287000000.0,4.88,sec_edgar:companyfacts
CVS,us,2023-12-31,2024-02-07T00:00:00,357776000000.0,,8344000000.0,10395000000.0,,76461000000.0,200000000.0,1288000000.0,6.47,sec_edgar:companyfacts
CVS,us,2024-03-31,2024-05-01T00:00:00,88437000000.0,,1113000000.0,4198000000.0,,73968000000.0,2719000000.0,1252000000.0,0.88,sec_edgar:companyfacts
CVS,us,2024-06-30,2024-08-07T00:00:00,179671000000.0,,2883000000.0,6649000000.0,,74930000000.0,0.0,1256000000.0,2.28,sec_edgar:companyfacts
CVS,us,2024-09-30,2024-11-06T00:00:00,275099000000.0,,2970000000.0,5234000000.0,,74944000000.0,800000000.0,1258000000.0,2.35,sec_edgar:companyfacts
CVS,us,2024-12-31,2025-02-12T00:00:00,372809000000.0,,4614000000.0,6326000000.0,,75560000000.0,2119000000.0,1260000000.0,3.66,sec_edgar:companyfacts
CVS,us,2025-03-31,2025-05-01T00:00:00,94588000000.0,,1779000000.0,3813000000.0,,76929000000.0,1259000000.0,1262000000.0,1.41,sec_edgar:companyfacts
CVS,us,2025-06-30,2025-07-31T00:00:00,193503000000.0,,2800000000.0,5103000000.0,,77379000000.0,3040000000.0,1267000000.0,2.21,sec_edgar:companyfacts
CVS,us,2025-09-30,2025-10-29T00:00:00,296374000000.0,,-1175000000.0,5201000000.0,,72928000000.0,1247000000.0,1270000000.0,-0.93,sec_edgar:companyfacts
CVS,us,2025-12-31,2026-02-10T00:00:00,402067000000.0,,1768000000.0,7807000000.0,,75214000000.0,0.0,1271000000.0,1.39,sec_edgar:companyfacts
CVS,us,2026-03-31,2026-05-06T00:00:00,100426000000.0,,2943000000.0,3400000000.0,,77456000000.0,,1273000000.0,2.3,sec_edgar:companyfacts
CVX,us,2007-12-31,2010-02-25T00:00:00,220904000000.0,,18688000000.0,8299000000.0,,77088000000.0,,,8.77,sec_edgar:companyfacts
CVX,us,2008-03-31,2009-05-07T00:00:00,65946000000.0,,5168000000.0,12559000000.0,,,,,2.48,sec_edgar:companyfacts
CVX,us,2008-06-30,2009-08-06T00:00:00,148935000000.0,,11143000000.0,6340000000.0,,,,,5.38,sec_edgar:companyfacts
CVX,us,2008-09-30,2009-11-05T00:00:00,227802000000.0,,19036000000.0,10792000000.0,,,,,9.23,sec_edgar:companyfacts
CVX,us,2008-12-31,2010-02-25T00:00:00,273005000000.0,,23931000000.0,9966000000.0,,87117000000.0,2818000000.0,,11.67,sec_edgar:companyfacts
CVX,us,2009-03-31,2009-05-07T00:00:00,36130000000.0,,1837000000.0,8388000000.0,,87816000000.0,1018000000.0,2004559279.0,0.92,sec_edgar:companyfacts
CVX,us,2009-06-30,2009-08-06T00:00:00,76335000000.0,,3582000000.0,-4726000000.0,,87958000000.0,868000000.0,2005512604.0,1.79,sec_edgar:companyfacts
CVX,us,2009-09-30,2009-11-05T00:00:00,122960000000.0,,7413000000.0,-2135000000.0,,90646000000.0,240000000.0,2006267842.0,3.71,sec_edgar:companyfacts
CVX,us,2009-12-31,2010-02-25T00:00:00,171636000000.0,,10483000000.0,-470000000.0,,91914000000.0,6089000000.0,,5.24,sec_edgar:companyfacts
CVX,us,2010-03-31,2010-05-05T00:00:00,48179000000.0,,4552000000.0,3550000000.0,,95349000000.0,302000000.0,2008642168.0,2.27,sec_edgar:companyfacts
CVX,us,2010-06-30,2010-08-05T00:00:00,101183000000.0,,9961000000.0,6601000000.0,,99569000000.0,375000000.0,2010593599.0,4.97,sec_edgar:companyfacts
CVX,us,2010-09-30,2010-11-05T00:00:00,150901000000.0,,13729000000.0,8994000000.0,,102243000000.0,170000000.0,2012428494.0,6.84,sec_edgar:companyfacts
CVX,us,2010-12-31,2011-02-24T00:00:00,204928000000.0,,19024000000.0,11747000000.0,,105081000000.0,5823000000.0,,9.48,sec_edgar:companyfacts
CVX,us,2011-03-31,2011-05-05T00:00:00,60341000000.0,,6211000000.0,5169000000.0,,110100000000.0,1817000000.0,2010270141.0,3.09,sec_edgar:companyfacts
CVX,us,2011-06-30,2011-08-04T00:00:00,129289000000.0,,13943000000.0,8086000000.0,,115653000000.0,1902000000.0,2010593599.0,6.94,sec_edgar:companyfacts
CVX,us,2011-09-30,2011-11-03T00:00:00,193721000000.0,,21772000000.0,12833000000.0,,120891000000.0,245000000.0,1991484388.0,10.86,sec_edgar:companyfacts
CVX,us,2011-12-31,2012-02-23T00:00:00,253706000000.0,,26895000000.0,14598000000.0,,121382000000.0,4441000000.0,,13.44,sec_edgar:companyfacts
CVX,us,2012-03-31,2012-05-03T00:00:00,60705000000.0,,6471000000.0,2492000000.0,,125507000000.0,396000000.0,1973178630.0,3.27,sec_edgar:companyfacts
CVX,us,2012-06-30,2012-08-02T00:00:00,123313000000.0,,13681000000.0,5340000000.0,,129997000000.0,359000000.0,1962140000.0,6.93,sec_edgar:companyfacts
CVX,us,2012-09-30,2012-11-06T00:00:00,181357000000.0,,18934000000.0,5580000000.0,,132941000000.0,2172000000.0,1957181104.0,9.62,sec_edgar:companyfacts
CVX,us,2012-12-31,2013-02-22T00:00:00,241909000000.0,,26179000000.0,7874000000.0,,136524000000.0,6213000000.0,,13.32,sec_edgar:companyfacts
CVX,us,2013-03-31,2013-05-02T00:00:00,56818000000.0,,6178000000.0,-2478000000.0,,140134000000.0,2090000000.0,1938977775.0,3.18,sec_edgar:companyfacts
CVX,us,2013-06-30,2013-08-07T00:00:00,114187000000.0,,11543000000.0,-2531000000.0,,142841000000.0,1913000000.0,1932023723.0,5.95,sec_edgar:companyfacts
CVX,us,2013-09-30,2013-11-08T00:00:00,172690000000.0,,16493000000.0,-1822000000.0,,144779000000.0,527000000.0,1923173013.0,8.52,sec_edgar:companyfacts
CVX,us,2013-12-31,2014-02-21T00:00:00,228848000000.0,,21423000000.0,-2983000000.0,,149113000000.0,12334000000.0,,11.09,sec_edgar:companyfacts
CVX,us,2014-03-31,2014-05-02T00:00:00,53265000000.0,,4512000000.0,-127000000.0,,150661000000.0,3008000000.0,1903650099.0,2.36,sec_edgar:companyfacts
CVX,us,2014-06-30,2014-08-06T00:00:00,111203000000.0,,10177000000.0,-1177000000.0,,153581000000.0,15898000000.0,1898931825.0,5.34,sec_edgar:companyfacts
CVX,us,2014-09-30,2014-11-07T00:00:00,165882000000.0,,15770000000.0,-761000000.0,,156140000000.0,18065000000.0,1890424385.0,8.29,sec_edgar:companyfacts
CVX,us,2014-12-31,2015-02-20T00:00:00,211970000000.0,,19241000000.0,-3932000000.0,,155028000000.0,19750000000.0,,10.14,sec_edgar:companyfacts
CVX,us,2015-03-31,2015-05-07T00:00:00,34558000000.0,,2567000000.0,-5283000000.0,,155803000000.0,26608000000.0,1880477711.0,1.37,sec_edgar:companyfacts
CVX,us,2015-06-30,2015-08-05T00:00:00,74915000000.0,,3138000000.0,-5706000000.0,,154669000000.0,24221000000.0,1881734623.0,1.67,sec_edgar:companyfacts
CVX,us,2015-09-30,2015-11-06T00:00:00,109230000000.0,,5175000000.0,-7156000000.0,,154912000000.0,28280000000.0,1882036704.0,2.76,sec_edgar:companyfacts
CVX,us,2015-12-31,2016-02-25T00:00:00,138477000000.0,,4587000000.0,-10048000000.0,,152716000000.0,31999000000.0,,2.45,sec_edgar:companyfacts
CVX,us,2016-03-31,2016-05-05T00:00:00,23553000000.0,,-725000000.0,-4425000000.0,,150307000000.0,9630000000.0,1884702387.0,-0.39,sec_edgar:companyfacts
CVX,us,2016-06-30,2016-08-04T00:00:00,52835000000.0,,-2195000000.0,-6363000000.0,,147163000000.0,5530000000.0,1886520448.0,-1.17,sec_edgar:companyfacts
CVX,us,2016-09-30,2016-11-03T00:00:00,82975000000.0,,-912000000.0,-5117000000.0,,146800000000.0,6057000000.0,1887769320.0,-0.49,sec_edgar:companyfacts
CVX,us,2016-12-31,2017-02-23T00:00:00,114472000000.0,,-497000000.0,-5263000000.0,,145556000000.0,43330000000.0,,-0.27,sec_edgar:companyfacts
CVX,us,2017-03-31,2017-05-04T00:00:00,33421000000.0,,2682000000.0,564000000.0,,146592000000.0,8297000000.0,1894556806.0,1.41,sec_edgar:companyfacts
CVX,us,2017-06-30,2017-08-03T00:00:00,67901000000.0,,4132000000.0,2376000000.0,,146203000000.0,8782000000.0,1895002689.0,2.18,sec_edgar:companyfacts
CVX,us,2017-09-30,2017-11-02T00:00:00,104106000000.0,,6084000000.0,4522000000.0,,146713000000.0,7897000000.0,1899373928.0,3.21,sec_edgar:companyfacts
CVX,us,2017-12-31,2018-02-22T00:00:00,141722000000.0,,9195000000.0,7111000000.0,,148124000000.0,35426000000.0,,4.85,sec_edgar:companyfacts
CVX,us,2018-03-31,2018-05-03T00:00:00,37764000000.0,,3638000000.0,2046000000.0,,150356000000.0,8601000000.0,1910956734.0,1.9,sec_edgar:companyfacts
CVX,us,2018-06-30,2018-08-02T00:00:00,80000000000.0,,7047000000.0,5675000000.0,,152198000000.0,8598000000.0,1916147100.0,3.68,sec_edgar:companyfacts
CVX,us,2018-09-30,2018-11-08T00:00:00,123987000000.0,,11094000000.0,11666000000.0,,153575000000.0,6121000000.0,1910774369.0,5.79,sec_edgar:companyfacts
CVX,us,2018-12-31,2019-02-22T00:00:00,166339000000.0,,14824000000.0,16826000000.0,,154554000000.0,29456000000.0,,7.74,sec_edgar:companyfacts
CVX,us,2019-03-31,2019-05-02T00:00:00,35200000000.0,,2649000000.0,2104000000.0,,155045000000.0,7023000000.0,1904726061.0,1.39,sec_edgar:companyfacts
CVX,us,2019-06-30,2019-08-07T00:00:00,74050000000.0,,6954000000.0,7303000000.0,,156395000000.0,5588000000.0,1898418471.0,3.66,sec_edgar:companyfacts
CVX,us,2019-09-30,2019-11-07T00:00:00,110166000000.0,,9534000000.0,11751000000.0,,155841000000.0,7795000000.0,1890872188.0,5.02,sec_edgar:companyfacts
CVX,us,2019-12-31,2020-02-21T00:00:00,146516000000.0,,2924000000.0,13198000000.0,,144213000000.0,22012000000.0,,1.54,sec_edgar:companyfacts
CVX,us,2020-03-31,2020-05-06T00:00:00,31501000000.0,,3599000000.0,1589000000.0,,143930000000.0,8688000000.0,1866978650.0,1.93,sec_edgar:companyfacts
CVX,us,2020-06-30,2020-08-05T00:00:00,44995000000.0,,-4671000000.0,-423000000.0,,134118000000.0,3751000000.0,1867267832.0,-2.51,sec_edgar:companyfacts
CVX,us,2020-09-30,2020-11-05T00:00:00,69446000000.0,,-4878000000.0,1484000000.0,,131774000000.0,530000000.0,1867323448.0,-2.63,sec_edgar:companyfacts
CVX,us,2020-12-31,2021-02-25T00:00:00,94692000000.0,,-5543000000.0,1655000000.0,,131688000000.0,27224000000.0,,-2.96,sec_edgar:companyfacts
CVX,us,2021-03-31,2021-05-06T00:00:00,32029000000.0,,1377000000.0,2450000000.0,,131888000000.0,4841000000.0,1928052179.0,0.72,sec_edgar:companyfacts
CVX,us,2021-06-30,2021-08-05T00:00:00,69626000000.0,,4459000000.0,7607000000.0,,133182000000.0,3497000000.0,1933911944.0,2.32,sec_edgar:companyfacts
CVX,us,2021-09-30,2021-11-04T00:00:00,114336000000.0,,10570000000.0,14279000000.0,,135862000000.0,291000000.0,1927685919.0,5.51,sec_edgar:companyfacts
CVX,us,2021-12-31,2022-02-24T00:00:00,162465000000.0,,15625000000.0,21131000000.0,,139067000000.0,25932000000.0,,8.14,sec_edgar:companyfacts
CVX,us,2022-03-31,2022-05-04T00:00:00,54373000000.0,,6259000000.0,6095000000.0,,146219000000.0,314000000.0,1964813456.0,3.22,sec_edgar:companyfacts
CVX,us,2022-06-30,2022-08-04T00:00:00,123135000000.0,,17881000000.0,16693000000.0,,153554000000.0,3230000000.0,1957434814.0,9.17,sec_edgar:companyfacts
CVX,us,2022-09-30,2022-11-03T00:00:00,189779000000.0,,29112000000.0,28965000000.0,,158680000000.0,2221000000.0,1933638546.0,14.95,sec_edgar:companyfacts
CVX,us,2022-12-31,2023-02-23T00:00:00,246252000000.0,,35465000000.0,37628000000.0,,159282000000.0,1964000000.0,,18.28,sec_edgar:companyfacts
CVX,us,2023-03-31,2023-05-04T00:00:00,50793000000.0,,6574000000.0,4167000000.0,,159449000000.0,2931000000.0,1894215264.0,3.46,sec_edgar:companyfacts
CVX,us,2023-06-30,2023-08-03T00:00:00,99689000000.0,,12584000000.0,6707000000.0,,158325000000.0,1269000000.0,1867245218.0,6.66,sec_edgar:companyfacts
CVX,us,2023-09-30,2023-11-02T00:00:00,153769000000.0,,19110000000.0,11707000000.0,,165265000000.0,440000000.0,1887748665.0,10.14,sec_edgar:companyfacts
CVX,us,2023-12-31,2024-02-26T00:00:00,200949000000.0,,21369000000.0,19780000000.0,,160957000000.0,529000000.0,,11.36,sec_edgar:companyfacts
CVX,us,2024-03-31,2024-05-02T00:00:00,48716000000.0,,5501000000.0,2739000000.0,,160625000000.0,282000000.0,1847009033.0,2.97,sec_edgar:companyfacts
CVX,us,2024-06-30,2024-08-07T00:00:00,99897000000.0,,9935000000.0,5068000000.0,,159233000000.0,1735000000.0,1828917113.0,5.4,sec_edgar:companyfacts
CVX,us,2024-09-30,2024-11-07T00:00:00,150566000000.0,,14422000000.0,10687000000.0,,156202000000.0,5144000000.0,1797091325.0,7.88,sec_edgar:companyfacts
CVX,us,2024-12-31,2025-02-21T00:00:00,202792000000.0,,17661000000.0,15044000000.0,,152318000000.0,4406000000.0,,9.72,sec_edgar:companyfacts
CVX,us,2025-03-31,2025-05-08T00:00:00,47610000000.0,,3500000000.0,1262000000.0,,149244000000.0,4076000000.0,1746393905.0,2.0,sec_edgar:companyfacts
CVX,us,2025-06-30,2025-08-07T00:00:00,92432000000.0,,5990000000.0,6126000000.0,,146417000000.0,6191000000.0,1727990376.0,3.45,sec_edgar:companyfacts
CVX,us,2025-09-30,2025-11-06T00:00:00,142158000000.0,,9529000000.0,11067000000.0,,189843000000.0,3591000000.0,2013521597.0,5.27,sec_edgar:companyfacts
CVX,us,2025-12-31,2026-02-24T00:00:00,189031000000.0,,12299000000.0,16592000000.0,,186450000000.0,977000000.0,,6.63,sec_edgar:companyfacts
CVX,us,2026-03-31,2026-05-07T00:00:00,48607000000.0,,2210000000.0,-1549000000.0,,183715000000.0,5828000000.0,1991597732.0,1.11,sec_edgar:companyfacts
DD,us,2015-12-31,2018-02-15T00:00:00,,,7685000000.0,3904000000.0,,,,,6.15,sec_edgar:companyfacts
DD,us,2016-03-31,2018-02-15T00:00:00,,,254000000.0,,,,,,,sec_edgar:companyfacts
DD,us,2016-06-30,2018-02-15T00:00:00,,,3208000000.0,,,,,,,sec_edgar:companyfacts
DD,us,2016-09-30,2017-11-06T00:00:00,,,4266000000.0,842000000.0,,,,,3.48,sec_edgar:companyfacts
DD,us,2016-12-31,2019-02-11T00:00:00,48158000000.0,,4318000000.0,1796000000.0,,25987000000.0,21363000000.0,,3.52,sec_edgar:companyfacts
DD,us,2017-03-31,2019-02-11T00:00:00,13230000000.0,,888000000.0,-830000000.0,,,,,0.72,sec_edgar:companyfacts
DD,us,2017-06-30,2019-02-11T00:00:00,13834000000.0,,1321000000.0,-1650000000.0,,,,,1.79,sec_edgar:companyfacts
DD,us,2017-09-30,2018-11-02T00:00:00,42418000000.0,,2723000000.0,2168000000.0,,102946000000.0,36901000000.0,,2.01,sec_edgar:companyfacts
DD,us,2017-12-31,2020-02-14T00:00:00,62484000000.0,,1460000000.0,5125000000.0,,100330000000.0,34071000000.0,780485000.0,0.91,sec_edgar:companyfacts
DD,us,2018-01-01,2018-05-04T00:00:00,,,,,,100289000000.0,,,,sec_edgar:companyfacts
DD,us,2018-03-31,2019-02-11T00:00:00,21510000000.0,,1104000000.0,-2913000000.0,,101260000000.0,34461000000.0,,0.47,sec_edgar:companyfacts
DD,us,2018-06-30,2019-02-11T00:00:00,24245000000.0,,2872000000.0,-1633000000.0,,98262000000.0,31456000000.0,,1.23,sec_edgar:companyfacts
DD,us,2018-09-30,2018-11-02T00:00:00,65878000000.0,,3369000000.0,-2928000000.0,,98090000000.0,30411000000.0,,1.44,sec_edgar:companyfacts
DD,us,2018-12-31,2019-08-06T00:00:00,85977000000.0,,3844000000.0,894000000.0,,94571000000.0,40464000000.0,784143000.0,1.65,sec_edgar:companyfacts
DD,us,2019-03-31,2019-05-03T00:00:00,19649000000.0,,520000000.0,-1113000000.0,,92444000000.0,38975000000.0,,0.23,sec_edgar:companyfacts
DD,us,2019-06-30,2019-08-06T00:00:00,10882000000.0,,-50000000.0,,,42006000000.0,-13993000000.0,747444000.0,-0.07,sec_edgar:companyfacts
DD,us,2019-09-30,2019-10-31T00:00:00,16308000000.0,,322000000.0,,,41344000000.0,-13640000000.0,742679000.0,0.43,sec_edgar:companyfacts
DD,us,2019-12-31,2022-02-11T00:00:00,21512000000.0,,498000000.0,-83000000.0,,40987000000.0,-11788000000.0,738565000.0,0.67,sec_edgar:companyfacts
DD,us,2020-03-31,2020-05-05T00:00:00,5221000000.0,,-616000000.0,,,39551000000.0,-15620000000.0,,-0.83,sec_edgar:companyfacts
DD,us,2020-06-30,2020-07-31T00:00:00,10049000000.0,,-3094000000.0,,,37005000000.0,-17611000000.0,,-4.2,sec_edgar:companyfacts
DD,us,2020-09-30,2021-11-03T00:00:00,15145000000.0,,-3173000000.0,1872000000.0,,37559000000.0,-23806000000.0,,-4.31,sec_edgar:companyfacts
DD,us,2020-12-31,2022-02-11T00:00:00,20397000000.0,,-2951000000.0,2901000000.0,,38504000000.0,-21806000000.0,734204000.0,-4.01,sec_edgar:companyfacts
DD,us,2021-03-31,2022-05-06T00:00:00,,,5394000000.0,95000000.0,,27188000000.0,12622000000.0,,8.9,sec_edgar:companyfacts
DD,us,2021-06-30,2022-08-04T00:00:00,,,5872000000.0,319000000.0,,26877000000.0,10628000000.0,,10.33,sec_edgar:companyfacts
DD,us,2021-09-30,2021-11-03T00:00:00,,,6263000000.0,953000000.0,,26633000000.0,10630000000.0,,11.32,sec_edgar:companyfacts
DD,us,2021-12-31,2022-02-11T00:00:00,,,6467000000.0,1390000000.0,,26433000000.0,10782000000.0,,11.89,sec_edgar:companyfacts
DD,us,2022-03-31,2022-05-06T00:00:00,,,488000000.0,-42000000.0,,26176000000.0,11039000000.0,,0.95,sec_edgar:companyfacts
DD,us,2022-06-30,2022-08-04T00:00:00,,,1275000000.0,-91000000.0,,25528000000.0,11297000000.0,,2.5,sec_edgar:companyfacts
DD,us,2022-09-30,2022-11-08T00:00:00,,,1642000000.0,156000000.0,,24909000000.0,11926000000.0,,3.24,sec_edgar:companyfacts
DD,us,2022-12-31,2023-02-15T00:00:00,,,5868000000.0,-155000000.0,,26569000000.0,8145000000.0,,11.75,sec_edgar:companyfacts
DD,us,2023-03-31,2023-05-03T00:00:00,,,257000000.0,102000000.0,,26737000000.0,8147000000.0,,0.56,sec_edgar:companyfacts
DD,us,2023-06-30,2023-08-03T00:00:00,,,126000000.0,,,26123000000.0,8147000000.0,,0.27,sec_edgar:companyfacts
DD,us,2023-09-30,2023-11-02T00:00:00,,,445000000.0,,,24192000000.0,8158000000.0,,0.97,sec_edgar:companyfacts
DD,us,2023-12-31,2024-02-15T00:00:00,,,423000000.0,,,24279000000.0,7859000000.0,,0.94,sec_edgar:companyfacts
DD,us,2024-03-31,2024-05-01T00:00:00,,,189000000.0,,,23584000000.0,7860000000.0,,0.45,sec_edgar:companyfacts
DD,us,2024-06-30,2024-07-31T00:00:00,,,367000000.0,,,23335000000.0,7168000000.0,,0.87,sec_edgar:companyfacts
DD,us,2024-09-30,2024-11-05T00:00:00,,,821000000.0,,,24212000000.0,7170000000.0,,1.95,sec_edgar:companyfacts
DD,us,2024-12-31,2025-02-14T00:00:00,,,703000000.0,,,23350000000.0,0.0,,1.67,sec_edgar:companyfacts
DD,us,2025-03-31,2025-05-02T00:00:00,,,-589000000.0,,,22834000000.0,,,-1.41,sec_edgar:companyfacts
DD,us,2025-06-30,2025-08-05T00:00:00,,,-530000000.0,,,23064000000.0,,,-1.27,sec_edgar:companyfacts
DD,us,2025-09-30,2025-11-06T00:00:00,,,-653000000.0,,,22894000000.0,,,-1.56,sec_edgar:companyfacts
DD,us,2025-12-31,2026-02-17T00:00:00,,,-779000000.0,,,13919000000.0,60000000.0,,-1.86,sec_edgar:companyfacts
DD,us,2026-03-31,2026-05-05T00:00:00,,,161000000.0,,,14040000000.0,40000000.0,,0.39,sec_edgar:companyfacts
DE,us,2007-10-31,2010-12-17T00:00:00,24082200000.0,,,1736900000.0,,7155800000.0,,,4.0,sec_edgar:companyfacts
DE,us,2008-07-31,2009-08-28T00:00:00,21036500000.0,,,311400000.0,,,13397400000.0,,3.89,sec_edgar:companyfacts
DE,us,2008-10-31,2010-12-17T00:00:00,28437600000.0,,2052800000.0,836700000.0,,6532700000.0,13898500000.0,,4.7,sec_edgar:companyfacts
DE,us,2009-01-31,2010-03-01T00:00:00,5145900000.0,,203900000.0,-1877600000.0,,6554900000.0,16574700000.0,,0.48,sec_edgar:companyfacts
DE,us,2009-04-30,2010-05-28T00:00:00,11893800000.0,,676200000.0,-1630000000.0,,6868200000.0,16850200000.0,,1.6,sec_edgar:companyfacts
DE,us,2009-07-31,2010-08-27T00:00:00,17778300000.0,,1096300000.0,-164400000.0,,7423600000.0,16720900000.0,,2.59,sec_edgar:companyfacts
DE,us,2009-10-31,2010-12-17T00:00:00,23112400000.0,,873500000.0,1078100000.0,,4818700000.0,17391700000.0,,2.06,sec_edgar:companyfacts
DE,us,2010-01-31,2010-03-01T00:00:00,4834800000.0,,243200000.0,-481000000.0,,4979600000.0,17090600000.0,,0.57,sec_edgar:companyfacts
DE,us,2010-04-30,2010-05-28T00:00:00,11965700000.0,,790700000.0,105400000.0,,5650900000.0,17375800000.0,,1.85,sec_edgar:companyfacts
DE,us,2010-07-31,2010-08-27T00:00:00,18802600000.0,,1407700000.0,630600000.0,,6115200000.0,16374200000.0,,3.28,sec_edgar:companyfacts
DE,us,2010-10-31,2010-12-17T00:00:00,26004600000.0,,1865000000.0,1520500000.0,,6290300000.0,16814500000.0,,4.35,sec_edgar:companyfacts
DE,us,2011-01-31,2011-02-25T00:00:00,6119200000.0,,513700000.0,-1115200000.0,,6578600000.0,16705900000.0,,1.2,sec_edgar:companyfacts
DE,us,2011-04-30,2011-05-27T00:00:00,15028900000.0,,1418100000.0,-1106300000.0,,7423300000.0,16192200000.0,,3.32,sec_edgar:companyfacts
DE,us,2011-07-31,2011-09-01T00:00:00,23400800000.0,,2130300000.0,-45400000.0,,7527600000.0,15892500000.0,,5.01,sec_edgar:companyfacts
DE,us,2011-10-31,2011-12-19T00:00:00,32012500000.0,,2799900000.0,1269700000.0,,6800300000.0,16959900000.0,,6.63,sec_edgar:companyfacts
DE,us,2012-01-31,2012-03-01T00:00:00,6766500000.0,,532900000.0,-1495900000.0,,6763400000.0,16924000000.0,,1.3,sec_edgar:companyfacts
DE,us,2012-04-30,2012-05-31T00:00:00,16775100000.0,,1589100000.0,-2040400000.0,,7378900000.0,18719400000.0,,3.91,sec_edgar:companyfacts
DE,us,2012-07-31,2012-08-30T00:00:00,26365500000.0,,2377100000.0,,,7395800000.0,21157200000.0,,5.88,sec_edgar:companyfacts
DE,us,2012-10-31,2012-12-17T00:00:00,36157100000.0,,3064700000.0,,,6842100000.0,22453100000.0,,7.63,sec_edgar:companyfacts
DE,us,2013-01-31,2013-02-28T00:00:00,7421400000.0,,649700000.0,,,7483700000.0,22170200000.0,,1.65,sec_edgar:companyfacts
DE,us,2013-04-30,2013-05-30T00:00:00,18335000000.0,,1733900000.0,,,8264900000.0,21752900000.0,,4.41,sec_edgar:companyfacts
DE,us,2013-07-31,2013-08-29T00:00:00,28344900000.0,,2730500000.0,,,8589800000.0,21698700000.0,,6.97,sec_edgar:companyfacts
DE,us,2013-10-31,2013-12-16T00:00:00,37795400000.0,,3537300000.0,,,10265800000.0,21577700000.0,,9.09,sec_edgar:companyfacts
DE,us,2014-01-31,2014-02-27T00:00:00,7654000000.0,,681100000.0,,,10255700000.0,22265200000.0,,1.81,sec_edgar:companyfacts
DE,us,2014-04-30,2014-05-29T00:00:00,17602000000.0,,1661800000.0,,,10665300000.0,23166900000.0,,4.46,sec_edgar:companyfacts
DE,us,2014-07-31,2014-08-28T00:00:00,27102100000.0,,2512500000.0,,,10830000000.0,24035500000.0,,6.79,sec_edgar:companyfacts
DE,us,2014-10-31,2014-12-19T00:00:00,36066900000.0,,3161700000.0,,,9062600000.0,24380700000.0,,8.63,sec_edgar:companyfacts
DE,us,2015-01-31,2015-02-26T00:00:00,6383100000.0,,386800000.0,,,8246000000.0,24106700000.0,,1.12,sec_edgar:companyfacts
DE,us,2015-04-30,2015-05-28T00:00:00,14553800000.0,,1077200000.0,,,8173800000.0,23622800000.0,,3.14,sec_edgar:companyfacts
DE,us,2015-07-31,2015-08-27T00:00:00,22147500000.0,,1588800000.0,,,7723100000.0,23200900000.0,,4.67,sec_edgar:companyfacts
DE,us,2015-10-31,2015-12-18T00:00:00,28862800000.0,,1940000000.0,,,6743400000.0,23832800000.0,,5.77,sec_edgar:companyfacts
DE,us,2015-11-01,2017-12-18T00:00:00,28862800000.0,,1940000000.0,3064800000.0,,,,,5.77,sec_edgar:companyfacts
DE,us,2016-01-31,2016-02-25T00:00:00,5524500000.0,,254400000.0,,,6590200000.0,24533200000.0,,0.8,sec_edgar:companyfacts
DE,us,2016-04-30,2016-05-26T00:00:00,13399900000.0,,749800000.0,,,7164300000.0,24648000000.0,,2.36,sec_edgar:companyfacts
DE,us,2016-05-01,2017-06-02T00:00:00,13399900000.0,,749800000.0,,,7164300000.0,24587700000.0,,2.36,sec_edgar:companyfacts
DE,us,2016-07-31,2017-08-31T00:00:00,20124400000.0,,1238600000.0,936700000.0,,7428400000.0,24068900000.0,,3.91,sec_edgar:companyfacts
DE,us,2016-10-30,2017-12-18T00:00:00,26644000000.0,,1523900000.0,3125300000.0,,6520000000.0,23703000000.0,,4.81,sec_edgar:companyfacts
DE,us,2016-10-31,2016-12-19T00:00:00,26644000000.0,,1523900000.0,,,6520000000.0,,,4.81,sec_edgar:companyfacts
DE,us,2017-01-29,2018-03-01T00:00:00,5625200000.0,,193800000.0,-891900000.0,,6825500000.0,22916600000.0,,0.61,sec_edgar:companyfacts
DE,us,2017-04-30,2018-05-31T00:00:00,13912200000.0,,996200000.0,-416700000.0,,7684700000.0,23253100000.0,,3.1,sec_edgar:companyfacts
DE,us,2017-07-30,2017-08-31T00:00:00,21720000000.0,,1648800000.0,355600000.0,,8572200000.0,23674300000.0,,5.11,sec_edgar:companyfacts
DE,us,2017-10-29,2017-12-18T00:00:00,29737700000.0,,2159100000.0,1604900000.0,,9557300000.0,25891300000.0,,6.68,sec_edgar:companyfacts
DE,us,2018-01-28,2018-03-01T00:00:00,6913500000.0,,-535100000.0,-1473100000.0,,9252600000.0,26421800000.0,,-1.66,sec_edgar:companyfacts
DE,us,2018-04-29,2018-05-31T00:00:00,17633500000.0,,673200000.0,-1573900000.0,,10410300000.0,26278600000.0,,2.05,sec_edgar:companyfacts
DE,us,2018-07-29,2018-08-30T00:00:00,27941800000.0,,1583600000.0,-1245300000.0,,10356300000.0,26838000000.0,,4.82,sec_edgar:companyfacts
DE,us,2018-10-28,2018-12-17T00:00:00,37357700000.0,,2368400000.0,923900000.0,,11287800000.0,27237400000.0,,7.24,sec_edgar:companyfacts
DE,us,2019-01-27,2019-02-28T00:00:00,7983600000.0,,498500000.0,-1948100000.0,,11327800000.0,27855200000.0,,1.54,sec_edgar:companyfacts
DE,us,2019-04-28,2019-05-30T00:00:00,19326000000.0,,1633400000.0,-1985700000.0,,11919500000.0,28255400000.0,,5.07,sec_edgar:companyfacts
DE,us,2019-07-28,2019-08-29T00:00:00,29362000000.0,,2532000000.0,-352000000.0,,12266000000.0,29242000000.0,,7.87,sec_edgar:companyfacts
DE,us,2019-11-03,2019-12-19T00:00:00,39258000000.0,,3253000000.0,2292000000.0,,11413000000.0,30229000000.0,,10.15,sec_edgar:companyfacts
DE,us,2020-02-02,2020-02-27T00:00:00,7631000000.0,,517000000.0,-779000000.0,,11926000000.0,30475000000.0,,1.63,sec_edgar:companyfacts
DE,us,2020-05-03,2020-05-28T00:00:00,16884000000.0,,1182000000.0,335000000.0,,11864000000.0,34324000000.0,,3.73,sec_edgar:companyfacts
DE,us,2020-08-02,2020-08-27T00:00:00,25809000000.0,,1993000000.0,3463000000.0,,12888000000.0,43112000000.0,,6.3,sec_edgar:companyfacts
DE,us,2020-11-01,2020-12-17T00:00:00,35540000000.0,,2751000000.0,6663000000.0,,12937000000.0,41316000000.0,,8.69,sec_edgar:companyfacts
DE,us,2021-01-31,2021-02-25T00:00:00,9112000000.0,,1224000000.0,-11000000.0,,14083000000.0,41996000000.0,,3.87,sec_edgar:companyfacts
DE,us,2021-05-02,2021-05-27T00:00:00,21170000000.0,,3013000000.0,1466000000.0,,15092000000.0,43257000000.0,,9.55,sec_edgar:companyfacts
DE,us,2021-08-01,2021-08-26T00:00:00,32697000000.0,,4680000000.0,3822000000.0,,15731000000.0,42684000000.0,,14.86,sec_edgar:companyfacts
DE,us,2021-10-31,2021-12-16T00:00:00,44024000000.0,,5963000000.0,6878000000.0,,18431000000.0,43807000000.0,,18.99,sec_edgar:companyfacts
DE,us,2022-01-30,2022-02-24T00:00:00,9569000000.0,,903000000.0,-2746000000.0,,17804000000.0,43828000000.0,,2.92,sec_edgar:companyfacts
DE,us,2022-05-01,2022-05-26T00:00:00,22939000000.0,,3001000000.0,-2108000000.0,,18904000000.0,44860000000.0,,9.72,sec_edgar:companyfacts
DE,us,2022-07-31,2022-09-01T00:00:00,37041000000.0,,4885000000.0,-178000000.0,,19033000000.0,14176000000.0,,15.88,sec_edgar:companyfacts
DE,us,2022-10-30,2022-12-15T00:00:00,52577000000.0,,7131000000.0,3565000000.0,,20262000000.0,12592000000.0,,23.28,sec_edgar:companyfacts
DE,us,2023-01-29,2023-02-23T00:00:00,12652000000.0,,1959000000.0,-1561000000.0,,21332000000.0,14129000000.0,,6.55,sec_edgar:companyfacts
DE,us,2023-04-30,2023-06-01T00:00:00,30038000000.0,,4819000000.0,-731000000.0,,22395000000.0,17109000000.0,,16.18,sec_edgar:companyfacts
DE,us,2023-07-30,2023-08-31T00:00:00,45839000000.0,,7797000000.0,2009000000.0,,23048000000.0,17143000000.0,,26.35,sec_edgar:companyfacts
DE,us,2023-10-29,2023-12-15T00:00:00,61251000000.0,,10166000000.0,7091000000.0,,21785000000.0,17939000000.0,281600000.0,34.63,sec_edgar:companyfacts
DE,us,2024-01-28,2024-02-29T00:00:00,12185000000.0,,1751000000.0,-1270000000.0,,22075000000.0,17117000000.0,,6.23,sec_edgar:companyfacts
DE,us,2024-04-28,2024-05-30T00:00:00,27420000000.0,,4121000000.0,225000000.0,,22684000000.0,17699000000.0,,14.74,sec_edgar:companyfacts
DE,us,2024-07-28,2024-08-29T00:00:00,40572000000.0,,5855000000.0,3096000000.0,,23062000000.0,15294000000.0,,21.04,sec_edgar:companyfacts
DE,us,2024-10-27,2024-12-12T00:00:00,51716000000.0,,7100000000.0,7591000000.0,,22836000000.0,13533000000.0,271800000.0,25.62,sec_edgar:companyfacts
DE,us,2025-01-26,2025-02-27T00:00:00,8508000000.0,,869000000.0,-1484000000.0,,22479000000.0,12811000000.0,,3.19,sec_edgar:companyfacts
DE,us,2025-04-27,2025-05-29T00:00:00,21272000000.0,,2673000000.0,13000000.0,,24287000000.0,15948000000.0,,9.82,sec_edgar:companyfacts
DE,us,2025-07-27,2025-08-28T00:00:00,33290000000.0,,3962000000.0,2612000000.0,,25175000000.0,14607000000.0,,14.57,sec_edgar:companyfacts
DE,us,2025-11-02,2025-12-18T00:00:00,45684000000.0,,5027000000.0,6099000000.0,,25950000000.0,13796000000.0,270400000.0,18.5,sec_edgar:companyfacts
DE,us,2026-02-01,2026-02-26T00:00:00,9611000000.0,,656000000.0,-1146000000.0,,26300000000.0,14392000000.0,,2.42,sec_edgar:companyfacts
DE,us,2026-05-03,2026-05-28T00:00:00,22981000000.0,,2429000000.0,591000000.0,,27406000000.0,15632000000.0,,8.97,sec_edgar:companyfacts
DHR,us,2007-12-31,2010-02-24T00:00:00,,,1369904000.0,1483704000.0,,,,,4.19,sec_edgar:companyfacts
DHR,us,2008-06-27,2009-07-23T00:00:00,,,639953000.0,831063000.0,,,,,1.92,sec_edgar:companyfacts
DHR,us,2008-09-26,2009-10-22T00:00:00,,,1011945000.0,1231493000.0,,,,,3.03,sec_edgar:companyfacts
DHR,us,2008-12-31,2010-02-24T00:00:00,,,1317631000.0,1665246000.0,,9808562000.0,,318380000.0,3.95,sec_edgar:companyfacts
DHR,us,2009-04-03,2010-04-22T00:00:00,,,237712000.0,280271000.0,,,,,0.72,sec_edgar:companyfacts
DHR,us,2009-06-30,2011-02-24T00:00:00,,,295700000.0,,,,,,0.44,sec_edgar:companyfacts
DHR,us,2009-07-03,2009-07-23T00:00:00,,,533406000.0,718401000.0,,10602527000.0,,,1.61,sec_edgar:companyfacts
DHR,us,2009-09-30,2011-02-24T00:00:00,,,351400000.0,,,,,,0.53,sec_edgar:companyfacts
DHR,us,2009-10-02,2009-10-22T00:00:00,,,884769000.0,1190078000.0,,11210529000.0,,,2.66,sec_edgar:companyfacts
DHR,us,2009-12-31,2010-02-24T00:00:00,,,1151704000.0,1612287000.0,,11630176000.0,2933200000.0,322735000.0,3.46,sec_edgar:companyfacts
DHR,us,2010-04-02,2010-04-22T00:00:00,,,300233000.0,355466000.0,,11853178000.0,,,0.89,sec_edgar:companyfacts
DHR,us,2010-07-02,2010-08-11T00:00:00,,,672709000.0,839431000.0,,12058010000.0,2825000000.0,,1.0,sec_edgar:companyfacts
DHR,us,2010-10-01,2010-10-21T00:00:00,,,1319144000.0,1365813000.0,,13171933000.0,2861800000.0,,1.95,sec_edgar:companyfacts
DHR,us,2010-12-31,2011-02-24T00:00:00,,,1793000000.0,1867023000.0,,13711010000.0,2865500000.0,656360000.0,2.64,sec_edgar:companyfacts
DHR,us,2011-04-01,2011-04-21T00:00:00,,,429358000.0,388059000.0,,14659179000.0,2785900000.0,,0.63,sec_edgar:companyfacts
DHR,us,2011-07-01,2011-07-27T00:00:00,,,1078122000.0,991038000.0,,16489496000.0,6620700000.0,,1.56,sec_edgar:companyfacts
DHR,us,2011-09-30,2011-10-20T00:00:00,,,1601550000.0,1581092000.0,,16496791000.0,5895700000.0,,2.3,sec_edgar:companyfacts
DHR,us,2011-12-31,2012-02-24T00:00:00,,,2172264000.0,2291796000.0,,16904783000.0,5305200000.0,687730000.0,3.11,sec_edgar:companyfacts
DHR,us,2012-03-30,2012-04-19T00:00:00,,,612912000.0,527388000.0,,17823305000.0,4925800000.0,,0.86,sec_edgar:companyfacts
DHR,us,2012-06-29,2012-07-19T00:00:00,,,1213061000.0,1425631000.0,,18301916000.0,4903000000.0,,1.7,sec_edgar:companyfacts
DHR,us,2012-09-28,2012-10-18T00:00:00,,,1761796000.0,2281948000.0,,18886086000.0,4714221000.0,,2.47,sec_edgar:companyfacts
DHR,us,2012-12-31,2013-02-22T00:00:00,,,2392200000.0,2956700000.0,,19016500000.0,5343100000.0,687500000.0,3.36,sec_edgar:companyfacts
DHR,us,2013-03-29,2013-04-18T00:00:00,,,691900000.0,520200000.0,,19681100000.0,4471300000.0,,0.98,sec_edgar:companyfacts
DHR,us,2013-06-28,2013-07-18T00:00:00,,,1308700000.0,1283200000.0,,20296100000.0,4154800000.0,,1.85,sec_edgar:companyfacts
DHR,us,2013-09-27,2013-10-17T00:00:00,,,1905700000.0,2115300000.0,,21304600000.0,3502000000.0,,2.69,sec_edgar:companyfacts
DHR,us,2013-12-31,2014-02-21T00:00:00,,,2695000000.0,3033800000.0,,22385300000.0,3499000000.0,698100000.0,3.8,sec_edgar:companyfacts
DHR,us,2014-03-28,2014-04-16T00:00:00,,,579700000.0,380300000.0,,22961700000.0,3487000000.0,,0.81,sec_edgar:companyfacts
DHR,us,2014-06-27,2014-07-17T00:00:00,,,1256100000.0,1224300000.0,,23720500000.0,3069000000.0,,1.76,sec_edgar:companyfacts
DHR,us,2014-09-26,2014-10-16T00:00:00,,,1936700000.0,2097600000.0,,23740700000.0,3036100000.0,,2.71,sec_edgar:companyfacts
DHR,us,2014-12-31,2015-02-25T00:00:00,,,2598400000.0,3160900000.0,,23378100000.0,3473400000.0,704300000.0,3.63,sec_edgar:companyfacts
DHR,us,2015-04-03,2015-04-23T00:00:00,,,569800000.0,404400000.0,,23321000000.0,3177500000.0,,0.79,sec_edgar:companyfacts
DHR,us,2015-07-03,2015-07-23T00:00:00,,,1265400000.0,1359500000.0,,24101200000.0,3162800000.0,,1.76,sec_edgar:companyfacts
DHR,us,2015-10-02,2015-10-22T00:00:00,,,2668800000.0,2131500000.0,,23112700000.0,,685300000.0,3.75,sec_edgar:companyfacts
DHR,us,2015-12-31,2016-02-24T00:00:00,,,3357400000.0,3168800000.0,,23690300000.0,12870400000.0,686800000.0,4.74,sec_edgar:companyfacts
DHR,us,2016-04-01,2016-04-21T00:00:00,,,758400000.0,621800000.0,,24504700000.0,12391700000.0,688600000.0,1.09,sec_edgar:companyfacts
DHR,us,2016-07-01,2016-07-25T00:00:00,,,1415100000.0,1719700000.0,,25045100000.0,14652200000.0,690500000.0,2.03,sec_edgar:companyfacts
DHR,us,2016-09-30,2016-10-20T00:00:00,,,1806700000.0,2450700000.0,,23191600000.0,8312200000.0,691600000.0,2.59,sec_edgar:companyfacts
DHR,us,2016-12-31,2019-02-21T00:00:00,16882400000.0,,2553700000.0,2932200000.0,,23002800000.0,12269000000.0,692200000.0,3.65,sec_edgar:companyfacts
DHR,us,2017-03-31,2019-02-21T00:00:00,4205700000.0,,506100000.0,401600000.0,,23785800000.0,11950300000.0,694100000.0,0.72,sec_edgar:companyfacts
DHR,us,2017-06-30,2019-02-21T00:00:00,4510100000.0,,1063400000.0,1264200000.0,,24590000000.0,11592000000.0,694700000.0,1.51,sec_edgar:companyfacts
DHR,us,2017-09-29,2019-02-21T00:00:00,4528200000.0,,1635500000.0,2197300000.0,,25375400000.0,10909000000.0,695500000.0,2.32,sec_edgar:companyfacts
DHR,us,2017-12-31,2019-02-21T00:00:00,18329700000.0,,2492100000.0,2858200000.0,,26358200000.0,10522100000.0,696600000.0,3.53,sec_edgar:companyfacts
DHR,us,2018-03-30,2019-02-21T00:00:00,4695400000.0,,566600000.0,691000000.0,,27189900000.0,10509400000.0,698500000.0,0.8,sec_edgar:companyfacts
DHR,us,2018-06-29,2019-02-21T00:00:00,4981000000.0,,1240400000.0,1573200000.0,,27212300000.0,11320700000.0,699700000.0,1.75,sec_edgar:companyfacts
DHR,us,2018-09-28,2019-02-21T00:00:00,4853100000.0,,1904100000.0,2343100000.0,,27673400000.0,10617800000.0,700800000.0,2.68,sec_edgar:companyfacts
DHR,us,2018-12-31,2019-02-21T00:00:00,19893000000.0,,2650900000.0,3366300000.0,,28214400000.0,9740300000.0,701500000.0,3.74,sec_edgar:companyfacts
DHR,us,2019-03-29,2019-04-18T00:00:00,,,333800000.0,547600000.0,,31556600000.0,9494800000.0,715800000.0,0.46,sec_edgar:companyfacts
DHR,us,2019-06-28,2019-07-18T00:00:00,,,1065100000.0,1538300000.0,,32201200000.0,10298100000.0,717300000.0,1.43,sec_edgar:companyfacts
DHR,us,2019-09-27,2019-10-24T00:00:00,,,1733100000.0,2322000000.0,,32502300000.0,17604800000.0,718200000.0,2.32,sec_edgar:companyfacts
DHR,us,2019-12-31,2020-02-21T00:00:00,,,3008200000.0,3316100000.0,,30270600000.0,21729100000.0,695500000.0,4.05,sec_edgar:companyfacts
DHR,us,2020-04-03,2020-05-06T00:00:00,,,595100000.0,686500000.0,,31055100000.0,25971500000.0,697000000.0,0.81,sec_edgar:companyfacts
DHR,us,2020-07-03,2020-07-23T00:00:00,,,1522400000.0,1976100000.0,,36261700000.0,22387200000.0,709200000.0,2.06,sec_edgar:companyfacts
DHR,us,2020-10-02,2020-10-22T00:00:00,,,2405900000.0,3511500000.0,,37961000000.0,21825800000.0,710300000.0,3.22,sec_edgar:companyfacts
DHR,us,2020-12-31,2021-02-25T00:00:00,,,3646000000.0,5417000000.0,,39766000000.0,21204000000.0,711000000.0,4.89,sec_edgar:companyfacts
DHR,us,2021-04-02,2021-04-22T00:00:00,,,1702000000.0,1620000000.0,,40419000000.0,20277000000.0,713100000.0,2.29,sec_edgar:companyfacts
DHR,us,2021-07-02,2021-07-22T00:00:00,,,3487000000.0,3435000000.0,,42756000000.0,20423000000.0,713800000.0,4.68,sec_edgar:companyfacts
DHR,us,2021-10-01,2021-10-21T00:00:00,,,4645000000.0,5151000000.0,,43451000000.0,23598000000.0,714500000.0,6.22,sec_edgar:companyfacts
DHR,us,2021-12-31,2022-02-23T00:00:00,,,6433000000.0,7064000000.0,,45167000000.0,22176000000.0,715000000.0,8.61,sec_edgar:companyfacts
DHR,us,2022-04-01,2022-04-21T00:00:00,,,1725000000.0,1718000000.0,,46356000000.0,21778000000.0,716000000.0,2.31,sec_edgar:companyfacts
DHR,us,2022-07-01,2022-07-21T00:00:00,,,3405000000.0,3422000000.0,,46594000000.0,20062000000.0,727400000.0,4.56,sec_edgar:companyfacts
DHR,us,2022-09-30,2022-10-20T00:00:00,,,4977000000.0,5155000000.0,,46985000000.0,19247000000.0,727900000.0,6.67,sec_edgar:companyfacts
DHR,us,2022-12-31,2023-02-22T00:00:00,,,7209000000.0,7367000000.0,,50082000000.0,19677000000.0,728300000.0,9.66,sec_edgar:companyfacts
DHR,us,2023-03-31,2023-04-25T00:00:00,,,1450000000.0,1672000000.0,,51478000000.0,19832000000.0,729200000.0,1.94,sec_edgar:companyfacts
DHR,us,2023-06-30,2023-07-25T00:00:00,,,2556000000.0,3257000000.0,,51716000000.0,19875000000.0,738200000.0,3.42,sec_edgar:companyfacts
DHR,us,2023-09-29,2023-10-24T00:00:00,,,3685000000.0,4564000000.0,,52407000000.0,22060000000.0,738900000.0,4.94,sec_edgar:companyfacts
DHR,us,2023-12-31,2024-02-21T00:00:00,,,4764000000.0,5781000000.0,,53486000000.0,18402000000.0,739200000.0,6.38,sec_edgar:companyfacts
DHR,us,2024-03-29,2024-04-23T00:00:00,,,1088000000.0,1448000000.0,,53442000000.0,18163000000.0,740600000.0,1.45,sec_edgar:companyfacts
DHR,us,2024-06-28,2024-07-23T00:00:00,,,1995000000.0,2578000000.0,,49897000000.0,17010000000.0,724000000.0,2.68,sec_edgar:companyfacts
DHR,us,2024-09-27,2024-10-22T00:00:00,,,2813000000.0,3793000000.0,,51299000000.0,17524000000.0,722200000.0,3.8,sec_edgar:companyfacts
DHR,us,2024-12-31,2025-02-20T00:00:00,,,3899000000.0,5296000000.0,,49543000000.0,16005000000.0,719100000.0,5.29,sec_edgar:companyfacts
DHR,us,2025-03-28,2025-04-22T00:00:00,,,954000000.0,1054000000.0,,50849000000.0,16477000000.0,715600000.0,1.32,sec_edgar:companyfacts
DHR,us,2025-06-27,2025-07-22T00:00:00,,,1509000000.0,2144000000.0,,52334000000.0,17355000000.0,715900000.0,2.1,sec_edgar:companyfacts
DHR,us,2025-09-26,2025-10-21T00:00:00,,,2417000000.0,3514000000.0,,51071000000.0,16856000000.0,706300000.0,3.37,sec_edgar:companyfacts
DHR,us,2025-12-31,2026-02-24T00:00:00,,,3614000000.0,5260000000.0,,52534000000.0,18418000000.0,706900000.0,5.05,sec_edgar:companyfacts
DHR,us,2026-03-27,2026-04-21T00:00:00,,,1029000000.0,1085000000.0,,52949000000.0,18484000000.0,707700000.0,1.45,sec_edgar:companyfacts
DIS,us,2017-09-30,2019-11-20T00:00:00,55137000000.0,,8980000000.0,,,,,,5.69,sec_edgar:companyfacts
DIS,us,2017-12-30,2019-11-20T00:00:00,15351000000.0,,4423000000.0,,,,,,2.91,sec_edgar:companyfacts
DIS,us,2018-03-31,2019-05-08T00:00:00,29899000000.0,,7360000000.0,,,,,,4.86,sec_edgar:companyfacts
DIS,us,2018-06-30,2019-08-06T00:00:00,45128000000.0,,10276000000.0,,,,,,6.81,sec_edgar:companyfacts
DIS,us,2018-09-29,2019-11-20T00:00:00,59434000000.0,,12598000000.0,,,48773000000.0,20874000000.0,,8.36,sec_edgar:companyfacts
DIS,us,2018-12-29,2020-02-04T00:00:00,15303000000.0,,2788000000.0,,,,,,1.86,sec_edgar:companyfacts
DIS,us,2019-03-30,2019-05-08T00:00:00,30225000000.0,,8240000000.0,,,89938000000.0,,,5.43,sec_edgar:companyfacts
DIS,us,2019-06-29,2019-08-06T00:00:00,50470000000.0,,10000000000.0,,,90472000000.0,,,6.19,sec_edgar:companyfacts
DIS,us,2019-09-28,2019-11-20T00:00:00,69570000000.0,,11054000000.0,,,88877000000.0,46986000000.0,,6.64,sec_edgar:companyfacts
DIS,us,2019-12-28,2020-02-04T00:00:00,20858000000.0,,2107000000.0,,,89757000000.0,,,1.16,sec_edgar:companyfacts
DIS,us,2020-03-28,2020-05-05T00:00:00,38867000000.0,,2567000000.0,,,90407000000.0,,,1.41,sec_edgar:companyfacts
DIS,us,2020-06-27,2020-08-04T00:00:00,50681000000.0,,-2154000000.0,,,85866000000.0,,,-1.19,sec_edgar:companyfacts
DIS,us,2020-10-03,2020-11-25T00:00:00,65388000000.0,,-2864000000.0,,,83583000000.0,58628000000.0,,-1.58,sec_edgar:companyfacts
DIS,us,2021-01-02,2021-02-11T00:00:00,16249000000.0,,17000000.0,,,84071000000.0,,,0.01,sec_edgar:companyfacts
DIS,us,2021-04-03,2021-05-13T00:00:00,31862000000.0,,918000000.0,,,85540000000.0,,,0.5,sec_edgar:companyfacts
DIS,us,2021-07-03,2021-08-12T00:00:00,48884000000.0,,1836000000.0,,,86741000000.0,,,1.0,sec_edgar:companyfacts
DIS,us,2021-10-02,2021-11-24T00:00:00,67418000000.0,,1995000000.0,,,88553000000.0,54406000000.0,,1.09,sec_edgar:companyfacts
DIS,us,2022-01-01,2022-02-09T00:00:00,21819000000.0,,1104000000.0,,,89864000000.0,,,0.6,sec_edgar:companyfacts
DIS,us,2022-04-02,2022-05-11T00:00:00,41068000000.0,,1574000000.0,,,90636000000.0,,,0.86,sec_edgar:companyfacts
DIS,us,2022-07-02,2022-08-10T00:00:00,62572000000.0,,2983000000.0,,,92500000000.0,,,1.63,sec_edgar:companyfacts
DIS,us,2022-10-01,2023-11-21T00:00:00,82722000000.0,,3145000000.0,,,95008000000.0,48369000000.0,1800000000.0,1.72,sec_edgar:companyfacts
DIS,us,2022-12-31,2024-02-07T00:00:00,23512000000.0,,1279000000.0,-2155000000.0,,96149000000.0,,,0.7,sec_edgar:companyfacts
DIS,us,2023-04-01,2024-05-07T00:00:00,45327000000.0,,2550000000.0,-168000000.0,,97859000000.0,,,1.39,sec_edgar:companyfacts
DIS,us,2023-07-01,2024-08-07T00:00:00,67657000000.0,,2090000000.0,1469000000.0,,97610000000.0,,,1.14,sec_edgar:companyfacts
DIS,us,2023-09-30,2025-11-13T00:00:00,88898000000.0,,2354000000.0,4897000000.0,,99277000000.0,46431000000.0,1800000000.0,1.29,sec_edgar:companyfacts
DIS,us,2023-12-30,2024-02-07T00:00:00,23549000000.0,,1911000000.0,886000000.0,,100721000000.0,,1900000000.0,1.04,sec_edgar:companyfacts
DIS,us,2024-03-30,2024-05-07T00:00:00,45632000000.0,,1891000000.0,3293000000.0,,99252000000.0,,1900000000.0,1.03,sec_edgar:companyfacts
DIS,us,2024-06-29,2024-08-07T00:00:00,68787000000.0,,4512000000.0,4530000000.0,,100622000000.0,,1900000000.0,2.46,sec_edgar:companyfacts
DIS,us,2024-09-28,2025-11-13T00:00:00,91361000000.0,,4972000000.0,8559000000.0,,100696000000.0,45815000000.0,1900000000.0,2.72,sec_edgar:companyfacts
DIS,us,2024-12-28,2025-02-05T00:00:00,24690000000.0,,2554000000.0,739000000.0,,101933000000.0,,1900000000.0,1.4,sec_edgar:companyfacts
DIS,us,2025-03-29,2025-05-07T00:00:00,48311000000.0,,5829000000.0,5630000000.0,,104339000000.0,,,3.21,sec_edgar:companyfacts
DIS,us,2025-06-28,2025-08-06T00:00:00,71961000000.0,,11091000000.0,7519000000.0,,109145000000.0,,,6.12,sec_edgar:companyfacts
DIS,us,2025-09-27,2025-11-13T00:00:00,94425000000.0,,12404000000.0,10077000000.0,,109869000000.0,42026000000.0,1900000000.0,6.85,sec_edgar:companyfacts
DIS,us,2025-12-27,2026-02-02T00:00:00,25981000000.0,,2402000000.0,-2278000000.0,,108476000000.0,,,1.34,sec_edgar:companyfacts
DIS,us,2026-03-28,2026-05-06T00:00:00,51149000000.0,,4649000000.0,2663000000.0,,108708000000.0,,,2.61,sec_edgar:companyfacts
DOW,us,2017-12-31,2020-02-07T00:00:00,,,,-7736000000.0,,31515000000.0,,,0.6,sec_edgar:companyfacts
DOW,us,2018-03-31,2019-05-03T00:00:00,14899000000.0,,1342000000.0,-581000000.0,,26781000000.0,,,,sec_edgar:companyfacts
DOW,us,2018-06-30,2019-07-25T00:00:00,25026000000.0,,2737000000.0,925000000.0,,32521000000.0,,,3.66,sec_edgar:companyfacts
DOW,us,2018-09-30,2019-10-25T00:00:00,37660000000.0,,3750000000.0,1079000000.0,,32774000000.0,,,5.02,sec_edgar:companyfacts
DOW,us,2018-12-31,2020-02-07T00:00:00,49604000000.0,,,2163000000.0,,26831000000.0,19899000000.0,,6.21,sec_edgar:companyfacts
DOW,us,2019-03-31,2020-05-01T00:00:00,13582000000.0,,541000000.0,912000000.0,,26966000000.0,19846000000.0,,0.74,sec_edgar:companyfacts
DOW,us,2019-06-30,2019-07-25T00:00:00,21983000000.0,,631000000.0,1344000000.0,,17911000000.0,17996000000.0,743212006.0,0.84,sec_edgar:companyfacts
DOW,us,2019-09-30,2019-10-25T00:00:00,32747000000.0,,964000000.0,2596000000.0,,17399000000.0,18108000000.0,741495905.0,1.29,sec_edgar:companyfacts
DOW,us,2019-12-31,2020-02-07T00:00:00,42951000000.0,,,3969000000.0,,13541000000.0,16996000000.0,,-1.84,sec_edgar:companyfacts
DOW,us,2020-03-31,2020-05-01T00:00:00,9770000000.0,,239000000.0,844000000.0,,12906000000.0,18187000000.0,740730813.0,0.32,sec_edgar:companyfacts
DOW,us,2020-06-30,2020-07-24T00:00:00,18124000000.0,,14000000.0,2161000000.0,,12537000000.0,17592000000.0,741121450.0,0.01,sec_edgar:companyfacts
DOW,us,2020-09-30,2020-10-23T00:00:00,27836000000.0,,-11000000.0,3641000000.0,,12354000000.0,17374000000.0,741751762.0,-0.02,sec_edgar:companyfacts
DOW,us,2020-12-31,2021-02-05T00:00:00,38542000000.0,,,4974000000.0,,12435000000.0,17107000000.0,,1.64,sec_edgar:companyfacts
DOW,us,2021-03-31,2021-04-23T00:00:00,11882000000.0,,991000000.0,-580000000.0,,14003000000.0,16692000000.0,746989442.0,1.32,sec_edgar:companyfacts
DOW,us,2021-06-30,2021-07-23T00:00:00,25767000000.0,,2892000000.0,,,15573000000.0,15538000000.0,745771788.0,3.83,sec_edgar:companyfacts
DOW,us,2021-09-30,2021-10-22T00:00:00,40604000000.0,,4575000000.0,,,16439000000.0,14318000000.0,739614412.0,6.06,sec_edgar:companyfacts
DOW,us,2021-12-31,2022-02-04T00:00:00,54968000000.0,,,5508000000.0,,18165000000.0,14672000000.0,,8.38,sec_edgar:companyfacts
DOW,us,2022-03-31,2022-04-22T00:00:00,15264000000.0,,1569000000.0,,,18880000000.0,14463000000.0,728101842.0,2.11,sec_edgar:companyfacts
DOW,us,2022-06-30,2022-07-22T00:00:00,30928000000.0,,3230000000.0,,,18973000000.0,13721000000.0,718167477.0,4.37,sec_edgar:companyfacts
DOW,us,2022-09-30,2022-10-21T00:00:00,45043000000.0,,3969000000.0,,,18117000000.0,13470000000.0,703759269.0,5.41,sec_edgar:companyfacts
DOW,us,2022-12-31,2024-01-31T00:00:00,56902000000.0,,,5652000000.0,,20718000000.0,15422000000.0,704879920.0,6.28,sec_edgar:companyfacts
DOW,us,2023-03-31,2023-04-26T00:00:00,11851000000.0,,-93000000.0,,,20181000000.0,14986000000.0,707314807.0,-0.13,sec_edgar:companyfacts
DOW,us,2023-06-30,2023-07-26T00:00:00,23271000000.0,,392000000.0,,,19997000000.0,,703074557.0,0.54,sec_edgar:companyfacts
DOW,us,2023-09-30,2023-10-25T00:00:00,34001000000.0,,694000000.0,,,19567000000.0,,701397006.0,0.97,sec_edgar:companyfacts
DOW,us,2023-12-31,2024-01-31T00:00:00,44622000000.0,,,2840000000.0,,18607000000.0,62000000.0,702293433.0,0.82,sec_edgar:companyfacts
DOW,us,2024-03-31,2025-04-25T00:00:00,10765000000.0,,516000000.0,-250000000.0,,18425000000.0,,703205830.0,0.73,sec_edgar:companyfacts
DOW,us,2024-06-30,2025-07-25T00:00:00,21680000000.0,,955000000.0,-137000000.0,,18318000000.0,,700921028.0,1.35,sec_edgar:companyfacts
DOW,us,2024-09-30,2025-10-24T00:00:00,32559000000.0,,1169000000.0,-73000000.0,,18311000000.0,,700091690.0,1.65,sec_edgar:companyfacts
DOW,us,2024-12-31,2025-02-04T00:00:00,42964000000.0,,,-26000000.0,,17355000000.0,16208000000.0,,1.57,sec_edgar:companyfacts
DOW,us,2025-03-31,2025-04-25T00:00:00,10431000000.0,,-307000000.0,-594000000.0,,16788000000.0,,706861738.0,-0.44,sec_edgar:companyfacts
DOW,us,2025-06-30,2025-07-25T00:00:00,20535000000.0,,-1142000000.0,-1726000000.0,,17231000000.0,,708844151.0,-1.62,sec_edgar:companyfacts
DOW,us,2025-09-30,2025-10-24T00:00:00,30508000000.0,,-1080000000.0,-1163000000.0,,17541000000.0,,710767392.0,-1.53,sec_edgar:companyfacts
DOW,us,2025-12-31,2026-02-03T00:00:00,39968000000.0,,,-1447000000.0,,16008000000.0,,,-3.7,sec_edgar:companyfacts
DOW,us,2026-03-31,2026-04-24T00:00:00,9794000000.0,,-533000000.0,621000000.0,,15249000000.0,,720741438.0,-0.74,sec_edgar:companyfacts
DUK,us,2007-12-31,2010-02-26T00:00:00,12720000000.0,,1500000000.0,83000000.0,,,,,1.18,sec_edgar:companyfacts
DUK,us,2008-06-30,2009-08-07T00:00:00,6566000000.0,,816000000.0,-447000000.0,,,,,0.64,sec_edgar:companyfacts
DUK,us,2008-09-30,2009-11-06T00:00:00,10074000000.0,,1031000000.0,-734000000.0,,,,,0.81,sec_edgar:companyfacts
DUK,us,2008-12-31,2010-02-26T00:00:00,13207000000.0,,1362000000.0,-1058000000.0,,20988000000.0,543000000.0,1272000000.0,1.07,sec_edgar:companyfacts
DUK,us,2009-03-31,2011-02-25T00:00:00,3312000000.0,,344000000.0,,,,,,0.27,sec_edgar:companyfacts
DUK,us,2009-06-30,2009-08-07T00:00:00,6225000000.0,,620000000.0,-883000000.0,,21226000000.0,399000000.0,1294000000.0,0.48,sec_edgar:companyfacts
DUK,us,2009-09-30,2009-11-06T00:00:00,9621000000.0,,729000000.0,-482000000.0,,21608000000.0,279000000.0,1303000000.0,0.56,sec_edgar:companyfacts
DUK,us,2009-12-31,2010-02-26T00:00:00,12731000000.0,,1075000000.0,-833000000.0,,21750000000.0,0.0,1309000000.0,0.83,sec_edgar:companyfacts
DUK,us,2010-03-31,2011-05-09T00:00:00,3594000000.0,,445000000.0,-58000000.0,,,,,0.34,sec_edgar:companyfacts
DUK,us,2010-06-30,2010-08-06T00:00:00,6881000000.0,,223000000.0,-201000000.0,,21127000000.0,,1318000000.0,0.17,sec_edgar:companyfacts
DUK,us,2010-09-30,2010-11-05T00:00:00,10827000000.0,,893000000.0,180000000.0,,22015000000.0,,1324000000.0,0.68,sec_edgar:companyfacts
DUK,us,2010-12-31,2011-02-25T00:00:00,14272000000.0,,1320000000.0,-292000000.0,,22522000000.0,19592000000.0,1329000000.0,1.0,sec_edgar:companyfacts
DUK,us,2011-03-31,2011-05-09T00:00:00,3663000000.0,,511000000.0,-45000000.0,,22734000000.0,,1331000000.0,0.38,sec_edgar:companyfacts
DUK,us,2011-06-30,2011-08-08T00:00:00,7197000000.0,,946000000.0,-221000000.0,,22583000000.0,,1332000000.0,0.71,sec_edgar:companyfacts
DUK,us,2011-09-30,2011-11-08T00:00:00,11161000000.0,,1418000000.0,37000000.0,,22794000000.0,,1332000000.0,1.06,sec_edgar:companyfacts
DUK,us,2011-12-31,2012-02-28T00:00:00,14529000000.0,,1706000000.0,-691000000.0,,22772000000.0,21814000000.0,1336000000.0,1.28,sec_edgar:companyfacts
DUK,us,2012-03-31,2012-05-09T00:00:00,3630000000.0,,295000000.0,-116000000.0,,22781000000.0,,1338000000.0,0.22,sec_edgar:companyfacts
DUK,us,2012-06-30,2012-08-08T00:00:00,7207000000.0,,739000000.0,-250000000.0,,22419000000.0,,446000000.0,1.65,sec_edgar:companyfacts
DUK,us,2012-09-30,2012-11-08T00:00:00,13929000000.0,,1333000000.0,134000000.0,,40905000000.0,600000000.0,704000000.0,2.51,sec_edgar:companyfacts
DUK,us,2012-12-31,2013-03-01T00:00:00,19624000000.0,,1768000000.0,-257000000.0,,40863000000.0,40206000000.0,704000000.0,3.07,sec_edgar:companyfacts
DUK,us,2013-03-31,2013-05-09T00:00:00,5898000000.0,,634000000.0,-284000000.0,,40953000000.0,41023000000.0,706000000.0,0.89,sec_edgar:companyfacts
DUK,us,2013-06-30,2013-08-08T00:00:00,,,973000000.0,128000000.0,,40132000000.0,41083000000.0,706000000.0,1.37,sec_edgar:companyfacts
DUK,us,2013-09-30,2013-11-08T00:00:00,,,1977000000.0,1136000000.0,,41165000000.0,40987000000.0,706000000.0,2.79,sec_edgar:companyfacts
DUK,us,2013-12-31,2014-02-28T00:00:00,,,2665000000.0,856000000.0,,41330000000.0,41095000000.0,706000000.0,3.76,sec_edgar:companyfacts
DUK,us,2014-03-31,2014-05-09T00:00:00,,,-97000000.0,141000000.0,,40709000000.0,41622000000.0,707000000.0,-0.14,sec_edgar:companyfacts
DUK,us,2014-06-30,2014-08-07T00:00:00,,,512000000.0,219000000.0,,40803000000.0,42460000000.0,707000000.0,0.72,sec_edgar:companyfacts
DUK,us,2014-09-30,2014-11-07T00:00:00,,,1786000000.0,1412000000.0,,41412000000.0,41645000000.0,707000000.0,2.52,sec_edgar:companyfacts
DUK,us,2014-12-31,2015-03-02T00:00:00,,,1883000000.0,1202000000.0,,40875000000.0,42534000000.0,707000000.0,2.66,sec_edgar:companyfacts
DUK,us,2015-03-31,2015-05-08T00:00:00,,,864000000.0,29000000.0,,41051000000.0,43763000000.0,708000000.0,1.22,sec_edgar:companyfacts
DUK,us,2015-06-30,2015-08-07T00:00:00,,,1407000000.0,-183000000.0,,39580000000.0,41331000000.0,688000000.0,2.01,sec_edgar:companyfacts
DUK,us,2015-09-30,2015-11-05T00:00:00,,,2339000000.0,754000000.0,,39832000000.0,42622000000.0,688000000.0,3.36,sec_edgar:companyfacts
DUK,us,2015-10-31,2019-02-28T00:00:00,,,,,,-1000000.0,,,,sec_edgar:companyfacts
DUK,us,2015-12-31,2016-02-25T00:00:00,,,2816000000.0,-90000000.0,,39727000000.0,43202000000.0,688000000.0,4.05,sec_edgar:companyfacts
DUK,us,2016-03-31,2016-05-05T00:00:00,,,694000000.0,19000000.0,,39892000000.0,43793000000.0,689000000.0,1.01,sec_edgar:companyfacts
DUK,us,2016-06-30,2017-08-03T00:00:00,10590000000.0,,1203000000.0,-187000000.0,,39895000000.0,44585000000.0,689000000.0,1.74,sec_edgar:companyfacts
DUK,us,2016-09-30,2016-11-04T00:00:00,,,2379000000.0,350000000.0,,40489000000.0,50176000000.0,689000000.0,3.44,sec_edgar:companyfacts
DUK,us,2016-12-31,2017-02-24T00:00:00,,,2152000000.0,-1103000000.0,,41033000000.0,50382000000.0,700000000.0,3.11,sec_edgar:companyfacts
DUK,us,2017-03-31,2017-05-09T00:00:00,,,716000000.0,-871000000.0,,41179000000.0,52556000000.0,700000000.0,1.02,sec_edgar:companyfacts
DUK,us,2017-06-30,2017-08-03T00:00:00,11284000000.0,,1402000000.0,-1175000000.0,,41284000000.0,53003000000.0,700000000.0,2.0,sec_edgar:companyfacts
DUK,us,2017-09-30,2017-11-03T00:00:00,,,2356000000.0,-830000000.0,,41631000000.0,53313000000.0,700000000.0,3.36,sec_edgar:companyfacts
DUK,us,2017-12-31,2018-02-21T00:00:00,,,3059000000.0,-1418000000.0,,41739000000.0,54442000000.0,700000000.0,4.36,sec_edgar:companyfacts
DUK,us,2018-03-31,2018-05-10T00:00:00,,,620000000.0,-696000000.0,,41792000000.0,55950000000.0,701000000.0,0.88,sec_edgar:companyfacts
DUK,us,2018-06-30,2018-08-02T00:00:00,,,1120000000.0,-1073000000.0,,42507000000.0,56044000000.0,712000000.0,1.59,sec_edgar:companyfacts
DUK,us,2018-09-30,2018-11-02T00:00:00,,,2202000000.0,-1085000000.0,,42995000000.0,56853000000.0,713000000.0,3.11,sec_edgar:companyfacts
DUK,us,2018-12-31,2019-02-28T00:00:00,,,2666000000.0,-2203000000.0,,43817000000.0,57939000000.0,727000000.0,3.76,sec_edgar:companyfacts
DUK,us,2019-03-31,2019-05-09T00:00:00,,,900000000.0,-1297000000.0,,45030000000.0,59211000000.0,728000000.0,,sec_edgar:companyfacts
DUK,us,2019-06-30,2019-08-06T00:00:00,,,1720000000.0,-2409000000.0,,45213000000.0,60833000000.0,728000000.0,,sec_edgar:companyfacts
DUK,us,2019-09-30,2019-11-08T00:00:00,,,3047000000.0,-2447000000.0,,46438000000.0,60383000000.0,729000000.0,4.18,sec_edgar:companyfacts
DUK,us,2019-12-31,2022-02-24T00:00:00,,,3748000000.0,-2913000000.0,,46822000000.0,61261000000.0,733000000.0,5.06,sec_edgar:companyfacts
DUK,us,2020-03-31,2021-05-10T00:00:00,,,938000000.0,-1278000000.0,,46921000000.0,64421000000.0,735000000.0,1.24,sec_edgar:companyfacts
DUK,us,2020-06-30,2021-08-05T00:00:00,,,136000000.0,-1746000000.0,,45484000000.0,64684000000.0,735000000.0,0.11,sec_edgar:companyfacts
DUK,us,2020-09-30,2021-11-04T00:00:00,,,1440000000.0,-642000000.0,,46006000000.0,64143000000.0,736000000.0,1.85,sec_edgar:companyfacts
DUK,us,2020-12-31,2022-02-24T00:00:00,,,1377000000.0,-1051000000.0,,47964000000.0,62736000000.0,769000000.0,1.72,sec_edgar:companyfacts
DUK,us,2021-03-31,2021-05-10T00:00:00,,,992000000.0,-127000000.0,,48186000000.0,64418000000.0,769000000.0,1.25,sec_edgar:companyfacts
DUK,us,2021-06-30,2021-08-05T00:00:00,,,1757000000.0,-763000000.0,,48132000000.0,3296000000.0,769000000.0,2.21,sec_edgar:companyfacts
DUK,us,2021-09-30,2021-11-04T00:00:00,,,3162000000.0,138000000.0,,49307000000.0,2098000000.0,769000000.0,4.0,sec_edgar:companyfacts
DUK,us,2021-12-31,2022-02-24T00:00:00,,,3908000000.0,-1425000000.0,,49296000000.0,67139000000.0,769000000.0,4.94,sec_edgar:companyfacts
DUK,us,2022-03-31,2022-05-09T00:00:00,,,857000000.0,-756000000.0,,49446000000.0,3262000000.0,770000000.0,1.08,sec_edgar:companyfacts
DUK,us,2022-06-30,2022-08-04T00:00:00,,,1764000000.0,-1082000000.0,,49720000000.0,3875000000.0,770000000.0,2.22,sec_edgar:companyfacts
DUK,us,2022-09-30,2022-11-04T00:00:00,,,3186000000.0,-2960000000.0,,50345000000.0,3606000000.0,770000000.0,4.03,sec_edgar:companyfacts
DUK,us,2022-12-31,2023-02-27T00:00:00,,,2550000000.0,-5440000000.0,,49322000000.0,75167000000.0,770000000.0,3.17,sec_edgar:companyfacts
DUK,us,2023-03-31,2023-05-09T00:00:00,,,804000000.0,-1663000000.0,,49260000000.0,3731000000.0,771000000.0,1.01,sec_edgar:companyfacts
DUK,us,2023-06-30,2023-08-08T00:00:00,,,584000000.0,-2480000000.0,,48333000000.0,3455000000.0,771000000.0,0.69,sec_edgar:companyfacts
DUK,us,2023-09-30,2023-11-02T00:00:00,,,1836000000.0,-2001000000.0,,49006000000.0,3154000000.0,771000000.0,2.27,sec_edgar:companyfacts
DUK,us,2023-12-31,2024-02-23T00:00:00,,,2841000000.0,-2726000000.0,,49112000000.0,79540000000.0,771000000.0,3.54,sec_edgar:companyfacts
DUK,us,2024-03-31,2024-05-07T00:00:00,,,1138000000.0,-734000000.0,,49551000000.0,4155000000.0,772000000.0,1.44,sec_edgar:companyfacts
DUK,us,2024-06-30,2024-08-06T00:00:00,,,2038000000.0,-777000000.0,,49707000000.0,3670000000.0,772000000.0,2.57,sec_edgar:companyfacts
DUK,us,2024-09-30,2024-11-07T00:00:00,,,3319000000.0,-240000000.0,,49133000000.0,3947000000.0,772000000.0,4.17,sec_edgar:companyfacts
DUK,us,2024-12-31,2025-02-27T00:00:00,,,4524000000.0,48000000.0,,50127000000.0,84273000000.0,776000000.0,5.71,sec_edgar:companyfacts
DUK,us,2025-03-31,2025-05-06T00:00:00,,,1379000000.0,-971000000.0,,50670000000.0,2568000000.0,777000000.0,1.76,sec_edgar:companyfacts
DUK,us,2025-06-30,2025-08-05T00:00:00,,,2363000000.0,-1388000000.0,,50891000000.0,3473000000.0,778000000.0,3.0,sec_edgar:companyfacts
DUK,us,2025-09-30,2025-11-07T00:00:00,,,3784000000.0,-1209000000.0,,51462000000.0,2885000000.0,778000000.0,4.81,sec_edgar:companyfacts
DUK,us,2025-12-31,2026-02-26T00:00:00,,,4968000000.0,-1694000000.0,,51842000000.0,89836000000.0,778000000.0,6.31,sec_edgar:companyfacts
DUK,us,2026-03-31,2026-05-05T00:00:00,,,1550000000.0,-2576000000.0,,54457000000.0,2373000000.0,778000000.0,1.97,sec_edgar:companyfacts
EMR,us,2007-09-30,2009-11-23T00:00:00,,,2136000000.0,,,,,,2.66,sec_edgar:companyfacts
EMR,us,2008-06-30,2009-08-05T00:00:00,,,1724000000.0,,,,,,2.18,sec_edgar:companyfacts
EMR,us,2008-09-30,2010-11-23T00:00:00,,,2412000000.0,2579000000.0,,9113000000.0,1221000000.0,771200000.0,3.06,sec_edgar:companyfacts
EMR,us,2008-12-31,2010-02-03T00:00:00,,,458000000.0,187000000.0,,,,,0.6,sec_edgar:companyfacts
EMR,us,2009-03-31,2010-05-05T00:00:00,,,831000000.0,546000000.0,,,,,1.09,sec_edgar:companyfacts
EMR,us,2009-06-30,2010-08-04T00:00:00,,,1218000000.0,1346000000.0,,8660000000.0,837000000.0,751500000.0,1.6,sec_edgar:companyfacts
EMR,us,2009-09-30,2010-11-23T00:00:00,,,1724000000.0,2555000000.0,,8555000000.0,577000000.0,751872857.0,2.27,sec_edgar:companyfacts
EMR,us,2009-12-31,2010-02-03T00:00:00,,,425000000.0,598000000.0,,8791000000.0,1240000000.0,752445327.0,0.56,sec_edgar:companyfacts
EMR,us,2010-03-31,2010-05-05T00:00:00,,,830000000.0,1141000000.0,,8855000000.0,1269000000.0,753305725.0,1.09,sec_edgar:companyfacts
EMR,us,2010-06-30,2011-08-04T00:00:00,,,1415000000.0,1722000000.0,,8925000000.0,2290000000.0,752629414.0,1.86,sec_edgar:companyfacts
EMR,us,2010-09-30,2012-11-20T00:00:00,21039000000.0,,2164000000.0,2768000000.0,,9792000000.0,480000000.0,752690806.0,2.84,sec_edgar:companyfacts
EMR,us,2010-12-31,2011-02-02T00:00:00,,,480000000.0,240000000.0,,10170000000.0,800000000.0,754113520.0,0.63,sec_edgar:companyfacts
EMR,us,2011-03-31,2011-05-04T00:00:00,,,1036000000.0,867000000.0,,10645000000.0,771000000.0,752561758.0,1.36,sec_edgar:companyfacts
EMR,us,2011-06-30,2011-08-04T00:00:00,,,1719000000.0,1575000000.0,,10844000000.0,862000000.0,746860009.0,2.26,sec_edgar:companyfacts
EMR,us,2011-09-30,2012-11-20T00:00:00,24222000000.0,,2480000000.0,2586000000.0,,10399000000.0,877000000.0,738877768.0,3.27,sec_edgar:companyfacts
EMR,us,2011-12-31,2012-02-08T00:00:00,,,371000000.0,204000000.0,,10190000000.0,1578000000.0,734739727.0,0.5,sec_edgar:companyfacts
EMR,us,2012-03-31,2012-05-02T00:00:00,,,916000000.0,609000000.0,,10511000000.0,1828000000.0,733605355.0,1.24,sec_edgar:companyfacts
EMR,us,2012-06-30,2012-08-08T00:00:00,,,1686000000.0,1314000000.0,,10519000000.0,2060000000.0,729345876.0,2.28,sec_edgar:companyfacts
EMR,us,2012-09-30,2012-11-20T00:00:00,24412000000.0,,1968000000.0,2388000000.0,,10295000000.0,1506000000.0,724113291.0,2.67,sec_edgar:companyfacts
EMR,us,2012-12-31,2013-02-06T00:00:00,,,454000000.0,439000000.0,,10478000000.0,1912000000.0,722641142.0,0.62,sec_edgar:companyfacts
EMR,us,2013-03-31,2013-05-08T00:00:00,,,1015000000.0,916000000.0,,10532000000.0,1485000000.0,720709585.0,1.39,sec_edgar:companyfacts
EMR,us,2013-06-30,2013-08-07T00:00:00,,,1209000000.0,1766000000.0,,10116000000.0,1486000000.0,715829171.0,1.66,sec_edgar:companyfacts
EMR,us,2013-09-30,2013-11-19T00:00:00,,,2004000000.0,2971000000.0,,10585000000.0,1587000000.0,706660259.0,2.76,sec_edgar:companyfacts
EMR,us,2013-12-31,2014-02-05T00:00:00,,,462000000.0,455000000.0,,10741000000.0,1958000000.0,704388012.0,0.65,sec_edgar:companyfacts
EMR,us,2014-03-31,2014-05-07T00:00:00,,,1009000000.0,869000000.0,,10477000000.0,2661000000.0,701571074.0,1.42,sec_edgar:companyfacts
EMR,us,2014-06-30,2014-08-06T00:00:00,,,1737000000.0,1711000000.0,,10820000000.0,2975000000.0,699153376.0,2.45,sec_edgar:companyfacts
EMR,us,2014-09-30,2014-11-19T00:00:00,,,2147000000.0,2925000000.0,,10119000000.0,2465000000.0,696605222.0,3.03,sec_edgar:companyfacts
EMR,us,2014-12-31,2015-02-04T00:00:00,,,525000000.0,364000000.0,,9513000000.0,3484000000.0,688677106.0,0.75,sec_edgar:companyfacts
EMR,us,2015-03-31,2015-05-06T00:00:00,,,1498000000.0,570000000.0,,8918000000.0,3358000000.0,673858557.0,2.17,sec_edgar:companyfacts
EMR,us,2015-06-30,2015-08-05T00:00:00,,,2062000000.0,912000000.0,,8749000000.0,3179000000.0,663311878.0,3.01,sec_edgar:companyfacts
EMR,us,2015-09-30,2015-11-18T00:00:00,,,2710000000.0,1844000000.0,,8081000000.0,2553000000.0,654608521.0,3.99,sec_edgar:companyfacts
EMR,us,2015-12-31,2016-02-03T00:00:00,,,349000000.0,342000000.0,,7456000000.0,3409000000.0,643099581.0,0.53,sec_edgar:companyfacts
EMR,us,2016-03-31,2016-05-05T00:00:00,,,718000000.0,959000000.0,,7692000000.0,3232000000.0,643261142.0,1.1,sec_edgar:companyfacts
EMR,us,2016-06-30,2016-08-03T00:00:00,,,1197000000.0,1570000000.0,,7901000000.0,3220000000.0,643402613.0,1.84,sec_edgar:companyfacts
EMR,us,2016-09-30,2016-11-16T00:00:00,,,1635000000.0,2434000000.0,,7568000000.0,2584000000.0,642796490.0,2.52,sec_edgar:companyfacts
EMR,us,2016-12-31,2017-02-08T00:00:00,,,309000000.0,138000000.0,,7713000000.0,254000000.0,644694794.0,0.48,sec_edgar:companyfacts
EMR,us,2017-03-31,2017-05-04T00:00:00,,,601000000.0,216000000.0,,8006000000.0,252000000.0,644380547.0,0.93,sec_edgar:companyfacts
EMR,us,2017-06-30,2017-08-02T00:00:00,,,1014000000.0,758000000.0,,7966000000.0,1363000000.0,639966841.0,1.57,sec_edgar:companyfacts
EMR,us,2017-09-30,2017-11-20T00:00:00,,,1518000000.0,1436000000.0,,8718000000.0,862000000.0,641691971.0,2.35,sec_edgar:companyfacts
EMR,us,2017-12-31,2018-02-07T00:00:00,,,392000000.0,351000000.0,,8349000000.0,2093000000.0,634221544.0,0.61,sec_edgar:companyfacts
EMR,us,2018-03-31,2018-05-02T00:00:00,,,874000000.0,750000000.0,,8492000000.0,1833000000.0,631535208.0,1.37,sec_edgar:companyfacts
EMR,us,2018-06-30,2018-08-08T00:00:00,,,1586000000.0,1554000000.0,,8413000000.0,2862000000.0,628411667.0,2.49,sec_edgar:companyfacts
EMR,us,2018-09-30,2018-11-19T00:00:00,,,2203000000.0,2275000000.0,,8947000000.0,1623000000.0,629200000.0,3.46,sec_edgar:companyfacts
EMR,us,2018-12-31,2019-02-06T00:00:00,,,465000000.0,168000000.0,,8236000000.0,3320000000.0,615800000.0,0.74,sec_edgar:companyfacts
EMR,us,2019-03-31,2019-05-09T00:00:00,,,985000000.0,582000000.0,,8526000000.0,2551000000.0,614800000.0,1.58,sec_edgar:companyfacts
EMR,us,2019-06-30,2019-08-07T00:00:00,,,1589000000.0,1407000000.0,,8755000000.0,1877000000.0,615100000.0,2.55,sec_edgar:companyfacts
EMR,us,2019-09-30,2019-11-18T00:00:00,,,2306000000.0,2412000000.0,,8233000000.0,1444000000.0,611000000.0,3.71,sec_edgar:companyfacts
EMR,us,2019-12-31,2020-02-05T00:00:00,,,326000000.0,310000000.0,,8421000000.0,1984000000.0,611600000.0,0.53,sec_edgar:companyfacts
EMR,us,2020-03-31,2020-04-24T00:00:00,,,843000000.0,787000000.0,,7517000000.0,3741000000.0,597500000.0,1.37,sec_edgar:companyfacts
EMR,us,2020-06-30,2020-08-05T00:00:00,,,1242000000.0,1525000000.0,,7831000000.0,1725000000.0,597600000.0,2.04,sec_edgar:companyfacts
EMR,us,2020-09-30,2020-11-16T00:00:00,,,1965000000.0,2545000000.0,,8405000000.0,1160000000.0,598000000.0,3.24,sec_edgar:companyfacts
EMR,us,2020-12-31,2021-02-03T00:00:00,,,445000000.0,686000000.0,,8895000000.0,1717000000.0,599800000.0,0.74,sec_edgar:companyfacts
EMR,us,2021-03-31,2021-05-05T00:00:00,,,1006000000.0,1393000000.0,,9130000000.0,1456000000.0,599700000.0,1.67,sec_edgar:companyfacts
EMR,us,2021-06-30,2021-08-04T00:00:00,,,1633000000.0,2370000000.0,,9291000000.0,1478000000.0,597800000.0,2.71,sec_edgar:companyfacts
EMR,us,2021-09-30,2021-11-15T00:00:00,,,2303000000.0,2994000000.0,,9883000000.0,872000000.0,595800000.0,3.82,sec_edgar:companyfacts
EMR,us,2021-12-31,2022-02-02T00:00:00,,,896000000.0,407000000.0,,10249000000.0,37000000.0,594000000.0,1.5,sec_edgar:companyfacts
EMR,us,2022-03-31,2022-05-04T00:00:00,,,1570000000.0,740000000.0,,10575000000.0,2762000000.0,593900000.0,2.63,sec_edgar:companyfacts
EMR,us,2022-06-30,2022-08-09T00:00:00,,,2491000000.0,1370000000.0,,10315000000.0,3227000000.0,592200000.0,4.17,sec_edgar:companyfacts
EMR,us,2022-09-30,2023-05-03T00:00:00,1660000000.0,,3231000000.0,2391000000.0,,10364000000.0,10890000000.0,591400000.0,5.41,sec_edgar:companyfacts
EMR,us,2022-12-31,2023-08-02T00:00:00,1660000000.0,,2331000000.0,359000000.0,,10727000000.0,1792000000.0,571400000.0,3.97,sec_edgar:companyfacts
EMR,us,2023-03-31,2023-05-03T00:00:00,,,3123000000.0,365000000.0,,11360000000.0,1959000000.0,571500000.0,5.38,sec_edgar:companyfacts
EMR,us,2023-06-30,2023-08-02T00:00:00,,,12475000000.0,1086000000.0,,20464000000.0,667000000.0,571500000.0,21.56,sec_edgar:companyfacts
EMR,us,2023-09-30,2023-11-13T00:00:00,,,13219000000.0,274000000.0,,20689000000.0,8703000000.0,572000000.0,22.88,sec_edgar:companyfacts
EMR,us,2023-12-31,2024-02-07T00:00:00,,,142000000.0,338000000.0,,20674000000.0,3227000000.0,571700000.0,0.25,sec_edgar:companyfacts
EMR,us,2024-03-31,2024-05-08T00:00:00,,,643000000.0,999000000.0,,20900000000.0,3155000000.0,572100000.0,1.12,sec_edgar:companyfacts
EMR,us,2024-06-30,2024-08-07T00:00:00,,,972000000.0,1997000000.0,,20799000000.0,2991000000.0,572700000.0,1.69,sec_edgar:companyfacts
EMR,us,2024-09-30,2024-11-12T00:00:00,,,1968000000.0,2913000000.0,,21636000000.0,8219000000.0,570200000.0,3.43,sec_edgar:companyfacts
EMR,us,2024-12-31,2025-02-05T00:00:00,,,585000000.0,694000000.0,,20490000000.0,1066000000.0,563900000.0,1.02,sec_edgar:companyfacts
EMR,us,2025-03-31,2025-05-07T00:00:00,,,1070000000.0,848000000.0,,19249000000.0,6187000000.0,562500000.0,1.88,sec_edgar:companyfacts
EMR,us,2025-06-30,2025-08-06T00:00:00,,,1657000000.0,1825000000.0,,19870000000.0,5953000000.0,562800000.0,2.92,sec_edgar:companyfacts
EMR,us,2025-09-30,2025-11-10T00:00:00,,,2293000000.0,2667000000.0,,20282000000.0,13721000000.0,562800000.0,4.04,sec_edgar:companyfacts
EMR,us,2025-12-31,2026-02-03T00:00:00,,,605000000.0,602000000.0,,20277000000.0,5832000000.0,562000000.0,1.07,sec_edgar:companyfacts
EMR,us,2026-03-31,2026-05-05T00:00:00,,,1223000000.0,1296000000.0,,20303000000.0,5804000000.0,560100000.0,,sec_edgar:companyfacts
F,us,2007-12-31,2010-02-25T00:00:00,170572000000.0,,-2795000000.0,,,,,,-1.41,sec_edgar:companyfacts
F,us,2008-06-30,2009-08-05T00:00:00,84394000000.0,,-8627000000.0,-967000000.0,,,,,-3.9,sec_edgar:companyfacts
F,us,2008-09-30,2009-11-06T00:00:00,116140000000.0,,-8788000000.0,-1606000000.0,,,,,-3.94,sec_edgar:companyfacts
F,us,2008-12-31,2010-02-25T00:00:00,145114000000.0,,-14766000000.0,,,-15722000000.0,,,-6.5,sec_edgar:companyfacts
F,us,2009-03-31,2010-05-07T00:00:00,24390000000.0,,-1427000000.0,,,,,,-0.6,sec_edgar:companyfacts
F,us,2009-06-30,2009-08-05T00:00:00,51967000000.0,,834000000.0,7391000000.0,,-10743000000.0,,,0.3,sec_edgar:companyfacts
F,us,2009-09-30,2009-11-06T00:00:00,82859000000.0,,1831000000.0,12239000000.0,,-8675000000.0,,,0.61,sec_edgar:companyfacts
F,us,2009-12-31,2010-02-25T00:00:00,118308000000.0,,2717000000.0,,,-7820000000.0,,,0.86,sec_edgar:companyfacts
F,us,2010-03-31,2010-05-07T00:00:00,31566000000.0,,2085000000.0,,,-5475000000.0,,,0.5,sec_edgar:companyfacts
F,us,2010-06-30,2010-08-06T00:00:00,66633000000.0,,4684000000.0,,,-3574000000.0,,,1.1,sec_edgar:companyfacts
F,us,2010-09-30,2010-11-08T00:00:00,96526000000.0,,6371000000.0,,,-1773000000.0,,,1.61,sec_edgar:companyfacts
F,us,2010-12-31,2011-02-28T00:00:00,128954000000.0,,6561000000.0,,,-673000000.0,,,1.66,sec_edgar:companyfacts
F,us,2011-03-31,2011-05-10T00:00:00,33114000000.0,,2551000000.0,,,2426000000.0,,,0.61,sec_edgar:companyfacts
F,us,2011-06-30,2011-08-05T00:00:00,68641000000.0,,4949000000.0,,,5309000000.0,,,1.2,sec_edgar:companyfacts
F,us,2011-09-30,2011-11-04T00:00:00,101688000000.0,,6598000000.0,,,5982000000.0,,,1.62,sec_edgar:companyfacts
F,us,2011-12-31,2012-02-21T00:00:00,136264000000.0,,190000000.0,,,15028000000.0,,,4.94,sec_edgar:companyfacts
F,us,2012-03-31,2012-05-04T00:00:00,32445000000.0,,1396000000.0,,,16606000000.0,,,0.35,sec_edgar:companyfacts
F,us,2012-06-30,2012-08-03T00:00:00,65656000000.0,,2436000000.0,,,17036000000.0,,,0.61,sec_edgar:companyfacts
F,us,2012-09-30,2012-11-02T00:00:00,97828000000.0,,4067000000.0,,,18841000000.0,,,1.02,sec_edgar:companyfacts
F,us,2012-12-31,2013-02-19T00:00:00,134252000000.0,,5665000000.0,,,15947000000.0,,,1.42,sec_edgar:companyfacts
F,us,2013-03-31,2013-05-01T00:00:00,35810000000.0,,1611000000.0,,,17595000000.0,,,0.4,sec_edgar:companyfacts
F,us,2013-06-30,2013-07-31T00:00:00,73905000000.0,,2844000000.0,,,19179000000.0,,,0.7,sec_edgar:companyfacts
F,us,2013-09-30,2013-10-31T00:00:00,109881000000.0,,4116000000.0,,,20467000000.0,,,1.02,sec_edgar:companyfacts
F,us,2013-12-31,2014-02-18T00:00:00,146917000000.0,,7155000000.0,,,26383000000.0,,,1.76,sec_edgar:companyfacts
F,us,2014-03-31,2014-05-01T00:00:00,35876000000.0,,989000000.0,,,26773000000.0,,,0.24,sec_edgar:companyfacts
F,us,2014-06-30,2014-07-31T00:00:00,73287000000.0,,2300000000.0,,,26776000000.0,,,0.57,sec_edgar:companyfacts
F,us,2014-09-30,2014-10-31T00:00:00,108207000000.0,,3135000000.0,,,26136000000.0,,,0.78,sec_edgar:companyfacts
F,us,2014-12-31,2015-02-13T00:00:00,144077000000.0,,3187000000.0,,,24805000000.0,,,0.8,sec_edgar:companyfacts
F,us,2015-03-31,2015-04-28T00:00:00,33900000000.0,,924000000.0,,,24947000000.0,,,0.23,sec_edgar:companyfacts
F,us,2015-06-30,2015-07-28T00:00:00,71163000000.0,,2809000000.0,,,26334000000.0,,,0.7,sec_edgar:companyfacts
F,us,2015-09-30,2015-10-27T00:00:00,109307000000.0,,4718000000.0,,,27465000000.0,,,1.18,sec_edgar:companyfacts
F,us,2015-12-31,2016-02-11T00:00:00,149558000000.0,,7373000000.0,,,28642000000.0,,,1.84,sec_edgar:companyfacts
F,us,2016-03-31,2016-04-28T00:00:00,37718000000.0,,2452000000.0,,,29605000000.0,,,0.61,sec_edgar:companyfacts
F,us,2016-06-30,2016-07-28T00:00:00,77203000000.0,,4422000000.0,,,31141000000.0,,,1.11,sec_edgar:companyfacts
F,us,2016-09-30,2016-10-27T00:00:00,113146000000.0,,5379000000.0,,,31484000000.0,,,1.35,sec_edgar:companyfacts
F,us,2016-12-31,2017-02-09T00:00:00,151800000000.0,,,,,29170000000.0,,,1.15,sec_edgar:companyfacts
F,us,2017-03-31,2017-04-27T00:00:00,39146000000.0,,,,,30619000000.0,,,0.4,sec_edgar:companyfacts
F,us,2017-06-30,2018-07-26T00:00:00,78999000000.0,,,6687000000.0,,32244000000.0,,,0.91,sec_edgar:companyfacts
F,us,2017-09-30,2018-10-25T00:00:00,115450000000.0,,,10013000000.0,,33238000000.0,,,1.3,sec_edgar:companyfacts
F,us,2017-12-31,2020-02-05T00:00:00,156776000000.0,,,11047000000.0,,34890000000.0,,,1.9,sec_edgar:companyfacts
F,us,2018-03-31,2019-04-26T00:00:00,41959000000.0,,,1735000000.0,,36400000000.0,,,0.43,sec_edgar:companyfacts
F,us,2018-06-30,2018-07-26T00:00:00,80879000000.0,,,4798000000.0,,36441000000.0,,,0.7,sec_edgar:companyfacts
F,us,2018-09-30,2018-10-25T00:00:00,118545000000.0,,,7996000000.0,,36590000000.0,,,0.95,sec_edgar:companyfacts
F,us,2018-12-31,2020-02-05T00:00:00,160338000000.0,,,7237000000.0,,35932000000.0,600000000.0,,0.92,sec_edgar:companyfacts
F,us,2019-03-31,2019-04-26T00:00:00,40342000000.0,,,1911000000.0,,36398000000.0,,,0.29,sec_edgar:companyfacts
F,us,2019-06-30,2019-07-25T00:00:00,79195000000.0,,,6454000000.0,,36097000000.0,,,0.32,sec_edgar:companyfacts
F,us,2019-09-30,2019-10-24T00:00:00,116185000000.0,,,9381000000.0,,35349000000.0,,,0.43,sec_edgar:companyfacts
F,us,2019-12-31,2020-02-05T00:00:00,155900000000.0,,,10007000000.0,,33185000000.0,470000000.0,,0.01,sec_edgar:companyfacts
F,us,2020-03-31,2020-04-29T00:00:00,34320000000.0,,,-2253000000.0,,29650000000.0,,,-0.5,sec_edgar:companyfacts
F,us,2020-06-30,2020-07-31T00:00:00,53691000000.0,,,5687000000.0,,30824000000.0,,,-0.22,sec_edgar:companyfacts
F,us,2020-09-30,2020-10-29T00:00:00,91192000000.0,,,15519000000.0,,33125000000.0,,,0.38,sec_edgar:companyfacts
F,us,2020-12-31,2021-02-05T00:00:00,127144000000.0,,,18527000000.0,,30690000000.0,291000000.0,,-0.32,sec_edgar:companyfacts
F,us,2021-03-31,2021-04-29T00:00:00,36228000000.0,,,3124000000.0,,33828000000.0,,,0.81,sec_edgar:companyfacts
F,us,2021-06-30,2021-07-29T00:00:00,62980000000.0,,,2367000000.0,,34664000000.0,,,0.95,sec_edgar:companyfacts
F,us,2021-09-30,2021-10-28T00:00:00,98663000000.0,,,7801000000.0,,36593000000.0,,,1.4,sec_edgar:companyfacts
F,us,2021-12-31,2024-02-07T00:00:00,136341000000.0,,17937000000.0,9560000000.0,,48519000000.0,,,4.45,sec_edgar:companyfacts
F,us,2022-03-31,2023-05-03T00:00:00,34476000000.0,,-3110000000.0,-2454000000.0,,44985000000.0,,,-0.78,sec_edgar:companyfacts
F,us,2022-06-30,2023-10-27T00:00:00,74666000000.0,,667000000.0,-1206000000.0,,44169000000.0,,,-0.61,sec_edgar:companyfacts
F,us,2022-09-30,2023-10-27T00:00:00,114058000000.0,,-827000000.0,874000000.0,,42125000000.0,,,-0.81,sec_edgar:companyfacts
F,us,2022-12-31,2024-02-07T00:00:00,158057000000.0,,-1981000000.0,-13000000.0,,43242000000.0,,,-0.49,sec_edgar:companyfacts
F,us,2023-03-31,2023-05-03T00:00:00,,,1757000000.0,1020000000.0,,42366000000.0,,,0.44,sec_edgar:companyfacts
F,us,2023-06-30,2023-07-28T00:00:00,,,1917000000.0,4106000000.0,,43677000000.0,,,0.91,sec_edgar:companyfacts
F,us,2023-09-30,2023-10-27T00:00:00,,,1199000000.0,6485000000.0,,44263000000.0,,,1.21,sec_edgar:companyfacts
F,us,2023-12-31,2024-02-07T00:00:00,176191000000.0,,4347000000.0,6682000000.0,,42773000000.0,,,1.08,sec_edgar:companyfacts
F,us,2024-03-31,2024-04-25T00:00:00,,,1332000000.0,-709000000.0,,42870000000.0,,,0.33,sec_edgar:companyfacts
F,us,2024-06-30,2024-07-25T00:00:00,,,1831000000.0,2699000000.0,,43567000000.0,,,0.79,sec_edgar:companyfacts
F,us,2024-09-30,2024-10-29T00:00:00,,,892000000.0,6209000000.0,,44315000000.0,,,1.01,sec_edgar:companyfacts
F,us,2024-12-31,2025-02-06T00:00:00,184992000000.0,,5879000000.0,6739000000.0,,44835000000.0,,,1.46,sec_edgar:companyfacts
F,us,2025-03-31,2025-05-06T00:00:00,,,471000000.0,1861000000.0,,44635000000.0,,,0.12,sec_edgar:companyfacts
F,us,2025-06-30,2025-07-31T00:00:00,,,-36000000.0,6090000000.0,,45057000000.0,,,0.11,sec_edgar:companyfacts
F,us,2025-09-30,2025-10-24T00:00:00,,,,11367000000.0,,47392000000.0,,,0.72,sec_edgar:companyfacts
F,us,2025-12-31,2026-02-11T00:00:00,,,,12467000000.0,,35952000000.0,,,-2.06,sec_edgar:companyfacts
F,us,2026-03-31,2026-04-30T00:00:00,,,,-1060000000.0,,37453000000.0,,,0.63,sec_edgar:companyfacts
FDX,us,2007-05-31,2010-07-15T00:00:00,,,,,,12656000000.0,,,,sec_edgar:companyfacts
FDX,us,2008-05-31,2010-07-15T00:00:00,37953000000.0,,1125000000.0,518000000.0,,14851000000.0,,,,sec_edgar:companyfacts
FDX,us,2008-08-31,2009-09-18T00:00:00,9970000000.0,,384000000.0,62000000.0,,,,,1.23,sec_edgar:companyfacts
FDX,us,2008-11-30,2009-12-18T00:00:00,19508000000.0,,877000000.0,68000000.0,,,,,2.81,sec_edgar:companyfacts
FDX,us,2009-02-28,2010-03-19T00:00:00,27645000000.0,,974000000.0,234000000.0,,,,,3.12,sec_edgar:companyfacts
FDX,us,2009-05-31,2010-07-15T00:00:00,35497000000.0,,98000000.0,294000000.0,,13626000000.0,,,0.31,sec_edgar:companyfacts
FDX,us,2009-08-31,2009-09-18T00:00:00,8009000000.0,,181000000.0,18000000.0,,13786000000.0,,,0.58,sec_edgar:companyfacts
FDX,us,2009-11-30,2009-12-18T00:00:00,16605000000.0,,526000000.0,-192000000.0,,14168000000.0,,,1.68,sec_edgar:companyfacts
FDX,us,2010-02-28,2010-03-19T00:00:00,25306000000.0,,765000000.0,-73000000.0,,14380000000.0,,,0.76,sec_edgar:companyfacts
FDX,us,2010-05-31,2010-07-15T00:00:00,34734000000.0,,1184000000.0,322000000.0,,13811000000.0,1789000000.0,,3.76,sec_edgar:companyfacts
FDX,us,2010-08-31,2010-09-17T00:00:00,9457000000.0,,380000000.0,-216000000.0,,14205000000.0,,,1.2,sec_edgar:companyfacts
FDX,us,2010-11-30,2010-12-17T00:00:00,19089000000.0,,663000000.0,-48000000.0,,14561000000.0,,,2.09,sec_edgar:companyfacts
FDX,us,2011-02-28,2011-03-18T00:00:00,28752000000.0,,894000000.0,-246000000.0,,14880000000.0,,,2.82,sec_edgar:companyfacts
FDX,us,2011-05-31,2011-07-12T00:00:00,39304000000.0,,1452000000.0,607000000.0,,15220000000.0,1539000000.0,,4.57,sec_edgar:companyfacts
FDX,us,2011-08-31,2011-09-23T00:00:00,10521000000.0,,464000000.0,-250000000.0,,15714000000.0,,,1.46,sec_edgar:companyfacts
FDX,us,2011-11-30,2011-12-16T00:00:00,21108000000.0,,961000000.0,-49000000.0,,15917000000.0,,,3.02,sec_edgar:companyfacts
FDX,us,2012-02-29,2012-03-23T00:00:00,31672000000.0,,1482000000.0,71000000.0,,16569000000.0,,,4.67,sec_edgar:companyfacts
FDX,us,2012-05-31,2012-07-16T00:00:00,42680000000.0,,2032000000.0,828000000.0,,14727000000.0,,,6.41,sec_edgar:companyfacts
FDX,us,2012-08-31,2012-09-19T00:00:00,10792000000.0,,459000000.0,-69000000.0,,15024000000.0,,,1.45,sec_edgar:companyfacts
FDX,us,2012-11-30,2012-12-20T00:00:00,21899000000.0,,897000000.0,-170000000.0,,15543000000.0,,,2.84,sec_edgar:companyfacts
FDX,us,2013-02-28,2013-03-21T00:00:00,32852000000.0,,1258000000.0,546000000.0,,16112000000.0,,,3.97,sec_edgar:companyfacts
FDX,us,2013-05-31,2013-07-15T00:00:00,44287000000.0,,1561000000.0,1313000000.0,,17398000000.0,3000000000.0,,4.91,sec_edgar:companyfacts
FDX,us,2013-08-31,2013-09-19T00:00:00,11024000000.0,,489000000.0,357000000.0,,17655000000.0,,,1.53,sec_edgar:companyfacts
FDX,us,2013-11-30,2013-12-19T00:00:00,22427000000.0,,989000000.0,-81000000.0,,17533000000.0,,,3.1,sec_edgar:companyfacts
FDX,us,2014-02-28,2014-03-20T00:00:00,33728000000.0,,1367000000.0,24000000.0,,15227000000.0,4700000000.0,,4.34,sec_edgar:companyfacts
FDX,us,2014-05-31,2014-07-14T00:00:00,45567000000.0,,2097000000.0,731000000.0,,15277000000.0,4700000000.0,,6.75,sec_edgar:companyfacts
FDX,us,2014-08-31,2014-09-18T00:00:00,11684000000.0,,606000000.0,262000000.0,,15121000000.0,4700000000.0,,2.1,sec_edgar:companyfacts
FDX,us,2014-11-30,2014-12-18T00:00:00,23623000000.0,,1222000000.0,261000000.0,,15563000000.0,4700000000.0,,4.24,sec_edgar:companyfacts
FDX,us,2015-02-28,2015-03-19T00:00:00,35339000000.0,,1802000000.0,504000000.0,,16012000000.0,7200000000.0,,6.25,sec_edgar:companyfacts
FDX,us,2015-05-31,2015-07-14T00:00:00,47453000000.0,,1050000000.0,1019000000.0,,14993000000.0,7200000000.0,,3.65,sec_edgar:companyfacts
FDX,us,2015-08-31,2015-09-17T00:00:00,12279000000.0,,692000000.0,32000000.0,,15283000000.0,7200000000.0,,2.42,sec_edgar:companyfacts
FDX,us,2015-11-30,2015-12-17T00:00:00,24732000000.0,,1383000000.0,-108000000.0,,14990000000.0,8500000000.0,,4.86,sec_edgar:companyfacts
FDX,us,2016-02-29,2016-03-17T00:00:00,37386000000.0,,1890000000.0,,,14327000000.0,8500000000.0,,6.71,sec_edgar:companyfacts
FDX,us,2016-05-31,2018-07-16T00:00:00,50365000000.0,,1820000000.0,890000000.0,,13784000000.0,13792000000.0,,6.51,sec_edgar:companyfacts
FDX,us,2016-08-31,2016-09-21T00:00:00,14663000000.0,,715000000.0,,,14142000000.0,13700000000.0,,2.65,sec_edgar:companyfacts
FDX,us,2016-11-30,2016-12-21T00:00:00,29594000000.0,,1415000000.0,,,14531000000.0,13500000000.0,,5.24,sec_edgar:companyfacts
FDX,us,2017-02-28,2017-03-22T00:00:00,44591000000.0,,1977000000.0,,,15184000000.0,14700000000.0,,7.31,sec_edgar:companyfacts
FDX,us,2017-05-31,2018-07-16T00:00:00,60319000000.0,,2997000000.0,-186000000.0,,16073000000.0,14878000000.0,,11.07,sec_edgar:companyfacts
FDX,us,2017-08-31,2018-09-17T00:00:00,15297000000.0,,596000000.0,-454000000.0,,16618000000.0,15100000000.0,,2.19,sec_edgar:companyfacts
FDX,us,2017-11-30,2018-12-18T00:00:00,31610000000.0,,1371000000.0,-1123000000.0,,17055000000.0,15350000000.0,,5.03,sec_edgar:companyfacts
FDX,us,2018-02-28,2019-03-19T00:00:00,48136000000.0,,3445000000.0,-2832000000.0,,18894000000.0,17499000000.0,,12.63,sec_edgar:companyfacts
FDX,us,2018-05-31,2018-07-16T00:00:00,65450000000.0,,4572000000.0,-989000000.0,,19416000000.0,16510000000.0,,16.79,sec_edgar:companyfacts
FDX,us,2018-08-31,2018-09-17T00:00:00,17052000000.0,,835000000.0,-478000000.0,,19173000000.0,16799000000.0,,3.1,sec_edgar:companyfacts
FDX,us,2018-11-30,2018-12-18T00:00:00,34876000000.0,,1770000000.0,-455000000.0,,19294000000.0,17150000000.0,,6.6,sec_edgar:companyfacts
FDX,us,2019-02-28,2019-03-19T00:00:00,51886000000.0,,2509000000.0,-434000000.0,,19894000000.0,225000000.0,,9.41,sec_edgar:companyfacts
FDX,us,2019-05-31,2019-07-16T00:00:00,,,540000000.0,123000000.0,,17757000000.0,17518000000.0,,2.03,sec_edgar:companyfacts
FDX,us,2019-08-31,2019-09-17T00:00:00,17048000000.0,,745000000.0,-853000000.0,,18166000000.0,,,2.84,sec_edgar:companyfacts
FDX,us,2019-11-30,2019-12-17T00:00:00,34372000000.0,,1305000000.0,-1192000000.0,,18659000000.0,150000000.0,,4.97,sec_edgar:companyfacts
FDX,us,2020-02-29,2020-03-17T00:00:00,,,1620000000.0,-1427000000.0,,18831000000.0,300000000.0,,6.17,sec_edgar:companyfacts
FDX,us,2020-05-31,2020-07-20T00:00:00,,,1286000000.0,-771000000.0,,18295000000.0,21518000000.0,,4.9,sec_edgar:companyfacts
FDX,us,2020-08-31,2020-09-15T00:00:00,,,1245000000.0,1227000000.0,,19462000000.0,,,4.72,sec_edgar:companyfacts
FDX,us,2020-11-30,2020-12-17T00:00:00,,,2471000000.0,2404000000.0,,21039000000.0,,,9.26,sec_edgar:companyfacts
FDX,us,2021-02-28,2021-03-18T00:00:00,,,3363000000.0,3190000000.0,,21981000000.0,,,12.55,sec_edgar:companyfacts
FDX,us,2021-05-31,2021-07-19T00:00:00,,,5231000000.0,4251000000.0,,24168000000.0,19422000000.0,,19.45,sec_edgar:companyfacts
FDX,us,2021-08-31,2021-09-21T00:00:00,,,1112000000.0,514000000.0,,24321000000.0,,,4.09,sec_edgar:companyfacts
FDX,us,2021-11-30,2021-12-16T00:00:00,,,2156000000.0,939000000.0,,24940000000.0,,,7.97,sec_edgar:companyfacts
FDX,us,2022-02-28,2022-03-17T00:00:00,,,3268000000.0,1951000000.0,,24526000000.0,,,12.17,sec_edgar:companyfacts
FDX,us,2022-05-31,2022-07-18T00:00:00,,,3826000000.0,3069000000.0,,24939000000.0,19796000000.0,,14.33,sec_edgar:companyfacts
FDX,us,2022-08-31,2022-09-22T00:00:00,,,875000000.0,323000000.0,,25140000000.0,,,3.33,sec_edgar:companyfacts
FDX,us,2022-11-30,2022-12-20T00:00:00,,,1663000000.0,-17000000.0,,24115000000.0,,,6.41,sec_edgar:companyfacts
FDX,us,2023-02-28,2023-03-16T00:00:00,,,2434000000.0,981000000.0,,24733000000.0,,,9.46,sec_edgar:companyfacts
FDX,us,2023-05-31,2023-07-17T00:00:00,,,3972000000.0,2674000000.0,,26088000000.0,19779000000.0,,15.48,sec_edgar:companyfacts
FDX,us,2023-08-31,2023-09-20T00:00:00,,,1078000000.0,940000000.0,,26534000000.0,,,4.23,sec_edgar:companyfacts
FDX,us,2023-11-30,2023-12-19T00:00:00,,,1978000000.0,1409000000.0,,26766000000.0,,,7.79,sec_edgar:companyfacts
FDX,us,2024-02-29,2024-03-21T00:00:00,,,2857000000.0,1640000000.0,,26375000000.0,,,11.31,sec_edgar:companyfacts
FDX,us,2024-05-31,2024-07-15T00:00:00,,,4331000000.0,3136000000.0,,27582000000.0,19772000000.0,,17.21,sec_edgar:companyfacts
FDX,us,2024-08-31,2024-09-19T00:00:00,,,794000000.0,420000000.0,,27176000000.0,,,3.21,sec_edgar:companyfacts
FDX,us,2024-11-30,2024-12-19T00:00:00,,,1535000000.0,920000000.0,,26460000000.0,,,6.24,sec_edgar:companyfacts
FDX,us,2025-02-28,2025-03-20T00:00:00,,,2444000000.0,1935000000.0,,26708000000.0,,,9.99,sec_edgar:companyfacts
FDX,us,2025-05-31,2025-07-21T00:00:00,,,4092000000.0,2981000000.0,,28074000000.0,19899000000.0,,16.81,sec_edgar:companyfacts
FDX,us,2025-08-31,2025-09-18T00:00:00,,,824000000.0,1093000000.0,,27771000000.0,,,3.46,sec_edgar:companyfacts
FDX,us,2025-11-30,2025-12-18T00:00:00,,,1780000000.0,2287000000.0,,28140000000.0,,,7.5,sec_edgar:companyfacts
FDX,us,2026-02-28,2026-03-19T00:00:00,,,2836000000.0,3325000000.0,,29804000000.0,,,11.91,sec_edgar:companyfacts
GD,us,2006-12-31,2010-02-19T00:00:00,,,,,,9827000000.0,,,,sec_edgar:companyfacts
GD,us,2007-12-31,2010-02-19T00:00:00,27240000000.0,,2072000000.0,2478000000.0,,11768000000.0,,,5.08,sec_edgar:companyfacts
GD,us,2008-06-29,2009-08-04T00:00:00,14308000000.0,,1213000000.0,1251000000.0,,,,,3.01,sec_edgar:companyfacts
GD,us,2008-09-28,2009-11-03T00:00:00,21448000000.0,,1847000000.0,2000000000.0,,,,,4.6,sec_edgar:companyfacts
GD,us,2008-12-31,2010-02-19T00:00:00,29300000000.0,,2459000000.0,2634000000.0,,10053000000.0,911000000.0,,6.17,sec_edgar:companyfacts
GD,us,2009-04-05,2010-05-04T00:00:00,8264000000.0,,590000000.0,73000000.0,,,,,1.53,sec_edgar:companyfacts
GD,us,2009-07-05,2009-08-04T00:00:00,16364000000.0,,1208000000.0,584000000.0,,11001000000.0,55000000.0,,3.12,sec_edgar:companyfacts
GD,us,2009-10-04,2009-11-03T00:00:00,24083000000.0,,1780000000.0,1094000000.0,,11718000000.0,705000000.0,,4.6,sec_edgar:companyfacts
GD,us,2009-12-31,2011-02-18T00:00:00,31981000000.0,,2394000000.0,2470000000.0,,12423000000.0,705000000.0,385704691.0,6.17,sec_edgar:companyfacts
GD,us,2010-04-04,2010-05-04T00:00:00,7750000000.0,,597000000.0,150000000.0,,12779000000.0,704000000.0,,1.53,sec_edgar:companyfacts
GD,us,2010-07-04,2010-08-03T00:00:00,15854000000.0,,1245000000.0,564000000.0,,12839000000.0,703000000.0,,3.2,sec_edgar:companyfacts
GD,us,2010-10-03,2010-11-02T00:00:00,23865000000.0,,1895000000.0,1348000000.0,,13582000000.0,774000000.0,,4.9,sec_edgar:companyfacts
GD,us,2010-12-31,2011-02-18T00:00:00,32466000000.0,,2624000000.0,2616000000.0,,13316000000.0,773000000.0,372052313.0,6.81,sec_edgar:companyfacts
GD,us,2011-04-03,2011-05-03T00:00:00,7798000000.0,,618000000.0,266000000.0,,13877000000.0,792000000.0,,1.64,sec_edgar:companyfacts
GD,us,2011-07-03,2011-08-03T00:00:00,15677000000.0,,1271000000.0,924000000.0,,13925000000.0,772000000.0,,3.4,sec_edgar:companyfacts
GD,us,2011-10-02,2011-11-01T00:00:00,23530000000.0,,1923000000.0,939000000.0,,13619000000.0,222000000.0,,5.19,sec_edgar:companyfacts
GD,us,2011-12-31,2012-02-17T00:00:00,32677000000.0,,2526000000.0,2780000000.0,,13232000000.0,23000000.0,356437880.0,6.87,sec_edgar:companyfacts
GD,us,2012-04-01,2012-05-01T00:00:00,7579000000.0,,564000000.0,324000000.0,,13854000000.0,3000000.0,,1.57,sec_edgar:companyfacts
GD,us,2012-07-01,2012-08-01T00:00:00,15501000000.0,,1198000000.0,1027000000.0,,13662000000.0,1028000000.0,,3.34,sec_edgar:companyfacts
GD,us,2012-09-30,2012-10-30T00:00:00,23435000000.0,,1798000000.0,1621000000.0,,14272000000.0,1001000000.0,,5.04,sec_edgar:companyfacts
GD,us,2012-12-31,2013-02-08T00:00:00,31513000000.0,,-332000000.0,2237000000.0,,11390000000.0,3910000000.0,353674248.0,-0.94,sec_edgar:companyfacts
GD,us,2013-03-31,2013-04-30T00:00:00,7404000000.0,,571000000.0,475000000.0,,11582000000.0,1000000.0,,1.62,sec_edgar:companyfacts
GD,us,2013-06-30,2013-07-24T00:00:00,15315000000.0,,1211000000.0,915000000.0,,11756000000.0,1000000.0,,3.43,sec_edgar:companyfacts
GD,us,2013-09-29,2013-10-23T00:00:00,23111000000.0,,1862000000.0,1279000000.0,,12605000000.0,28000000.0,,5.27,sec_edgar:companyfacts
GD,us,2013-12-31,2014-02-07T00:00:00,31218000000.0,,2357000000.0,2666000000.0,,14501000000.0,3910000000.0,353402794.0,6.67,sec_edgar:companyfacts
GD,us,2014-03-30,2014-04-23T00:00:00,7324000000.0,,595000000.0,341000000.0,,13690000000.0,502000000.0,,1.71,sec_edgar:companyfacts
GD,us,2014-06-29,2014-07-23T00:00:00,14739000000.0,,1136000000.0,1132000000.0,,13119000000.0,501000000.0,,3.29,sec_edgar:companyfacts
GD,us,2014-09-28,2014-10-22T00:00:00,22490000000.0,,1832000000.0,3461000000.0,,13010000000.0,501000000.0,,5.34,sec_edgar:companyfacts
GD,us,2014-12-31,2015-02-09T00:00:00,30852000000.0,,2533000000.0,3207000000.0,,11829000000.0,4412000000.0,332164097.0,7.42,sec_edgar:companyfacts
GD,us,2015-04-05,2015-04-29T00:00:00,7784000000.0,,716000000.0,647000000.0,,11520000000.0,1000000.0,,2.14,sec_edgar:companyfacts
GD,us,2015-07-05,2015-07-29T00:00:00,15666000000.0,,1468000000.0,1158000000.0,,11276000000.0,2000000.0,,4.41,sec_edgar:companyfacts
GD,us,2015-10-04,2015-10-28T00:00:00,23660000000.0,,2201000000.0,1810000000.0,,10734000000.0,501000000.0,,6.68,sec_edgar:companyfacts
GD,us,2015-12-31,2016-02-08T00:00:00,31469000000.0,,2965000000.0,1930000000.0,,10738000000.0,3926000000.0,312987277.0,9.08,sec_edgar:companyfacts
GD,us,2016-04-03,2016-04-27T00:00:00,7724000000.0,,717000000.0,374000000.0,,10582000000.0,3901000000.0,,2.3,sec_edgar:companyfacts
GD,us,2016-07-03,2016-07-27T00:00:00,15389000000.0,,1475000000.0,739000000.0,,10995000000.0,3973000000.0,,4.73,sec_edgar:companyfacts
GD,us,2016-10-02,2016-10-26T00:00:00,23120000000.0,,2158000000.0,,,11317000000.0,3887000000.0,,6.94,sec_edgar:companyfacts
GD,us,2016-12-31,2017-02-06T00:00:00,31353000000.0,,2955000000.0,,,10976000000.0,4824000000.0,302418528.0,9.52,sec_edgar:companyfacts
GD,us,2017-04-02,2017-04-26T00:00:00,7441000000.0,,763000000.0,,,10583000000.0,4790000000.0,,2.48,sec_edgar:companyfacts
GD,us,2017-07-02,2017-07-26T00:00:00,15116000000.0,,1512000000.0,,,10952000000.0,4967000000.0,,4.94,sec_edgar:companyfacts
GD,us,2017-10-01,2017-10-25T00:00:00,22696000000.0,,2276000000.0,,,11564000000.0,5785000000.0,,7.45,sec_edgar:companyfacts
GD,us,2017-12-31,2020-02-10T00:00:00,30973000000.0,,2912000000.0,3448000000.0,,11435000000.0,4034000000.0,296895608.0,9.56,sec_edgar:companyfacts
GD,us,2018-04-01,2018-04-25T00:00:00,7535000000.0,,799000000.0,,,11774000000.0,2498000000.0,,,sec_edgar:companyfacts
GD,us,2018-07-01,2018-07-25T00:00:00,16721000000.0,,1585000000.0,,,11994000000.0,17281000000.0,,,sec_edgar:companyfacts
GD,us,2018-09-30,2019-10-23T00:00:00,,,2436000000.0,634000000.0,,12755000000.0,14869000000.0,,8.12,sec_edgar:companyfacts
GD,us,2018-12-31,2020-02-10T00:00:00,36193000000.0,,3345000000.0,2458000000.0,,11732000000.0,13491000000.0,288698149.0,11.18,sec_edgar:companyfacts
GD,us,2019-03-31,2020-04-29T00:00:00,,,745000000.0,-976000000.0,,12234000000.0,2097000000.0,,,sec_edgar:companyfacts
GD,us,2019-06-30,2020-07-29T00:00:00,,,1551000000.0,-866000000.0,,12877000000.0,4960000000.0,,,sec_edgar:companyfacts
GD,us,2019-09-29,2019-10-23T00:00:00,,,2464000000.0,-19000000.0,,13513000000.0,4661000000.0,,8.47,sec_edgar:companyfacts
GD,us,2019-12-31,2020-02-10T00:00:00,39350000000.0,,3484000000.0,1994000000.0,,13577000000.0,14925000000.0,289610336.0,11.98,sec_edgar:companyfacts
GD,us,2020-03-29,2020-04-29T00:00:00,,,706000000.0,-851000000.0,,13200000000.0,5047000000.0,,,sec_edgar:companyfacts
GD,us,2020-06-28,2020-07-29T00:00:00,,,1331000000.0,-229000000.0,,13890000000.0,4121000000.0,,,sec_edgar:companyfacts
GD,us,2020-09-27,2020-10-28T00:00:00,,,2165000000.0,674000000.0,,14716000000.0,3394000000.0,,,sec_edgar:companyfacts
GD,us,2020-12-31,2021-02-09T00:00:00,37925000000.0,,3167000000.0,2891000000.0,,15661000000.0,16120000000.0,286477836.0,11.0,sec_edgar:companyfacts
GD,us,2021-04-04,2021-04-28T00:00:00,,,708000000.0,-131000000.0,,15340000000.0,3186000000.0,,,sec_edgar:companyfacts
GD,us,2021-07-04,2021-07-28T00:00:00,,,1445000000.0,812000000.0,,15321000000.0,2821000000.0,,,sec_edgar:companyfacts
GD,us,2021-10-03,2021-10-27T00:00:00,,,2305000000.0,2087000000.0,,15721000000.0,2183000000.0,,,sec_edgar:companyfacts
GD,us,2021-12-31,2022-02-09T00:00:00,38469000000.0,,3257000000.0,3384000000.0,,17641000000.0,12611000000.0,277620943.0,11.55,sec_edgar:companyfacts
GD,us,2022-04-03,2022-04-27T00:00:00,,,730000000.0,1827000000.0,,18014000000.0,1005000000.0,,,sec_edgar:companyfacts
GD,us,2022-07-03,2022-07-27T00:00:00,,,1496000000.0,2262000000.0,,17381000000.0,1754000000.0,,,sec_edgar:companyfacts
GD,us,2022-10-02,2022-10-26T00:00:00,,,2398000000.0,3290000000.0,,17651000000.0,2252000000.0,,,sec_edgar:companyfacts
GD,us,2022-12-31,2023-02-07T00:00:00,39407000000.0,,3390000000.0,3465000000.0,,18568000000.0,11843000000.0,274411106.0,12.19,sec_edgar:companyfacts
GD,us,2023-04-02,2023-04-26T00:00:00,,,730000000.0,1301000000.0,,19087000000.0,1257000000.0,,,sec_edgar:companyfacts
GD,us,2023-07-02,2023-07-26T00:00:00,,,1474000000.0,1820000000.0,,19478000000.0,508000000.0,,,sec_edgar:companyfacts
GD,us,2023-10-01,2023-10-25T00:00:00,,,2310000000.0,2914000000.0,,19957000000.0,7000000.0,,,sec_edgar:companyfacts
GD,us,2023-12-31,2024-02-08T00:00:00,42272000000.0,,3315000000.0,3806000000.0,,21299000000.0,9847000000.0,273599948.0,12.02,sec_edgar:companyfacts
GD,us,2024-03-31,2024-04-24T00:00:00,,,799000000.0,-437000000.0,,21410000000.0,507000000.0,,,sec_edgar:companyfacts
GD,us,2024-06-30,2024-07-24T00:00:00,,,1704000000.0,176000000.0,,22036000000.0,2004000000.0,,,sec_edgar:companyfacts
GD,us,2024-09-29,2024-10-23T00:00:00,,,2634000000.0,1391000000.0,,22973000000.0,2005000000.0,,,sec_edgar:companyfacts
GD,us,2024-12-31,2025-02-07T00:00:00,47716000000.0,,3782000000.0,3196000000.0,,22063000000.0,10328000000.0,270340502.0,13.63,sec_edgar:companyfacts
GD,us,2025-03-30,2025-04-23T00:00:00,,,994000000.0,-290000000.0,,22225000000.0,2349000000.0,,,sec_edgar:companyfacts
GD,us,2025-06-29,2025-07-23T00:00:00,,,2008000000.0,1110000000.0,,23580000000.0,1204000000.0,,,sec_edgar:companyfacts
GD,us,2025-09-28,2025-10-24T00:00:00,,,3067000000.0,3007000000.0,,24434000000.0,1006000000.0,,,sec_edgar:companyfacts
GD,us,2025-12-31,2026-01-30T00:00:00,52550000000.0,,4210000000.0,3959000000.0,,25622000000.0,9080000000.0,270389759.0,15.45,sec_edgar:companyfacts
GD,us,2026-04-05,2026-04-29T00:00:00,,,1125000000.0,1952000000.0,,26079000000.0,1755000000.0,,,sec_edgar:companyfacts
GE,us,2006-12-31,2010-02-19T00:00:00,,,,,,111509000000.0,,,,sec_edgar:companyfacts
GE,us,2007-12-31,2010-02-19T00:00:00,172488000000.0,,22208000000.0,25519000000.0,,115559000000.0,,,2.17,sec_edgar:companyfacts
GE,us,2008-06-30,2009-08-03T00:00:00,89068000000.0,,9376000000.0,10025000000.0,,,,,0.94,sec_edgar:companyfacts
GE,us,2008-09-30,2009-11-02T00:00:00,136302000000.0,,13688000000.0,16817000000.0,,,,,1.37,sec_edgar:companyfacts
GE,us,2008-12-31,2010-02-19T00:00:00,182515000000.0,,17410000000.0,32591000000.0,,104665000000.0,193695000000.0,10536897000.0,1.72,sec_edgar:companyfacts
GE,us,2009-03-31,2010-05-07T00:00:00,38438000000.0,,2829000000.0,-2761000000.0,,,,,0.26,sec_edgar:companyfacts
GE,us,2009-06-30,2009-08-03T00:00:00,77493000000.0,,5482000000.0,1094000000.0,,112119000000.0,174644000000.0,10626842000.0,0.5,sec_edgar:companyfacts
GE,us,2009-09-30,2009-11-02T00:00:00,115345000000.0,,8012000000.0,8143000000.0,,117529000000.0,160115000000.0,10647495000.0,0.73,sec_edgar:companyfacts
GE,us,2009-12-31,2010-02-19T00:00:00,156783000000.0,,11025000000.0,15959000000.0,,117291000000.0,133054000000.0,10663075000.0,1.01,sec_edgar:companyfacts
GE,us,2010-03-31,2010-05-07T00:00:00,36605000000.0,,1945000000.0,5792000000.0,,115195000000.0,123931000000.0,10676518000.0,0.17,sec_edgar:companyfacts
GE,us,2010-06-30,2010-08-02T00:00:00,74049000000.0,,5054000000.0,13508000000.0,,113934000000.0,120154000000.0,10691220000.0,0.45,sec_edgar:companyfacts
GE,us,2010-09-30,2010-11-03T00:00:00,109937000000.0,,7109000000.0,22061000000.0,,115536000000.0,114879000000.0,10654718000.0,0.64,sec_edgar:companyfacts
GE,us,2010-12-31,2011-02-25T00:00:00,150211000000.0,,11644000000.0,26323000000.0,,118936000000.0,117959000000.0,10615376000.0,1.06,sec_edgar:companyfacts
GE,us,2011-03-31,2011-05-06T00:00:00,38448000000.0,,3433000000.0,4527000000.0,,123535000000.0,110347000000.0,10605447000.0,0.31,sec_edgar:companyfacts
GE,us,2011-06-30,2011-07-29T00:00:00,73960000000.0,,7197000000.0,8602000000.0,,128074000000.0,123489000000.0,10600337000.0,0.66,sec_edgar:companyfacts
GE,us,2011-09-30,2011-11-08T00:00:00,109327000000.0,,10421000000.0,15172000000.0,,124461000000.0,127327000000.0,10557351000.0,0.88,sec_edgar:companyfacts
GE,us,2011-12-31,2012-02-24T00:00:00,147300000000.0,,14151000000.0,20709000000.0,,116438000000.0,137611000000.0,10573017000.0,1.23,sec_edgar:companyfacts
GE,us,2012-03-31,2012-05-04T00:00:00,35182000000.0,,3034000000.0,3171000000.0,,119867000000.0,138659000000.0,10587317000.0,0.29,sec_edgar:companyfacts
GE,us,2012-06-30,2012-07-30T00:00:00,71683000000.0,,6139000000.0,6910000000.0,,120119000000.0,126319000000.0,10558844000.0,0.58,sec_edgar:companyfacts
GE,us,2012-09-30,2012-11-07T00:00:00,108032000000.0,,9630000000.0,9580000000.0,,122552000000.0,120435000000.0,10486300000.0,0.91,sec_edgar:companyfacts
GE,us,2012-12-31,2013-02-26T00:00:00,147359000000.0,,13641000000.0,16205000000.0,,123026000000.0,101392000000.0,10405625000.0,1.29,sec_edgar:companyfacts
GE,us,2013-03-31,2013-05-08T00:00:00,35010000000.0,,3527000000.0,966000000.0,,123714000000.0,83127000000.0,10340120000.0,0.34,sec_edgar:companyfacts
GE,us,2013-06-30,2013-07-26T00:00:00,70133000000.0,,6660000000.0,4713000000.0,,122509000000.0,77184000000.0,10183781000.0,0.64,sec_edgar:companyfacts
GE,us,2013-09-30,2013-11-01T00:00:00,105858000000.0,,9851000000.0,7032000000.0,,122692000000.0,80496000000.0,10117369000.0,0.95,sec_edgar:companyfacts
GE,us,2013-12-31,2014-02-27T00:00:00,146045000000.0,,13057000000.0,15121000000.0,,130566000000.0,77890000000.0,10060881000.0,1.27,sec_edgar:companyfacts
GE,us,2014-03-31,2014-05-12T00:00:00,34178000000.0,,2999000000.0,1600000000.0,,131836000000.0,76121000000.0,10027765000.0,0.3,sec_edgar:companyfacts
GE,us,2014-06-30,2014-07-31T00:00:00,70411000000.0,,6544000000.0,3346000000.0,,134013000000.0,73531000000.0,10033904000.0,0.65,sec_edgar:companyfacts
GE,us,2014-09-30,2014-11-04T00:00:00,106585000000.0,,10081000000.0,6544000000.0,,134998000000.0,69916000000.0,10042192000.0,0.99,sec_edgar:companyfacts
GE,us,2014-12-31,2015-02-27T00:00:00,148589000000.0,,15233000000.0,13983000000.0,,128159000000.0,71789000000.0,10057380000.0,1.5,sec_edgar:companyfacts
GE,us,2015-03-31,2015-05-04T00:00:00,29356000000.0,,-13573000000.0,3079000000.0,,108560000000.0,69211000000.0,10075929000.0,-1.35,sec_edgar:companyfacts
GE,us,2015-06-30,2015-07-30T00:00:00,61051000000.0,,-14933000000.0,9100000000.0,,109503000000.0,67822000000.0,10096429000.0,-1.48,sec_edgar:companyfacts
GE,us,2015-09-30,2015-11-02T00:00:00,92731000000.0,,-12427000000.0,8254000000.0,,111204000000.0,46495000000.0,10109239000.0,-1.23,sec_edgar:companyfacts
GE,us,2015-12-31,2016-02-26T00:00:00,117386000000.0,,-6126000000.0,12582000000.0,,98274000000.0,49892000000.0,9379288000.0,-0.61,sec_edgar:companyfacts
GE,us,2016-03-31,2016-05-04T00:00:00,27845000000.0,,191000000.0,-957000000.0,,91088000000.0,51082000000.0,9195657000.0,-0.01,sec_edgar:companyfacts
GE,us,2016-06-30,2016-08-01T00:00:00,61339000000.0,,3081000000.0,-5965000000.0,,84991000000.0,31927000000.0,8961233000.0,0.28,sec_edgar:companyfacts
GE,us,2016-09-30,2016-11-02T00:00:00,90604000000.0,,5164000000.0,-6982000000.0,,81882000000.0,31571000000.0,8846390000.0,0.51,sec_edgar:companyfacts
GE,us,2016-12-31,2017-02-24T00:00:00,123693000000.0,,8831000000.0,-7443000000.0,,75828000000.0,30714000000.0,8742614000.0,0.89,sec_edgar:companyfacts
GE,us,2017-03-31,2017-05-05T00:00:00,27660000000.0,,653000000.0,-1161000000.0,,74534000000.0,28324000000.0,8683963000.0,0.07,sec_edgar:companyfacts
GE,us,2017-06-30,2017-07-28T00:00:00,57219000000.0,,2020000000.0,-976000000.0,,74148000000.0,30044000000.0,8657946000.0,0.2,sec_edgar:companyfacts
GE,us,2017-09-30,2017-10-30T00:00:00,90691000000.0,,3856000000.0,-1553000000.0,,76105000000.0,28127000000.0,8672085000.0,0.41,sec_edgar:companyfacts
GE,us,2017-12-31,2018-02-23T00:00:00,122092000000.0,,-5786000000.0,3055000000.0,,64263000000.0,24036000000.0,8680571000.0,-0.72,sec_edgar:companyfacts
GE,us,2018-03-31,2018-05-01T00:00:00,28660000000.0,,-1147000000.0,-428000000.0,,55965000000.0,19371000000.0,8685338000.0,-0.14,sec_edgar:companyfacts
GE,us,2018-06-30,2018-07-27T00:00:00,58764000000.0,,-347000000.0,-1373000000.0,,55069000000.0,14419000000.0,8691081000.0,-0.07,sec_edgar:companyfacts
GE,us,2018-09-30,2018-10-30T00:00:00,88337000000.0,,-23116000000.0,-5418000000.0,,31454000000.0,15206000000.0,8698115000.0,-2.69,sec_edgar:companyfacts
GE,us,2018-12-31,2019-02-26T00:00:00,121615000000.0,,-22355000000.0,-3449000000.0,,30981000000.0,12849000000.0,8702227000.0,-2.62,sec_edgar:companyfacts
GE,us,2019-03-31,2019-04-30T00:00:00,27286000000.0,,3588000000.0,-1638000000.0,,35161000000.0,15953000000.0,8720808000.0,0.4,sec_edgar:companyfacts
GE,us,2019-06-30,2019-07-31T00:00:00,56117000000.0,,3716000000.0,-3494000000.0,,35816000000.0,15620000000.0,8727072000.0,0.4,sec_edgar:companyfacts
GE,us,2019-09-30,2019-10-30T00:00:00,68976000000.0,,-5707000000.0,-2142000000.0,,27935000000.0,17046000000.0,8727072000.0,-0.69,sec_edgar:companyfacts
GE,us,2019-12-31,2020-02-24T00:00:00,95214000000.0,,-4979000000.0,2959000000.0,,28316000000.0,22072000000.0,8738434000.0,-0.62,sec_edgar:companyfacts
GE,us,2020-03-31,2020-04-29T00:00:00,20524000000.0,,6199000000.0,-1241000000.0,,35284000000.0,18122000000.0,8747092000.0,0.7,sec_edgar:companyfacts
GE,us,2020-06-30,2020-07-29T00:00:00,38273000000.0,,4212000000.0,-2986000000.0,,33674000000.0,9059000000.0,8753289000.0,0.44,sec_edgar:companyfacts
GE,us,2020-09-30,2020-10-28T00:00:00,57690000000.0,,3068000000.0,-2278000000.0,,33269000000.0,5977000000.0,8759873000.0,0.3,sec_edgar:companyfacts
GE,us,2020-12-31,2021-02-12T00:00:00,79619000000.0,,5704000000.0,345000000.0,,35552000000.0,4778000000.0,8765493000.0,0.58,sec_edgar:companyfacts
GE,us,2021-03-31,2021-04-27T00:00:00,17118000000.0,,-2802000000.0,-2291000000.0,,33585000000.0,4468000000.0,8778641000.0,-0.33,sec_edgar:companyfacts
GE,us,2021-06-30,2021-07-27T00:00:00,35397000000.0,,-3934000000.0,-2040000000.0,,33487000000.0,4293000000.0,8781303049.0,-0.46,sec_edgar:companyfacts
GE,us,2021-09-30,2021-10-26T00:00:00,53826000000.0,,-2677000000.0,5000000.0,,37477000000.0,5459000000.0,1098137128.0,-2.61,sec_edgar:companyfacts
GE,us,2021-12-31,2022-02-11T00:00:00,74196000000.0,,-6520000000.0,2082000000.0,,40310000000.0,,1099027213.0,-6.16,sec_edgar:companyfacts
GE,us,2022-03-31,2022-04-26T00:00:00,17040000000.0,,-1042000000.0,-896000000.0,,39005000000.0,,1100664978.0,-0.99,sec_edgar:companyfacts
GE,us,2022-06-30,2022-07-26T00:00:00,35686000000.0,,-1833000000.0,-666000000.0,,34649000000.0,,1096553102.0,-1.78,sec_edgar:companyfacts
GE,us,2022-09-30,2022-10-25T00:00:00,54769000000.0,,-1997000000.0,460000000.0,,31475000000.0,,1092668140.0,-1.99,sec_edgar:companyfacts
GE,us,2022-12-31,2023-02-10T00:00:00,76555000000.0,,225000000.0,4545000000.0,,36366000000.0,,1089107878.0,-0.05,sec_edgar:companyfacts
GE,us,2023-03-31,2023-04-25T00:00:00,14486000000.0,,7506000000.0,-538000000.0,,31652000000.0,,1088960029.0,6.71,sec_edgar:companyfacts
GE,us,2023-06-30,2023-07-25T00:00:00,31185000000.0,,7541000000.0,,,31194000000.0,,1088378193.0,6.68,sec_edgar:companyfacts
GE,us,2023-09-30,2023-10-24T00:00:00,48531000000.0,,7889000000.0,,,28665000000.0,,1088386043.0,6.91,sec_edgar:companyfacts
GE,us,2023-12-31,2024-02-02T00:00:00,67954000000.0,,9481000000.0,,,27378000000.0,20862000000.0,1088415995.0,8.36,sec_edgar:companyfacts
GE,us,2024-03-31,2024-04-23T00:00:00,16053000000.0,,1537000000.0,,,29855000000.0,,1094606676.0,1.39,sec_edgar:companyfacts
GE,us,2024-06-30,2024-07-23T00:00:00,18048000000.0,,2805000000.0,,,18598000000.0,,1084311016.0,2.55,sec_edgar:companyfacts
GE,us,2024-09-30,2024-10-22T00:00:00,27890000000.0,,4657000000.0,,,18874000000.0,,1082294004.0,4.24,sec_edgar:companyfacts
GE,us,2024-12-31,2025-02-03T00:00:00,38702000000.0,,6556000000.0,,,19342000000.0,19273000000.0,1073692183.0,5.99,sec_edgar:companyfacts
GE,us,2025-03-31,2025-04-22T00:00:00,9935000000.0,,1978000000.0,,,19251000000.0,,1066386643.0,1.83,sec_edgar:companyfacts
GE,us,2025-06-30,2025-07-21T00:00:00,20957000000.0,,4006000000.0,,,19135000000.0,25000000.0,1060439387.0,3.73,sec_edgar:companyfacts
GE,us,2025-09-30,2025-10-21T00:00:00,33138000000.0,,6163000000.0,,,18812000000.0,17000000.0,1054813911.0,5.75,sec_edgar:companyfacts
GE,us,2025-12-31,2026-01-29T00:00:00,45855000000.0,,8704000000.0,,,18677000000.0,20494000000.0,1048766702.0,8.14,sec_edgar:companyfacts
GE,us,2026-03-31,2026-04-21T00:00:00,12392000000.0,,1904000000.0,,,18057000000.0,20000000.0,1043337235.0,1.81,sec_edgar:companyfacts
GEV,us,2022-12-31,2025-02-06T00:00:00,29654000000.0,,-2736000000.0,-627000000.0,,,,,-10.0,sec_edgar:companyfacts
GEV,us,2023-03-31,2024-04-30T00:00:00,6822000000.0,,-315000000.0,-814000000.0,,,,,,sec_edgar:companyfacts
GEV,us,2023-06-30,2024-07-24T00:00:00,14941000000.0,,-465000000.0,-1261000000.0,,,,,-1.7,sec_edgar:companyfacts
GEV,us,2023-09-30,2024-10-23T00:00:00,23194000000.0,,-635000000.0,-1209000000.0,,,,,-2.32,sec_edgar:companyfacts
GEV,us,2023-12-31,2025-02-06T00:00:00,33239000000.0,,-438000000.0,442000000.0,,7416000000.0,145000000.0,,-1.6,sec_edgar:companyfacts
GEV,us,2024-03-31,2025-04-23T00:00:00,7260000000.0,,-130000000.0,-661000000.0,,8974000000.0,,,-0.47,sec_edgar:companyfacts
GEV,us,2024-06-30,2024-07-24T00:00:00,15463000000.0,,1164000000.0,161000000.0,,9067000000.0,,274701743.0,4.22,sec_edgar:companyfacts
GEV,us,2024-09-30,2024-10-23T00:00:00,24376000000.0,,1068000000.0,1129000000.0,,9504000000.0,,275627753.0,3.85,sec_edgar:companyfacts
GEV,us,2024-12-31,2025-02-06T00:00:00,34935000000.0,,1552000000.0,1700000000.0,,9546000000.0,60000000.0,275880314.0,5.58,sec_edgar:companyfacts
GEV,us,2025-03-31,2025-04-23T00:00:00,8032000000.0,,254000000.0,975000000.0,,8607000000.0,,272934744.0,0.91,sec_edgar:companyfacts
GEV,us,2025-06-30,2025-07-23T00:00:00,17143000000.0,,768000000.0,1169000000.0,,8877000000.0,,272223940.0,2.77,sec_edgar:companyfacts
GEV,us,2025-09-30,2025-10-22T00:00:00,27112000000.0,,1220000000.0,1902000000.0,,8646000000.0,,271320459.0,4.41,sec_edgar:companyfacts
GEV,us,2025-12-31,2026-01-29T00:00:00,38068000000.0,,4884000000.0,3710000000.0,,11178000000.0,63000000.0,269529464.0,17.69,sec_edgar:companyfacts
GEV,us,2026-03-31,2026-04-22T00:00:00,9339000000.0,,4745000000.0,4791000000.0,,13922000000.0,,268719995.0,17.44,sec_edgar:companyfacts
GILD,us,2007-12-31,2010-03-01T00:00:00,4230045000.0,,1584902000.0,,,,,,1.64,sec_edgar:companyfacts
GILD,us,2008-06-30,2009-08-05T00:00:00,2536277000.0,,923083000.0,,,,,,0.96,sec_edgar:companyfacts
GILD,us,2008-09-30,2009-11-05T00:00:00,3907545000.0,,1418936000.0,,,,,,1.47,sec_edgar:companyfacts
GILD,us,2008-12-31,2010-03-01T00:00:00,5335750000.0,,1978899000.0,,,4272573000.0,5631000.0,909819000.0,2.06,sec_edgar:companyfacts
GILD,us,2009-03-31,2010-05-10T00:00:00,1530460000.0,,589112000.0,,,,,,0.63,sec_edgar:companyfacts
GILD,us,2009-06-30,2009-08-05T00:00:00,3177615000.0,,1160510000.0,,,5189851000.0,405622000.0,904546000.0,1.24,sec_edgar:companyfacts
GILD,us,2009-09-30,2009-11-05T00:00:00,4979004000.0,,1833543000.0,,,5646538000.0,205613000.0,901816000.0,1.96,sec_edgar:companyfacts
GILD,us,2009-12-31,2010-03-01T00:00:00,7011383000.0,,2635755000.0,,,6367065000.0,5587000.0,899753000.0,2.82,sec_edgar:companyfacts
GILD,us,2010-03-31,2010-05-10T00:00:00,2085853000.0,,854901000.0,,,7341996000.0,7088000.0,901839000.0,0.92,sec_edgar:companyfacts
GILD,us,2010-06-30,2010-08-09T00:00:00,4013077000.0,,1566962000.0,,,6562495000.0,1124230000.0,859720000.0,1.71,sec_edgar:companyfacts
GILD,us,2010-09-30,2010-11-08T00:00:00,5950733000.0,,2271838000.0,,,5706314000.0,632386000.0,815474000.0,2.55,sec_edgar:companyfacts
GILD,us,2010-12-31,2011-02-28T00:00:00,7949420000.0,,2901257000.0,,,5863729000.0,646345000.0,801998000.0,3.32,sec_edgar:companyfacts
GILD,us,2011-03-31,2011-05-09T00:00:00,1926094000.0,,651141000.0,,,5946253000.0,653093000.0,791470.0,0.8,sec_edgar:companyfacts
GILD,us,2011-06-30,2011-08-05T00:00:00,4063347000.0,,1397368000.0,,,6046845000.0,7345000.0,776405000.0,1.73,sec_edgar:companyfacts
GILD,us,2011-09-30,2011-11-04T00:00:00,6185007000.0,,2138492000.0,,,6116764000.0,1587000.0,756094000.0,2.66,sec_edgar:companyfacts
GILD,us,2011-12-31,2012-02-23T00:00:00,8385385000.0,,2803637000.0,,,6738856000.0,7607306000.0,753106000.0,3.55,sec_edgar:companyfacts
GILD,us,2012-03-31,2012-05-04T00:00:00,2282449000.0,,437531000.0,,,7313612000.0,1351573000.0,758190000.0,0.57,sec_edgar:companyfacts
GILD,us,2012-06-30,2012-08-01T00:00:00,4687635000.0,,1143605000.0,,,8002120000.0,1972816000.0,756153000.0,1.48,sec_edgar:companyfacts
GILD,us,2012-09-30,2012-11-06T00:00:00,7114232000.0,,1829025000.0,,,8603642000.0,10502115000.0,757933000.0,2.33,sec_edgar:companyfacts
GILD,us,2012-12-31,2013-02-27T00:00:00,9702517000.0,,2591566000.0,,,9309739000.0,9393478000.0,1519163000.0,1.64,sec_edgar:companyfacts
GILD,us,2013-03-31,2013-05-08T00:00:00,2531635000.0,,722186000.0,,,10152231000.0,8940366000.0,1524383000.0,0.43,sec_edgar:companyfacts
GILD,us,2013-06-30,2013-08-01T00:00:00,5299029000.0,,1494791000.0,,,11092000000.0,8825947000.0,1528890000.0,0.89,sec_edgar:companyfacts
GILD,us,2013-09-30,2013-10-31T00:00:00,,,2283397000.0,,,10883610000.0,8770794000.0,1534028000.0,1.35,sec_edgar:companyfacts
GILD,us,2013-12-31,2014-02-25T00:00:00,,,3074808000.0,2970988000.0,,11369067000.0,9332722000.0,1534414000.0,1.81,sec_edgar:companyfacts
GILD,us,2014-03-31,2014-05-07T00:00:00,,,2227410000.0,,,13387322000.0,11675581000.0,1537642000.0,1.33,sec_edgar:companyfacts
GILD,us,2014-06-30,2015-08-05T00:00:00,,,5883003000.0,5498311000.0,,16090629000.0,11076622000.0,1526043000.0,3.52,sec_edgar:companyfacts
GILD,us,2014-09-30,2014-11-05T00:00:00,,,8614277000.0,,,13566223000.0,10887141000.0,1513593000.0,5.18,sec_edgar:companyfacts
GILD,us,2014-12-31,2015-02-25T00:00:00,,,12101000000.0,,,15426000000.0,12887000000.0,1499000000.0,7.35,sec_edgar:companyfacts
GILD,us,2015-03-31,2015-05-08T00:00:00,,,4333000000.0,,,17180000000.0,12805000000.0,1477000000.0,2.76,sec_edgar:companyfacts
GILD,us,2015-06-30,2015-08-05T00:00:00,,,8825000000.0,11064000000.0,,16287000000.0,352000000.0,1473000000.0,5.68,sec_edgar:companyfacts
GILD,us,2015-09-30,2015-11-04T00:00:00,,,13425000000.0,,,17414000000.0,331000000.0,1449000000.0,8.73,sec_edgar:companyfacts
GILD,us,2015-12-31,2016-02-24T00:00:00,,,18108000000.0,,,18534000000.0,23161000000.0,1422000000.0,11.91,sec_edgar:companyfacts
GILD,us,2016-03-31,2017-05-10T00:00:00,,,3566000000.0,3736000000.0,,13398000000.0,1745000000.0,1348000000.0,2.53,sec_edgar:companyfacts
GILD,us,2016-06-30,2017-08-07T00:00:00,,,7063000000.0,8472000000.0,,15536000000.0,700000000.0,1331000000.0,5.11,sec_edgar:companyfacts
GILD,us,2016-09-30,2017-11-07T00:00:00,,,10393000000.0,12604000000.0,,16868000000.0,700000000.0,1322000000.0,7.59,sec_edgar:companyfacts
GILD,us,2016-12-31,2019-02-26T00:00:00,30390000000.0,,13501000000.0,,,18887000000.0,0.0,1310000000.0,9.94,sec_edgar:companyfacts
GILD,us,2017-03-31,2019-02-26T00:00:00,6505000000.0,,2702000000.0,2807000000.0,,20441000000.0,,1307000000.0,2.05,sec_edgar:companyfacts
GILD,us,2017-06-30,2018-08-06T00:00:00,13646000000.0,,5775000000.0,6210000000.0,,22677000000.0,,1306000000.0,4.38,sec_edgar:companyfacts
GILD,us,2017-09-30,2018-11-06T00:00:00,20158000000.0,,8493000000.0,8775000000.0,,24845000000.0,1747000000.0,1307000000.0,6.44,sec_edgar:companyfacts
GILD,us,2017-12-31,2019-02-26T00:00:00,26107000000.0,,4628000000.0,,,20442000000.0,36289000000.0,1308000000.0,3.51,sec_edgar:companyfacts
GILD,us,2018-03-31,2019-02-26T00:00:00,5088000000.0,,1538000000.0,2058000000.0,,20591000000.0,2497000000.0,1300000000.0,1.17,sec_edgar:companyfacts
GILD,us,2018-06-30,2018-08-06T00:00:00,10736000000.0,,3355000000.0,3334000000.0,,21672000000.0,32058000000.0,1296000000.0,2.55,sec_edgar:companyfacts
GILD,us,2018-09-30,2018-11-06T00:00:00,16332000000.0,,5452000000.0,5379000000.0,,22861000000.0,30063000000.0,1294000000.0,4.15,sec_edgar:companyfacts
GILD,us,2018-12-31,2021-02-25T00:00:00,22127000000.0,,5455000000.0,7476000000.0,,21387000000.0,2748000000.0,1282000000.0,4.17,sec_edgar:companyfacts
GILD,us,2019-03-31,2019-05-08T00:00:00,5281000000.0,,1975000000.0,1207000000.0,,21951000000.0,2498000000.0,1274000000.0,1.54,sec_edgar:companyfacts
GILD,us,2019-06-30,2019-08-06T00:00:00,10966000000.0,,3855000000.0,3243000000.0,,22616000000.0,1999000000.0,1267000000.0,3.01,sec_edgar:companyfacts
GILD,us,2019-09-30,2019-11-05T00:00:00,16570000000.0,,2690000000.0,5942000000.0,,20604000000.0,2498000000.0,1266000000.0,2.1,sec_edgar:companyfacts
GILD,us,2019-12-31,2021-02-25T00:00:00,22449000000.0,,5386000000.0,8319000000.0,,22525000000.0,2499000000.0,1266000000.0,4.22,sec_edgar:companyfacts
GILD,us,2020-03-31,2020-05-06T00:00:00,5548000000.0,,1551000000.0,1265000000.0,,22067000000.0,1999000000.0,1254000000.0,1.22,sec_edgar:companyfacts
GILD,us,2020-06-30,2020-08-06T00:00:00,10691000000.0,,-1788000000.0,3688000000.0,,18027000000.0,2999000000.0,1254000000.0,-1.42,sec_edgar:companyfacts
GILD,us,2020-09-30,2020-11-04T00:00:00,17268000000.0,,-1428000000.0,5783000000.0,,17445000000.0,1498000000.0,1253000000.0,-1.14,sec_edgar:companyfacts
GILD,us,2020-12-31,2021-02-25T00:00:00,24689000000.0,,123000000.0,7518000000.0,,18202000000.0,33257000000.0,1254000000.0,0.1,sec_edgar:companyfacts
GILD,us,2021-03-31,2021-05-06T00:00:00,,,1729000000.0,2445000000.0,,18952000000.0,32425000000.0,1254000000.0,1.37,sec_edgar:companyfacts
GILD,us,2021-06-30,2021-08-05T00:00:00,,,3251000000.0,4642000000.0,,19703000000.0,32436000000.0,1254000000.0,2.58,sec_edgar:companyfacts
GILD,us,2021-09-30,2021-11-03T00:00:00,,,5843000000.0,7756000000.0,,21470000000.0,30197000000.0,1255000000.0,4.63,sec_edgar:companyfacts
GILD,us,2021-12-31,2022-02-23T00:00:00,,,6225000000.0,10805000000.0,,21069000000.0,28211000000.0,1254000000.0,4.93,sec_edgar:companyfacts
GILD,us,2022-03-31,2022-05-04T00:00:00,,,19000000.0,1593000000.0,,19927000000.0,27233000000.0,1255000000.0,0.02,sec_edgar:companyfacts
GILD,us,2022-06-30,2022-08-08T00:00:00,,,1163000000.0,3252000000.0,,20236000000.0,27237000000.0,1254000000.0,0.92,sec_edgar:companyfacts
GILD,us,2022-09-30,2022-11-02T00:00:00,,,2952000000.0,5958000000.0,,21081000000.0,27493000000.0,1254000000.0,2.34,sec_edgar:companyfacts
GILD,us,2022-12-31,2023-02-22T00:00:00,,,4592000000.0,8344000000.0,,21240000000.0,27502000000.0,1247000000.0,3.64,sec_edgar:companyfacts
GILD,us,2023-03-31,2023-05-03T00:00:00,,,1010000000.0,1635000000.0,,20997000000.0,27521000000.0,1248000000.0,0.8,sec_edgar:companyfacts
GILD,us,2023-06-30,2023-08-04T00:00:00,,,2055000000.0,3834000000.0,,21158000000.0,29283000000.0,1247000000.0,1.63,sec_edgar:companyfacts
GILD,us,2023-09-30,2023-11-07T00:00:00,,,4236000000.0,5467000000.0,,22314000000.0,26775000000.0,1247000000.0,3.37,sec_edgar:companyfacts
GILD,us,2023-12-31,2024-02-23T00:00:00,,,5665000000.0,7421000000.0,,22833000000.0,26785000000.0,1246000000.0,4.5,sec_edgar:companyfacts
GILD,us,2024-03-31,2024-05-08T00:00:00,,,-4170000000.0,2114000000.0,,17539000000.0,28860000000.0,1246000000.0,-3.34,sec_edgar:companyfacts
GILD,us,2024-06-30,2024-08-08T00:00:00,,,-2556000000.0,3309000000.0,,18281000000.0,25159000000.0,1246000000.0,-2.05,sec_edgar:companyfacts
GILD,us,2024-09-30,2024-11-12T00:00:00,,,-1303000000.0,7477000000.0,,18475000000.0,25061000000.0,1246000000.0,-1.04,sec_edgar:companyfacts
GILD,us,2024-12-31,2025-02-28T00:00:00,,,480000000.0,10305000000.0,,19330000000.0,28525000000.0,1246000000.0,0.38,sec_edgar:companyfacts
GILD,us,2025-03-31,2025-05-07T00:00:00,,,1315000000.0,1653000000.0,,19162000000.0,27758000000.0,1245000000.0,1.04,sec_edgar:companyfacts
GILD,us,2025-06-30,2025-08-07T00:00:00,,,3275000000.0,2373000000.0,,19674000000.0,27752000000.0,1242000000.0,2.61,sec_edgar:companyfacts
GILD,us,2025-09-30,2025-11-07T00:00:00,,,6327000000.0,6334000000.0,,21540000000.0,27747000000.0,1242000000.0,5.04,sec_edgar:companyfacts
GILD,us,2025-12-31,2026-02-24T00:00:00,,,8510000000.0,9456000000.0,,22703000000.0,27744000000.0,1241000000.0,6.78,sec_edgar:companyfacts
GILD,us,2026-03-31,2026-05-07T00:00:00,,,2021000000.0,2427000000.0,,23515000000.0,23487000000.0,1242000000.0,1.61,sec_edgar:companyfacts
GM,us,2009-07-09,2012-02-27T00:00:00,47115000000.0,,109118000000.0,,,,,,,sec_edgar:companyfacts
GM,us,2009-12-31,2012-02-27T00:00:00,57474000000.0,,-4297000000.0,,,,,,,sec_edgar:companyfacts
GM,us,2010-03-31,2012-02-27T00:00:00,31476000000.0,,1068000000.0,,,,,,0.55,sec_edgar:companyfacts
GM,us,2010-06-30,2011-08-05T00:00:00,64650000000.0,,2604000000.0,,,,,,1.4,sec_edgar:companyfacts
GM,us,2010-09-30,2011-11-09T00:00:00,98710000000.0,,4766000000.0,,,,,,2.62,sec_edgar:companyfacts
GM,us,2010-12-31,2013-02-15T00:00:00,135592000000.0,,6172000000.0,2578000000.0,,36180000000.0,,1500136998.0,0.31,sec_edgar:companyfacts
GM,us,2011-03-31,2012-05-03T00:00:00,36194000000.0,,3366000000.0,-1699000000.0,,,,,1.77,sec_edgar:companyfacts
GM,us,2011-06-30,2012-08-03T00:00:00,75567000000.0,,6358000000.0,2189000000.0,,41118000000.0,,1500844394.0,3.27,sec_edgar:companyfacts
GM,us,2011-09-30,2012-10-31T00:00:00,112286000000.0,,8465000000.0,2653000000.0,,44744000000.0,,1564366673.0,4.3,sec_edgar:companyfacts
GM,us,2011-12-31,2013-02-15T00:00:00,150276000000.0,,9190000000.0,1917000000.0,,38120000000.0,,1564727289.0,0.28,sec_edgar:companyfacts
GM,us,2012-03-31,2013-02-15T00:00:00,37759000000.0,,1315000000.0,505000000.0,,39256000000.0,,1565842758.0,0.6,sec_edgar:companyfacts
GM,us,2012-06-30,2013-02-15T00:00:00,75373000000.0,,3161000000.0,2382000000.0,,40700000000.0,,1565941048.0,0.9,sec_edgar:companyfacts
GM,us,2012-09-30,2012-10-31T00:00:00,112949000000.0,,4994000000.0,3820000000.0,,41659000000.0,,1565979895.0,2.38,sec_edgar:companyfacts
GM,us,2012-12-31,2013-02-15T00:00:00,152256000000.0,,6188000000.0,2537000000.0,,36244000000.0,,1366373526.0,0.54,sec_edgar:companyfacts
GM,us,2013-03-31,2014-02-06T00:00:00,36884000000.0,,1175000000.0,-1121000000.0,,37587000000.0,,1400000000.0,0.58,sec_edgar:companyfacts
GM,us,2013-06-30,2013-07-25T00:00:00,75959000000.0,,2589000000.0,1879000000.0,,38374000000.0,,1400000000.0,1.37,sec_edgar:companyfacts
GM,us,2013-09-30,2013-10-30T00:00:00,114942000000.0,,4306000000.0,,,36778000000.0,,1400000000.0,1.82,sec_edgar:companyfacts
GM,us,2013-12-31,2014-04-24T00:00:00,155427000000.0,,5346000000.0,,,42607000000.0,,1500000000.0,2.38,sec_edgar:companyfacts
GM,us,2014-03-31,2014-04-24T00:00:00,37408000000.0,,213000000.0,,,42222000000.0,,1600000000.0,0.06,sec_edgar:companyfacts
GM,us,2014-06-30,2014-07-24T00:00:00,77057000000.0,,491000000.0,,,41994000000.0,,1600000000.0,0.18,sec_edgar:companyfacts
GM,us,2014-09-30,2014-10-23T00:00:00,116312000000.0,,1962000000.0,,,43002000000.0,,1600000000.0,0.99,sec_edgar:companyfacts
GM,us,2014-12-31,2015-02-04T00:00:00,155929000000.0,,3949000000.0,,,35457000000.0,,1600000000.0,1.65,sec_edgar:companyfacts
GM,us,2015-03-31,2015-04-23T00:00:00,35712000000.0,,945000000.0,,,36329000000.0,,1600000000.0,0.56,sec_edgar:companyfacts
GM,us,2015-06-30,2015-07-23T00:00:00,73892000000.0,,2062000000.0,,,35146000000.0,,1600000000.0,1.23,sec_edgar:companyfacts
GM,us,2015-09-30,2015-10-21T00:00:00,112735000000.0,,3421000000.0,,,34638000000.0,,1600000000.0,2.07,sec_edgar:companyfacts
GM,us,2015-12-31,2018-02-06T00:00:00,152356000000.0,,9687000000.0,3895000000.0,,39871000000.0,,1500000000.0,5.91,sec_edgar:companyfacts
GM,us,2016-03-31,2017-02-07T00:00:00,37265000000.0,,1953000000.0,,,40932000000.0,,1500000000.0,1.24,sec_edgar:companyfacts
GM,us,2016-06-30,2017-07-25T00:00:00,79637000000.0,,2866000000.0,1409000000.0,,43630000000.0,,1600000000.0,3.05,sec_edgar:companyfacts
GM,us,2016-09-30,2017-10-24T00:00:00,122462000000.0,,2773000000.0,5683000000.0,,44720000000.0,,1500000000.0,4.81,sec_edgar:companyfacts
GM,us,2016-12-31,2018-02-06T00:00:00,166380000000.0,,9427000000.0,7065000000.0,,43836000000.0,,1500000000.0,6.0,sec_edgar:companyfacts
GM,us,2017-03-31,2018-04-26T00:00:00,41200000000.0,,2608000000.0,36000000.0,,45972000000.0,,1500000000.0,1.7,sec_edgar:companyfacts
GM,us,2017-06-30,2018-02-06T00:00:00,74250000000.0,,1660000000.0,3373000000.0,,45521000000.0,,1500000000.0,2.8,sec_edgar:companyfacts
GM,us,2017-09-30,2017-10-24T00:00:00,107873000000.0,,1287000000.0,4087000000.0,,42243000000.0,,1400000000.0,0.85,sec_edgar:companyfacts
GM,us,2017-12-31,2018-02-06T00:00:00,145588000000.0,,-3864000000.0,8875000000.0,,35001000000.0,,1400000000.0,-2.6,sec_edgar:companyfacts
GM,us,2018-03-31,2018-04-26T00:00:00,36099000000.0,,1046000000.0,-1824000000.0,,34298000000.0,,1400000000.0,0.72,sec_edgar:companyfacts
GM,us,2018-06-30,2018-07-25T00:00:00,72859000000.0,,3436000000.0,1202000000.0,,36181000000.0,,1400000000.0,2.38,sec_edgar:companyfacts
GM,us,2018-09-30,2018-10-31T00:00:00,108650000000.0,,5970000000.0,2664000000.0,,38061000000.0,,1400000000.0,4.13,sec_edgar:companyfacts
GM,us,2018-12-31,2019-02-06T00:00:00,147049000000.0,,8014000000.0,6495000000.0,,38860000000.0,,1400000000.0,5.53,sec_edgar:companyfacts
GM,us,2019-03-31,2019-04-30T00:00:00,34878000000.0,,2157000000.0,-2095000000.0,,40765000000.0,,1400000000.0,1.48,sec_edgar:companyfacts
GM,us,2019-06-30,2019-08-01T00:00:00,70938000000.0,,4575000000.0,1519000000.0,,42816000000.0,,1400000000.0,3.13,sec_edgar:companyfacts
GM,us,2019-09-30,2019-10-29T00:00:00,106411000000.0,,6926000000.0,6696000000.0,,44554000000.0,,1400000000.0,4.74,sec_edgar:companyfacts
GM,us,2019-12-31,2020-02-05T00:00:00,137237000000.0,,6732000000.0,7429000000.0,,41792000000.0,,1400000000.0,4.57,sec_edgar:companyfacts
GM,us,2020-03-31,2020-05-06T00:00:00,32709000000.0,,294000000.0,337000000.0,,40113000000.0,,1400000000.0,0.17,sec_edgar:companyfacts
GM,us,2020-06-30,2020-07-29T00:00:00,49487000000.0,,-464000000.0,-3590000000.0,,39304000000.0,,1400000000.0,-0.39,sec_edgar:companyfacts
GM,us,2020-09-30,2020-11-05T00:00:00,84967000000.0,,3581000000.0,6649000000.0,,43341000000.0,,1400000000.0,2.4,sec_edgar:companyfacts
GM,us,2020-12-31,2021-02-10T00:00:00,122485000000.0,,6427000000.0,11370000000.0,,45030000000.0,,1400000000.0,4.33,sec_edgar:companyfacts
GM,us,2021-03-31,2021-05-05T00:00:00,32474000000.0,,3022000000.0,388000000.0,,48343000000.0,,1400000000.0,2.03,sec_edgar:companyfacts
GM,us,2021-06-30,2021-08-04T00:00:00,66641000000.0,,5858000000.0,5977000000.0,,51669000000.0,,1500000000.0,3.93,sec_edgar:companyfacts
GM,us,2021-09-30,2021-10-27T00:00:00,93420000000.0,,8278000000.0,4069000000.0,,54150000000.0,,1500000000.0,5.55,sec_edgar:companyfacts
GM,us,2021-12-31,2022-02-02T00:00:00,127004000000.0,,10019000000.0,7679000000.0,,59744000000.0,,1500000000.0,6.7,sec_edgar:companyfacts
GM,us,2022-03-31,2022-04-27T00:00:00,35979000000.0,,2939000000.0,443000000.0,,62095000000.0,,1500000000.0,1.35,sec_edgar:companyfacts
GM,us,2022-06-30,2022-07-26T00:00:00,71738000000.0,,4631000000.0,1399000000.0,,63954000000.0,,1500000000.0,2.49,sec_edgar:companyfacts
GM,us,2022-09-30,2022-10-25T00:00:00,113627000000.0,,7935000000.0,4486000000.0,,65268000000.0,,1400000000.0,4.73,sec_edgar:companyfacts
GM,us,2022-12-31,2023-01-31T00:00:00,156735000000.0,,9934000000.0,6805000000.0,,67792000000.0,,1400000000.0,6.13,sec_edgar:companyfacts
GM,us,2023-03-31,2023-04-25T00:00:00,39985000000.0,,2395000000.0,655000000.0,,69877000000.0,,1400000000.0,1.69,sec_edgar:companyfacts
GM,us,2023-06-30,2023-07-25T00:00:00,84732000000.0,,4962000000.0,5994000000.0,,71655000000.0,,1400000000.0,3.52,sec_edgar:companyfacts
GM,us,2023-09-30,2023-10-24T00:00:00,128863000000.0,,8026000000.0,10009000000.0,,74475000000.0,,1400000000.0,5.72,sec_edgar:companyfacts
GM,us,2023-12-31,2024-01-30T00:00:00,171842000000.0,,10127000000.0,9960000000.0,,64286000000.0,,1200000000.0,7.32,sec_edgar:companyfacts
GM,us,2024-03-31,2024-04-23T00:00:00,43014000000.0,,2980000000.0,369000000.0,,66598000000.0,,1100000000.0,2.56,sec_edgar:companyfacts
GM,us,2024-06-30,2024-07-23T00:00:00,90983000000.0,,5913000000.0,3776000000.0,,68633000000.0,,1100000000.0,5.1,sec_edgar:companyfacts
GM,us,2024-09-30,2024-10-22T00:00:00,139740000000.0,,8969000000.0,8392000000.0,,70935000000.0,,1100000000.0,7.77,sec_edgar:companyfacts
GM,us,2024-12-31,2025-01-28T00:00:00,187442000000.0,,6008000000.0,9299000000.0,,63072000000.0,,1000000000.0,6.37,sec_edgar:companyfacts
GM,us,2025-03-31,2025-05-01T00:00:00,44020000000.0,,2784000000.0,4245000000.0,,64372000000.0,,966000000.0,3.35,sec_edgar:companyfacts
GM,us,2025-06-30,2025-07-22T00:00:00,91141000000.0,,4680000000.0,9016000000.0,,66363000000.0,,957000000.0,5.28,sec_edgar:companyfacts
GM,us,2025-09-30,2025-10-21T00:00:00,139732000000.0,,6007000000.0,13989000000.0,,66374000000.0,,933000000.0,6.64,sec_edgar:companyfacts
GM,us,2025-12-31,2026-01-27T00:00:00,185019000000.0,,2697000000.0,17564000000.0,,61119000000.0,,904000000.0,3.27,sec_edgar:companyfacts
GM,us,2026-03-31,2026-04-28T00:00:00,43624000000.0,,2627000000.0,1438000000.0,,62659000000.0,,902000000.0,2.82,sec_edgar:companyfacts
GOOG,us,2012-12-31,2016-02-11T00:00:00,,,,,,71570000000.0,,,,sec_edgar:companyfacts
GOOG,us,2013-12-31,2016-02-11T00:00:00,55519000000.0,,12733000000.0,11301000000.0,,86977000000.0,,,18.79,sec_edgar:companyfacts
GOOG,us,2014-09-30,2015-10-29T00:00:00,47898000000.0,,9461000000.0,8604000000.0,,,,,13.78,sec_edgar:companyfacts
GOOG,us,2014-12-31,2016-02-11T00:00:00,66001000000.0,,14136000000.0,11417000000.0,,103860000000.0,2009000000.0,680172000.0,20.57,sec_edgar:companyfacts
GOOG,us,2015-03-31,2016-05-03T00:00:00,17258000000.0,,3515000000.0,3795000000.0,,,,,5.1,sec_edgar:companyfacts
GOOG,us,2015-06-30,2016-08-04T00:00:00,34985000000.0,,7446000000.0,8376000000.0,,,,,,sec_edgar:companyfacts
GOOG,us,2015-09-30,2015-10-29T00:00:00,53660000000.0,,11425000000.0,11794000000.0,,116241000000.0,3237000000.0,,,sec_edgar:companyfacts
GOOG,us,2015-12-31,2016-02-11T00:00:00,74989000000.0,,16348000000.0,16109000000.0,,120331000000.0,6450000000.0,687348000.0,,sec_edgar:companyfacts
GOOG,us,2016-03-31,2017-05-02T00:00:00,20257000000.0,,4207000000.0,5230000000.0,,123569000000.0,3221000000.0,686792000.0,6.02,sec_edgar:companyfacts
GOOG,us,2016-06-30,2017-07-25T00:00:00,41757000000.0,,9084000000.0,12227000000.0,,127879000000.0,2219000000.0,686778000.0,13.01,sec_edgar:companyfacts
GOOG,us,2016-09-30,2017-10-27T00:00:00,64208000000.0,,14145000000.0,19489000000.0,,134103000000.0,0.0,689136000.0,20.26,sec_edgar:companyfacts
GOOG,us,2016-12-31,2019-02-05T00:00:00,90272000000.0,,19478000000.0,25824000000.0,,139036000000.0,4000000000.0,691293000.0,27.85,sec_edgar:companyfacts
GOOG,us,2017-03-31,2017-05-02T00:00:00,24750000000.0,,5426000000.0,7040000000.0,,144949000000.0,,692108000.0,7.73,sec_edgar:companyfacts
GOOG,us,2017-06-30,2017-07-25T00:00:00,50760000000.0,,8950000000.0,11612000000.0,,148286000000.0,,692876000.0,12.74,sec_edgar:companyfacts
GOOG,us,2017-09-30,2017-10-27T00:00:00,78532000000.0,,15682000000.0,17946000000.0,,157100000000.0,,694790000.0,22.3,sec_edgar:companyfacts
GOOG,us,2017-12-31,2019-02-05T00:00:00,110855000000.0,,12662000000.0,23907000000.0,,152502000000.0,4026000000.0,694783000.0,18.0,sec_edgar:companyfacts
GOOG,us,2018-03-31,2018-04-24T00:00:00,31146000000.0,,9401000000.0,4343000000.0,,160825000000.0,1329000000.0,694945000.0,13.33,sec_edgar:companyfacts
GOOG,us,2018-06-30,2018-07-24T00:00:00,63803000000.0,,12596000000.0,8998000000.0,,162000000000.0,,695946000.0,17.89,sec_edgar:companyfacts
GOOG,us,2018-09-30,2018-10-26T00:00:00,97543000000.0,,21788000000.0,16926000000.0,,169840000000.0,,695957000.0,30.95,sec_edgar:companyfacts
GOOG,us,2018-12-31,2021-02-03T00:00:00,136819000000.0,,30736000000.0,22832000000.0,,177628000000.0,4062000000.0,695556000.0,43.7,sec_edgar:companyfacts
GOOG,us,2019-03-31,2019-04-30T00:00:00,36339000000.0,,6657000000.0,7362000000.0,,183472000000.0,,694782000.0,9.5,sec_edgar:companyfacts
GOOG,us,2019-06-30,2019-07-26T00:00:00,,,16604000000.0,13863000000.0,,192192000000.0,,694050000.0,23.71,sec_edgar:companyfacts
GOOG,us,2019-09-30,2019-10-29T00:00:00,,,23672000000.0,22597000000.0,,194969000000.0,,690906000.0,33.83,sec_edgar:companyfacts
GOOG,us,2019-12-31,2021-02-03T00:00:00,161857000000.0,,34343000000.0,30972000000.0,,201442000000.0,4685000000.0,688335000.0,49.16,sec_edgar:companyfacts
GOOG,us,2020-03-31,2021-04-28T00:00:00,41159000000.0,,6836000000.0,5446000000.0,,203659000000.0,,683972000.0,9.87,sec_edgar:companyfacts
GOOG,us,2020-06-30,2021-07-28T00:00:00,79456000000.0,,13795000000.0,14048000000.0,,207322000000.0,,681215000.0,20.0,sec_edgar:companyfacts
GOOG,us,2020-09-30,2020-10-30T00:00:00,,,25042000000.0,25645000000.0,,212920000000.0,,677724000.0,36.38,sec_edgar:companyfacts
GOOG,us,2020-12-31,2021-02-03T00:00:00,182527000000.0,,40269000000.0,42843000000.0,,222544000000.0,15319000000.0,675222000.0,58.61,sec_edgar:companyfacts
GOOG,us,2021-03-31,2021-04-28T00:00:00,55314000000.0,,17930000000.0,13347000000.0,,230013000000.0,,671094000.0,26.29,sec_edgar:companyfacts
GOOG,us,2021-06-30,2021-07-28T00:00:00,117194000000.0,,36455000000.0,29741000000.0,,237565000000.0,,667637000.0,53.54,sec_edgar:companyfacts
GOOG,us,2021-09-30,2021-10-27T00:00:00,,,55391000000.0,48461000000.0,,244567000000.0,,664682000.0,81.53,sec_edgar:companyfacts
GOOG,us,2021-12-31,2022-02-02T00:00:00,257637000000.0,,76033000000.0,67012000000.0,,251635000000.0,15440000000.0,662121000.0,112.2,sec_edgar:companyfacts
GOOG,us,2022-03-31,2022-04-27T00:00:00,,,16436000000.0,15320000000.0,,254004000000.0,,658763000.0,24.62,sec_edgar:companyfacts
GOOG,us,2022-06-30,2022-07-27T00:00:00,,,32438000000.0,27914000000.0,,255419000000.0,,13078000000.0,2.44,sec_edgar:companyfacts
GOOG,us,2022-09-30,2022-10-26T00:00:00,,,46348000000.0,43991000000.0,,253626000000.0,,12971000000.0,3.5,sec_edgar:companyfacts
GOOG,us,2022-12-31,2023-02-03T00:00:00,,,59972000000.0,60010000000.0,,256144000000.0,15312000000.0,12849000000.0,4.56,sec_edgar:companyfacts
GOOG,us,2023-03-31,2023-04-26T00:00:00,,,15051000000.0,17220000000.0,,260894000000.0,,12722000000.0,1.17,sec_edgar:companyfacts
GOOG,us,2023-06-30,2023-07-26T00:00:00,,,33419000000.0,38998000000.0,,267141000000.0,,12629000000.0,2.61,sec_edgar:companyfacts
GOOG,us,2023-09-30,2023-10-25T00:00:00,,,53108000000.0,61599000000.0,,273202000000.0,,12541000000.0,4.16,sec_edgar:companyfacts
GOOG,us,2023-12-31,2026-02-05T00:00:00,307394000000.0,,73795000000.0,69495000000.0,,283379000000.0,14862000000.0,12460000000.0,5.8,sec_edgar:companyfacts
GOOG,us,2024-03-31,2024-04-26T00:00:00,,,23662000000.0,16836000000.0,,292844000000.0,,12381000000.0,1.89,sec_edgar:companyfacts
GOOG,us,2024-06-30,2025-07-24T00:00:00,165281000000.0,,47281000000.0,30290000000.0,,300753000000.0,,12322000000.0,3.78,sec_edgar:companyfacts
GOOG,us,2024-09-30,2025-10-30T00:00:00,253549000000.0,,73582000000.0,47927000000.0,,314119000000.0,,12264000000.0,5.9,sec_edgar:companyfacts
GOOG,us,2024-12-31,2026-02-05T00:00:00,350018000000.0,,100118000000.0,72764000000.0,,325084000000.0,12000000000.0,12211000000.0,8.04,sec_edgar:companyfacts
GOOG,us,2025-03-31,2026-04-30T00:00:00,90234000000.0,,34540000000.0,18953000000.0,,345267000000.0,,12155000000.0,2.81,sec_edgar:companyfacts
GOOG,us,2025-06-30,2025-07-24T00:00:00,186662000000.0,,62736000000.0,24254000000.0,,362916000000.0,,12104000000.0,5.12,sec_edgar:companyfacts
GOOG,us,2025-09-30,2025-10-30T00:00:00,289007000000.0,,97715000000.0,48715000000.0,,386867000000.0,,12077000000.0,7.99,sec_edgar:companyfacts
GOOG,us,2025-12-31,2026-02-05T00:00:00,402836000000.0,,132170000000.0,73266000000.0,,415265000000.0,49085000000.0,12088000000.0,10.81,sec_edgar:companyfacts
GOOG,us,2026-03-31,2026-04-30T00:00:00,109896000000.0,,62578000000.0,10116000000.0,,478746000000.0,,12116000000.0,5.11,sec_edgar:companyfacts
GOOGL,us,2012-12-31,2016-02-11T00:00:00,,,,,,71570000000.0,,,,sec_edgar:companyfacts
GOOGL,us,2013-12-31,2016-02-11T00:00:00,55519000000.0,,12733000000.0,11301000000.0,,86977000000.0,,,18.79,sec_edgar:companyfacts
GOOGL,us,2014-09-30,2015-10-29T00:00:00,47898000000.0,,9461000000.0,8604000000.0,,,,,13.78,sec_edgar:companyfacts
GOOGL,us,2014-12-31,2016-02-11T00:00:00,66001000000.0,,14136000000.0,11417000000.0,,103860000000.0,2009000000.0,680172000.0,20.57,sec_edgar:companyfacts
GOOGL,us,2015-03-31,2016-05-03T00:00:00,17258000000.0,,3515000000.0,3795000000.0,,,,,5.1,sec_edgar:companyfacts
GOOGL,us,2015-06-30,2016-08-04T00:00:00,34985000000.0,,7446000000.0,8376000000.0,,,,,,sec_edgar:companyfacts
GOOGL,us,2015-09-30,2015-10-29T00:00:00,53660000000.0,,11425000000.0,11794000000.0,,116241000000.0,3237000000.0,,,sec_edgar:companyfacts
GOOGL,us,2015-12-31,2016-02-11T00:00:00,74989000000.0,,16348000000.0,16109000000.0,,120331000000.0,6450000000.0,687348000.0,,sec_edgar:companyfacts
GOOGL,us,2016-03-31,2017-05-02T00:00:00,20257000000.0,,4207000000.0,5230000000.0,,123569000000.0,3221000000.0,686792000.0,6.02,sec_edgar:companyfacts
GOOGL,us,2016-06-30,2017-07-25T00:00:00,41757000000.0,,9084000000.0,12227000000.0,,127879000000.0,2219000000.0,686778000.0,13.01,sec_edgar:companyfacts
GOOGL,us,2016-09-30,2017-10-27T00:00:00,64208000000.0,,14145000000.0,19489000000.0,,134103000000.0,0.0,689136000.0,20.26,sec_edgar:companyfacts
GOOGL,us,2016-12-31,2019-02-05T00:00:00,90272000000.0,,19478000000.0,25824000000.0,,139036000000.0,4000000000.0,691293000.0,27.85,sec_edgar:companyfacts
GOOGL,us,2017-03-31,2017-05-02T00:00:00,24750000000.0,,5426000000.0,7040000000.0,,144949000000.0,,692108000.0,7.73,sec_edgar:companyfacts
GOOGL,us,2017-06-30,2017-07-25T00:00:00,50760000000.0,,8950000000.0,11612000000.0,,148286000000.0,,692876000.0,12.74,sec_edgar:companyfacts
GOOGL,us,2017-09-30,2017-10-27T00:00:00,78532000000.0,,15682000000.0,17946000000.0,,157100000000.0,,694790000.0,22.3,sec_edgar:companyfacts
GOOGL,us,2017-12-31,2019-02-05T00:00:00,110855000000.0,,12662000000.0,23907000000.0,,152502000000.0,4026000000.0,694783000.0,18.0,sec_edgar:companyfacts
GOOGL,us,2018-03-31,2018-04-24T00:00:00,31146000000.0,,9401000000.0,4343000000.0,,160825000000.0,1329000000.0,694945000.0,13.33,sec_edgar:companyfacts
GOOGL,us,2018-06-30,2018-07-24T00:00:00,63803000000.0,,12596000000.0,8998000000.0,,162000000000.0,,695946000.0,17.89,sec_edgar:companyfacts
GOOGL,us,2018-09-30,2018-10-26T00:00:00,97543000000.0,,21788000000.0,16926000000.0,,169840000000.0,,695957000.0,30.95,sec_edgar:companyfacts
GOOGL,us,2018-12-31,2021-02-03T00:00:00,136819000000.0,,30736000000.0,22832000000.0,,177628000000.0,4062000000.0,695556000.0,43.7,sec_edgar:companyfacts
GOOGL,us,2019-03-31,2019-04-30T00:00:00,36339000000.0,,6657000000.0,7362000000.0,,183472000000.0,,694782000.0,9.5,sec_edgar:companyfacts
GOOGL,us,2019-06-30,2019-07-26T00:00:00,,,16604000000.0,13863000000.0,,192192000000.0,,694050000.0,23.71,sec_edgar:companyfacts
GOOGL,us,2019-09-30,2019-10-29T00:00:00,,,23672000000.0,22597000000.0,,194969000000.0,,690906000.0,33.83,sec_edgar:companyfacts
GOOGL,us,2019-12-31,2021-02-03T00:00:00,161857000000.0,,34343000000.0,30972000000.0,,201442000000.0,4685000000.0,688335000.0,49.16,sec_edgar:companyfacts
GOOGL,us,2020-03-31,2021-04-28T00:00:00,41159000000.0,,6836000000.0,5446000000.0,,203659000000.0,,683972000.0,9.87,sec_edgar:companyfacts
GOOGL,us,2020-06-30,2021-07-28T00:00:00,79456000000.0,,13795000000.0,14048000000.0,,207322000000.0,,681215000.0,20.0,sec_edgar:companyfacts
GOOGL,us,2020-09-30,2020-10-30T00:00:00,,,25042000000.0,25645000000.0,,212920000000.0,,677724000.0,36.38,sec_edgar:companyfacts
GOOGL,us,2020-12-31,2021-02-03T00:00:00,182527000000.0,,40269000000.0,42843000000.0,,222544000000.0,15319000000.0,675222000.0,58.61,sec_edgar:companyfacts
GOOGL,us,2021-03-31,2021-04-28T00:00:00,55314000000.0,,17930000000.0,13347000000.0,,230013000000.0,,671094000.0,26.29,sec_edgar:companyfacts
GOOGL,us,2021-06-30,2021-07-28T00:00:00,117194000000.0,,36455000000.0,29741000000.0,,237565000000.0,,667637000.0,53.54,sec_edgar:companyfacts
GOOGL,us,2021-09-30,2021-10-27T00:00:00,,,55391000000.0,48461000000.0,,244567000000.0,,664682000.0,81.53,sec_edgar:companyfacts
GOOGL,us,2021-12-31,2022-02-02T00:00:00,257637000000.0,,76033000000.0,67012000000.0,,251635000000.0,15440000000.0,662121000.0,112.2,sec_edgar:companyfacts
GOOGL,us,2022-03-31,2022-04-27T00:00:00,,,16436000000.0,15320000000.0,,254004000000.0,,658763000.0,24.62,sec_edgar:companyfacts
GOOGL,us,2022-06-30,2022-07-27T00:00:00,,,32438000000.0,27914000000.0,,255419000000.0,,13078000000.0,2.44,sec_edgar:companyfacts
GOOGL,us,2022-09-30,2022-10-26T00:00:00,,,46348000000.0,43991000000.0,,253626000000.0,,12971000000.0,3.5,sec_edgar:companyfacts
GOOGL,us,2022-12-31,2023-02-03T00:00:00,,,59972000000.0,60010000000.0,,256144000000.0,15312000000.0,12849000000.0,4.56,sec_edgar:companyfacts
GOOGL,us,2023-03-31,2023-04-26T00:00:00,,,15051000000.0,17220000000.0,,260894000000.0,,12722000000.0,1.17,sec_edgar:companyfacts
GOOGL,us,2023-06-30,2023-07-26T00:00:00,,,33419000000.0,38998000000.0,,267141000000.0,,12629000000.0,2.61,sec_edgar:companyfacts
GOOGL,us,2023-09-30,2023-10-25T00:00:00,,,53108000000.0,61599000000.0,,273202000000.0,,12541000000.0,4.16,sec_edgar:companyfacts
GOOGL,us,2023-12-31,2026-02-05T00:00:00,307394000000.0,,73795000000.0,69495000000.0,,283379000000.0,14862000000.0,12460000000.0,5.8,sec_edgar:companyfacts
GOOGL,us,2024-03-31,2024-04-26T00:00:00,,,23662000000.0,16836000000.0,,292844000000.0,,12381000000.0,1.89,sec_edgar:companyfacts
GOOGL,us,2024-06-30,2025-07-24T00:00:00,165281000000.0,,47281000000.0,30290000000.0,,300753000000.0,,12322000000.0,3.78,sec_edgar:companyfacts
GOOGL,us,2024-09-30,2025-10-30T00:00:00,253549000000.0,,73582000000.0,47927000000.0,,314119000000.0,,12264000000.0,5.9,sec_edgar:companyfacts
GOOGL,us,2024-12-31,2026-02-05T00:00:00,350018000000.0,,100118000000.0,72764000000.0,,325084000000.0,12000000000.0,12211000000.0,8.04,sec_edgar:companyfacts
GOOGL,us,2025-03-31,2026-04-30T00:00:00,90234000000.0,,34540000000.0,18953000000.0,,345267000000.0,,12155000000.0,2.81,sec_edgar:companyfacts
GOOGL,us,2025-06-30,2025-07-24T00:00:00,186662000000.0,,62736000000.0,24254000000.0,,362916000000.0,,12104000000.0,5.12,sec_edgar:companyfacts
GOOGL,us,2025-09-30,2025-10-30T00:00:00,289007000000.0,,97715000000.0,48715000000.0,,386867000000.0,,12077000000.0,7.99,sec_edgar:companyfacts
GOOGL,us,2025-12-31,2026-02-05T00:00:00,402836000000.0,,132170000000.0,73266000000.0,,415265000000.0,49085000000.0,12088000000.0,10.81,sec_edgar:companyfacts
GOOGL,us,2026-03-31,2026-04-30T00:00:00,109896000000.0,,62578000000.0,10116000000.0,,478746000000.0,,12116000000.0,5.11,sec_edgar:companyfacts
GS,us,2007-11-30,2010-03-01T00:00:00,,,11599000000.0,,,42800000000.0,,,24.73,sec_edgar:companyfacts
GS,us,2008-05-30,2009-08-05T00:00:00,,,3598000000.0,,,,,,7.81,sec_edgar:companyfacts
GS,us,2008-08-29,2009-11-04T00:00:00,,,4443000000.0,,,,,,9.62,sec_edgar:companyfacts
GS,us,2008-11-28,2010-03-01T00:00:00,,,2322000000.0,,,64369000000.0,,442537317.0,4.47,sec_edgar:companyfacts
GS,us,2008-11-30,2011-03-01T00:00:00,,,2322000000.0,,,64369000000.0,,,4.47,sec_edgar:companyfacts
GS,us,2008-12-26,2010-03-01T00:00:00,,,-780000000.0,,,63054000000.0,,,-2.15,sec_edgar:companyfacts
GS,us,2008-12-31,2011-03-01T00:00:00,,,-780000000.0,,,,,,-2.15,sec_edgar:companyfacts
GS,us,2009-03-27,2010-05-10T00:00:00,,,1814000000.0,,,,,,3.39,sec_edgar:companyfacts
GS,us,2009-06-26,2009-08-05T00:00:00,,,5249000000.0,,,62813000000.0,,510736634.0,8.42,sec_edgar:companyfacts
GS,us,2009-09-25,2009-11-04T00:00:00,,,8437000000.0,,,65354000000.0,,513055963.0,13.74,sec_edgar:companyfacts
GS,us,2009-12-31,2010-03-01T00:00:00,,,13385000000.0,,,70714000000.0,196290000000.0,515113890.0,22.13,sec_edgar:companyfacts
GS,us,2010-03-31,2010-05-10T00:00:00,,,3456000000.0,,,72944000000.0,,514190734.0,5.59,sec_edgar:companyfacts
GS,us,2010-06-30,2010-08-09T00:00:00,,,4069000000.0,,,73819000000.0,190980000000.0,515486866.0,6.41,sec_edgar:companyfacts
GS,us,2010-09-30,2010-11-09T00:00:00,,,5967000000.0,,,75657000000.0,197070000000.0,511518083.0,9.39,sec_edgar:companyfacts
GS,us,2010-12-31,2011-03-01T00:00:00,,,8354000000.0,,,77356000000.0,260618000000.0,507530772.0,13.18,sec_edgar:companyfacts
GS,us,2011-03-31,2011-05-10T00:00:00,,,2735000000.0,,,72469000000.0,183053000000.0,517917496.0,1.56,sec_edgar:companyfacts
GS,us,2011-06-30,2011-08-09T00:00:00,,,3822000000.0,,,72356000000.0,266284000000.0,507855774.0,3.4,sec_edgar:companyfacts
GS,us,2011-09-30,2011-11-09T00:00:00,,,3429000000.0,,,70088000000.0,272301000000.0,492622657.0,2.7,sec_edgar:companyfacts
GS,us,2011-12-31,2014-02-28T00:00:00,,,4442000000.0,,,70379000000.0,259947000000.0,485467565.0,4.51,sec_edgar:companyfacts
GS,us,2012-03-31,2012-05-10T00:00:00,,,2109000000.0,,,71656000000.0,253452000000.0,495210854.0,3.92,sec_edgar:companyfacts
GS,us,2012-06-30,2012-08-09T00:00:00,,,3071000000.0,,,72855000000.0,241476000000.0,480990890.0,5.72,sec_edgar:companyfacts
GS,us,2012-09-30,2013-11-07T00:00:00,,,4583000000.0,,,73687000000.0,244542000000.0,471430795.0,8.57,sec_edgar:companyfacts
GS,us,2012-12-31,2014-02-28T00:00:00,,,7475000000.0,,,75716000000.0,243619000000.0,465148387.0,14.13,sec_edgar:companyfacts
GS,us,2013-03-31,2014-05-09T00:00:00,,,2260000000.0,,,77228000000.0,175979000000.0,460782218.0,4.29,sec_edgar:companyfacts
GS,us,2013-06-30,2014-08-07T00:00:00,,,4191000000.0,,,78043000000.0,169717000000.0,450480540.0,7.99,sec_edgar:companyfacts
GS,us,2013-09-30,2013-11-07T00:00:00,,,5708000000.0,,,77616000000.0,234374000000.0,441499049.0,10.89,sec_edgar:companyfacts
GS,us,2013-12-31,2014-02-28T00:00:00,,,8040000000.0,,,78467000000.0,168489000000.0,446359012.0,15.46,sec_edgar:companyfacts
GS,us,2014-03-31,2014-05-09T00:00:00,,,2033000000.0,,,79099000000.0,172499000000.0,448032463.0,4.02,sec_edgar:companyfacts
GS,us,2014-06-30,2014-08-07T00:00:00,,,4070000000.0,,,81629000000.0,173458000000.0,440734836.0,8.13,sec_edgar:companyfacts
GS,us,2014-09-30,2014-11-05T00:00:00,,,6311000000.0,,,82275000000.0,172357000000.0,435734150.0,12.69,sec_edgar:companyfacts
GS,us,2014-12-31,2015-02-23T00:00:00,,,8477000000.0,,,82797000000.0,234920000000.0,430259102.0,17.07,sec_edgar:companyfacts
GS,us,2015-03-31,2015-05-05T00:00:00,,,2844000000.0,,,85127000000.0,173441000000.0,432093034.0,5.94,sec_edgar:companyfacts
GS,us,2015-06-30,2015-08-03T00:00:00,,,3892000000.0,,,87654000000.0,240589000000.0,432768039.0,7.93,sec_edgar:companyfacts
GS,us,2015-09-30,2015-11-03T00:00:00,,,5318000000.0,,,87703000000.0,242370000000.0,427904332.0,10.84,sec_edgar:companyfacts
GS,us,2015-12-31,2016-02-22T00:00:00,,,6083000000.0,,,86728000000.0,242962000000.0,419480736.0,12.14,sec_edgar:companyfacts
GS,us,2016-03-31,2016-05-06T00:00:00,,,1135000000.0,,,86837000000.0,253025000000.0,417572204.0,2.68,sec_edgar:companyfacts
GS,us,2016-06-30,2016-08-04T00:00:00,,,2957000000.0,,,86514000000.0,252115000000.0,406591645.0,6.39,sec_edgar:companyfacts
GS,us,2016-09-30,2016-11-03T00:00:00,,,5051000000.0,,,87110000000.0,255889000000.0,399211902.0,11.24,sec_edgar:companyfacts
GS,us,2016-12-31,2019-02-26T00:00:00,,,7398000000.0,3618000000.0,,86893000000.0,197491000000.0,392632230.0,16.29,sec_edgar:companyfacts
GS,us,2017-03-31,2017-05-04T00:00:00,,,2255000000.0,,,86917000000.0,210497000000.0,394791563.0,5.15,sec_edgar:companyfacts
GS,us,2017-06-30,2018-08-03T00:00:00,,,4086000000.0,-15618000000.0,,86675000000.0,215993000000.0,388213152.0,9.1,sec_edgar:companyfacts
GS,us,2017-09-30,2018-11-02T00:00:00,,,6214000000.0,-13594000000.0,,86292000000.0,223707000000.0,379098583.0,14.11,sec_edgar:companyfacts
GS,us,2017-12-31,2019-02-26T00:00:00,,,4286000000.0,-21412000000.0,,82243000000.0,227579000000.0,374808805.0,9.01,sec_edgar:companyfacts
GS,us,2018-03-31,2019-05-06T00:00:00,,,2832000000.0,-2527000000.0,,83579000000.0,236673000000.0,377706096.0,6.95,sec_edgar:companyfacts
GS,us,2018-06-30,2018-08-03T00:00:00,,,5397000000.0,3883000000.0,,86599000000.0,239387000000.0,377879137.0,12.93,sec_edgar:companyfacts
GS,us,2018-09-30,2018-11-02T00:00:00,,,7921000000.0,-3627000000.0,,86762000000.0,242132000000.0,372739352.0,19.21,sec_edgar:companyfacts
GS,us,2018-12-31,2019-02-26T00:00:00,,,10459000000.0,12439000000.0,,90185000000.0,236027000000.0,367741973.0,25.27,sec_edgar:companyfacts
GS,us,2019-03-31,2019-05-06T00:00:00,,,2251000000.0,-47134000000.0,,90273000000.0,237275000000.0,366771581.0,5.71,sec_edgar:companyfacts
GS,us,2019-06-30,2019-08-05T00:00:00,,,4672000000.0,-39735000000.0,,90892000000.0,231723000000.0,360539618.0,11.52,sec_edgar:companyfacts
GS,us,2019-09-30,2019-11-01T00:00:00,,,6549000000.0,-33880000000.0,,92012000000.0,228723000000.0,357509026.0,16.32,sec_edgar:companyfacts
GS,us,2019-12-31,2020-02-21T00:00:00,,,8466000000.0,15425000000.0,,90265000000.0,,347343184.0,21.03,sec_edgar:companyfacts
GS,us,2020-03-31,2020-05-01T00:00:00,,,1213000000.0,-55874000000.0,,92379000000.0,,343856654.0,3.11,sec_edgar:companyfacts
GS,us,2020-06-30,2020-08-07T00:00:00,,,1586000000.0,-68586000000.0,,90029000000.0,,343935256.0,3.66,sec_edgar:companyfacts
GS,us,2020-09-30,2020-11-02T00:00:00,,,4953000000.0,-34648000000.0,,92650000000.0,,344070790.0,12.65,sec_edgar:companyfacts
GS,us,2020-12-31,2021-02-22T00:00:00,,,9459000000.0,-20037000000.0,,95932000000.0,,344088725.0,24.74,sec_edgar:companyfacts
GS,us,2021-03-31,2021-05-04T00:00:00,,,6836000000.0,-6495000000.0,,97664000000.0,,340018220.0,18.6,sec_edgar:companyfacts
GS,us,2021-06-30,2021-08-04T00:00:00,,,12322000000.0,12619000000.0,,101890000000.0,,337276277.0,33.64,sec_edgar:companyfacts
GS,us,2021-09-30,2021-11-01T00:00:00,,,17700000000.0,-27524000000.0,,106297000000.0,,334792980.0,48.59,sec_edgar:companyfacts
GS,us,2021-12-31,2022-02-25T00:00:00,,,21635000000.0,-3746000000.0,,109926000000.0,,333573254.0,59.45,sec_edgar:companyfacts
GS,us,2022-03-31,2022-05-02T00:00:00,,,3939000000.0,-23905000000.0,,115239000000.0,,343396311.0,10.76,sec_edgar:companyfacts
GS,us,2022-06-30,2022-08-04T00:00:00,,,6866000000.0,13518000000.0,,117871000000.0,,341963005.0,18.47,sec_edgar:companyfacts
GS,us,2022-09-30,2022-11-03T00:00:00,,,9935000000.0,20711000000.0,,119290000000.0,,339103013.0,26.71,sec_edgar:companyfacts
GS,us,2022-12-31,2023-02-24T00:00:00,,,11261000000.0,4960000000.0,,117189000000.0,60961000000.0,334918639.0,30.06,sec_edgar:companyfacts
GS,us,2023-03-31,2023-05-04T00:00:00,,,3234000000.0,8807000000.0,,117509000000.0,,332884318.0,8.79,sec_edgar:companyfacts
GS,us,2023-06-30,2023-08-03T00:00:00,,,4450000000.0,40042000000.0,,116493000000.0,,330811807.0,11.91,sec_edgar:companyfacts
GS,us,2023-09-30,2023-11-03T00:00:00,,,6508000000.0,14001000000.0,,117277000000.0,,326604718.0,17.39,sec_edgar:companyfacts
GS,us,2023-12-31,2024-02-23T00:00:00,,,8516000000.0,-14903000000.0,,116905000000.0,75945000000.0,323376354.0,22.87,sec_edgar:companyfacts
GS,us,2024-03-31,2024-05-03T00:00:00,,,4132000000.0,-28535000000.0,,118546000000.0,78603000000.0,324014481.0,11.58,sec_edgar:companyfacts
GS,us,2024-06-30,2024-08-02T00:00:00,,,7175000000.0,-22957000000.0,,119463000000.0,76769000000.0,316162882.0,20.21,sec_edgar:companyfacts
GS,us,2024-09-30,2024-11-04T00:00:00,,,10165000000.0,-61483000000.0,,121200000000.0,75371000000.0,314190854.0,28.64,sec_edgar:companyfacts
GS,us,2024-12-31,2025-02-27T00:00:00,,,14276000000.0,-15303000000.0,,121996000000.0,69709000000.0,310653708.0,40.54,sec_edgar:companyfacts
GS,us,2025-03-31,2025-05-02T00:00:00,,,4738000000.0,-37729000000.0,,124300000000.0,70974000000.0,307628584.0,14.12,sec_edgar:companyfacts
GS,us,2025-06-30,2025-08-01T00:00:00,,,8461000000.0,-32533000000.0,,124096000000.0,69004000000.0,302850808.0,25.07,sec_edgar:companyfacts
GS,us,2025-09-30,2025-10-31T00:00:00,,,12559000000.0,-30411000000.0,,124402000000.0,72385000000.0,300124881.0,37.33,sec_edgar:companyfacts
GS,us,2025-12-31,2026-02-25T00:00:00,,,17176000000.0,-47218000000.0,,124972000000.0,,296476742.0,51.32,sec_edgar:companyfacts
GS,us,2026-03-31,2026-05-01T00:00:00,,,5630000000.0,-32433000000.0,,122782000000.0,,294574329.0,17.55,sec_edgar:companyfacts
HD,us,2007-01-28,2010-03-25T00:00:00,,,,,,25030000000.0,,,,sec_edgar:companyfacts
HD,us,2008-02-03,2010-03-25T00:00:00,77349000000.0,,4395000000.0,2169000000.0,,17714000000.0,,,2.37,sec_edgar:companyfacts
HD,us,2008-08-03,2009-09-03T00:00:00,38897000000.0,,1558000000.0,2724000000.0,,,,,0.93,sec_edgar:companyfacts
HD,us,2008-11-02,2009-12-03T00:00:00,56681000000.0,,2314000000.0,3383000000.0,,,,,1.37,sec_edgar:companyfacts
HD,us,2009-02-01,2010-03-25T00:00:00,71288000000.0,,2260000000.0,3681000000.0,,17777000000.0,,1696000000.0,1.34,sec_edgar:companyfacts
HD,us,2009-05-03,2010-06-03T00:00:00,16175000000.0,,514000000.0,1555000000.0,,,,,0.3,sec_edgar:companyfacts
HD,us,2009-08-02,2009-09-03T00:00:00,35246000000.0,,1630000000.0,2975000000.0,,19169000000.0,,1704000000.0,0.96,sec_edgar:companyfacts
HD,us,2009-11-01,2009-12-03T00:00:00,51607000000.0,,2319000000.0,4096000000.0,,19380000000.0,,1701000000.0,1.37,sec_edgar:companyfacts
HD,us,2010-01-31,2010-03-25T00:00:00,66176000000.0,,2661000000.0,4159000000.0,,19393000000.0,9682000000.0,1698000000.0,1.57,sec_edgar:companyfacts
HD,us,2010-05-02,2010-06-03T00:00:00,16863000000.0,,725000000.0,1872000000.0,,19371000000.0,,1686000000.0,0.43,sec_edgar:companyfacts
HD,us,2010-08-01,2010-09-02T00:00:00,36273000000.0,,1917000000.0,2956000000.0,,19445000000.0,,1666000000.0,1.14,sec_edgar:companyfacts
HD,us,2010-10-31,2010-12-02T00:00:00,52871000000.0,,2751000000.0,3297000000.0,,19115000000.0,,1642000000.0,1.65,sec_edgar:companyfacts
HD,us,2011-01-30,2011-03-24T00:00:00,,,3338000000.0,3489000000.0,,18889000000.0,9749000000.0,1623000000.0,2.01,sec_edgar:companyfacts
HD,us,2011-05-01,2011-06-02T00:00:00,,,812000000.0,1899000000.0,,18198000000.0,,1598000000.0,0.5,sec_edgar:companyfacts
HD,us,2011-07-31,2011-09-01T00:00:00,,,2175000000.0,4018000000.0,,18233000000.0,,1569000000.0,1.36,sec_edgar:companyfacts
HD,us,2011-10-30,2011-11-29T00:00:00,,,3109000000.0,4871000000.0,,17769000000.0,,1222000000.0,1.97,sec_edgar:companyfacts
HD,us,2012-01-29,2013-03-28T00:00:00,,,3883000000.0,5430000000.0,,17898000000.0,,1537000000.0,2.47,sec_edgar:companyfacts
HD,us,2012-04-29,2013-05-29T00:00:00,,,1035000000.0,2262000000.0,,17975000000.0,,1530000000.0,0.68,sec_edgar:companyfacts
HD,us,2012-07-29,2013-08-28T00:00:00,,,2567000000.0,3710000000.0,,17634000000.0,,1507000000.0,1.68,sec_edgar:companyfacts
HD,us,2012-10-28,2013-11-27T00:00:00,,,3514000000.0,4497000000.0,,17738000000.0,,1496000000.0,2.32,sec_edgar:companyfacts
HD,us,2013-02-03,2013-03-28T00:00:00,,,4535000000.0,5663000000.0,,17777000000.0,,1484000000.0,3.0,sec_edgar:companyfacts
HD,us,2013-05-05,2013-05-29T00:00:00,,,1226000000.0,2419000000.0,,16393000000.0,,1461000000.0,0.83,sec_edgar:companyfacts
HD,us,2013-08-04,2013-08-28T00:00:00,,,3021000000.0,4119000000.0,,15478000000.0,,1435000000.0,2.07,sec_edgar:companyfacts
HD,us,2013-11-03,2013-11-27T00:00:00,,,4372000000.0,5017000000.0,,14214000000.0,,1408000000.0,3.02,sec_edgar:companyfacts
HD,us,2014-02-02,2014-03-27T00:00:00,,,5385000000.0,6239000000.0,,12522000000.0,,1380000000.0,3.76,sec_edgar:companyfacts
HD,us,2014-05-04,2014-05-28T00:00:00,,,1379000000.0,2281000000.0,,12146000000.0,,1368000000.0,1.0,sec_edgar:companyfacts
HD,us,2014-08-03,2014-08-27T00:00:00,,,3429000000.0,4654000000.0,,11457000000.0,,1346000000.0,2.51,sec_edgar:companyfacts
HD,us,2014-11-02,2014-11-25T00:00:00,,,4966000000.0,5248000000.0,,10110000000.0,,1318000000.0,3.66,sec_edgar:companyfacts
HD,us,2015-02-01,2015-03-26T00:00:00,,,6345000000.0,6800000000.0,,9322000000.0,,1307000000.0,4.71,sec_edgar:companyfacts
HD,us,2015-05-03,2015-05-27T00:00:00,,,1579000000.0,3082000000.0,,9204000000.0,,1299000000.0,1.21,sec_edgar:companyfacts
HD,us,2015-08-02,2015-08-25T00:00:00,,,3813000000.0,5229000000.0,,8637000000.0,,1284000000.0,2.94,sec_edgar:companyfacts
HD,us,2015-11-01,2015-11-24T00:00:00,,,5538000000.0,6283000000.0,,7619000000.0,,1268000000.0,4.29,sec_edgar:companyfacts
HD,us,2016-01-31,2016-03-24T00:00:00,,,7009000000.0,7870000000.0,,6316000000.0,,1252000000.0,5.46,sec_edgar:companyfacts
HD,us,2016-05-01,2016-05-24T00:00:00,,,1803000000.0,3311000000.0,,6335000000.0,,1245000000.0,1.44,sec_edgar:companyfacts
HD,us,2016-07-31,2016-08-23T00:00:00,,,4244000000.0,6180000000.0,,6657000000.0,,1236000000.0,3.4,sec_edgar:companyfacts
HD,us,2016-10-30,2016-11-22T00:00:00,,,6213000000.0,6774000000.0,,5622000000.0,,1220000000.0,5.0,sec_edgar:companyfacts
HD,us,2017-01-29,2017-03-23T00:00:00,,,7957000000.0,8162000000.0,,4333000000.0,,1203000000.0,6.45,sec_edgar:companyfacts
HD,us,2017-04-30,2017-05-23T00:00:00,,,2014000000.0,4106000000.0,,3962000000.0,,1197000000.0,1.67,sec_edgar:companyfacts
HD,us,2017-07-30,2017-08-22T00:00:00,,,4686000000.0,7016000000.0,,3554000000.0,,1181000000.0,3.91,sec_edgar:companyfacts
HD,us,2017-10-29,2017-11-21T00:00:00,,,6851000000.0,8387000000.0,,2543000000.0,,1168000000.0,5.76,sec_edgar:companyfacts
HD,us,2018-01-28,2018-03-22T00:00:00,,,8630000000.0,10134000000.0,,1454000000.0,,1158000000.0,7.29,sec_edgar:companyfacts
HD,us,2018-04-29,2018-05-22T00:00:00,,,2404000000.0,3425000000.0,,1687000000.0,,1154000000.0,2.08,sec_edgar:companyfacts
HD,us,2018-07-29,2018-08-21T00:00:00,,,5910000000.0,6816000000.0,,2009000000.0,,1145000000.0,5.12,sec_edgar:companyfacts
HD,us,2018-10-28,2018-11-20T00:00:00,,,8777000000.0,8325000000.0,,1320000000.0,,1131000000.0,7.63,sec_edgar:companyfacts
HD,us,2019-02-03,2019-03-28T00:00:00,,,11121000000.0,10596000000.0,,-1878000000.0,,1105000000.0,9.73,sec_edgar:companyfacts
HD,us,2019-05-05,2019-05-29T00:00:00,,,2513000000.0,3894000000.0,,-2143000000.0,,1101000000.0,2.27,sec_edgar:companyfacts
HD,us,2019-08-04,2019-08-27T00:00:00,,,5992000000.0,7251000000.0,,-1160000000.0,,1096000000.0,5.43,sec_edgar:companyfacts
HD,us,2019-11-03,2019-11-26T00:00:00,,,8761000000.0,8773000000.0,,-1082000000.0,,1090000000.0,7.96,sec_edgar:companyfacts
HD,us,2020-02-02,2020-03-25T00:00:00,,,11242000000.0,11045000000.0,,-3116000000.0,29500000000.0,1077000000.0,10.25,sec_edgar:companyfacts
HD,us,2020-05-03,2020-05-27T00:00:00,,,2245000000.0,5151000000.0,,-3490000000.0,,1076000000.0,2.08,sec_edgar:companyfacts
HD,us,2020-08-02,2020-08-25T00:00:00,,,6577000000.0,13797000000.0,,-414000000.0,,1076000000.0,6.11,sec_edgar:companyfacts
HD,us,2020-11-01,2020-11-24T00:00:00,,,10009000000.0,15912000000.0,,1535000000.0,,1076000000.0,9.28,sec_edgar:companyfacts
HD,us,2021-01-31,2021-03-24T00:00:00,,,12866000000.0,16376000000.0,,3299000000.0,34750000000.0,1077000000.0,11.94,sec_edgar:companyfacts
HD,us,2021-05-02,2021-05-25T00:00:00,,,4145000000.0,5786000000.0,,1748000000.0,,1065000000.0,3.86,sec_edgar:companyfacts
HD,us,2021-08-01,2021-08-24T00:00:00,,,8952000000.0,8905000000.0,,2069000000.0,,1056000000.0,8.38,sec_edgar:companyfacts
HD,us,2021-10-31,2021-11-23T00:00:00,,,13081000000.0,11649000000.0,,1035000000.0,,1046000000.0,12.31,sec_edgar:companyfacts
HD,us,2022-01-30,2022-03-23T00:00:00,,,16433000000.0,14005000000.0,,-1696000000.0,36400000000.0,1035000000.0,15.53,sec_edgar:companyfacts
HD,us,2022-05-01,2022-05-24T00:00:00,,,4231000000.0,3085000000.0,,-1709000000.0,,1029000000.0,4.09,sec_edgar:companyfacts
HD,us,2022-07-31,2022-08-23T00:00:00,,,9404000000.0,5735000000.0,,237000000.0,,1024000000.0,9.13,sec_edgar:companyfacts
HD,us,2022-10-30,2022-11-22T00:00:00,,,13743000000.0,7805000000.0,,1298000000.0,,1020000000.0,13.37,sec_edgar:companyfacts
HD,us,2023-01-29,2023-03-15T00:00:00,,,17105000000.0,11496000000.0,,1562000000.0,41150000000.0,1016000000.0,16.69,sec_edgar:companyfacts
HD,us,2023-04-30,2023-05-23T00:00:00,,,3873000000.0,4709000000.0,,362000000.0,,1007000000.0,3.82,sec_edgar:companyfacts
HD,us,2023-07-30,2023-08-22T00:00:00,,,8532000000.0,10508000000.0,,1335000000.0,,1001000000.0,8.46,sec_edgar:companyfacts
HD,us,2023-10-29,2023-11-21T00:00:00,,,12342000000.0,14071000000.0,,1430000000.0,,996000000.0,12.28,sec_edgar:companyfacts
HD,us,2024-01-28,2024-03-13T00:00:00,,,15143000000.0,17946000000.0,,1044000000.0,42150000000.0,992000000.0,15.11,sec_edgar:companyfacts
HD,us,2024-04-28,2024-05-21T00:00:00,,,3600000000.0,4650000000.0,,1820000000.0,8000000.0,992000000.0,3.63,sec_edgar:companyfacts
HD,us,2024-07-28,2024-08-20T00:00:00,,,8161000000.0,9340000000.0,,4420000000.0,2527000000.0,993000000.0,8.23,sec_edgar:companyfacts
HD,us,2024-10-27,2024-11-19T00:00:00,,,11809000000.0,12755000000.0,,5786000000.0,1344000000.0,993000000.0,11.9,sec_edgar:companyfacts
HD,us,2025-02-02,2025-03-21T00:00:00,,,14806000000.0,16325000000.0,,6640000000.0,51365000000.0,994000000.0,14.91,sec_edgar:companyfacts
HD,us,2025-05-04,2025-05-28T00:00:00,,,3433000000.0,3519000000.0,,7955000000.0,,995000000.0,3.45,sec_edgar:companyfacts
HD,us,2025-08-03,2025-08-26T00:00:00,,,7984000000.0,7245000000.0,,10665000000.0,,995000000.0,8.03,sec_edgar:companyfacts
HD,us,2025-11-02,2025-11-25T00:00:00,,,11585000000.0,10357000000.0,,12116000000.0,,995000000.0,11.65,sec_edgar:companyfacts
HD,us,2026-02-01,2026-03-18T00:00:00,,,14156000000.0,12646000000.0,,12813000000.0,49397000000.0,996000000.0,14.23,sec_edgar:companyfacts
HON,us,2007-12-31,2010-02-12T00:00:00,34589000000.0,,2444000000.0,4678000000.0,,,,,3.16,sec_edgar:companyfacts
HON,us,2008-06-30,2009-08-03T00:00:00,18569000000.0,,1366000000.0,2102000000.0,,,,,1.81,sec_edgar:companyfacts
HON,us,2008-09-30,2009-10-23T00:00:00,27844000000.0,,2085000000.0,3084000000.0,,,,,2.79,sec_edgar:companyfacts
HON,us,2008-12-31,2010-02-12T00:00:00,36556000000.0,,2792000000.0,4675000000.0,,7187000000.0,,,3.76,sec_edgar:companyfacts
HON,us,2009-03-31,2010-04-23T00:00:00,7570000000.0,,397000000.0,450000000.0,,,,,0.54,sec_edgar:companyfacts
HON,us,2009-06-30,2009-08-03T00:00:00,15136000000.0,,847000000.0,1693000000.0,,8467000000.0,,,1.14,sec_edgar:companyfacts
HON,us,2009-09-30,2009-10-23T00:00:00,22836000000.0,,1455000000.0,2967000000.0,,9492000000.0,,,1.94,sec_edgar:companyfacts
HON,us,2009-12-31,2010-02-12T00:00:00,30908000000.0,,2153000000.0,4555000000.0,,8844000000.0,7264000000.0,,2.85,sec_edgar:companyfacts
HON,us,2010-03-31,2010-04-23T00:00:00,7776000000.0,,386000000.0,813000000.0,,8987000000.0,,,0.5,sec_edgar:companyfacts
HON,us,2010-06-30,2010-08-05T00:00:00,15937000000.0,,854000000.0,1648000000.0,,9008000000.0,6277000000.0,,1.1,sec_edgar:companyfacts
HON,us,2010-09-30,2010-10-22T00:00:00,24329000000.0,,1353000000.0,2807000000.0,,10330000000.0,6288000000.0,,1.74,sec_edgar:companyfacts
HON,us,2010-12-31,2013-02-15T00:00:00,33370000000.0,,2022000000.0,3552000000.0,,10666000000.0,6278000000.0,783000000.0,2.59,sec_edgar:companyfacts
HON,us,2011-03-31,2011-04-21T00:00:00,8909000000.0,,705000000.0,-567000000.0,,11690000000.0,7279000000.0,,0.88,sec_edgar:companyfacts
HON,us,2011-06-30,2011-07-22T00:00:00,17758000000.0,,1515000000.0,406000000.0,,12072000000.0,7304000000.0,,1.9,sec_edgar:companyfacts
HON,us,2011-09-30,2011-10-21T00:00:00,27056000000.0,,2377000000.0,890000000.0,,11662000000.0,7395000000.0,,2.99,sec_edgar:companyfacts
HON,us,2011-12-31,2013-02-15T00:00:00,36529000000.0,,2067000000.0,2043000000.0,,10806000000.0,6956000000.0,774700000.0,2.61,sec_edgar:companyfacts
HON,us,2012-03-31,2012-04-20T00:00:00,9307000000.0,,823000000.0,,,11743000000.0,6884000000.0,,1.04,sec_edgar:companyfacts
HON,us,2012-06-30,2012-07-18T00:00:00,18742000000.0,,1725000000.0,,,11993000000.0,6962000000.0,,2.19,sec_edgar:companyfacts
HON,us,2012-09-30,2013-10-18T00:00:00,,,2675000000.0,1582000000.0,,13132000000.0,7090000000.0,,3.38,sec_edgar:companyfacts
HON,us,2012-12-31,2013-02-15T00:00:00,,,2926000000.0,2633000000.0,,12975000000.0,7096000000.0,782800000.0,3.69,sec_edgar:companyfacts
HON,us,2013-03-31,2014-04-17T00:00:00,,,966000000.0,193000000.0,,13442000000.0,6499000000.0,,1.21,sec_edgar:companyfacts
HON,us,2013-06-30,2014-07-18T00:00:00,,,1987000000.0,1253000000.0,,13777000000.0,6502000000.0,,2.49,sec_edgar:companyfacts
HON,us,2013-09-30,2013-10-18T00:00:00,,,2977000000.0,,,14959000000.0,6509000000.0,,3.73,sec_edgar:companyfacts
HON,us,2013-12-31,2014-02-14T00:00:00,,,3924000000.0,,,17467000000.0,7530000000.0,783800000.0,4.92,sec_edgar:companyfacts
HON,us,2014-03-31,2014-04-17T00:00:00,,,1017000000.0,,,17927000000.0,6957000000.0,,1.28,sec_edgar:companyfacts
HON,us,2014-06-30,2014-07-18T00:00:00,,,2116000000.0,,,18696000000.0,6995000000.0,,2.66,sec_edgar:companyfacts
HON,us,2014-09-30,2014-10-17T00:00:00,,,3283000000.0,,,18937000000.0,7040000000.0,,4.13,sec_edgar:companyfacts
HON,us,2014-12-31,2015-02-13T00:00:00,,,4239000000.0,,,17657000000.0,7036000000.0,782200000.0,5.33,sec_edgar:companyfacts
HON,us,2015-03-31,2015-04-17T00:00:00,,,1116000000.0,,,17542000000.0,7012000000.0,,1.41,sec_edgar:companyfacts
HON,us,2015-06-30,2015-07-17T00:00:00,,,2310000000.0,,,18457000000.0,6924000000.0,,2.91,sec_edgar:companyfacts
HON,us,2015-09-30,2015-10-16T00:00:00,,,3574000000.0,,,17760000000.0,6871000000.0,,4.51,sec_edgar:companyfacts
HON,us,2015-12-31,2018-02-09T00:00:00,,,4768000000.0,4446000000.0,,18283000000.0,12068000000.0,770400000.0,6.04,sec_edgar:companyfacts
HON,us,2016-03-31,2016-04-22T00:00:00,,,1186000000.0,,,18197000000.0,13957000000.0,,1.53,sec_edgar:companyfacts
HON,us,2016-06-30,2016-07-22T00:00:00,,,2468000000.0,,,18771000000.0,14013000000.0,,3.19,sec_edgar:companyfacts
HON,us,2016-09-30,2017-10-20T00:00:00,,,3775000000.0,2707000000.0,,19191000000.0,15858000000.0,,4.86,sec_edgar:companyfacts
HON,us,2016-12-31,2018-02-09T00:00:00,,,4809000000.0,4403000000.0,,19369000000.0,15775000000.0,760800000.0,6.2,sec_edgar:companyfacts
HON,us,2017-03-31,2018-04-20T00:00:00,,,1326000000.0,772000000.0,,20323000000.0,15867000000.0,762300000.0,1.71,sec_edgar:companyfacts
HON,us,2017-06-30,2018-07-20T00:00:00,,,2718000000.0,1986000000.0,,20425000000.0,16510000000.0,760600000.0,3.51,sec_edgar:companyfacts
HON,us,2017-09-30,2018-10-19T00:00:00,,,4066000000.0,3181000000.0,,21074000000.0,16783000000.0,760100000.0,5.26,sec_edgar:companyfacts
HON,us,2017-12-31,2018-02-09T00:00:00,,,1655000000.0,4935000000.0,,17276000000.0,17882000000.0,750900000.0,2.14,sec_edgar:companyfacts
HON,us,2018-03-31,2018-04-20T00:00:00,,,1438000000.0,996000000.0,,17595000000.0,18287000000.0,746900000.0,1.89,sec_edgar:companyfacts
HON,us,2018-06-30,2018-07-20T00:00:00,,,2705000000.0,2658000000.0,,17600000000.0,17084000000.0,742600000.0,3.57,sec_edgar:companyfacts
HON,us,2018-09-30,2018-10-19T00:00:00,,,5044000000.0,4353000000.0,,18239000000.0,18251000000.0,740300000.0,6.67,sec_edgar:companyfacts
HON,us,2018-12-31,2019-02-08T00:00:00,,,6765000000.0,5606000000.0,,18180000000.0,16214000000.0,729600000.0,8.98,sec_edgar:companyfacts
HON,us,2019-03-31,2019-04-18T00:00:00,,,1416000000.0,993000000.0,,18767000000.0,16112000000.0,727700000.0,1.92,sec_edgar:companyfacts
HON,us,2019-06-30,2019-07-18T00:00:00,,,2957000000.0,2500000000.0,,17870000000.0,16183000000.0,719500000.0,4.02,sec_edgar:companyfacts
HON,us,2019-09-30,2019-10-17T00:00:00,,,4581000000.0,3779000000.0,,18109000000.0,18611000000.0,714500000.0,6.25,sec_edgar:companyfacts
HON,us,2019-12-31,2020-02-14T00:00:00,,,6143000000.0,6058000000.0,,18494000000.0,16002000000.0,711100000.0,8.41,sec_edgar:companyfacts
HON,us,2020-03-31,2020-05-01T00:00:00,,,1581000000.0,800000000.0,,17644000000.0,16112000000.0,701800000.0,2.21,sec_edgar:companyfacts
HON,us,2020-06-30,2020-07-24T00:00:00,,,2662000000.0,2053000000.0,,18147000000.0,22089000000.0,701800000.0,3.74,sec_edgar:companyfacts
HON,us,2020-09-30,2020-10-30T00:00:00,,,3420000000.0,2811000000.0,,18074000000.0,22222000000.0,701700000.0,4.81,sec_edgar:companyfacts
HON,us,2020-12-31,2021-02-12T00:00:00,,,4779000000.0,5302000000.0,,17549000000.0,22384000000.0,696800000.0,6.72,sec_edgar:companyfacts
HON,us,2021-03-31,2021-04-23T00:00:00,,,1427000000.0,757000000.0,,17986000000.0,21327000000.0,694600000.0,2.03,sec_edgar:companyfacts
HON,us,2021-06-30,2021-07-23T00:00:00,,,2857000000.0,1850000000.0,,17938000000.0,21356000000.0,690400000.0,4.06,sec_edgar:companyfacts
HON,us,2021-09-30,2021-10-22T00:00:00,,,4114000000.0,2761000000.0,,17842000000.0,21249000000.0,688400000.0,5.86,sec_edgar:companyfacts
HON,us,2021-12-31,2022-02-11T00:00:00,,,5542000000.0,5143000000.0,,18569000000.0,19599000000.0,684800000.0,7.91,sec_edgar:companyfacts
HON,us,2022-03-31,2022-04-29T00:00:00,,,1134000000.0,-147000000.0,,18365000000.0,19369000000.0,680700000.0,1.64,sec_edgar:companyfacts
HON,us,2022-06-30,2022-07-28T00:00:00,,,2395000000.0,484000000.0,,17541000000.0,19077000000.0,673700000.0,3.48,sec_edgar:companyfacts
HON,us,2022-09-30,2022-10-27T00:00:00,,,3947000000.0,2383000000.0,,17707000000.0,16985000000.0,672300000.0,5.76,sec_edgar:companyfacts
HON,us,2022-12-31,2023-02-10T00:00:00,,,4966000000.0,4508000000.0,,16697000000.0,19570000000.0,667600000.0,7.27,sec_edgar:companyfacts
HON,us,2023-03-31,2023-04-27T00:00:00,,,1394000000.0,-977000000.0,,16919000000.0,19162000000.0,665700000.0,2.07,sec_edgar:companyfacts
HON,us,2023-06-30,2023-07-27T00:00:00,,,2881000000.0,150000000.0,,17299000000.0,21373000000.0,664000000.0,4.29,sec_edgar:companyfacts
HON,us,2023-09-30,2023-10-26T00:00:00,,,4395000000.0,1710000000.0,,17231000000.0,20286000000.0,659300000.0,6.56,sec_edgar:companyfacts
HON,us,2023-12-31,2024-02-16T00:00:00,,,5658000000.0,4301000000.0,,15856000000.0,20443000000.0,651800000.0,8.47,sec_edgar:companyfacts
HON,us,2024-03-31,2024-04-25T00:00:00,,,1463000000.0,215000000.0,,16454000000.0,25256000000.0,651200000.0,2.23,sec_edgar:companyfacts
HON,us,2024-06-30,2024-07-25T00:00:00,,,3007000000.0,1327000000.0,,16947000000.0,27932000000.0,649700000.0,4.59,sec_edgar:companyfacts
HON,us,2024-09-30,2024-10-24T00:00:00,,,4420000000.0,3045000000.0,,17406000000.0,30829000000.0,650200000.0,6.75,sec_edgar:companyfacts
HON,us,2024-12-31,2025-02-14T00:00:00,,,5705000000.0,4933000000.0,,18619000000.0,31538000000.0,649800000.0,8.71,sec_edgar:companyfacts
HON,us,2025-03-31,2025-04-29T00:00:00,,,1449000000.0,346000000.0,,17463000000.0,32832000000.0,642700000.0,2.22,sec_edgar:companyfacts
HON,us,2025-06-30,2025-07-24T00:00:00,,,3019000000.0,1362000000.0,,16095000000.0,36512000000.0,634900000.0,4.67,sec_edgar:companyfacts
HON,us,2025-09-30,2025-10-23T00:00:00,,,4844000000.0,4276000000.0,,16782000000.0,37037000000.0,634900000.0,7.52,sec_edgar:companyfacts
HON,us,2025-12-31,2026-02-17T00:00:00,,,4729000000.0,5422000000.0,,13904000000.0,34939000000.0,635300000.0,7.36,sec_edgar:companyfacts
HON,us,2026-03-31,2026-04-23T00:00:00,,,821000000.0,-873000000.0,,13590000000.0,36739000000.0,633700000.0,1.29,sec_edgar:companyfacts
IBM,us,2007-12-31,2010-02-23T00:00:00,98786000000.0,,,,,,,,7.15,sec_edgar:companyfacts
IBM,us,2008-06-30,2009-07-28T00:00:00,51322000000.0,,,,,,,,3.61,sec_edgar:companyfacts
IBM,us,2008-09-30,2009-10-27T00:00:00,76623000000.0,,,,,,,,5.65,sec_edgar:companyfacts
IBM,us,2008-12-31,2011-02-22T00:00:00,103630000000.0,,,14641000000.0,,13465000000.0,,,8.89,sec_edgar:companyfacts
IBM,us,2009-03-31,2010-04-27T00:00:00,21711000000.0,,,,,,,,1.7,sec_edgar:companyfacts
IBM,us,2009-06-30,2010-07-27T00:00:00,44962000000.0,,,,,15380000000.0,,,4.02,sec_edgar:companyfacts
IBM,us,2009-09-30,2010-10-26T00:00:00,68528000000.0,,,,,18396000000.0,,,6.42,sec_edgar:companyfacts
IBM,us,2009-12-31,2011-02-22T00:00:00,95758000000.0,,,17326000000.0,,22637000000.0,24154000000.0,,10.01,sec_edgar:companyfacts
IBM,us,2010-03-31,2011-04-26T00:00:00,22857000000.0,,,3679000000.0,,22033000000.0,,,1.97,sec_edgar:companyfacts
IBM,us,2010-06-30,2011-07-26T00:00:00,46581000000.0,,,6617000000.0,,21059000000.0,,,4.57,sec_edgar:companyfacts
IBM,us,2010-09-30,2011-10-25T00:00:00,70852000000.0,,,9721000000.0,,22238000000.0,,,7.38,sec_edgar:companyfacts
IBM,us,2010-12-31,2011-02-22T00:00:00,99870000000.0,,,15364000000.0,,23046000000.0,25863000000.0,1227993544.0,11.52,sec_edgar:companyfacts
IBM,us,2011-03-31,2011-04-26T00:00:00,24607000000.0,,,2877000000.0,,22671000000.0,,,2.31,sec_edgar:companyfacts
IBM,us,2011-06-30,2011-07-26T00:00:00,51273000000.0,,,6347000000.0,,23127000000.0,,,5.3,sec_edgar:companyfacts
IBM,us,2011-09-30,2011-10-25T00:00:00,77430000000.0,,,,,22291000000.0,,,8.48,sec_edgar:companyfacts
IBM,us,2011-12-31,2012-02-28T00:00:00,106916000000.0,,,,,20138000000.0,27161000000.0,1163182565.0,13.06,sec_edgar:companyfacts
IBM,us,2012-03-31,2012-04-24T00:00:00,24673000000.0,,,,,20701000000.0,,,2.61,sec_edgar:companyfacts
IBM,us,2012-06-30,2012-07-31T00:00:00,50456000000.0,,,,,20472000000.0,,,5.95,sec_edgar:companyfacts
IBM,us,2012-09-30,2012-10-30T00:00:00,75203000000.0,,,,,21541000000.0,,,9.27,sec_edgar:companyfacts
IBM,us,2012-12-31,2013-02-26T00:00:00,104507000000.0,,,,,18860000000.0,29680000000.0,1117367676.0,14.37,sec_edgar:companyfacts
IBM,us,2013-03-31,2013-04-30T00:00:00,23408000000.0,,,,,19092000000.0,,,2.7,sec_edgar:companyfacts
IBM,us,2013-06-30,2013-07-31T00:00:00,48332000000.0,,,,,17756000000.0,,,5.6,sec_edgar:companyfacts
IBM,us,2013-09-30,2013-10-29T00:00:00,72052000000.0,,,,,19877000000.0,,,9.27,sec_edgar:companyfacts
IBM,us,2013-12-31,2014-02-25T00:00:00,99751000000.0,,,,,22792000000.0,36710000000.0,1054390937.0,14.94,sec_edgar:companyfacts
IBM,us,2014-03-31,2014-04-29T00:00:00,22484000000.0,,,,,16607000000.0,,,2.29,sec_edgar:companyfacts
IBM,us,2014-06-30,2014-07-29T00:00:00,46848000000.0,,,,,17377000000.0,39485000000.0,,6.37,sec_edgar:companyfacts
IBM,us,2014-09-30,2014-10-28T00:00:00,68680000000.0,,,,,14255000000.0,38894000000.0,,6.44,sec_edgar:companyfacts
IBM,us,2014-12-31,2017-02-28T00:00:00,92793000000.0,,,13128000000.0,,11868000000.0,39675000000.0,990523759.0,11.9,sec_edgar:companyfacts
IBM,us,2015-03-31,2015-04-28T00:00:00,19590000000.0,,,,,12141000000.0,38367000000.0,,2.35,sec_edgar:companyfacts
IBM,us,2015-06-30,2016-07-26T00:00:00,40403000000.0,,,5772000000.0,,13684000000.0,37265000000.0,,5.84,sec_edgar:companyfacts
IBM,us,2015-09-30,2016-10-25T00:00:00,59682000000.0,,,9059000000.0,,13294000000.0,37407000000.0,,8.85,sec_edgar:companyfacts
IBM,us,2015-12-31,2018-02-27T00:00:00,81741000000.0,,13190000000.0,13429000000.0,,14262000000.0,38699000000.0,965728725.0,13.42,sec_edgar:companyfacts
IBM,us,2016-03-31,2017-04-25T00:00:00,18684000000.0,,2014000000.0,4574000000.0,,14925000000.0,45254000000.0,,2.09,sec_edgar:companyfacts
IBM,us,2016-06-30,2017-07-25T00:00:00,38923000000.0,,4518000000.0,7262000000.0,,15733000000.0,44224000000.0,,4.69,sec_edgar:companyfacts
IBM,us,2016-09-30,2017-10-31T00:00:00,58149000000.0,,7371000000.0,10707000000.0,,17010000000.0,42124000000.0,,7.67,sec_edgar:companyfacts
IBM,us,2016-12-31,2018-02-27T00:00:00,79919000000.0,,11872000000.0,13391000000.0,,18246000000.0,40893000000.0,945867403.0,12.38,sec_edgar:companyfacts
IBM,us,2017-03-31,2017-04-25T00:00:00,18155000000.0,,1750000000.0,3215000000.0,,18327000000.0,42498000000.0,,1.85,sec_edgar:companyfacts
IBM,us,2017-06-30,2017-07-25T00:00:00,37443000000.0,,4082000000.0,5996000000.0,,18419000000.0,45446000000.0,,4.32,sec_edgar:companyfacts
IBM,us,2017-09-30,2017-10-31T00:00:00,56597000000.0,,6807000000.0,8718000000.0,,19627000000.0,45218000000.0,,7.24,sec_edgar:companyfacts
IBM,us,2017-12-31,2018-02-27T00:00:00,79139000000.0,,5753000000.0,13495000000.0,,17594000000.0,45052000000.0,922179225.0,6.14,sec_edgar:companyfacts
IBM,us,2018-03-31,2018-04-24T00:00:00,19072000000.0,,1679000000.0,3732000000.0,,18166000000.0,44168000000.0,,1.81,sec_edgar:companyfacts
IBM,us,2018-06-30,2018-07-31T00:00:00,39075000000.0,,4083000000.0,5095000000.0,,18520000000.0,43298000000.0,,4.43,sec_edgar:companyfacts
IBM,us,2018-09-30,2018-10-30T00:00:00,57830000000.0,,6777000000.0,8515000000.0,,19784000000.0,42762000000.0,,7.37,sec_edgar:companyfacts
IBM,us,2018-12-31,2019-02-26T00:00:00,79591000000.0,,8728000000.0,11852000000.0,,16796000000.0,52863000000.0,892479411.0,9.52,sec_edgar:companyfacts
IBM,us,2019-03-31,2019-04-30T00:00:00,18182000000.0,,1591000000.0,4220000000.0,,16481000000.0,46833000000.0,,1.78,sec_edgar:companyfacts
IBM,us,2019-06-30,2019-07-30T00:00:00,37342000000.0,,4089000000.0,6578000000.0,,17645000000.0,79569000000.0,,4.58,sec_edgar:companyfacts
IBM,us,2019-09-30,2019-10-30T00:00:00,55370000000.0,,5761000000.0,9609000000.0,,17956000000.0,71474000000.0,,6.45,sec_edgar:companyfacts
IBM,us,2019-12-31,2020-02-25T00:00:00,77147000000.0,,9431000000.0,12484000000.0,,20841000000.0,8797000000.0,887110455.0,10.56,sec_edgar:companyfacts
IBM,us,2020-03-31,2020-04-28T00:00:00,17571000000.0,,1175000000.0,3846000000.0,,19999000000.0,11642000000.0,,1.31,sec_edgar:companyfacts
IBM,us,2020-06-30,2020-07-28T00:00:00,35694000000.0,,2536000000.0,6837000000.0,,20551000000.0,9289000000.0,,2.83,sec_edgar:companyfacts
IBM,us,2020-09-30,2020-10-27T00:00:00,53253000000.0,,4234000000.0,10397000000.0,,21208000000.0,10285000000.0,,4.72,sec_edgar:companyfacts
IBM,us,2020-12-31,2021-02-23T00:00:00,73620000000.0,,5590000000.0,15579000000.0,,20597000000.0,7183000000.0,892653424.0,6.23,sec_edgar:companyfacts
IBM,us,2021-03-31,2021-04-27T00:00:00,17730000000.0,,955000000.0,4420000000.0,,21389000000.0,5198000000.0,,1.06,sec_edgar:companyfacts
IBM,us,2021-06-30,2021-07-27T00:00:00,36474000000.0,,2280000000.0,6485000000.0,,21942000000.0,6442000000.0,,2.52,sec_edgar:companyfacts
IBM,us,2021-09-30,2021-11-05T00:00:00,54093000000.0,,3410000000.0,8640000000.0,,22228000000.0,7575000000.0,,3.77,sec_edgar:companyfacts
IBM,us,2021-12-31,2022-02-22T00:00:00,57350000000.0,,5743000000.0,10734000000.0,,18901000000.0,6787000000.0,898068600.0,6.35,sec_edgar:companyfacts
IBM,us,2022-03-31,2022-04-26T00:00:00,14197000000.0,,733000000.0,2967000000.0,,19050000000.0,7690000000.0,,0.81,sec_edgar:companyfacts
IBM,us,2022-06-30,2022-07-25T00:00:00,29732000000.0,,2125000000.0,3949000000.0,,19409000000.0,5981000000.0,,2.34,sec_edgar:companyfacts
IBM,us,2022-09-30,2022-10-25T00:00:00,43840000000.0,,-1071000000.0,5533000000.0,,20076000000.0,5937000000.0,,-1.19,sec_edgar:companyfacts
IBM,us,2022-12-31,2023-02-28T00:00:00,60530000000.0,,1639000000.0,9089000000.0,,21944000000.0,4760000000.0,906091977.0,1.8,sec_edgar:companyfacts
IBM,us,2023-03-31,2023-04-25T00:00:00,14252000000.0,,927000000.0,3474000000.0,,21604000000.0,4887000000.0,,1.01,sec_edgar:companyfacts
IBM,us,2023-06-30,2023-07-25T00:00:00,29727000000.0,,2511000000.0,5748000000.0,,22201000000.0,6785000000.0,,2.73,sec_edgar:companyfacts
IBM,us,2023-09-30,2023-10-31T00:00:00,44479000000.0,,4214000000.0,8523000000.0,,23081000000.0,6414000000.0,,4.58,sec_edgar:companyfacts
IBM,us,2023-12-31,2024-02-26T00:00:00,61860000000.0,,7502000000.0,12686000000.0,,22533000000.0,6426000000.0,915013646.0,8.14,sec_edgar:companyfacts
IBM,us,2024-03-31,2024-04-30T00:00:00,14462000000.0,,1605000000.0,3929000000.0,,23261000000.0,5471000000.0,,1.72,sec_edgar:companyfacts
IBM,us,2024-06-30,2024-07-30T00:00:00,30231000000.0,,3439000000.0,5775000000.0,,24026000000.0,3602000000.0,,3.68,sec_edgar:companyfacts
IBM,us,2024-09-30,2024-10-30T00:00:00,45199000000.0,,3109000000.0,8370000000.0,,24448000000.0,3599000000.0,,3.32,sec_edgar:companyfacts
IBM,us,2024-12-31,2025-02-25T00:00:00,62753000000.0,,6023000000.0,12397000000.0,,27307000000.0,5089000000.0,926290070.0,6.43,sec_edgar:companyfacts
IBM,us,2025-03-31,2025-04-24T00:00:00,14541000000.0,,1055000000.0,4126000000.0,,26880000000.0,6913000000.0,,1.12,sec_edgar:companyfacts
IBM,us,2025-06-30,2025-07-24T00:00:00,31519000000.0,,3249000000.0,5617000000.0,,27509000000.0,8945000000.0,,3.43,sec_edgar:companyfacts
IBM,us,2025-09-30,2025-10-23T00:00:00,47849000000.0,,4993000000.0,8444000000.0,,27905000000.0,7942000000.0,,5.27,sec_edgar:companyfacts
IBM,us,2025-12-31,2026-02-24T00:00:00,67535000000.0,,10593000000.0,12102000000.0,,32648000000.0,6424000000.0,936952129.0,11.17,sec_edgar:companyfacts
IBM,us,2026-03-31,2026-04-23T00:00:00,15917000000.0,,1216000000.0,4937000000.0,,32974000000.0,8655000000.0,,1.28,sec_edgar:companyfacts
INTC,us,2006-12-30,2010-02-22T00:00:00,,,,,,37210000000.0,,,,sec_edgar:companyfacts
INTC,us,2007-12-29,2010-02-22T00:00:00,,,6976000000.0,7625000000.0,,43220000000.0,,,1.18,sec_edgar:companyfacts
INTC,us,2008-06-28,2009-08-03T00:00:00,,,3044000000.0,2985000000.0,,,,,0.52,sec_edgar:companyfacts
INTC,us,2008-09-27,2009-11-02T00:00:00,,,5058000000.0,4898000000.0,,,,,0.87,sec_edgar:companyfacts
INTC,us,2008-12-27,2010-02-22T00:00:00,,,5292000000.0,5729000000.0,,39546000000.0,,5562000000.0,0.92,sec_edgar:companyfacts
INTC,us,2009-03-28,2010-05-03T00:00:00,,,629000000.0,-1131000000.0,,,,,0.11,sec_edgar:companyfacts
INTC,us,2009-06-27,2009-08-03T00:00:00,,,231000000.0,1272000000.0,,39047000000.0,,5597000000.0,0.04,sec_edgar:companyfacts
INTC,us,2009-09-26,2009-11-02T00:00:00,,,2087000000.0,4331000000.0,,39033000000.0,,5520000000.0,0.37,sec_edgar:companyfacts
INTC,us,2009-12-26,2010-02-22T00:00:00,,,4369000000.0,6655000000.0,,41704000000.0,,5523000000.0,0.77,sec_edgar:companyfacts
INTC,us,2010-03-27,2010-05-03T00:00:00,,,2442000000.0,3151000000.0,,42900000000.0,,5537000000.0,0.43,sec_edgar:companyfacts
INTC,us,2010-06-26,2010-07-30T00:00:00,,,5329000000.0,5589000000.0,,45841000000.0,,5567000000.0,0.94,sec_edgar:companyfacts
INTC,us,2010-09-25,2010-11-02T00:00:00,,,8284000000.0,7804000000.0,,47696000000.0,,5576000000.0,1.45,sec_edgar:companyfacts
INTC,us,2010-12-25,2011-02-18T00:00:00,,,11464000000.0,11485000000.0,,49430000000.0,,5511000000.0,2.01,sec_edgar:companyfacts
INTC,us,2011-04-02,2011-05-09T00:00:00,,,3160000000.0,1290000000.0,,47349000000.0,,5336000000.0,0.56,sec_edgar:companyfacts
INTC,us,2011-07-02,2011-08-08T00:00:00,,,6114000000.0,2777000000.0,,48723000000.0,,5285000000.0,1.11,sec_edgar:companyfacts
INTC,us,2011-10-01,2011-11-04T00:00:00,,,9582000000.0,6413000000.0,,46117000000.0,,5118000000.0,1.75,sec_edgar:companyfacts
INTC,us,2011-12-31,2012-02-23T00:00:00,,,12942000000.0,10199000000.0,,45911000000.0,,5000000000.0,2.39,sec_edgar:companyfacts
INTC,us,2012-03-31,2012-05-04T00:00:00,,,2738000000.0,-2000000.0,,46760000000.0,,5006000000.0,0.53,sec_edgar:companyfacts
INTC,us,2012-06-30,2012-08-01T00:00:00,,,5565000000.0,2075000000.0,,48779000000.0,,5013000000.0,1.07,sec_edgar:companyfacts
INTC,us,2012-09-29,2012-10-31T00:00:00,,,8537000000.0,4335000000.0,,49269000000.0,,4982000000.0,1.65,sec_edgar:companyfacts
INTC,us,2012-12-29,2013-02-19T00:00:00,,,11005000000.0,7857000000.0,,51203000000.0,,4944000000.0,2.13,sec_edgar:companyfacts
INTC,us,2013-03-30,2013-04-29T00:00:00,,,2045000000.0,2111000000.0,,51194000000.0,,4948000000.0,0.4,sec_edgar:companyfacts
INTC,us,2013-06-29,2013-07-29T00:00:00,,,4045000000.0,,,53840000000.0,,4981000000.0,0.79,sec_edgar:companyfacts
INTC,us,2013-09-28,2013-10-28T00:00:00,,,6995000000.0,,,55452000000.0,,4973000000.0,1.37,sec_edgar:companyfacts
INTC,us,2013-12-28,2014-02-14T00:00:00,,,9620000000.0,,,58256000000.0,,4967000000.0,1.89,sec_edgar:companyfacts
INTC,us,2014-03-29,2014-04-25T00:00:00,,,1930000000.0,,,58038000000.0,,4972000000.0,0.38,sec_edgar:companyfacts
INTC,us,2014-06-28,2014-07-25T00:00:00,,,4726000000.0,,,59247000000.0,,4948000000.0,0.92,sec_edgar:companyfacts
INTC,us,2014-09-27,2014-10-29T00:00:00,,,8043000000.0,,,56073000000.0,,4857000000.0,1.58,sec_edgar:companyfacts
INTC,us,2014-12-27,2015-02-13T00:00:00,,,11704000000.0,,,55865000000.0,13195000000.0,4748000000.0,2.31,sec_edgar:companyfacts
INTC,us,2015-03-28,2015-04-27T00:00:00,,,1992000000.0,,,54924000000.0,,4742000000.0,0.41,sec_edgar:companyfacts
INTC,us,2015-06-27,2015-07-27T00:00:00,,,4698000000.0,,,57695000000.0,,4753000000.0,0.96,sec_edgar:companyfacts
INTC,us,2015-09-26,2015-10-28T00:00:00,,,7807000000.0,,,57097000000.0,21222000000.0,4730000000.0,1.59,sec_edgar:companyfacts
INTC,us,2015-12-26,2016-02-12T00:00:00,,,11420000000.0,,,61085000000.0,22707000000.0,4725000000.0,2.33,sec_edgar:companyfacts
INTC,us,2016-04-02,2016-05-02T00:00:00,,,2046000000.0,,,61174000000.0,24449000000.0,4716000000.0,0.42,sec_edgar:companyfacts
INTC,us,2016-07-02,2016-08-01T00:00:00,,,3376000000.0,,,61367000000.0,27238000000.0,4728000000.0,0.69,sec_edgar:companyfacts
INTC,us,2016-10-01,2016-10-31T00:00:00,,,6754000000.0,,,63115000000.0,27231000000.0,4739000000.0,1.39,sec_edgar:companyfacts
INTC,us,2016-12-31,2019-02-01T00:00:00,59387000000.0,,10316000000.0,,,66226000000.0,29971000000.0,4730000000.0,2.12,sec_edgar:companyfacts
INTC,us,2017-04-01,2017-04-27T00:00:00,,,2964000000.0,,,66844000000.0,,4709000000.0,0.61,sec_edgar:companyfacts
INTC,us,2017-07-01,2017-07-27T00:00:00,,,5772000000.0,,,68625000000.0,36189000000.0,4699000000.0,1.19,sec_edgar:companyfacts
INTC,us,2017-09-30,2018-10-26T00:00:00,45708000000.0,,10288000000.0,,,70936000000.0,35844000000.0,4680000000.0,2.12,sec_edgar:companyfacts
INTC,us,2017-12-30,2020-01-24T00:00:00,62761000000.0,,9601000000.0,10332000000.0,,69019000000.0,26776000000.0,4687000000.0,1.99,sec_edgar:companyfacts
INTC,us,2018-03-31,2019-04-26T00:00:00,16066000000.0,,4454000000.0,,,70165000000.0,,4660000000.0,0.93,sec_edgar:companyfacts
INTC,us,2018-06-30,2019-07-26T00:00:00,33028000000.0,,9460000000.0,,,70047000000.0,,4611000000.0,1.98,sec_edgar:companyfacts
INTC,us,2018-09-29,2019-10-25T00:00:00,52191000000.0,,15858000000.0,11241000000.0,,71483000000.0,,4564000000.0,3.35,sec_edgar:companyfacts
INTC,us,2018-12-29,2020-01-24T00:00:00,70848000000.0,,21053000000.0,14251000000.0,,74563000000.0,25859000000.0,4516000000.0,4.48,sec_edgar:companyfacts
INTC,us,2019-03-30,2020-04-24T00:00:00,16061000000.0,,3974000000.0,1638000000.0,,73661000000.0,,4477000000.0,0.87,sec_edgar:companyfacts
INTC,us,2019-06-29,2020-07-24T00:00:00,32566000000.0,,8153000000.0,5671000000.0,,74947000000.0,,4430000000.0,1.79,sec_edgar:companyfacts
INTC,us,2019-09-28,2019-10-25T00:00:00,51756000000.0,,14143000000.0,11710000000.0,,74242000000.0,,4350000000.0,3.14,sec_edgar:companyfacts
INTC,us,2019-12-28,2020-01-24T00:00:00,71965000000.0,,21048000000.0,16932000000.0,,77504000000.0,29003000000.0,4290000000.0,4.71,sec_edgar:companyfacts
INTC,us,2020-03-28,2020-04-24T00:00:00,19828000000.0,,5661000000.0,2890000000.0,,76354000000.0,39919000000.0,4234000000.0,1.31,sec_edgar:companyfacts
INTC,us,2020-06-27,2020-07-24T00:00:00,39556000000.0,,10766000000.0,10639000000.0,,82010000000.0,38347000000.0,4253000000.0,2.5,sec_edgar:companyfacts
INTC,us,2020-09-26,2020-10-23T00:00:00,57889000000.0,,15042000000.0,15102000000.0,,74554000000.0,36563000000.0,4098000000.0,3.52,sec_edgar:companyfacts
INTC,us,2020-12-26,2021-01-22T00:00:00,77867000000.0,,20899000000.0,21125000000.0,,81038000000.0,36401000000.0,4062000000.0,4.94,sec_edgar:companyfacts
INTC,us,2021-03-27,2021-04-23T00:00:00,19673000000.0,,3361000000.0,1576000000.0,,79807000000.0,,4038000000.0,0.82,sec_edgar:companyfacts
INTC,us,2021-06-26,2021-07-23T00:00:00,39304000000.0,,8422000000.0,6720000000.0,,85207000000.0,,4057000000.0,2.06,sec_edgar:companyfacts
INTC,us,2021-09-25,2021-10-22T00:00:00,58496000000.0,,15245000000.0,12615000000.0,,90087000000.0,40304000000.0,4067000000.0,3.73,sec_edgar:companyfacts
INTC,us,2021-12-25,2022-01-27T00:00:00,79024000000.0,,19868000000.0,11258000000.0,,95391000000.0,38101000000.0,4070000000.0,4.86,sec_edgar:companyfacts
INTC,us,2022-04-02,2022-04-29T00:00:00,18353000000.0,,8113000000.0,1287000000.0,,103136000000.0,,4089000000.0,1.98,sec_edgar:companyfacts
INTC,us,2022-07-02,2022-07-29T00:00:00,33674000000.0,,7659000000.0,-5146000000.0,,101218000000.0,,4106000000.0,1.86,sec_edgar:companyfacts
INTC,us,2022-10-01,2022-10-28T00:00:00,49012000000.0,,8678000000.0,-11415000000.0,,99885000000.0,,4127000000.0,2.1,sec_edgar:companyfacts
INTC,us,2022-12-31,2023-01-27T00:00:00,63054000000.0,,8014000000.0,-9411000000.0,,101423000000.0,38107000000.0,4137000000.0,1.94,sec_edgar:companyfacts
INTC,us,2023-04-01,2023-04-28T00:00:00,11715000000.0,,-2758000000.0,-9198000000.0,,98059000000.0,,,-0.66,sec_edgar:companyfacts
INTC,us,2023-07-01,2023-07-28T00:00:00,24664000000.0,,-1277000000.0,-12278000000.0,,101017000000.0,,,-0.31,sec_edgar:companyfacts
INTC,us,2023-09-30,2023-10-27T00:00:00,38822000000.0,,-980000000.0,-12207000000.0,,101813000000.0,,4216000000.0,-0.23,sec_edgar:companyfacts
INTC,us,2023-12-30,2024-01-26T00:00:00,54228000000.0,,1689000000.0,-14279000000.0,,105590000000.0,49266000000.0,4228000000.0,0.4,sec_edgar:companyfacts
INTC,us,2024-03-30,2024-04-26T00:00:00,12724000000.0,,-381000000.0,-7193000000.0,,105973000000.0,,4257000000.0,-0.09,sec_edgar:companyfacts
INTC,us,2024-06-29,2024-08-02T00:00:00,25557000000.0,,-1991000000.0,-10583000000.0,,115229000000.0,,4276000000.0,-0.47,sec_edgar:companyfacts
INTC,us,2024-09-28,2024-11-01T00:00:00,38841000000.0,,-18630000000.0,-12987000000.0,,99532000000.0,,,-4.37,sec_edgar:companyfacts
INTC,us,2024-12-28,2025-01-31T00:00:00,53101000000.0,,-18756000000.0,-15656000000.0,,99270000000.0,50011000000.0,4330000000.0,-4.38,sec_edgar:companyfacts
INTC,us,2025-03-29,2025-04-25T00:00:00,12667000000.0,,-821000000.0,-4370000000.0,,99756000000.0,,,-0.19,sec_edgar:companyfacts
INTC,us,2025-06-28,2025-07-24T00:00:00,25526000000.0,,-3739000000.0,-5870000000.0,,97883000000.0,,,-0.86,sec_edgar:companyfacts
INTC,us,2025-09-27,2025-11-06T00:00:00,39179000000.0,,324000000.0,-5749000000.0,,106376000000.0,,4766000000.0,0.07,sec_edgar:companyfacts
INTC,us,2025-12-27,2026-01-23T00:00:00,52853000000.0,,-267000000.0,-4949000000.0,,114281000000.0,46585000000.0,4994000000.0,-0.06,sec_edgar:companyfacts
INTC,us,2026-03-28,2026-04-24T00:00:00,13577000000.0,,-3728000000.0,-2540000000.0,,111394000000.0,,5023000000.0,-0.73,sec_edgar:companyfacts
INTU,us,2007-07-31,2010-09-16T00:00:00,,,,,,2036000000.0,,,,sec_edgar:companyfacts
INTU,us,2008-07-31,2010-09-16T00:00:00,,,477000000.0,568000000.0,,2080000000.0,,,1.41,sec_edgar:companyfacts
INTU,us,2008-10-31,2009-12-04T00:00:00,,,-52000000.0,-267000000.0,,1954000000.0,,,-0.16,sec_edgar:companyfacts
INTU,us,2009-01-31,2010-03-01T00:00:00,,,33000000.0,-174000000.0,,2036000000.0,,,0.1,sec_edgar:companyfacts
INTU,us,2009-04-30,2010-05-28T00:00:00,,,518000000.0,730000000.0,,2600000000.0,,,1.57,sec_edgar:companyfacts
INTU,us,2009-07-31,2010-09-16T00:00:00,,,447000000.0,681000000.0,,2557000000.0,,322766000.0,1.35,sec_edgar:companyfacts
INTU,us,2009-10-31,2009-12-04T00:00:00,,,-68000000.0,-172000000.0,,2272000000.0,,,-0.21,sec_edgar:companyfacts
INTU,us,2010-01-31,2010-03-01T00:00:00,,,46000000.0,39000000.0,,2256000000.0,,,0.14,sec_edgar:companyfacts
INTU,us,2010-04-30,2010-05-28T00:00:00,,,622000000.0,1049000000.0,,2858000000.0,,,1.91,sec_edgar:companyfacts
INTU,us,2010-07-31,2010-09-16T00:00:00,,,574000000.0,924000000.0,,2821000000.0,,313861000.0,1.77,sec_edgar:companyfacts
INTU,us,2010-10-31,2011-09-14T00:00:00,,,-70000000.0,-262000000.0,,2615000000.0,,,-0.22,sec_edgar:companyfacts
INTU,us,2011-01-31,2011-03-01T00:00:00,,,3000000.0,-88000000.0,,2272000000.0,,,0.01,sec_edgar:companyfacts
INTU,us,2011-04-30,2011-06-01T00:00:00,,,691000000.0,1019000000.0,,2821000000.0,,,2.16,sec_edgar:companyfacts
INTU,us,2011-07-31,2011-09-14T00:00:00,,,634000000.0,899000000.0,,2616000000.0,,300597000.0,2.0,sec_edgar:companyfacts
INTU,us,2011-10-31,2011-12-01T00:00:00,,,-64000000.0,-154000000.0,,2361000000.0,,,-0.21,sec_edgar:companyfacts
INTU,us,2012-01-31,2012-02-29T00:00:00,,,54000000.0,58000000.0,,2223000000.0,,,0.18,sec_edgar:companyfacts
INTU,us,2012-04-30,2012-05-25T00:00:00,,,788000000.0,1303000000.0,,2835000000.0,,,2.58,sec_edgar:companyfacts
INTU,us,2012-07-31,2012-09-13T00:00:00,,,792000000.0,1111000000.0,,2744000000.0,499000000.0,295289000.0,2.6,sec_edgar:companyfacts
INTU,us,2012-10-31,2012-11-29T00:00:00,,,-19000000.0,-215000000.0,,2745000000.0,499000000.0,,-0.06,sec_edgar:companyfacts
INTU,us,2013-01-31,2013-03-01T00:00:00,,,52000000.0,-4000000.0,,2792000000.0,499000000.0,,0.17,sec_edgar:companyfacts
INTU,us,2013-04-30,2013-05-30T00:00:00,,,874000000.0,1413000000.0,,3570000000.0,499000000.0,,2.89,sec_edgar:companyfacts
INTU,us,2013-07-31,2013-09-13T00:00:00,,,858000000.0,1237000000.0,,3531000000.0,499000000.0,299503000.0,2.83,sec_edgar:companyfacts
INTU,us,2013-10-31,2013-11-22T00:00:00,,,-11000000.0,-237000000.0,,2224000000.0,499000000.0,,-0.04,sec_edgar:companyfacts
INTU,us,2014-01-31,2014-02-21T00:00:00,,,-48000000.0,49000000.0,,2235000000.0,499000000.0,,-0.17,sec_edgar:companyfacts
INTU,us,2014-04-30,2014-05-21T00:00:00,,,936000000.0,1409000000.0,,3238000000.0,499000000.0,,3.22,sec_edgar:companyfacts
INTU,us,2014-07-31,2014-09-12T00:00:00,,,907000000.0,1342000000.0,,3078000000.0,499000000.0,284950000.0,3.12,sec_edgar:companyfacts
INTU,us,2014-10-31,2014-11-21T00:00:00,,,-84000000.0,-173000000.0,,2927000000.0,499000000.0,,-0.29,sec_edgar:companyfacts
INTU,us,2015-01-31,2015-02-19T00:00:00,,,-150000000.0,131000000.0,,2354000000.0,499000000.0,,-0.53,sec_edgar:companyfacts
INTU,us,2015-04-30,2015-05-22T00:00:00,,,351000000.0,1539000000.0,,2321000000.0,499000000.0,,1.22,sec_edgar:companyfacts
INTU,us,2015-07-31,2015-09-01T00:00:00,,,365000000.0,1362000000.0,,2332000000.0,500000000.0,277706000.0,1.28,sec_edgar:companyfacts
INTU,us,2015-10-31,2015-11-20T00:00:00,,,-31000000.0,-267000000.0,,1051000000.0,500000000.0,,-0.11,sec_edgar:companyfacts
INTU,us,2016-01-31,2016-02-25T00:00:00,,,-7000000.0,-285000000.0,,641000000.0,1245000000.0,,-0.03,sec_edgar:companyfacts
INTU,us,2016-04-30,2016-05-24T00:00:00,,,1019000000.0,1262000000.0,,1248000000.0,500000000.0,,3.81,sec_edgar:companyfacts
INTU,us,2016-07-31,2018-08-31T00:00:00,4694000000.0,,979000000.0,985000000.0,,1161000000.0,488000000.0,257853000.0,3.69,sec_edgar:companyfacts
INTU,us,2016-10-31,2018-08-31T00:00:00,778000000.0,,-30000000.0,-291000000.0,,936000000.0,475000000.0,,-0.12,sec_edgar:companyfacts
INTU,us,2017-01-31,2018-08-31T00:00:00,1016000000.0,,-17000000.0,-45000000.0,,785000000.0,463000000.0,,-0.07,sec_edgar:companyfacts
INTU,us,2017-04-30,2018-08-31T00:00:00,2541000000.0,,947000000.0,1711000000.0,,1697000000.0,450000000.0,,3.63,sec_edgar:companyfacts
INTU,us,2017-07-31,2018-08-31T00:00:00,5177000000.0,,971000000.0,1497000000.0,,1354000000.0,438000000.0,255668000.0,3.72,sec_edgar:companyfacts
INTU,us,2017-10-31,2018-08-31T00:00:00,886000000.0,,-17000000.0,-128000000.0,,1203000000.0,425000000.0,,-0.07,sec_edgar:companyfacts
INTU,us,2018-01-31,2018-08-31T00:00:00,1165000000.0,,-38000000.0,97000000.0,,1157000000.0,413000000.0,,-0.15,sec_edgar:companyfacts
INTU,us,2018-04-30,2018-08-31T00:00:00,2925000000.0,,1162000000.0,2052000000.0,,2364000000.0,400000000.0,,4.47,sec_edgar:companyfacts
INTU,us,2018-07-31,2018-08-31T00:00:00,5964000000.0,,1211000000.0,2074000000.0,,2354000000.0,388000000.0,258616000.0,4.64,sec_edgar:companyfacts
INTU,us,2018-10-31,2019-08-30T00:00:00,1016000000.0,,34000000.0,-178000000.0,,2782000000.0,375000000.0,,0.13,sec_edgar:companyfacts
INTU,us,2019-01-31,2019-08-30T00:00:00,1502000000.0,,223000000.0,118000000.0,,2796000000.0,363000000.0,,0.84,sec_edgar:companyfacts
INTU,us,2019-04-30,2019-08-30T00:00:00,3272000000.0,,1601000000.0,2317000000.0,,4070000000.0,398000000.0,,6.06,sec_edgar:companyfacts
INTU,us,2019-07-31,2019-08-30T00:00:00,6784000000.0,,1557000000.0,2248000000.0,,3749000000.0,386000000.0,260180000.0,5.89,sec_edgar:companyfacts
INTU,us,2019-10-31,2020-08-31T00:00:00,1165000000.0,,57000000.0,-165000000.0,,3633000000.0,373000000.0,,0.22,sec_edgar:companyfacts
INTU,us,2020-01-31,2020-08-31T00:00:00,1696000000.0,,297000000.0,122000000.0,,3727000000.0,373000000.0,,1.13,sec_edgar:companyfacts
INTU,us,2020-04-30,2020-08-31T00:00:00,3002000000.0,,1381000000.0,2020000000.0,,4740000000.0,48000000.0,,5.24,sec_edgar:companyfacts
INTU,us,2020-07-31,2020-08-31T00:00:00,7679000000.0,,1826000000.0,2355000000.0,,5106000000.0,2048000000.0,261740000.0,6.92,sec_edgar:companyfacts
INTU,us,2020-10-31,2020-11-19T00:00:00,,,198000000.0,7000000.0,,5245000000.0,2032000000.0,,0.75,sec_edgar:companyfacts
INTU,us,2021-01-31,2021-02-23T00:00:00,,,218000000.0,253000000.0,,8868000000.0,2033000000.0,,0.81,sec_edgar:companyfacts
INTU,us,2021-04-30,2021-05-25T00:00:00,,,1682000000.0,2607000000.0,,9955000000.0,2033000000.0,,6.2,sec_edgar:companyfacts
INTU,us,2021-07-31,2021-09-08T00:00:00,9633000000.0,,2062000000.0,3197000000.0,,9869000000.0,2048000000.0,273235000.0,7.56,sec_edgar:companyfacts
INTU,us,2021-10-31,2021-11-18T00:00:00,,,228000000.0,103000000.0,,9733000000.0,2037000000.0,,0.82,sec_edgar:companyfacts
INTU,us,2022-01-31,2022-03-02T00:00:00,,,328000000.0,123000000.0,,15595000000.0,6732000000.0,,1.16,sec_edgar:companyfacts
INTU,us,2022-04-30,2022-05-24T00:00:00,,,2122000000.0,3382000000.0,,16961000000.0,6853000000.0,,7.48,sec_edgar:companyfacts
INTU,us,2022-07-31,2022-09-02T00:00:00,12726000000.0,,2066000000.0,3732000000.0,,16441000000.0,6914000000.0,281932000.0,7.28,sec_edgar:companyfacts
INTU,us,2022-10-31,2022-11-29T00:00:00,,,40000000.0,251000000.0,,16067000000.0,6985000000.0,,0.14,sec_edgar:companyfacts
INTU,us,2023-01-31,2023-02-23T00:00:00,,,208000000.0,480000000.0,,15842000000.0,7077000000.0,,0.73,sec_edgar:companyfacts
INTU,us,2023-04-30,2023-05-23T00:00:00,,,2295000000.0,3984000000.0,,17592000000.0,6610000000.0,,8.11,sec_edgar:companyfacts
INTU,us,2023-07-31,2023-09-01T00:00:00,14368000000.0,,2384000000.0,4836000000.0,,17269000000.0,6120000000.0,280421000.0,8.42,sec_edgar:companyfacts
INTU,us,2023-10-31,2024-11-21T00:00:00,2978000000.0,,241000000.0,-181000000.0,,16992000000.0,5879000000.0,,0.85,sec_edgar:companyfacts
INTU,us,2024-01-31,2025-02-25T00:00:00,6364000000.0,,594000000.0,369000000.0,,16908000000.0,5950000000.0,,2.1,sec_edgar:companyfacts
INTU,us,2024-04-30,2025-05-22T00:00:00,13101000000.0,,2983000000.0,4259000000.0,,18757000000.0,5952000000.0,,10.51,sec_edgar:companyfacts
INTU,us,2024-07-31,2024-09-04T00:00:00,16285000000.0,,2963000000.0,4693000000.0,,18436000000.0,6038000000.0,280268000.0,10.43,sec_edgar:companyfacts
INTU,us,2024-10-31,2024-11-21T00:00:00,3283000000.0,,197000000.0,329000000.0,,18136000000.0,6124000000.0,,0.7,sec_edgar:companyfacts
INTU,us,2025-01-31,2025-02-25T00:00:00,7246000000.0,,668000000.0,1367000000.0,,17949000000.0,6260000000.0,,2.36,sec_edgar:companyfacts
INTU,us,2025-04-30,2025-05-22T00:00:00,15000000000.0,,3488000000.0,5727000000.0,,20125000000.0,6406000000.0,,12.33,sec_edgar:companyfacts
INTU,us,2025-07-31,2025-09-03T00:00:00,18831000000.0,,3869000000.0,6123000000.0,,19710000000.0,5973000000.0,279129000.0,13.67,sec_edgar:companyfacts
INTU,us,2025-10-31,2025-11-20T00:00:00,3885000000.0,,446000000.0,599000000.0,,19322000000.0,6140000000.0,,1.59,sec_edgar:companyfacts
INTU,us,2026-01-31,2026-02-26T00:00:00,8536000000.0,,1139000000.0,2123000000.0,,19055000000.0,6160000000.0,,4.06,sec_edgar:companyfacts
INTU,us,2026-04-30,2026-05-20T00:00:00,17094000000.0,,4203000000.0,7359000000.0,,20629000000.0,6162000000.0,,15.05,sec_edgar:companyfacts
ISRG,us,2006-12-31,2010-01-29T00:00:00,,,,,,589705000.0,,,,sec_edgar:companyfacts
ISRG,us,2007-12-31,2010-01-29T00:00:00,,,144537000.0,,,888674000.0,,,3.7,sec_edgar:companyfacts
ISRG,us,2008-06-30,2009-07-23T00:00:00,,,95963000.0,,,,,,2.4,sec_edgar:companyfacts
ISRG,us,2008-09-30,2009-10-21T00:00:00,,,153557000.0,,,,,,3.84,sec_edgar:companyfacts
ISRG,us,2008-12-31,2010-01-29T00:00:00,,,204315000.0,,,1266766000.0,,39183000.0,5.12,sec_edgar:companyfacts
ISRG,us,2009-03-31,2010-04-20T00:00:00,,,28100000.0,,,,,,0.72,sec_edgar:companyfacts
ISRG,us,2009-06-30,2009-07-23T00:00:00,,,90530000.0,,,1271184000.0,,37931000.0,2.32,sec_edgar:companyfacts
ISRG,us,2009-09-30,2009-10-21T00:00:00,,,155054000.0,,,1390262000.0,,38190000.0,3.97,sec_edgar:companyfacts
ISRG,us,2009-12-31,2010-01-29T00:00:00,,,232606000.0,,,1537283000.0,,38500000.0,5.93,sec_edgar:companyfacts
ISRG,us,2010-03-31,2010-04-20T00:00:00,,,85300000.0,,,1770000000.0,,38500000.0,2.12,sec_edgar:companyfacts
ISRG,us,2010-06-30,2010-07-23T00:00:00,,,174000000.0,,,1924400000.0,,39400000.0,4.31,sec_edgar:companyfacts
ISRG,us,2010-09-30,2010-10-20T00:00:00,,,260600000.0,,,2008300000.0,,39300000.0,6.45,sec_edgar:companyfacts
ISRG,us,2010-12-31,2011-02-01T00:00:00,,,381800000.0,,,2037400000.0,,38900000.0,9.47,sec_edgar:companyfacts
ISRG,us,2011-03-31,2011-04-20T00:00:00,,,104100000.0,,,2230900000.0,,39300000.0,2.59,sec_edgar:companyfacts
ISRG,us,2011-06-30,2011-07-20T00:00:00,,,221500000.0,263200000.0,,2288500000.0,,39100000.0,5.51,sec_edgar:companyfacts
ISRG,us,2011-09-30,2011-10-19T00:00:00,,,343900000.0,414800000.0,,2369000000.0,,39000000.0,8.55,sec_edgar:companyfacts
ISRG,us,2011-12-31,2012-02-06T00:00:00,,,495100000.0,,,2645600000.0,,39300000.0,12.32,sec_edgar:companyfacts
ISRG,us,2012-03-31,2012-04-19T00:00:00,,,143500000.0,,,2927300000.0,,39700000.0,3.5,sec_edgar:companyfacts
ISRG,us,2012-06-30,2012-07-23T00:00:00,,,298400000.0,,,3182400000.0,,39900000.0,7.26,sec_edgar:companyfacts
ISRG,us,2012-09-30,2012-10-18T00:00:00,,,481700000.0,,,3293500000.0,,39300000.0,11.72,sec_edgar:companyfacts
ISRG,us,2012-12-31,2013-02-04T00:00:00,,,656600000.0,,,3580100000.0,,40200000.0,15.98,sec_edgar:companyfacts
ISRG,us,2013-03-31,2013-04-19T00:00:00,,,188900000.0,,,3772200000.0,,40200000.0,4.56,sec_edgar:companyfacts
ISRG,us,2013-06-30,2013-07-22T00:00:00,,,348000000.0,,,3718800000.0,,39700000.0,8.47,sec_edgar:companyfacts
ISRG,us,2013-09-30,2013-10-18T00:00:00,,,504800000.0,,,3264300000.0,,38100000.0,12.46,sec_edgar:companyfacts
ISRG,us,2013-12-31,2014-02-03T00:00:00,,,671000000.0,,,3501400000.0,,38200000.0,16.73,sec_edgar:companyfacts
ISRG,us,2014-03-31,2014-04-25T00:00:00,,,44300000.0,,,3656600000.0,,38400000.0,1.13,sec_edgar:companyfacts
ISRG,us,2014-06-30,2014-07-24T00:00:00,,,148300000.0,,,2822400000.0,,36000000.0,3.87,sec_edgar:companyfacts
ISRG,us,2014-09-30,2014-10-23T00:00:00,,,272000000.0,,,3084200000.0,,36300000.0,7.18,sec_edgar:companyfacts
ISRG,us,2014-12-31,2015-02-06T00:00:00,,,418800000.0,,,3379400000.0,,36600000.0,11.11,sec_edgar:companyfacts
ISRG,us,2015-03-31,2015-04-22T00:00:00,,,97000000.0,,,3585400000.0,,36800000.0,2.57,sec_edgar:companyfacts
ISRG,us,2015-06-30,2015-07-22T00:00:00,,,231500000.0,,,3792700000.0,,37000000.0,6.14,sec_edgar:companyfacts
ISRG,us,2015-09-30,2015-10-21T00:00:00,,,398800000.0,,,4115200000.0,,37300000.0,10.55,sec_edgar:companyfacts
ISRG,us,2015-12-31,2016-02-02T00:00:00,,,588800000.0,,,4319500000.0,,37400000.0,15.54,sec_edgar:companyfacts
ISRG,us,2016-03-31,2016-04-19T00:00:00,,,136400000.0,,,4750400000.0,,38100000.0,3.54,sec_edgar:companyfacts
ISRG,us,2016-06-30,2016-07-20T00:00:00,,,320900000.0,,,5181500000.0,,38500000.0,8.25,sec_edgar:companyfacts
ISRG,us,2016-09-30,2016-10-19T00:00:00,,,531900000.0,,,5541800000.0,,38700000.0,13.57,sec_edgar:companyfacts
ISRG,us,2016-12-31,2019-02-04T00:00:00,2706500000.0,,735900000.0,,,5777800000.0,,38800000.0,18.73,sec_edgar:companyfacts
ISRG,us,2017-03-31,2018-04-18T00:00:00,679600000.0,,179800000.0,,,4127500000.0,,36800000.0,4.67,sec_edgar:companyfacts
ISRG,us,2017-06-30,2018-07-20T00:00:00,1438400000.0,,401300000.0,,,4522300000.0,,37100000.0,10.42,sec_edgar:companyfacts
ISRG,us,2017-09-30,2018-10-22T00:00:00,2246200000.0,,698800000.0,,,4957900000.0,,112000000.0,6.03,sec_edgar:companyfacts
ISRG,us,2017-12-31,2019-02-04T00:00:00,3138200000.0,,660000000.0,,,4725200000.0,,112300000.0,5.67,sec_edgar:companyfacts
ISRG,us,2018-03-31,2018-04-18T00:00:00,847500000.0,,287600000.0,,,5497100000.0,,113300000.0,2.44,sec_edgar:companyfacts
ISRG,us,2018-06-30,2018-07-20T00:00:00,1756800000.0,,542900000.0,,,5860600000.0,,113700000.0,4.59,sec_edgar:companyfacts
ISRG,us,2018-09-30,2018-10-22T00:00:00,2677700000.0,,835400000.0,,,6280600000.0,,114200000.0,7.04,sec_edgar:companyfacts
ISRG,us,2018-12-31,2019-02-04T00:00:00,3724200000.0,,1127900000.0,,,6678800000.0,,114500000.0,9.49,sec_edgar:companyfacts
ISRG,us,2019-03-31,2019-04-19T00:00:00,973700000.0,,306500000.0,,,7024200000.0,,115400000.0,2.56,sec_edgar:companyfacts
ISRG,us,2019-06-30,2019-07-22T00:00:00,2072600000.0,,624800000.0,,,7265300000.0,,115200000.0,5.23,sec_edgar:companyfacts
ISRG,us,2019-09-30,2019-10-18T00:00:00,3200800000.0,,1021600000.0,,,7761400000.0,,115600000.0,8.56,sec_edgar:companyfacts
ISRG,us,2019-12-31,2020-02-07T00:00:00,4478500000.0,,1379300000.0,,,8263800000.0,,116000000.0,11.54,sec_edgar:companyfacts
ISRG,us,2020-03-31,2020-04-17T00:00:00,1099500000.0,,313500000.0,,,8506700000.0,,116600000.0,2.62,sec_edgar:companyfacts
ISRG,us,2020-06-30,2020-07-23T00:00:00,1951600000.0,,381500000.0,,,8740500000.0,,117000000.0,3.19,sec_edgar:companyfacts
ISRG,us,2020-09-30,2020-10-19T00:00:00,3029300000.0,,695400000.0,,,9257800000.0,,117500000.0,5.8,sec_edgar:companyfacts
ISRG,us,2020-12-31,2021-02-10T00:00:00,4358400000.0,,1060600000.0,,,9731500000.0,,117700000.0,8.82,sec_edgar:companyfacts
ISRG,us,2021-03-31,2021-04-21T00:00:00,1292100000.0,,426300000.0,,,10153500000.0,,118400000.0,3.51,sec_edgar:companyfacts
ISRG,us,2021-06-30,2021-07-21T00:00:00,2756100000.0,,943500000.0,,,10837500000.0,,118700000.0,7.77,sec_edgar:companyfacts
ISRG,us,2021-09-30,2021-10-20T00:00:00,4159400000.0,,1324000000.0,,,11410900000.0,,357200000.0,3.63,sec_edgar:companyfacts
ISRG,us,2021-12-31,2022-02-03T00:00:00,5710100000.0,,1704600000.0,,,11901100000.0,,357700000.0,4.66,sec_edgar:companyfacts
ISRG,us,2022-03-31,2022-04-22T00:00:00,1487700000.0,,365600000.0,,,12102300000.0,,358900000.0,1.0,sec_edgar:companyfacts
ISRG,us,2022-06-30,2022-07-22T00:00:00,3009800000.0,,673400000.0,,,12023000000.0,,357100000.0,1.84,sec_edgar:companyfacts
ISRG,us,2022-09-30,2022-10-21T00:00:00,4567200000.0,,997400000.0,,,11515400000.0,,353300000.0,2.74,sec_edgar:companyfacts
ISRG,us,2022-12-31,2023-02-10T00:00:00,6222200000.0,,1322300000.0,,,11041900000.0,,350000000.0,3.65,sec_edgar:companyfacts
ISRG,us,2023-03-31,2023-04-20T00:00:00,1696200000.0,,355300000.0,,,11217700000.0,,350400000.0,1.0,sec_edgar:companyfacts
ISRG,us,2023-06-30,2023-07-24T00:00:00,3452100000.0,,776100000.0,,,11879100000.0,,351300000.0,2.18,sec_edgar:companyfacts
ISRG,us,2023-09-30,2023-10-20T00:00:00,5195800000.0,,1191800000.0,,,12539000000.0,,352000000.0,3.34,sec_edgar:companyfacts
ISRG,us,2023-12-31,2024-01-31T00:00:00,7124100000.0,,1798000000.0,,,13307600000.0,,352300000.0,5.03,sec_edgar:companyfacts
ISRG,us,2024-03-31,2024-04-19T00:00:00,1890600000.0,,544900000.0,,,13962600000.0,,354700000.0,1.51,sec_edgar:companyfacts
ISRG,us,2024-06-30,2024-07-19T00:00:00,3900500000.0,,1071800000.0,,,14708300000.0,,355300000.0,2.97,sec_edgar:companyfacts
ISRG,us,2024-09-30,2024-10-18T00:00:00,5938600000.0,,1636900000.0,,,15583300000.0,,356200000.0,4.53,sec_edgar:companyfacts
ISRG,us,2024-12-31,2025-01-31T00:00:00,8352100000.0,,2322600000.0,,,16433700000.0,,356600000.0,6.42,sec_edgar:companyfacts
ISRG,us,2025-03-31,2025-04-23T00:00:00,2253400000.0,,698400000.0,,,17106400000.0,,358400000.0,1.92,sec_edgar:companyfacts
ISRG,us,2025-06-30,2025-07-23T00:00:00,4693400000.0,,1356800000.0,,,17845700000.0,,358400000.0,3.72,sec_edgar:companyfacts
ISRG,us,2025-09-30,2025-10-22T00:00:00,7198500000.0,,2061200000.0,,,16929700000.0,,354900000.0,5.67,sec_edgar:companyfacts
ISRG,us,2025-12-31,2026-02-03T00:00:00,10064700000.0,,2856000000.0,,,17824000000.0,,355100000.0,7.87,sec_edgar:companyfacts
ISRG,us,2026-03-31,2026-04-22T00:00:00,2770800000.0,,821500000.0,,,17474500000.0,,354400000.0,2.28,sec_edgar:companyfacts
JNJ,us,2009-03-29,2011-02-25T00:00:00,,,3507000000.0,2392000000.0,,,,,1.26,sec_edgar:companyfacts
JNJ,us,2009-06-28,2011-02-25T00:00:00,,,3208000000.0,5188000000.0,,,5435000000.0,,2.41,sec_edgar:companyfacts
JNJ,us,2009-09-27,2011-02-25T00:00:00,,,3345000000.0,9763000000.0,,,3341000000.0,,3.61,sec_edgar:companyfacts
JNJ,us,2010-01-03,2011-02-25T00:00:00,,,2206000000.0,14206000000.0,,,14575000000.0,,4.4,sec_edgar:companyfacts
JNJ,us,2010-04-04,2011-02-25T00:00:00,,,4526000000.0,3293000000.0,,,4044000000.0,,1.62,sec_edgar:companyfacts
JNJ,us,2010-07-04,2011-02-25T00:00:00,,,3449000000.0,6630000000.0,,,3715000000.0,,2.85,sec_edgar:companyfacts
JNJ,us,2010-10-03,2011-02-25T00:00:00,,,3417000000.0,11136000000.0,,,2843000000.0,,4.08,sec_edgar:companyfacts
JNJ,us,2011-01-02,2011-02-25T00:00:00,,,1942000000.0,14001000000.0,,,16786000000.0,,4.78,sec_edgar:companyfacts
JNJ,us,2011-04-03,2012-02-23T00:00:00,,,3476000000.0,1880000000.0,,,8575000000.0,,1.25,sec_edgar:companyfacts
JNJ,us,2011-07-03,2012-02-23T00:00:00,,,2776000000.0,5171000000.0,,,5046000000.0,,2.25,sec_edgar:companyfacts
JNJ,us,2011-10-02,2012-02-23T00:00:00,,,3202000000.0,9082000000.0,,,5326000000.0,,3.4,sec_edgar:companyfacts
JNJ,us,2012-01-01,2012-02-23T00:00:00,,,218000000.0,11405000000.0,,,6658000000.0,,3.49,sec_edgar:companyfacts
JNJ,us,2012-04-01,2013-02-22T00:00:00,,,3910000000.0,2293000000.0,,,6439000000.0,,1.41,sec_edgar:companyfacts
JNJ,us,2012-07-01,2013-08-01T00:00:00,32614000000.0,,1408000000.0,6423000000.0,,,6040000000.0,,1.91,sec_edgar:companyfacts
JNJ,us,2012-09-30,2013-11-04T00:00:00,49666000000.0,,8286000000.0,10238000000.0,,,5423000000.0,,2.96,sec_edgar:companyfacts
JNJ,us,2012-12-30,2013-02-22T00:00:00,,,10853000000.0,12462000000.0,,,4676000000.0,,3.86,sec_edgar:companyfacts
JNJ,us,2013-03-31,2014-05-02T00:00:00,17505000000.0,,3497000000.0,1691000000.0,,,4529000000.0,,1.22,sec_edgar:companyfacts
JNJ,us,2013-06-30,2013-08-01T00:00:00,35382000000.0,,7330000000.0,5971000000.0,,,5339000000.0,,2.55,sec_edgar:companyfacts
JNJ,us,2013-09-29,2013-11-04T00:00:00,52957000000.0,,10312000000.0,11109000000.0,,,5359000000.0,,3.58,sec_edgar:companyfacts
JNJ,us,2013-12-29,2014-02-21T00:00:00,,,13831000000.0,13819000000.0,,,4852000000.0,,4.81,sec_edgar:companyfacts
JNJ,us,2014-03-30,2014-05-02T00:00:00,18115000000.0,,4727000000.0,3293000000.0,,,3949000000.0,,1.64,sec_edgar:companyfacts
JNJ,us,2014-06-29,2014-08-01T00:00:00,37610000000.0,,9053000000.0,7985000000.0,,,3819000000.0,,3.15,sec_edgar:companyfacts
JNJ,us,2014-09-28,2014-10-30T00:00:00,56077000000.0,,13802000000.0,11888000000.0,,,2115000000.0,,4.81,sec_edgar:companyfacts
JNJ,us,2014-12-28,2015-02-24T00:00:00,,,16323000000.0,14757000000.0,,,3638000000.0,,5.7,sec_edgar:companyfacts
JNJ,us,2015-03-29,2015-05-01T00:00:00,,,4320000000.0,2329000000.0,,,4045000000.0,,1.53,sec_edgar:companyfacts
JNJ,us,2015-06-28,2015-07-31T00:00:00,,,8836000000.0,6764000000.0,,,5222000000.0,,3.13,sec_edgar:companyfacts
JNJ,us,2015-09-27,2015-10-30T00:00:00,,,12194000000.0,12100000000.0,,,5677000000.0,,4.33,sec_edgar:companyfacts
JNJ,us,2016-01-03,2016-02-24T00:00:00,,,15409000000.0,15816000000.0,,,7004000000.0,,5.48,sec_edgar:companyfacts
JNJ,us,2016-04-03,2016-05-10T00:00:00,,,4292000000.0,1124000000.0,,,3116000000.0,,1.54,sec_edgar:companyfacts
JNJ,us,2016-07-03,2016-08-04T00:00:00,,,8454000000.0,5357000000.0,,,1708000000.0,,3.02,sec_edgar:companyfacts
JNJ,us,2016-10-02,2016-11-04T00:00:00,,,12726000000.0,9981000000.0,,,3443000000.0,,4.55,sec_edgar:companyfacts
JNJ,us,2017-01-01,2017-02-27T00:00:00,,,16540000000.0,15541000000.0,,,4684000000.0,,5.93,sec_edgar:companyfacts
JNJ,us,2017-04-02,2017-05-08T00:00:00,,,4422000000.0,2353000000.0,,,5355000000.0,,1.61,sec_edgar:companyfacts
JNJ,us,2017-07-02,2017-08-03T00:00:00,,,8249000000.0,7436000000.0,,,7209000000.0,,3.0,sec_edgar:companyfacts
JNJ,us,2017-10-01,2017-11-02T00:00:00,,,12013000000.0,12912000000.0,,,8491000000.0,,4.37,sec_edgar:companyfacts
JNJ,us,2017-12-31,2018-02-21T00:00:00,,,1300000000.0,17777000000.0,,,3906000000.0,,0.47,sec_edgar:companyfacts
JNJ,us,2018-04-01,2018-05-01T00:00:00,,,4367000000.0,2948000000.0,,,2696000000.0,,1.6,sec_edgar:companyfacts
JNJ,us,2018-07-01,2018-08-02T00:00:00,,,8321000000.0,8152000000.0,,,2678000000.0,,3.05,sec_edgar:companyfacts
JNJ,us,2018-09-30,2018-10-31T00:00:00,,,12255000000.0,13605000000.0,,,1773000000.0,,4.49,sec_edgar:companyfacts
JNJ,us,2018-12-30,2019-02-20T00:00:00,,,15297000000.0,18531000000.0,,,2796000000.0,,5.61,sec_edgar:companyfacts
JNJ,us,2019-03-31,2019-05-01T00:00:00,,,3749000000.0,2887000000.0,,,1708000000.0,,1.39,sec_edgar:companyfacts
JNJ,us,2019-06-30,2019-07-29T00:00:00,,,9356000000.0,7998000000.0,,,1719000000.0,,3.47,sec_edgar:companyfacts
JNJ,us,2019-09-29,2019-10-28T00:00:00,,,11109000000.0,14780000000.0,,,2299000000.0,,4.13,sec_edgar:companyfacts
JNJ,us,2019-12-29,2020-02-18T00:00:00,,,15119000000.0,19918000000.0,,,1202000000.0,,5.63,sec_edgar:companyfacts
JNJ,us,2020-03-29,2020-04-29T00:00:00,,,5796000000.0,2733000000.0,,,2190000000.0,,2.17,sec_edgar:companyfacts
JNJ,us,2020-06-28,2020-07-24T00:00:00,,,9422000000.0,5523000000.0,,,5332000000.0,,3.53,sec_edgar:companyfacts
JNJ,us,2020-09-27,2020-10-23T00:00:00,,,12976000000.0,13169000000.0,,,5078000000.0,,4.86,sec_edgar:companyfacts
JNJ,us,2021-01-03,2021-02-22T00:00:00,,,14714000000.0,20189000000.0,,,37065000000.0,,5.51,sec_edgar:companyfacts
JNJ,us,2021-04-04,2021-04-30T00:00:00,,,6197000000.0,3397000000.0,,,3350000000.0,,2.32,sec_edgar:companyfacts
JNJ,us,2021-07-04,2021-07-29T00:00:00,,,12475000000.0,7898000000.0,,,3173000000.0,,4.67,sec_edgar:companyfacts
JNJ,us,2021-10-03,2021-10-29T00:00:00,,,16142000000.0,15441000000.0,,,3798000000.0,,6.04,sec_edgar:companyfacts
JNJ,us,2022-01-02,2022-02-17T00:00:00,,,20878000000.0,19758000000.0,,,35882000000.0,,7.81,sec_edgar:companyfacts
JNJ,us,2022-04-03,2022-04-29T00:00:00,,,5149000000.0,3372000000.0,,,4297000000.0,,1.93,sec_edgar:companyfacts
JNJ,us,2022-07-03,2022-07-29T00:00:00,,,9963000000.0,8090000000.0,,,4305000000.0,,3.73,sec_edgar:companyfacts
JNJ,us,2022-10-02,2022-10-27T00:00:00,,,14421000000.0,13422000000.0,,,4424000000.0,,5.41,sec_edgar:companyfacts
JNJ,us,2023-01-01,2023-07-31T00:00:00,,,17941000000.0,17185000000.0,,76804000000.0,41210000000.0,,6.73,sec_edgar:companyfacts
JNJ,us,2023-04-02,2023-04-28T00:00:00,,,-68000000.0,2394000000.0,,,17979000000.0,,-0.03,sec_edgar:companyfacts
JNJ,us,2023-07-02,2023-07-31T00:00:00,,,5076000000.0,5452000000.0,,75149000000.0,11701000000.0,,1.93,sec_edgar:companyfacts
JNJ,us,2023-10-01,2023-10-27T00:00:00,,,31104000000.0,11974000000.0,,71228000000.0,3870000000.0,,11.95,sec_edgar:companyfacts
JNJ,us,2023-12-31,2024-05-01T00:00:00,,,35153000000.0,18248000000.0,,68774000000.0,30801000000.0,,13.72,sec_edgar:companyfacts
JNJ,us,2024-03-31,2024-05-01T00:00:00,,,3255000000.0,2850000000.0,,70020000000.0,8550000000.0,,1.34,sec_edgar:companyfacts
JNJ,us,2024-06-30,2024-07-25T00:00:00,,,7941000000.0,7507000000.0,,71538000000.0,9855000000.0,,3.27,sec_edgar:companyfacts
JNJ,us,2024-09-29,2024-10-23T00:00:00,,,10635000000.0,14471000000.0,,70158000000.0,4462000000.0,,4.38,sec_edgar:companyfacts
JNJ,us,2024-12-29,2025-04-23T00:00:00,,,14066000000.0,19842000000.0,,71490000000.0,38383000000.0,,5.79,sec_edgar:companyfacts
JNJ,us,2025-03-30,2025-04-23T00:00:00,,,10999000000.0,3379000000.0,,78109000000.0,13897000000.0,,4.54,sec_edgar:companyfacts
JNJ,us,2025-06-29,2025-07-24T00:00:00,,,16536000000.0,6214000000.0,,78473000000.0,11526000000.0,,6.82,sec_edgar:companyfacts
JNJ,us,2025-09-28,2025-10-22T00:00:00,,,21688000000.0,14226000000.0,,79277000000.0,6387000000.0,,8.94,sec_edgar:companyfacts
JNJ,us,2025-12-28,2026-04-22T00:00:00,,,26804000000.0,19698000000.0,,81544000000.0,49933000000.0,,11.03,sec_edgar:companyfacts
JNJ,us,2026-03-29,2026-04-22T00:00:00,,,5235000000.0,1465000000.0,,81186000000.0,17460000000.0,,2.14,sec_edgar:companyfacts
JPM,us,2007-12-31,2010-02-24T00:00:00,71372000000.0,,15365000000.0,,,,,,4.33,sec_edgar:companyfacts
JPM,us,2008-06-30,2009-08-10T00:00:00,35289000000.0,,4376000000.0,,,133176000000.0,,,1.2,sec_edgar:companyfacts
JPM,us,2008-09-30,2009-11-09T00:00:00,50026000000.0,,4903000000.0,,,,,,1.3,sec_edgar:companyfacts
JPM,us,2008-12-31,2011-02-28T00:00:00,67252000000.0,,5605000000.0,,,166884000000.0,270683000000.0,3732800000.0,1.35,sec_edgar:companyfacts
JPM,us,2009-03-31,2010-05-10T00:00:00,25025000000.0,,2141000000.0,,,,,,0.4,sec_edgar:companyfacts
JPM,us,2009-06-30,2009-08-10T00:00:00,50648000000.0,,4862000000.0,,,154766000000.0,,,0.68,sec_edgar:companyfacts
JPM,us,2009-09-30,2009-11-09T00:00:00,77270000000.0,,8450000000.0,,,162253000000.0,,,1.51,sec_edgar:companyfacts
JPM,us,2009-12-31,2011-02-28T00:00:00,100434000000.0,,11728000000.0,,,165365000000.0,266318000000.0,3942000000.0,2.26,sec_edgar:companyfacts
JPM,us,2010-03-31,2010-05-10T00:00:00,27671000000.0,,3326000000.0,,,164721000000.0,262857000000.0,,0.74,sec_edgar:companyfacts
JPM,us,2010-06-30,2010-08-06T00:00:00,52772000000.0,,8121000000.0,,,171120000000.0,248618000000.0,,1.83,sec_edgar:companyfacts
JPM,us,2010-09-30,2010-11-09T00:00:00,76596000000.0,,12539000000.0,,,173830000000.0,255589000000.0,,2.84,sec_edgar:companyfacts
JPM,us,2010-12-31,2011-02-28T00:00:00,102694000000.0,,17370000000.0,,,176106000000.0,247669000000.0,3910300000.0,3.96,sec_edgar:companyfacts
JPM,us,2011-03-31,2011-05-06T00:00:00,25221000000.0,,5555000000.0,,,180598000000.0,269616000000.0,,1.28,sec_edgar:companyfacts
JPM,us,2011-06-30,2011-08-05T00:00:00,52000000000.0,,10986000000.0,,,182879000000.0,279228000000.0,,2.55,sec_edgar:companyfacts
JPM,us,2011-09-30,2011-11-04T00:00:00,75763000000.0,,15248000000.0,,,182287000000.0,273688000000.0,,3.57,sec_edgar:companyfacts
JPM,us,2011-12-31,2012-02-29T00:00:00,97234000000.0,,18976000000.0,,,183573000000.0,256775000000.0,3772700000.0,4.48,sec_edgar:companyfacts
JPM,us,2012-03-31,2012-05-10T00:00:00,26712000000.0,,5383000000.0,,,189728000000.0,255831000000.0,,1.31,sec_edgar:companyfacts
JPM,us,2012-06-30,2012-08-09T00:00:00,48232000000.0,,9884000000.0,,,191572000000.0,239539000000.0,,2.41,sec_edgar:companyfacts
JPM,us,2012-09-30,2012-11-08T00:00:00,73378000000.0,,15592000000.0,,,199693000000.0,241140000000.0,,3.81,sec_edgar:companyfacts
JPM,us,2012-12-31,2013-02-28T00:00:00,97031000000.0,,21284000000.0,,,204069000000.0,249024000000.0,3804000000.0,5.2,sec_edgar:companyfacts
JPM,us,2013-03-31,2013-05-08T00:00:00,25122000000.0,,6529000000.0,,,207086000000.0,268361000000.0,,1.59,sec_edgar:companyfacts
JPM,us,2013-06-30,2013-08-07T00:00:00,50333000000.0,,13025000000.0,,,209239000000.0,266212000000.0,,3.19,sec_edgar:companyfacts
JPM,us,2013-09-30,2013-11-01T00:00:00,73450000000.0,,12645000000.0,,,206670000000.0,263372000000.0,,3.05,sec_edgar:companyfacts
JPM,us,2013-12-31,2014-02-20T00:00:00,96606000000.0,,17923000000.0,,,211178000000.0,267889000000.0,3756100000.0,4.35,sec_edgar:companyfacts
JPM,us,2014-03-31,2014-05-02T00:00:00,22993000000.0,,5274000000.0,,,219655000000.0,274512000000.0,,1.28,sec_edgar:companyfacts
JPM,us,2014-06-30,2014-08-04T00:00:00,47447000000.0,,11259000000.0,,,227314000000.0,269929000000.0,,2.74,sec_edgar:companyfacts
JPM,us,2014-09-30,2014-11-03T00:00:00,71693000000.0,,16831000000.0,,,231277000000.0,,,4.1,sec_edgar:companyfacts
JPM,us,2014-12-31,2015-02-24T00:00:00,94205000000.0,,21762000000.0,,,232065000000.0,,3714800000.0,5.29,sec_edgar:companyfacts
JPM,us,2015-03-31,2015-05-05T00:00:00,,,5914000000.0,,,235864000000.0,,,1.45,sec_edgar:companyfacts
JPM,us,2015-06-30,2015-08-03T00:00:00,,,12204000000.0,,,241205000000.0,,,2.99,sec_edgar:companyfacts
JPM,us,2015-09-30,2015-11-02T00:00:00,,,19008000000.0,,,245728000000.0,,,4.68,sec_edgar:companyfacts
JPM,us,2015-12-31,2016-02-23T00:00:00,93543000000.0,,24442000000.0,,,247573000000.0,,3663500000.0,6.0,sec_edgar:companyfacts
JPM,us,2016-03-31,2016-04-29T00:00:00,,,5520000000.0,,,250157000000.0,,,1.35,sec_edgar:companyfacts
JPM,us,2016-06-30,2016-08-03T00:00:00,,,11720000000.0,,,252423000000.0,,,2.89,sec_edgar:companyfacts
JPM,us,2016-09-30,2016-11-01T00:00:00,,,18006000000.0,,,254331000000.0,,,4.48,sec_edgar:companyfacts
JPM,us,2016-12-31,2017-02-28T00:00:00,95668000000.0,,24733000000.0,,,254190000000.0,34443000000.0,3561200000.0,6.19,sec_edgar:companyfacts
JPM,us,2017-03-31,2017-05-02T00:00:00,,,6448000000.0,,,255863000000.0,,,1.65,sec_edgar:companyfacts
JPM,us,2017-06-30,2017-08-02T00:00:00,,,13477000000.0,,,258483000000.0,,,3.47,sec_edgar:companyfacts
JPM,us,2017-09-30,2017-11-01T00:00:00,,,20209000000.0,,,258382000000.0,,,5.22,sec_edgar:companyfacts
JPM,us,2017-12-31,2018-02-27T00:00:00,99624000000.0,,24441000000.0,,,255693000000.0,51802000000.0,3425300000.0,6.31,sec_edgar:companyfacts
JPM,us,2018-03-31,2018-05-02T00:00:00,,,8712000000.0,,,256201000000.0,62667000000.0,,2.37,sec_edgar:companyfacts
JPM,us,2018-06-30,2018-08-01T00:00:00,,,17028000000.0,,,257458000000.0,63918000000.0,,4.66,sec_edgar:companyfacts
JPM,us,2018-09-30,2018-10-31T00:00:00,,,25408000000.0,,,258956000000.0,64635000000.0,,7.0,sec_edgar:companyfacts
JPM,us,2018-12-31,2019-02-26T00:00:00,109029000000.0,,32474000000.0,,,256515000000.0,69276000000.0,3275800000.0,9.0,sec_edgar:companyfacts
JPM,us,2019-03-31,2019-05-02T00:00:00,,,9179000000.0,,,259837000000.0,71305000000.0,,2.65,sec_edgar:companyfacts
JPM,us,2019-06-30,2019-08-06T00:00:00,,,18831000000.0,,,263215000000.0,59890000000.0,,5.46,sec_edgar:companyfacts
JPM,us,2019-09-30,2019-11-04T00:00:00,,,27911000000.0,,,264348000000.0,48893000000.0,,8.15,sec_edgar:companyfacts
JPM,us,2019-12-31,2020-02-25T00:00:00,115627000000.0,,36431000000.0,,,261330000000.0,40920000000.0,3084000000.0,10.72,sec_edgar:companyfacts
JPM,us,2020-03-31,2020-05-07T00:00:00,,,2865000000.0,,,261262000000.0,51909000000.0,,0.78,sec_edgar:companyfacts
JPM,us,2020-06-30,2020-08-03T00:00:00,,,7552000000.0,,,264466000000.0,48014000000.0,,2.17,sec_edgar:companyfacts
JPM,us,2020-09-30,2020-11-02T00:00:00,,,16995000000.0,,,271113000000.0,41992000000.0,,5.09,sec_edgar:companyfacts
JPM,us,2020-12-31,2021-02-23T00:00:00,119543000000.0,,29131000000.0,,,279354000000.0,45208000000.0,3049400000.0,8.88,sec_edgar:companyfacts
JPM,us,2021-03-31,2021-05-04T00:00:00,,,14300000000.0,,,280714000000.0,54978000000.0,,4.5,sec_edgar:companyfacts
JPM,us,2021-06-30,2021-08-02T00:00:00,,,26248000000.0,,,286386000000.0,51938000000.0,,8.28,sec_edgar:companyfacts
JPM,us,2021-09-30,2021-11-02T00:00:00,,,37935000000.0,,,290041000000.0,50393000000.0,,12.02,sec_edgar:companyfacts
JPM,us,2021-12-31,2022-02-22T00:00:00,121649000000.0,,48334000000.0,,,294127000000.0,53594000000.0,2944100000.0,15.36,sec_edgar:companyfacts
JPM,us,2022-03-31,2022-05-03T00:00:00,,,8282000000.0,,,285899000000.0,57586000000.0,,2.63,sec_edgar:companyfacts
JPM,us,2022-06-30,2022-08-03T00:00:00,,,16931000000.0,,,286143000000.0,58422000000.0,,5.39,sec_edgar:companyfacts
JPM,us,2022-09-30,2022-11-03T00:00:00,,,26668000000.0,,,288018000000.0,47866000000.0,,8.51,sec_edgar:companyfacts
JPM,us,2022-12-31,2023-02-21T00:00:00,128695000000.0,,37676000000.0,,,292332000000.0,44027000000.0,2934200000.0,12.09,sec_edgar:companyfacts
JPM,us,2023-03-31,2023-05-03T00:00:00,,,12622000000.0,,,303082000000.0,42241000000.0,,4.1,sec_edgar:companyfacts
JPM,us,2023-06-30,2023-08-03T00:00:00,,,27094000000.0,,,312516000000.0,41022000000.0,,8.85,sec_edgar:companyfacts
JPM,us,2023-09-30,2023-11-01T00:00:00,,,40245000000.0,,,317371000000.0,45470000000.0,,13.18,sec_edgar:companyfacts
JPM,us,2023-12-31,2024-02-16T00:00:00,158104000000.0,,49552000000.0,,,327878000000.0,44712000000.0,2876600000.0,16.23,sec_edgar:companyfacts
JPM,us,2024-03-31,2024-05-01T00:00:00,,,13419000000.0,,,336637000000.0,46268000000.0,,4.44,sec_edgar:companyfacts
JPM,us,2024-06-30,2024-08-02T00:00:00,,,31568000000.0,,,340552000000.0,47308000000.0,,10.56,sec_edgar:companyfacts
JPM,us,2024-09-30,2024-10-30T00:00:00,,,44466000000.0,,,345836000000.0,50638000000.0,,14.94,sec_edgar:companyfacts
JPM,us,2024-12-31,2025-02-14T00:00:00,177556000000.0,,58471000000.0,,,344758000000.0,52893000000.0,2797600000.0,19.75,sec_edgar:companyfacts
JPM,us,2025-03-31,2025-05-01T00:00:00,,,14643000000.0,,,351420000000.0,64980000000.0,,5.07,sec_edgar:companyfacts
JPM,us,2025-06-30,2025-08-05T00:00:00,,,29630000000.0,,,356924000000.0,65293000000.0,,10.31,sec_edgar:companyfacts
JPM,us,2025-09-30,2025-11-04T00:00:00,,,44023000000.0,,,360212000000.0,69355000000.0,,15.38,sec_edgar:companyfacts
JPM,us,2025-12-31,2026-02-13T00:00:00,182447000000.0,,57048000000.0,,,362438000000.0,64776000000.0,2696200000.0,20.02,sec_edgar:companyfacts
JPM,us,2026-03-31,2026-05-01T00:00:00,,,16494000000.0,,,364038000000.0,68048000000.0,,5.94,sec_edgar:companyfacts
KO,us,2007-12-31,2010-02-26T00:00:00,,,5981000000.0,5502000000.0,,,,,2.57,sec_edgar:companyfacts
KO,us,2008-06-27,2009-07-30T00:00:00,,,2922000000.0,2322000000.0,,,,,,sec_edgar:companyfacts
KO,us,2008-09-26,2009-10-29T00:00:00,,,4812000000.0,4298000000.0,,,,,2.06,sec_edgar:companyfacts
KO,us,2008-12-31,2010-02-26T00:00:00,,,5807000000.0,5603000000.0,,20472000000.0,,,2.49,sec_edgar:companyfacts
KO,us,2009-04-03,2010-04-29T00:00:00,,,1348000000.0,406000000.0,,,,,0.58,sec_edgar:companyfacts
KO,us,2009-07-03,2010-08-02T00:00:00,,,3385000000.0,2682000000.0,,23076000000.0,,,1.46,sec_edgar:companyfacts
KO,us,2009-10-02,2009-10-29T00:00:00,,,5281000000.0,4871000000.0,,23955000000.0,,,2.27,sec_edgar:companyfacts
KO,us,2009-12-31,2010-02-26T00:00:00,,,6824000000.0,6193000000.0,,24799000000.0,5110000000.0,,2.93,sec_edgar:companyfacts
KO,us,2010-04-02,2010-04-29T00:00:00,,,1614000000.0,933000000.0,,24872000000.0,,,0.69,sec_edgar:companyfacts
KO,us,2010-07-02,2010-08-02T00:00:00,,,3983000000.0,3417000000.0,,25518000000.0,4971000000.0,,1.71,sec_edgar:companyfacts
KO,us,2010-10-01,2010-10-29T00:00:00,,,6038000000.0,5889000000.0,,27906000000.0,5003000000.0,,2.59,sec_edgar:companyfacts
KO,us,2010-12-31,2011-02-28T00:00:00,,,11809000000.0,7317000000.0,,31003000000.0,15317000000.0,,5.06,sec_edgar:companyfacts
KO,us,2011-04-01,2011-05-02T00:00:00,,,1900000000.0,-131000000.0,,32279000000.0,14095000000.0,,0.82,sec_edgar:companyfacts
KO,us,2011-07-01,2011-08-01T00:00:00,,,4697000000.0,2452000000.0,,35142000000.0,13859000000.0,,2.02,sec_edgar:companyfacts
KO,us,2011-09-30,2011-10-27T00:00:00,,,6918000000.0,4885000000.0,,33209000000.0,15790000000.0,,2.97,sec_edgar:companyfacts
KO,us,2011-12-31,2012-02-23T00:00:00,,,8572000000.0,6554000000.0,,31635000000.0,15697000000.0,,3.69,sec_edgar:companyfacts
KO,us,2012-03-30,2012-04-26T00:00:00,,,2054000000.0,-99000000.0,,32818000000.0,17740000000.0,,0.89,sec_edgar:companyfacts
KO,us,2012-06-29,2012-07-26T00:00:00,,,4842000000.0,2873000000.0,,32269000000.0,16518000000.0,,2.11,sec_edgar:companyfacts
KO,us,2012-09-28,2012-10-25T00:00:00,,,7153000000.0,5869000000.0,,33210000000.0,16522000000.0,,1.56,sec_edgar:companyfacts
KO,us,2012-12-31,2013-02-27T00:00:00,,,9019000000.0,7865000000.0,,32790000000.0,16313000000.0,,1.97,sec_edgar:companyfacts
KO,us,2013-03-29,2013-04-25T00:00:00,,,1751000000.0,-20000000.0,,32480000000.0,18796000000.0,,0.39,sec_edgar:companyfacts
KO,us,2013-06-28,2013-07-25T00:00:00,,,4427000000.0,2887000000.0,,32223000000.0,17372000000.0,,0.98,sec_edgar:companyfacts
KO,us,2013-09-27,2013-10-24T00:00:00,,,6874000000.0,6087000000.0,,32132000000.0,17367000000.0,,1.52,sec_edgar:companyfacts
KO,us,2013-12-31,2014-02-27T00:00:00,,,8584000000.0,7992000000.0,,33173000000.0,20178000000.0,,1.9,sec_edgar:companyfacts
KO,us,2014-03-28,2014-04-24T00:00:00,,,1619000000.0,617000000.0,,32654000000.0,20191000000.0,,0.36,sec_edgar:companyfacts
KO,us,2014-06-27,2014-07-30T00:00:00,,,4214000000.0,3440000000.0,,34071000000.0,20162000000.0,,0.95,sec_edgar:companyfacts
KO,us,2014-09-26,2014-10-29T00:00:00,,,6328000000.0,6361000000.0,,33429000000.0,22635000000.0,,1.42,sec_edgar:companyfacts
KO,us,2014-12-31,2015-02-25T00:00:00,,,7098000000.0,8209000000.0,,30320000000.0,22615000000.0,,1.6,sec_edgar:companyfacts
KO,us,2015-04-03,2015-04-30T00:00:00,,,1557000000.0,1058000000.0,,28837000000.0,28127000000.0,,0.35,sec_edgar:companyfacts
KO,us,2015-07-03,2015-07-29T00:00:00,,,4665000000.0,4004000000.0,,28418000000.0,28008000000.0,,1.06,sec_edgar:companyfacts
KO,us,2015-10-02,2015-10-28T00:00:00,,,6114000000.0,6720000000.0,,26049000000.0,28641000000.0,,1.39,sec_edgar:companyfacts
KO,us,2015-12-31,2016-02-25T00:00:00,,,7351000000.0,7975000000.0,,25554000000.0,31084000000.0,,1.67,sec_edgar:companyfacts
KO,us,2016-04-01,2016-04-28T00:00:00,,,1483000000.0,68000000.0,,24914000000.0,31946000000.0,,0.34,sec_edgar:companyfacts
KO,us,2016-07-01,2016-07-28T00:00:00,,,4931000000.0,2735000000.0,,26637000000.0,34147000000.0,,1.13,sec_edgar:companyfacts
KO,us,2016-09-30,2016-10-27T00:00:00,,,5977000000.0,5162000000.0,,26076000000.0,35136000000.0,,1.37,sec_edgar:companyfacts
KO,us,2016-12-31,2019-02-21T00:00:00,41863000000.0,,6527000000.0,6534000000.0,,23062000000.0,33211000000.0,,1.49,sec_edgar:companyfacts
KO,us,2017-03-31,2017-04-27T00:00:00,,,1182000000.0,346000000.0,,22876000000.0,33723000000.0,,0.27,sec_edgar:companyfacts
KO,us,2017-06-30,2017-07-27T00:00:00,,,2553000000.0,2559000000.0,,22001000000.0,35283000000.0,,0.59,sec_edgar:companyfacts
KO,us,2017-09-29,2018-10-30T00:00:00,27898000000.0,,4000000000.0,4724000000.0,,22119000000.0,35702000000.0,,0.92,sec_edgar:companyfacts
KO,us,2017-12-31,2019-02-21T00:00:00,35410000000.0,,1248000000.0,5320000000.0,,17072000000.0,34480000000.0,,0.29,sec_edgar:companyfacts
KO,us,2018-03-30,2019-04-25T00:00:00,7626000000.0,,1368000000.0,,,19610000000.0,34162000000.0,,0.32,sec_edgar:companyfacts
KO,us,2018-06-29,2019-07-25T00:00:00,17719000000.0,,3684000000.0,,,18323000000.0,32086000000.0,,0.86,sec_edgar:companyfacts
KO,us,2018-09-28,2019-10-24T00:00:00,24798000000.0,,5564000000.0,4773000000.0,,18264000000.0,31864000000.0,,1.29,sec_edgar:companyfacts
KO,us,2018-12-31,2019-02-21T00:00:00,31856000000.0,,6434000000.0,5973000000.0,,16981000000.0,30361000000.0,,1.5,sec_edgar:companyfacts
KO,us,2019-03-29,2020-04-24T00:00:00,8020000000.0,,1678000000.0,424000000.0,,17735000000.0,32697000000.0,,0.39,sec_edgar:companyfacts
KO,us,2019-06-28,2020-07-22T00:00:00,18691000000.0,,4285000000.0,3734000000.0,,18181000000.0,32045000000.0,,1.0,sec_edgar:companyfacts
KO,us,2019-09-27,2019-10-24T00:00:00,28198000000.0,,6878000000.0,6565000000.0,,18713000000.0,31504000000.0,,1.6,sec_edgar:companyfacts
KO,us,2019-12-31,2020-02-24T00:00:00,37266000000.0,,8920000000.0,8417000000.0,,18981000000.0,42763000000.0,,2.07,sec_edgar:companyfacts
KO,us,2020-03-27,2020-04-24T00:00:00,8601000000.0,,2775000000.0,229000000.0,,18158000000.0,36736000000.0,,0.64,sec_edgar:companyfacts
KO,us,2020-06-26,2020-07-22T00:00:00,15751000000.0,,4554000000.0,2250000000.0,,17484000000.0,42910000000.0,,1.05,sec_edgar:companyfacts
KO,us,2020-09-25,2020-10-22T00:00:00,24403000000.0,,6291000000.0,5461000000.0,,18607000000.0,47010000000.0,,1.46,sec_edgar:companyfacts
KO,us,2020-12-31,2021-02-25T00:00:00,33014000000.0,,7747000000.0,8667000000.0,,19299000000.0,42793000000.0,,1.79,sec_edgar:companyfacts
KO,us,2021-04-02,2021-04-27T00:00:00,9020000000.0,,2245000000.0,1420000000.0,,20355000000.0,43050000000.0,,0.52,sec_edgar:companyfacts
KO,us,2021-07-02,2021-07-26T00:00:00,19149000000.0,,4886000000.0,5075000000.0,,22249000000.0,40141000000.0,,1.13,sec_edgar:companyfacts
KO,us,2021-10-01,2021-10-28T00:00:00,29191000000.0,,7357000000.0,8503000000.0,,22179000000.0,39842000000.0,,1.7,sec_edgar:companyfacts
KO,us,2021-12-31,2022-02-22T00:00:00,38655000000.0,,9771000000.0,11258000000.0,,22999000000.0,42761000000.0,,2.25,sec_edgar:companyfacts
KO,us,2022-04-01,2022-04-28T00:00:00,10491000000.0,,2781000000.0,406000000.0,,24845000000.0,38091000000.0,,0.64,sec_edgar:companyfacts
KO,us,2022-07-01,2022-07-27T00:00:00,21816000000.0,,4686000000.0,4059000000.0,,23005000000.0,37543000000.0,,1.08,sec_edgar:companyfacts
KO,us,2022-09-30,2022-10-26T00:00:00,32879000000.0,,7511000000.0,7292000000.0,,22805000000.0,36191000000.0,,1.73,sec_edgar:companyfacts
KO,us,2022-12-31,2023-02-21T00:00:00,43004000000.0,,9542000000.0,9534000000.0,,24105000000.0,39149000000.0,,2.19,sec_edgar:companyfacts
KO,us,2023-03-31,2023-04-26T00:00:00,10980000000.0,,3107000000.0,-116000000.0,,25217000000.0,36945000000.0,,0.72,sec_edgar:companyfacts
KO,us,2023-06-30,2023-07-27T00:00:00,22952000000.0,,5654000000.0,4014000000.0,,26013000000.0,36797000000.0,,1.3,sec_edgar:companyfacts
KO,us,2023-09-29,2023-10-24T00:00:00,34905000000.0,,8741000000.0,7928000000.0,,26325000000.0,36256000000.0,,2.01,sec_edgar:companyfacts
KO,us,2023-12-31,2024-02-20T00:00:00,45754000000.0,,10714000000.0,9747000000.0,,25941000000.0,37507000000.0,,2.47,sec_edgar:companyfacts
KO,us,2024-03-29,2024-05-02T00:00:00,11300000000.0,,3177000000.0,158000000.0,,26429000000.0,36496000000.0,,0.74,sec_edgar:companyfacts
KO,us,2024-06-28,2024-07-29T00:00:00,23663000000.0,,5588000000.0,3321000000.0,,25853000000.0,,,1.29,sec_edgar:companyfacts
KO,us,2024-09-27,2024-10-24T00:00:00,35517000000.0,,8436000000.0,1593000000.0,,26518000000.0,,,1.95,sec_edgar:companyfacts
KO,us,2024-12-31,2025-02-20T00:00:00,47061000000.0,,10631000000.0,4741000000.0,,24856000000.0,,,2.46,sec_edgar:companyfacts
KO,us,2025-03-28,2025-05-01T00:00:00,11129000000.0,,3330000000.0,-5511000000.0,,26202000000.0,,,0.77,sec_edgar:companyfacts
KO,us,2025-06-27,2025-07-24T00:00:00,23664000000.0,,7140000000.0,-2142000000.0,,28585000000.0,,,1.65,sec_edgar:companyfacts
KO,us,2025-09-26,2025-10-23T00:00:00,36119000000.0,,10836000000.0,2422000000.0,,31247000000.0,,,2.51,sec_edgar:companyfacts
KO,us,2025-12-31,2026-02-20T00:00:00,47941000000.0,,13107000000.0,5296000000.0,,32169000000.0,,,3.04,sec_edgar:companyfacts
KO,us,2026-04-03,2026-04-30T00:00:00,12472000000.0,,3924000000.0,1755000000.0,,33633000000.0,,,0.91,sec_edgar:companyfacts
LIN,us,2016-12-31,2019-03-18T00:00:00,10534000000.0,,1500000000.0,,,,,,5.21,sec_edgar:companyfacts
LIN,us,2017-03-31,2019-03-18T00:00:00,2728000000.0,,389000000.0,,,,,,1.35,sec_edgar:companyfacts
LIN,us,2017-06-30,2019-03-18T00:00:00,2834000000.0,,-462640.0,,,-462640.0,,,-18.51,sec_edgar:companyfacts
LIN,us,2017-09-30,2019-03-18T00:00:00,2922000000.0,,-753465.0,,,-774997.0,,,-30.14,sec_edgar:companyfacts
LIN,us,2017-12-31,2019-03-18T00:00:00,11437000000.0,,-1882646.0,-1311034798.0,,-1931845.0,9000000000.0,,-75.31,sec_edgar:companyfacts
LIN,us,2018-03-31,2019-05-10T00:00:00,2999000000.0,,462000000.0,,,,,,1.59,sec_edgar:companyfacts
LIN,us,2018-06-30,2019-08-09T00:00:00,3061000000.0,,480000000.0,,,,,,3.24,sec_edgar:companyfacts
LIN,us,2018-09-30,2019-11-12T00:00:00,3024000000.0,,-9397039.0,-1060789805.0,,-11151516.0,,,-375.88,sec_edgar:companyfacts
LIN,us,2018-12-31,2020-03-02T00:00:00,14900000000.0,,4381000000.0,,,51596000000.0,15296000000.0,547241630.0,13.11,sec_edgar:companyfacts
LIN,us,2019-03-31,2019-05-10T00:00:00,6944000000.0,,517000000.0,,,51175000000.0,14146000000.0,,0.94,sec_edgar:companyfacts
LIN,us,2019-06-30,2019-08-09T00:00:00,14148000000.0,,1039000000.0,,,50564000000.0,13957000000.0,,1.9,sec_edgar:companyfacts
LIN,us,2019-09-30,2019-11-12T00:00:00,21148000000.0,,1774000000.0,,,48953000000.0,13201000000.0,,3.25,sec_edgar:companyfacts
LIN,us,2019-12-31,2020-03-02T00:00:00,28228000000.0,,2285000000.0,,,49074000000.0,13956000000.0,534380544.0,4.19,sec_edgar:companyfacts
LIN,us,2020-03-31,2021-05-06T00:00:00,6739000000.0,,573000000.0,544000000.0,,44776000000.0,16875000000.0,,1.07,sec_edgar:companyfacts
LIN,us,2020-06-30,2021-07-30T00:00:00,13116000000.0,,1031000000.0,1525000000.0,,45537000000.0,17480000000.0,,1.93,sec_edgar:companyfacts
LIN,us,2020-09-30,2021-10-29T00:00:00,19971000000.0,,1731000000.0,2622000000.0,,46175000000.0,17803000000.0,,3.26,sec_edgar:companyfacts
LIN,us,2020-12-31,2023-02-28T00:00:00,27243000000.0,,2501000000.0,4029000000.0,,47317000000.0,16154000000.0,523294529.0,4.71,sec_edgar:companyfacts
LIN,us,2021-03-31,2021-05-06T00:00:00,7243000000.0,,980000000.0,1347000000.0,,46210000000.0,15750000000.0,,1.86,sec_edgar:companyfacts
LIN,us,2021-06-30,2021-07-30T00:00:00,14827000000.0,,1821000000.0,2430000000.0,,45777000000.0,15492000000.0,,3.46,sec_edgar:companyfacts
LIN,us,2021-09-30,2021-10-29T00:00:00,22495000000.0,,2800000000.0,4245000000.0,,44323000000.0,16727000000.0,,5.35,sec_edgar:companyfacts
LIN,us,2021-12-31,2023-02-28T00:00:00,30793000000.0,,3826000000.0,6639000000.0,,44035000000.0,14207000000.0,508680879.0,7.33,sec_edgar:companyfacts
LIN,us,2022-03-31,2022-05-02T00:00:00,8211000000.0,,1174000000.0,1351000000.0,,42963000000.0,16456000000.0,,2.3,sec_edgar:companyfacts
LIN,us,2022-06-30,2022-07-28T00:00:00,16668000000.0,,1546000000.0,2658000000.0,,39674000000.0,16043000000.0,,3.04,sec_edgar:companyfacts
LIN,us,2022-09-30,2022-10-27T00:00:00,25465000000.0,,2819000000.0,4532000000.0,,37628000000.0,15338000000.0,,5.57,sec_edgar:companyfacts
LIN,us,2022-12-31,2023-02-28T00:00:00,33364000000.0,,4147000000.0,5691000000.0,,40028000000.0,17914000000.0,,8.23,sec_edgar:companyfacts
LIN,us,2023-03-31,2023-04-27T00:00:00,8193000000.0,,1516000000.0,1079000000.0,,39970000000.0,18777000000.0,,3.06,sec_edgar:companyfacts
LIN,us,2023-06-30,2023-07-27T00:00:00,16397000000.0,,3091000000.0,2370000000.0,,39911000000.0,17490000000.0,,6.25,sec_edgar:companyfacts
LIN,us,2023-09-30,2023-10-26T00:00:00,24552000000.0,,4656000000.0,3942000000.0,,38898000000.0,18003000000.0,,9.43,sec_edgar:companyfacts
LIN,us,2023-12-31,2024-02-28T00:00:00,32854000000.0,,6199000000.0,5518000000.0,,39720000000.0,19373000000.0,,12.59,sec_edgar:companyfacts
LIN,us,2024-03-31,2024-05-02T00:00:00,8100000000.0,,1627000000.0,906000000.0,,38829000000.0,20319000000.0,,3.35,sec_edgar:companyfacts
LIN,us,2024-06-30,2024-08-02T00:00:00,16367000000.0,,3290000000.0,1702000000.0,,38179000000.0,21518000000.0,,6.79,sec_edgar:companyfacts
LIN,us,2024-09-30,2024-10-31T00:00:00,24723000000.0,,4840000000.0,3367000000.0,,39173000000.0,22262000000.0,,10.02,sec_edgar:companyfacts
LIN,us,2024-12-31,2025-02-26T00:00:00,33005000000.0,,6565000000.0,4926000000.0,,38092000000.0,21623000000.0,,13.62,sec_edgar:companyfacts
LIN,us,2025-03-31,2025-05-01T00:00:00,8112000000.0,,1673000000.0,891000000.0,,38032000000.0,23897000000.0,,3.51,sec_edgar:companyfacts
LIN,us,2025-06-30,2025-08-01T00:00:00,16607000000.0,,3439000000.0,1845000000.0,,38515000000.0,25920000000.0,,7.24,sec_edgar:companyfacts
LIN,us,2025-09-30,2025-10-31T00:00:00,25222000000.0,,5368000000.0,3517000000.0,,38616000000.0,25925000000.0,,11.34,sec_edgar:companyfacts
LIN,us,2025-12-31,2026-02-25T00:00:00,33986000000.0,,6898000000.0,5089000000.0,,38245000000.0,26989000000.0,,14.61,sec_edgar:companyfacts
LIN,us,2026-03-31,2026-05-01T00:00:00,8781000000.0,,1857000000.0,898000000.0,,38566000000.0,26317000000.0,,3.98,sec_edgar:companyfacts
LLY,us,2007-12-31,2010-02-22T00:00:00,18633500000.0,,2953000000.0,,,,,,,sec_edgar:companyfacts
LLY,us,2008-06-30,2009-07-31T00:00:00,9958000000.0,,2023100000.0,,,,,,,sec_edgar:companyfacts
LLY,us,2008-09-30,2009-10-30T00:00:00,15167500000.0,,1557500000.0,,,,,,,sec_edgar:companyfacts
LLY,us,2008-12-31,2011-02-22T00:00:00,20371900000.0,,-2071900000.0,,,,5846300000.0,,-1.89,sec_edgar:companyfacts
LLY,us,2009-03-31,2010-04-30T00:00:00,5047000000.0,,1313100000.0,,,,,,,sec_edgar:companyfacts
LLY,us,2009-06-30,2009-07-31T00:00:00,10339800000.0,,2471600000.0,,,,1034900000.0,,,sec_edgar:companyfacts
LLY,us,2009-09-30,2009-10-30T00:00:00,15901800000.0,,3413400000.0,,,,622500000.0,,,sec_edgar:companyfacts
LLY,us,2009-12-31,2011-02-22T00:00:00,21836000000.0,,4328800000.0,,,,6682400000.0,,3.94,sec_edgar:companyfacts
LLY,us,2010-03-31,2010-04-30T00:00:00,5485500000.0,,1248100000.0,,,,20100000.0,,,sec_edgar:companyfacts
LLY,us,2010-06-30,2010-08-02T00:00:00,11234200000.0,,2597000000.0,,,,26700000.0,,,sec_edgar:companyfacts
LLY,us,2010-09-30,2010-10-29T00:00:00,16889000000.0,,3899900000.0,,,,155100000.0,,,sec_edgar:companyfacts
LLY,us,2010-12-31,2014-02-19T00:00:00,23076000000.0,,5069500000.0,,,12420300000.0,6944700000.0,,4.58,sec_edgar:companyfacts
LLY,us,2011-03-31,2011-04-29T00:00:00,5839200000.0,,1055900000.0,,,,1539900000.0,,,sec_edgar:companyfacts
LLY,us,2011-06-30,2011-07-29T00:00:00,12092000000.0,,2253200000.0,,,,1528500000.0,,,sec_edgar:companyfacts
LLY,us,2011-09-30,2011-10-28T00:00:00,18239900000.0,,3489500000.0,,,,1628700000.0,,,sec_edgar:companyfacts
LLY,us,2011-12-31,2014-02-19T00:00:00,24286500000.0,,4347700000.0,,,13541700000.0,8503800000.0,,3.9,sec_edgar:companyfacts
LLY,us,2012-03-31,2014-02-19T00:00:00,5602000000.0,,1011100000.0,,,,10600000.0,,0.91,sec_edgar:companyfacts
LLY,us,2012-06-30,2013-07-26T00:00:00,11202700000.0,,1934700000.0,,,,9100000.0,,1.73,sec_edgar:companyfacts
LLY,us,2012-09-30,2013-10-30T00:00:00,16646000000.0,,3261300000.0,,,,9100000.0,,2.92,sec_edgar:companyfacts
LLY,us,2012-12-31,2014-02-19T00:00:00,22603400000.0,,4088600000.0,,,14765200000.0,5543200000.0,,3.66,sec_edgar:companyfacts
LLY,us,2013-03-31,2014-02-19T00:00:00,5602000000.0,,1548000000.0,,,,1028000000.0,,1.42,sec_edgar:companyfacts
LLY,us,2013-06-30,2013-07-26T00:00:00,11531700000.0,,2754200000.0,,,,1023200000.0,,2.53,sec_edgar:companyfacts
LLY,us,2013-09-30,2013-10-30T00:00:00,17304300000.0,,3957300000.0,,,,1000000000.0,,3.64,sec_edgar:companyfacts
LLY,us,2013-12-31,2014-02-19T00:00:00,23113100000.0,,4684800000.0,,,17631400000.0,6225500000.0,,4.32,sec_edgar:companyfacts
LLY,us,2014-03-31,2014-04-28T00:00:00,4683100000.0,,727900000.0,,,18338100000.0,1000000000.0,,0.68,sec_edgar:companyfacts
LLY,us,2014-06-30,2014-07-28T00:00:00,9618700000.0,,1461400000.0,,,17983700000.0,,,1.36,sec_edgar:companyfacts
LLY,us,2014-09-30,2014-10-29T00:00:00,14494300000.0,,1962000000.0,,,17669300000.0,,,1.82,sec_edgar:companyfacts
LLY,us,2014-12-31,2015-02-19T00:00:00,19615600000.0,,2390500000.0,,,15373200000.0,,,2.23,sec_edgar:companyfacts
LLY,us,2015-03-31,2015-04-30T00:00:00,4644700000.0,,529500000.0,,,14919800000.0,,,0.5,sec_edgar:companyfacts
LLY,us,2015-06-30,2015-07-30T00:00:00,9623400000.0,,1130300000.0,,,14670300000.0,,,1.06,sec_edgar:companyfacts
LLY,us,2015-09-30,2015-10-30T00:00:00,14583100000.0,,1930000000.0,,,15221400000.0,,,1.81,sec_edgar:companyfacts
LLY,us,2015-12-31,2016-02-19T00:00:00,19958700000.0,,2408400000.0,,,14571300000.0,7978500000.0,,2.26,sec_edgar:companyfacts
LLY,us,2016-03-31,2016-04-29T00:00:00,4865100000.0,,440100000.0,,,15009900000.0,,,0.41,sec_edgar:companyfacts
LLY,us,2016-06-30,2016-07-28T00:00:00,10269900000.0,,1187800000.0,,,14637300000.0,,,1.12,sec_edgar:companyfacts
LLY,us,2016-09-30,2016-10-28T00:00:00,15461600000.0,,1965800000.0,,,15589200000.0,,,1.85,sec_edgar:companyfacts
LLY,us,2016-12-31,2017-02-21T00:00:00,21222100000.0,,2737600000.0,,,14007700000.0,9005900000.0,,2.58,sec_edgar:companyfacts
LLY,us,2017-03-31,2017-05-01T00:00:00,5228300000.0,,-110800000.0,,,14031000000.0,,,-0.1,sec_edgar:companyfacts
LLY,us,2017-06-30,2017-07-28T00:00:00,11052600000.0,,897200000.0,,,14100800000.0,,,0.85,sec_edgar:companyfacts
LLY,us,2017-09-30,2017-10-27T00:00:00,16710600000.0,,1452800000.0,,,14890300000.0,,,1.37,sec_edgar:companyfacts
LLY,us,2017-12-31,2018-02-20T00:00:00,22871300000.0,,-204100000.0,,,11592200000.0,,,-0.19,sec_edgar:companyfacts
LLY,us,2018-03-31,2018-04-27T00:00:00,5700000000.0,,1217400000.0,,,14527000000.0,,,1.16,sec_edgar:companyfacts
LLY,us,2018-06-30,2018-07-25T00:00:00,12055200000.0,,957500000.0,,,11555200000.0,,,0.92,sec_edgar:companyfacts
LLY,us,2018-09-30,2019-10-25T00:00:00,18117100000.0,,2107000000.0,3259500000.0,,13076600000.0,,,2.03,sec_edgar:companyfacts
LLY,us,2018-12-31,2019-02-19T00:00:00,24555700000.0,,3232000000.0,,,9828700000.0,,,3.13,sec_edgar:companyfacts
LLY,us,2019-03-31,2020-05-01T00:00:00,5092200000.0,,4241600000.0,107600000.0,,2480300000.0,,,4.31,sec_edgar:companyfacts
LLY,us,2019-06-30,2020-07-31T00:00:00,10728900000.0,,5568800000.0,918800000.0,,2780500000.0,,,5.84,sec_edgar:companyfacts
LLY,us,2019-09-30,2019-10-25T00:00:00,16205500000.0,,6822700000.0,2165500000.0,,3382500000.0,,,7.24,sec_edgar:companyfacts
LLY,us,2019-12-31,2020-02-19T00:00:00,22319500000.0,,8318400000.0,,,2606900000.0,13638500000.0,,8.89,sec_edgar:companyfacts
LLY,us,2020-03-31,2020-05-01T00:00:00,5859800000.0,,1456500000.0,124100000.0,,3078800000.0,,,1.6,sec_edgar:companyfacts
LLY,us,2020-06-30,2020-07-31T00:00:00,11359200000.0,,2868500000.0,2337700000.0,,4092900000.0,,,3.15,sec_edgar:companyfacts
LLY,us,2020-09-30,2020-10-28T00:00:00,17099800000.0,,4076900000.0,3751200000.0,,4826900000.0,,,4.47,sec_edgar:companyfacts
LLY,us,2020-12-31,2021-02-17T00:00:00,24539800000.0,,6193700000.0,,,5641600000.0,16348700000.0,,6.79,sec_edgar:companyfacts
LLY,us,2021-03-31,2021-04-30T00:00:00,6805600000.0,,1355300000.0,1397100000.0,,6898700000.0,,,1.49,sec_edgar:companyfacts
LLY,us,2021-06-30,2021-08-03T00:00:00,13545700000.0,,2745500000.0,2791300000.0,,6444400000.0,,,3.01,sec_edgar:companyfacts
LLY,us,2021-09-30,2021-10-27T00:00:00,20318500000.0,,3855600000.0,4085800000.0,,7757000000.0,,,4.23,sec_edgar:companyfacts
LLY,us,2021-12-31,2022-02-23T00:00:00,28318400000.0,,5581700000.0,,,8979200000.0,16741200000.0,,6.12,sec_edgar:companyfacts
LLY,us,2022-03-31,2022-04-29T00:00:00,7810000000.0,,1902900000.0,2133800000.0,,9330800000.0,,,2.1,sec_edgar:companyfacts
LLY,us,2022-06-30,2022-08-04T00:00:00,14298000000.0,,2855400000.0,2583500000.0,,8544700000.0,,,3.16,sec_edgar:companyfacts
LLY,us,2022-09-30,2022-11-01T00:00:00,21239600000.0,,4307100000.0,4151100000.0,,10070100000.0,,,4.76,sec_edgar:companyfacts
LLY,us,2022-12-31,2023-02-22T00:00:00,28541400000.0,,6244800000.0,,,10649800000.0,14815300000.0,,6.9,sec_edgar:companyfacts
LLY,us,2023-03-31,2023-04-27T00:00:00,6960000000.0,,1344900000.0,,,11190400000.0,,,1.49,sec_edgar:companyfacts
LLY,us,2023-06-30,2023-08-08T00:00:00,15272100000.0,,3108100000.0,,,11063800000.0,,,3.44,sec_edgar:companyfacts
LLY,us,2023-09-30,2023-11-02T00:00:00,24770700000.0,,3050700000.0,,,11220400000.0,,,3.38,sec_edgar:companyfacts
LLY,us,2023-12-31,2024-02-21T00:00:00,34124100000.0,,5240400000.0,,,10771900000.0,19104600000.0,,5.8,sec_edgar:companyfacts
LLY,us,2024-03-31,2024-04-30T00:00:00,8768000000.0,,2242900000.0,,,12812200000.0,,,2.48,sec_edgar:companyfacts
LLY,us,2024-06-30,2024-08-08T00:00:00,20070800000.0,,5209900000.0,,,13562000000.0,,,5.76,sec_edgar:companyfacts
LLY,us,2024-09-30,2024-10-30T00:00:00,31509900000.0,,6180200000.0,,,14240000000.0,,,6.83,sec_edgar:companyfacts
LLY,us,2024-12-31,2025-02-19T00:00:00,45042700000.0,,10590000000.0,,,14192100000.0,29474000000.0,,11.71,sec_edgar:companyfacts
LLY,us,2025-03-31,2025-05-01T00:00:00,12728500000.0,,2759300000.0,,,15764800000.0,,,3.06,sec_edgar:companyfacts
LLY,us,2025-06-30,2025-08-07T00:00:00,28286200000.0,,8419800000.0,,,18272900000.0,,,9.35,sec_edgar:companyfacts
LLY,us,2025-09-30,2025-10-30T00:00:00,45887000000.0,,14002300000.0,,,23793300000.0,,,15.56,sec_edgar:companyfacts
LLY,us,2025-12-31,2026-02-12T00:00:00,65179000000.0,,20640000000.0,,,26535000000.0,,,22.95,sec_edgar:companyfacts
LLY,us,2026-03-31,2026-04-30T00:00:00,19799000000.0,,7396000000.0,,,31198000000.0,,,8.26,sec_edgar:companyfacts
LMT,us,2006-12-31,2010-02-25T00:00:00,,,,,,6884000000.0,,,,sec_edgar:companyfacts
LMT,us,2007-12-31,2010-02-25T00:00:00,,,3033000000.0,3298000000.0,,9805000000.0,,,7.1,sec_edgar:companyfacts
LMT,us,2008-06-29,2009-07-22T00:00:00,,,1612000000.0,2094000000.0,,,,,3.9,sec_edgar:companyfacts
LMT,us,2008-09-28,2009-10-23T00:00:00,,,2394000000.0,2921000000.0,,,,,5.82,sec_edgar:companyfacts
LMT,us,2008-12-31,2010-02-25T00:00:00,,,3217000000.0,3495000000.0,,2865000000.0,,,7.86,sec_edgar:companyfacts
LMT,us,2009-03-29,2010-04-21T00:00:00,,,666000000.0,1086000000.0,,,,,1.68,sec_edgar:companyfacts
LMT,us,2009-03-31,2011-02-25T00:00:00,,,666000000.0,,,,,,1.68,sec_edgar:companyfacts
LMT,us,2009-06-28,2009-07-22T00:00:00,,,1400000000.0,2055000000.0,,2820000000.0,,,3.55,sec_edgar:companyfacts
LMT,us,2009-06-30,2011-02-25T00:00:00,,,734000000.0,,,,,,1.88,sec_edgar:companyfacts
LMT,us,2009-09-27,2009-10-23T00:00:00,,,2197000000.0,3297000000.0,,3140000000.0,,,5.61,sec_edgar:companyfacts
LMT,us,2009-09-30,2011-02-25T00:00:00,,,797000000.0,,,,,,2.07,sec_edgar:companyfacts
LMT,us,2009-12-31,2010-02-25T00:00:00,,,3024000000.0,2321000000.0,,4129000000.0,5052000000.0,,7.78,sec_edgar:companyfacts
LMT,us,2010-03-28,2010-04-21T00:00:00,,,547000000.0,1557000000.0,,4028000000.0,,,1.45,sec_edgar:companyfacts
LMT,us,2010-03-31,2011-02-25T00:00:00,,,547000000.0,,,,,,1.45,sec_edgar:companyfacts
LMT,us,2010-06-27,2010-07-29T00:00:00,,,1372000000.0,2651000000.0,,3734000000.0,,,3.66,sec_edgar:companyfacts
LMT,us,2010-06-30,2011-02-25T00:00:00,,,825000000.0,,,,,,2.22,sec_edgar:companyfacts
LMT,us,2010-09-26,2010-10-21T00:00:00,,,1943000000.0,2993000000.0,,3918000000.0,,,5.23,sec_edgar:companyfacts
LMT,us,2010-09-30,2011-02-25T00:00:00,,,571000000.0,,,,,,1.57,sec_edgar:companyfacts
LMT,us,2010-12-31,2011-02-25T00:00:00,,,2926000000.0,2727000000.0,,3708000000.0,5019000000.0,346000000.0,7.94,sec_edgar:companyfacts
LMT,us,2011-03-27,2011-04-27T00:00:00,,,530000000.0,1589000000.0,,3791000000.0,,,1.5,sec_edgar:companyfacts
LMT,us,2011-06-26,2011-07-27T00:00:00,,,1272000000.0,2285000000.0,,3288000000.0,,,3.64,sec_edgar:companyfacts
LMT,us,2011-09-25,2011-10-27T00:00:00,,,1972000000.0,2595000000.0,,2943000000.0,,,5.73,sec_edgar:companyfacts
LMT,us,2011-12-31,2012-02-23T00:00:00,,,2655000000.0,3439000000.0,,1001000000.0,6460000000.0,,7.81,sec_edgar:companyfacts
LMT,us,2012-03-25,2012-04-26T00:00:00,,,668000000.0,327000000.0,,1573000000.0,,,2.03,sec_edgar:companyfacts
LMT,us,2012-06-24,2012-07-25T00:00:00,,,1449000000.0,997000000.0,,2204000000.0,,,4.41,sec_edgar:companyfacts
LMT,us,2012-09-30,2012-10-25T00:00:00,,,2176000000.0,2362000000.0,,2442000000.0,,,6.62,sec_edgar:companyfacts
LMT,us,2012-12-31,2013-02-28T00:00:00,,,2745000000.0,619000000.0,,39000000.0,6308000000.0,321000000.0,8.36,sec_edgar:companyfacts
LMT,us,2013-03-31,2013-04-25T00:00:00,,,761000000.0,1979000000.0,,304000000.0,,,2.33,sec_edgar:companyfacts
LMT,us,2013-06-30,2013-07-24T00:00:00,,,1620000000.0,2426000000.0,,694000000.0,,,4.97,sec_edgar:companyfacts
LMT,us,2013-09-29,2013-10-25T00:00:00,,,2493000000.0,3117000000.0,,1277000000.0,,,7.63,sec_edgar:companyfacts
LMT,us,2013-12-31,2014-02-14T00:00:00,,,2981000000.0,,,4918000000.0,6152000000.0,319000000.0,9.13,sec_edgar:companyfacts
LMT,us,2014-03-30,2014-04-24T00:00:00,,,933000000.0,,,4800000000.0,,,2.87,sec_edgar:companyfacts
LMT,us,2014-06-29,2014-07-23T00:00:00,,,1822000000.0,,,4319000000.0,,,5.63,sec_edgar:companyfacts
LMT,us,2014-09-28,2014-10-24T00:00:00,,,2710000000.0,,,4574000000.0,,,8.39,sec_edgar:companyfacts
LMT,us,2014-12-31,2015-02-09T00:00:00,,,3614000000.0,,,3400000000.0,6142000000.0,314000000.0,11.21,sec_edgar:companyfacts
LMT,us,2015-03-29,2015-04-22T00:00:00,,,878000000.0,,,3520000000.0,,,2.74,sec_edgar:companyfacts
LMT,us,2015-06-28,2015-07-22T00:00:00,,,1807000000.0,,,2982000000.0,,,5.68,sec_edgar:companyfacts
LMT,us,2015-09-27,2015-10-22T00:00:00,,,2672000000.0,,,2813000000.0,,,8.45,sec_edgar:companyfacts
LMT,us,2015-12-31,2016-02-24T00:00:00,,,3605000000.0,,,3097000000.0,15261000000.0,303000000.0,11.46,sec_edgar:companyfacts
LMT,us,2016-03-27,2016-04-27T00:00:00,,,794000000.0,,,3177000000.0,,,2.58,sec_edgar:companyfacts
LMT,us,2016-06-26,2016-07-20T00:00:00,,,1919000000.0,,,2997000000.0,,,6.23,sec_edgar:companyfacts
LMT,us,2016-09-25,2016-10-27T00:00:00,,,4314000000.0,,,2323000000.0,,,14.1,sec_edgar:companyfacts
LMT,us,2016-12-31,2019-02-08T00:00:00,47290000000.0,,5302000000.0,,,1511000000.0,14282000000.0,289000000.0,17.49,sec_edgar:companyfacts
LMT,us,2017-03-26,2019-02-08T00:00:00,11212000000.0,,763000000.0,,,1483000000.0,,,2.61,sec_edgar:companyfacts
LMT,us,2017-06-25,2019-02-08T00:00:00,12563000000.0,,1705000000.0,,,1265000000.0,,,5.84,sec_edgar:companyfacts
LMT,us,2017-09-24,2018-10-25T00:00:00,36116000000.0,,2644000000.0,,,2098000000.0,,,9.08,sec_edgar:companyfacts
LMT,us,2017-12-31,2019-02-08T00:00:00,49960000000.0,,2002000000.0,,,-683000000.0,15013000000.0,284000000.0,6.89,sec_edgar:companyfacts
LMT,us,2018-03-25,2019-02-08T00:00:00,11635000000.0,,1157000000.0,,,-182000000.0,,,4.02,sec_edgar:companyfacts
LMT,us,2018-06-24,2019-02-08T00:00:00,13398000000.0,,2320000000.0,,,416000000.0,,,8.07,sec_edgar:companyfacts
LMT,us,2018-09-30,2018-10-25T00:00:00,39351000000.0,,3793000000.0,,,943000000.0,1240000000.0,,13.21,sec_edgar:companyfacts
LMT,us,2018-12-31,2019-02-08T00:00:00,53762000000.0,,5046000000.0,,,1394000000.0,15604000000.0,,17.59,sec_edgar:companyfacts
LMT,us,2019-03-31,2019-04-24T00:00:00,14336000000.0,,1704000000.0,,,2465000000.0,1300000000.0,,5.99,sec_edgar:companyfacts
LMT,us,2019-06-30,2019-07-23T00:00:00,28763000000.0,,3124000000.0,,,2850000000.0,900000000.0,,11.0,sec_edgar:companyfacts
LMT,us,2019-09-29,2019-10-24T00:00:00,43934000000.0,,4732000000.0,,,3893000000.0,900000000.0,,16.66,sec_edgar:companyfacts
LMT,us,2019-12-31,2021-01-28T00:00:00,59812000000.0,,6230000000.0,,,3127000000.0,13904000000.0,280000000.0,21.95,sec_edgar:companyfacts
LMT,us,2020-03-29,2020-04-22T00:00:00,15651000000.0,,1717000000.0,,,3446000000.0,1250000000.0,,6.08,sec_edgar:companyfacts
LMT,us,2020-06-28,2020-07-21T00:00:00,31871000000.0,,3343000000.0,,,3751000000.0,500000000.0,,11.87,sec_edgar:companyfacts
LMT,us,2020-09-27,2020-10-22T00:00:00,48366000000.0,,5041000000.0,,,4953000000.0,1000000000.0,,17.92,sec_edgar:companyfacts
LMT,us,2020-12-31,2021-01-28T00:00:00,65398000000.0,,6833000000.0,,,6015000000.0,12669000000.0,279000000.0,24.3,sec_edgar:companyfacts
LMT,us,2021-03-28,2021-04-21T00:00:00,16258000000.0,,1837000000.0,,,6312000000.0,506000000.0,,6.56,sec_edgar:companyfacts
LMT,us,2021-06-27,2021-07-26T00:00:00,33287000000.0,,3652000000.0,,,6522000000.0,506000000.0,,13.08,sec_edgar:companyfacts
LMT,us,2021-09-26,2021-10-26T00:00:00,49315000000.0,,4266000000.0,,,9631000000.0,6000000.0,,15.32,sec_edgar:companyfacts
LMT,us,2021-12-31,2022-01-25T00:00:00,67044000000.0,,6315000000.0,,,10959000000.0,11682000000.0,271000000.0,22.76,sec_edgar:companyfacts
LMT,us,2022-03-27,2022-04-20T00:00:00,14964000000.0,,1733000000.0,,,10002000000.0,500000000.0,,6.44,sec_edgar:companyfacts
LMT,us,2022-06-26,2022-07-19T00:00:00,30410000000.0,,2042000000.0,,,11432000000.0,,,7.62,sec_edgar:companyfacts
LMT,us,2022-09-25,2022-10-18T00:00:00,46993000000.0,,3820000000.0,,,11966000000.0,,,14.31,sec_edgar:companyfacts
LMT,us,2022-12-31,2023-01-26T00:00:00,65984000000.0,,5732000000.0,,,9266000000.0,15547000000.0,254000000.0,21.66,sec_edgar:companyfacts
LMT,us,2023-03-26,2023-04-18T00:00:00,15126000000.0,,1689000000.0,,,9646000000.0,,,6.61,sec_edgar:companyfacts
LMT,us,2023-06-25,2023-07-19T00:00:00,31819000000.0,,3370000000.0,,,9240000000.0,,,13.24,sec_edgar:companyfacts
LMT,us,2023-09-24,2023-10-17T00:00:00,48697000000.0,,5054000000.0,,,9274000000.0,,,19.97,sec_edgar:companyfacts
LMT,us,2023-12-31,2024-01-23T00:00:00,67571000000.0,,6920000000.0,,,6835000000.0,17459000000.0,240000000.0,27.55,sec_edgar:companyfacts
LMT,us,2024-03-31,2024-04-23T00:00:00,17195000000.0,,1545000000.0,,,6650000000.0,,,6.39,sec_edgar:companyfacts
LMT,us,2024-06-30,2024-07-23T00:00:00,35317000000.0,,3186000000.0,,,6175000000.0,,,13.24,sec_edgar:companyfacts
LMT,us,2024-09-29,2024-10-22T00:00:00,52421000000.0,,4809000000.0,,,7200000000.0,,,20.05,sec_edgar:companyfacts
LMT,us,2024-12-31,2025-01-28T00:00:00,71043000000.0,,5336000000.0,,,6333000000.0,20270000000.0,234000000.0,22.31,sec_edgar:companyfacts
LMT,us,2025-03-30,2025-04-22T00:00:00,17963000000.0,,1712000000.0,,,6683000000.0,,,7.28,sec_edgar:companyfacts
LMT,us,2025-06-29,2025-07-22T00:00:00,36118000000.0,,2054000000.0,,,5334000000.0,,,8.75,sec_edgar:companyfacts
LMT,us,2025-09-28,2025-10-21T00:00:00,54727000000.0,,3673000000.0,,,6181000000.0,,,15.69,sec_edgar:companyfacts
LMT,us,2025-12-31,2026-01-29T00:00:00,75048000000.0,,5017000000.0,,,6721000000.0,21700000000.0,229000000.0,21.49,sec_edgar:companyfacts
LMT,us,2026-03-29,2026-04-23T00:00:00,18021000000.0,,1488000000.0,,,7489000000.0,,,6.44,sec_edgar:companyfacts
LOW,us,2008-08-01,2009-09-01T00:00:00,,,1545000000.0,2248000000.0,,17506000000.0,189000000.0,1464000000.0,1.04,sec_edgar:companyfacts
LOW,us,2008-10-31,2009-12-01T00:00:00,,,2033000000.0,1819000000.0,,17957000000.0,249000000.0,1467000000.0,1.38,sec_edgar:companyfacts
LOW,us,2009-01-30,2010-03-30T00:00:00,,,,856000000.0,,18055000000.0,987000000.0,1470000000.0,1.49,sec_edgar:companyfacts
LOW,us,2009-07-31,2009-09-01T00:00:00,,,1235000000.0,2694000000.0,,19176000000.0,9000000.0,1477000000.0,0.84,sec_edgar:companyfacts
LOW,us,2009-10-30,2009-12-01T00:00:00,,,1578000000.0,2953000000.0,,19419000000.0,0.0,1477000000.0,1.07,sec_edgar:companyfacts
LOW,us,2012-02-03,2015-03-31T00:00:00,,,,2520000000.0,,16533000000.0,7627000000.0,1241000000.0,1.43,sec_edgar:companyfacts
LOW,us,2013-02-01,2015-03-31T00:00:00,,,1959000000.0,2551000000.0,,13857000000.0,0.0,1110000000.0,1.69,sec_edgar:companyfacts
LOW,us,2013-11-01,2014-12-02T00:00:00,,,1980000000.0,3249000000.0,,12651000000.0,0.0,1050000000.0,1.84,sec_edgar:companyfacts
LOW,us,2014-01-31,2015-03-31T00:00:00,,,2286000000.0,,,11853000000.0,386000000.0,1030000000.0,2.14,sec_edgar:companyfacts
LOW,us,2014-05-02,2015-06-02T00:00:00,,,624000000.0,,,11482000000.0,0.0,1012000000.0,0.61,sec_edgar:companyfacts
LOW,us,2014-08-01,2015-09-01T00:00:00,,,1663000000.0,,,11240000000.0,0.0,991000000.0,1.64,sec_edgar:companyfacts
LOW,us,2014-10-31,2014-12-02T00:00:00,,,2248000000.0,,,10730000000.0,0.0,974000000.0,2.24,sec_edgar:companyfacts
LOW,us,2015-01-30,2015-03-31T00:00:00,,,2698000000.0,,,9968000000.0,0.0,960000000.0,2.71,sec_edgar:companyfacts
LOW,us,2015-05-01,2015-06-02T00:00:00,,,673000000.0,,,9477000000.0,0.0,947000000.0,0.7,sec_edgar:companyfacts
LOW,us,2015-07-31,2015-09-01T00:00:00,,,1799000000.0,,,8687000000.0,0.0,928000000.0,1.9,sec_edgar:companyfacts
LOW,us,2015-10-30,2015-12-02T00:00:00,,,2535000000.0,,,8378000000.0,0.0,917000000.0,2.7,sec_edgar:companyfacts
LOW,us,2016-01-29,2018-04-02T00:00:00,,,2546000000.0,3587000000.0,,7654000000.0,43000000.0,910000000.0,2.73,sec_edgar:companyfacts
LOW,us,2016-04-29,2016-05-31T00:00:00,,,884000000.0,,,7212000000.0,0.0,894000000.0,0.98,sec_edgar:companyfacts
LOW,us,2016-07-29,2017-09-05T00:00:00,,,2051000000.0,4138000000.0,,6913000000.0,0.0,881000000.0,2.29,sec_edgar:companyfacts
LOW,us,2016-10-28,2017-12-05T00:00:00,,,2428000000.0,4449000000.0,,6599000000.0,0.0,873000000.0,2.73,sec_edgar:companyfacts
LOW,us,2017-02-03,2019-04-02T00:00:00,65017000000.0,,3091000000.0,4450000000.0,,6434000000.0,510000000.0,866000000.0,3.47,sec_edgar:companyfacts
LOW,us,2017-05-05,2018-06-05T00:00:00,,,602000000.0,3093000000.0,,5531000000.0,0.0,853000000.0,0.7,sec_edgar:companyfacts
LOW,us,2017-08-04,2018-09-04T00:00:00,36355000000.0,,2021000000.0,4598000000.0,,5536000000.0,0.0,837000000.0,2.37,sec_edgar:companyfacts
LOW,us,2017-11-03,2018-12-06T00:00:00,53125000000.0,,2893000000.0,4585000000.0,,5742000000.0,171000000.0,831000000.0,3.42,sec_edgar:companyfacts
LOW,us,2018-02-02,2019-04-02T00:00:00,68619000000.0,,3447000000.0,3942000000.0,,5873000000.0,1137000000.0,830000000.0,4.09,sec_edgar:companyfacts
LOW,us,2018-05-04,2019-06-03T00:00:00,17360000000.0,,988000000.0,3205000000.0,,5745000000.0,0.0,822000000.0,1.19,sec_edgar:companyfacts
LOW,us,2018-08-03,2018-09-04T00:00:00,38247000000.0,,2509000000.0,5244000000.0,,5781000000.0,0.0,811000000.0,3.05,sec_edgar:companyfacts
LOW,us,2018-11-02,2018-12-06T00:00:00,55662000000.0,,3138000000.0,5952000000.0,,5394000000.0,0.0,806000000.0,3.83,sec_edgar:companyfacts
LOW,us,2019-02-01,2019-04-02T00:00:00,71309000000.0,,2314000000.0,5019000000.0,,3644000000.0,722000000.0,801000000.0,2.84,sec_edgar:companyfacts
LOW,us,2019-05-03,2019-06-03T00:00:00,17741000000.0,,1046000000.0,1932000000.0,,3236000000.0,0.0,795000000.0,1.31,sec_edgar:companyfacts
LOW,us,2019-08-02,2019-09-03T00:00:00,38733000000.0,,2722000000.0,3057000000.0,,2640000000.0,0.0,776000000.0,3.44,sec_edgar:companyfacts
LOW,us,2019-11-01,2019-12-04T00:00:00,56121000000.0,,3771000000.0,3184000000.0,,2458000000.0,637000000.0,768000000.0,4.8,sec_edgar:companyfacts
LOW,us,2020-01-31,2020-03-23T00:00:00,72148000000.0,,4281000000.0,2812000000.0,,1972000000.0,1941000000.0,763000000.0,5.49,sec_edgar:companyfacts
LOW,us,2020-05-01,2020-05-28T00:00:00,19675000000.0,,1337000000.0,4122000000.0,,1716000000.0,1000000000.0,755000000.0,1.76,sec_edgar:companyfacts
LOW,us,2020-07-31,2020-08-26T00:00:00,46977000000.0,,4165000000.0,11042000000.0,,4356000000.0,1000000000.0,756000000.0,5.5,sec_edgar:companyfacts
LOW,us,2020-10-30,2020-11-25T00:00:00,69286000000.0,,4857000000.0,10313000000.0,,4073000000.0,0.0,752000000.0,6.41,sec_edgar:companyfacts
LOW,us,2021-01-29,2021-03-22T00:00:00,89597000000.0,,5835000000.0,9258000000.0,,1437000000.0,0.0,731000000.0,7.75,sec_edgar:companyfacts
LOW,us,2021-04-30,2021-05-27T00:00:00,24422000000.0,,2321000000.0,4031000000.0,,445000000.0,0.0,715000000.0,3.21,sec_edgar:companyfacts
LOW,us,2021-07-30,2021-08-26T00:00:00,51993000000.0,,5340000000.0,6067000000.0,,-175000000.0,1000000000.0,699000000.0,7.46,sec_edgar:companyfacts
LOW,us,2021-10-29,2021-11-24T00:00:00,74911000000.0,,7235000000.0,7923000000.0,,-1576000000.0,1000000000.0,686000000.0,10.21,sec_edgar:companyfacts
LOW,us,2022-01-28,2022-03-21T00:00:00,96250000000.0,,8442000000.0,8260000000.0,,-4816000000.0,24285000000.0,670000000.0,12.04,sec_edgar:companyfacts
LOW,us,2022-04-29,2022-05-26T00:00:00,23659000000.0,,2333000000.0,2634000000.0,,-6877000000.0,0.0,652000000.0,3.51,sec_edgar:companyfacts
LOW,us,2022-07-29,2022-08-25T00:00:00,51135000000.0,,5325000000.0,5325000000.0,,-8442000000.0,0.0,631000000.0,8.16,sec_edgar:companyfacts
LOW,us,2022-10-28,2022-11-23T00:00:00,74614000000.0,,5479000000.0,7048000000.0,,-12868000000.0,0.0,611000000.0,8.53,sec_edgar:companyfacts
LOW,us,2023-02-03,2023-03-27T00:00:00,97059000000.0,,6437000000.0,6760000000.0,,-14254000000.0,33769000000.0,601000000.0,10.17,sec_edgar:companyfacts
LOW,us,2023-05-05,2023-06-01T00:00:00,22347000000.0,,2260000000.0,1726000000.0,,-14710000000.0,72000000.0,592000000.0,3.77,sec_edgar:companyfacts
LOW,us,2023-08-04,2023-08-30T00:00:00,47304000000.0,,4933000000.0,5203000000.0,,-14732000000.0,0.0,582000000.0,8.32,sec_edgar:companyfacts
LOW,us,2023-11-03,2023-11-29T00:00:00,67775000000.0,,6706000000.0,5688000000.0,,-15147000000.0,0.0,575000000.0,11.4,sec_edgar:companyfacts
LOW,us,2024-02-02,2024-03-25T00:00:00,86377000000.0,,7726000000.0,6176000000.0,,-15050000000.0,35770000000.0,574000000.0,13.2,sec_edgar:companyfacts
LOW,us,2024-05-03,2024-05-30T00:00:00,21364000000.0,,1755000000.0,3880000000.0,,-14606000000.0,0.0,572000000.0,3.06,sec_edgar:companyfacts
LOW,us,2024-08-02,2024-08-29T00:00:00,44950000000.0,,4137000000.0,6607000000.0,,-13763000000.0,,568000000.0,7.23,sec_edgar:companyfacts
LOW,us,2024-11-01,2024-11-27T00:00:00,65120000000.0,,5833000000.0,7335000000.0,,-13419000000.0,,565000000.0,10.22,sec_edgar:companyfacts
LOW,us,2025-01-31,2025-03-24T00:00:00,83674000000.0,,6957000000.0,7698000000.0,,-14231000000.0,35319000000.0,560000000.0,12.23,sec_edgar:companyfacts
LOW,us,2025-05-02,2025-05-29T00:00:00,20930000000.0,,1641000000.0,2861000000.0,,-13254000000.0,,560000000.0,2.92,sec_edgar:companyfacts
LOW,us,2025-08-01,2025-08-28T00:00:00,44888000000.0,,4038000000.0,6597000000.0,,-11400000000.0,,561000000.0,7.19,sec_edgar:companyfacts
LOW,us,2025-10-31,2025-11-26T00:00:00,65701000000.0,,5654000000.0,6687000000.0,,-10382000000.0,,561000000.0,10.07,sec_edgar:companyfacts
LOW,us,2026-01-30,2026-03-23T00:00:00,86286000000.0,,6654000000.0,7651000000.0,,-9917000000.0,39819000000.0,561000000.0,11.85,sec_edgar:companyfacts
LRCX,us,2008-06-29,2011-08-19T00:00:00,,,,,,1778597000.0,,,,sec_edgar:companyfacts
LRCX,us,2009-06-28,2011-08-19T00:00:00,1115946000.0,,-302148000.0,-122411000.0,,1453089000.0,,,-2.41,sec_edgar:companyfacts
LRCX,us,2009-09-27,2010-11-03T00:00:00,318548000.0,,16797000.0,-3128000.0,,,,,0.13,sec_edgar:companyfacts
LRCX,us,2009-12-27,2011-02-03T00:00:00,805724000.0,,86371000.0,63289000.0,,,,,0.67,sec_edgar:companyfacts
LRCX,us,2010-03-28,2011-05-03T00:00:00,1438487000.0,,206672000.0,161732000.0,,,,,1.61,sec_edgar:companyfacts
LRCX,us,2010-06-27,2011-08-19T00:00:00,2133776000.0,,346669000.0,315123000.0,,1768135000.0,7000000.0,125946000.0,2.71,sec_edgar:companyfacts
LRCX,us,2010-09-26,2010-11-03T00:00:00,805874000.0,,193724000.0,236614000.0,,1886628000.0,,122869000.0,1.55,sec_edgar:companyfacts
LRCX,us,2010-12-26,2011-02-03T00:00:00,1676588000.0,,415580000.0,384172000.0,,2084779000.0,,123254000.0,3.32,sec_edgar:companyfacts
LRCX,us,2011-03-27,2011-05-03T00:00:00,2485675000.0,,597820000.0,589996000.0,,2323156000.0,,124037000.0,4.78,sec_edgar:companyfacts
LRCX,us,2011-06-26,2011-08-19T00:00:00,3237693000.0,,723748000.0,753533000.0,,2469845000.0,726300000.0,123579000.0,5.79,sec_edgar:companyfacts
LRCX,us,2011-09-25,2011-11-03T00:00:00,680436000.0,,71838000.0,71168000.0,,2389882000.0,731900000.0,122109000.0,0.58,sec_edgar:companyfacts
LRCX,us,2011-12-25,2012-02-03T00:00:00,1264417000.0,,105050000.0,213502000.0,,2462744000.0,737000000.0,119540000.0,0.86,sec_edgar:companyfacts
LRCX,us,2012-03-25,2012-05-03T00:00:00,1923378000.0,,150654000.0,331921000.0,,2609142000.0,743400000.0,119775000.0,1.24,sec_edgar:companyfacts
LRCX,us,2012-06-24,2012-08-22T00:00:00,,,168723000.0,391756000.0,,5131781000.0,1258900000.0,186656000.0,1.35,sec_edgar:companyfacts
LRCX,us,2012-06-30,2015-08-13T00:00:00,,,,,,5131781000.0,,,,sec_edgar:companyfacts
LRCX,us,2012-09-23,2012-11-01T00:00:00,,,2768000.0,205297000.0,,5011646000.0,1266600000.0,175341000.0,0.02,sec_edgar:companyfacts
LRCX,us,2012-12-23,2013-01-31T00:00:00,,,9176000.0,359599000.0,,4696590000.0,1274500000.0,165846000.0,0.05,sec_edgar:companyfacts
LRCX,us,2013-03-31,2013-05-09T00:00:00,,,28172000.0,427290000.0,,4542200000.0,1282400000.0,161802000.0,0.16,sec_edgar:companyfacts
LRCX,us,2013-06-30,2013-08-27T00:00:00,,,113879000.0,559138000.0,,4488872000.0,1290400000.0,162873000.0,0.66,sec_edgar:companyfacts
LRCX,us,2013-09-29,2013-11-07T00:00:00,,,85506000.0,28147000.0,,4527272000.0,1298500000.0,162217000.0,0.5,sec_edgar:companyfacts
LRCX,us,2013-12-29,2014-02-06T00:00:00,,,234498000.0,118847000.0,,4666090000.0,1306700000.0,162169000.0,1.37,sec_edgar:companyfacts
LRCX,us,2014-03-30,2014-05-08T00:00:00,,,398894000.0,367419000.0,,4807292000.0,1315100000.0,161988000.0,2.33,sec_edgar:companyfacts
LRCX,us,2014-06-29,2014-08-26T00:00:00,,,632289000.0,,,5029735000.0,1323500000.0,162350000.0,3.62,sec_edgar:companyfacts
LRCX,us,2014-09-28,2014-11-03T00:00:00,,,141081000.0,,,4890673000.0,,159384000.0,0.8,sec_edgar:companyfacts
LRCX,us,2014-12-28,2015-02-03T00:00:00,,,318021000.0,,,5000435000.0,,159294000.0,1.8,sec_edgar:companyfacts
LRCX,us,2015-03-29,2015-04-30T00:00:00,,,524306000.0,,,5097055000.0,,158485000.0,2.96,sec_edgar:companyfacts
LRCX,us,2015-06-28,2015-08-13T00:00:00,,,655577000.0,,,5103144000.0,2352086000.0,158531000.0,3.7,sec_edgar:companyfacts
LRCX,us,2015-09-27,2015-11-03T00:00:00,,,288679000.0,,,5358155000.0,,158101000.0,1.66,sec_edgar:companyfacts
LRCX,us,2015-12-27,2016-02-03T00:00:00,,,511659000.0,,,5552291000.0,,158568000.0,2.94,sec_edgar:companyfacts
LRCX,us,2016-03-27,2016-04-25T00:00:00,,,655110000.0,,,5692339000.0,,159319000.0,3.76,sec_edgar:companyfacts
LRCX,us,2016-06-26,2016-08-17T00:00:00,,,914049000.0,,,5894517000.0,4325674000.0,160201000.0,5.22,sec_edgar:companyfacts
LRCX,us,2016-09-25,2016-10-25T00:00:00,,,263835000.0,,,6184883000.0,4323830000.0,161706000.0,1.47,sec_edgar:companyfacts
LRCX,us,2016-12-25,2017-01-30T00:00:00,,,596626000.0,,,6395696000.0,2719599000.0,162357000.0,3.28,sec_edgar:companyfacts
LRCX,us,2017-03-26,2017-04-24T00:00:00,,,1171339000.0,,,6746254000.0,2675879000.0,163969000.0,6.4,sec_edgar:companyfacts
LRCX,us,2017-06-25,2019-08-20T00:00:00,,,1697763000.0,1871863000.0,,6817451000.0,3595097000.0,161723000.0,9.24,sec_edgar:companyfacts
LRCX,us,2017-09-24,2018-10-23T00:00:00,,,590690000.0,798242000.0,,7271178000.0,2416035000.0,162144000.0,3.21,sec_edgar:companyfacts
LRCX,us,2017-12-24,2019-01-30T00:00:00,,,580735000.0,742253000.0,,6143131000.0,3171993000.0,159451000.0,3.16,sec_edgar:companyfacts
LRCX,us,2018-03-25,2019-04-30T00:00:00,,,1359535000.0,1743575000.0,,6803055000.0,3184467000.0,164100000.0,7.45,sec_edgar:companyfacts
LRCX,us,2018-06-24,2019-08-20T00:00:00,,,2380681000.0,2382278000.0,,6501851000.0,2978778000.0,156892000.0,13.17,sec_edgar:companyfacts
LRCX,us,2018-06-25,2018-10-23T00:00:00,,,,,,6641206000.0,,,,sec_edgar:companyfacts
LRCX,us,2018-09-23,2018-10-23T00:00:00,,,533360000.0,664188000.0,,5322825000.0,2306959000.0,153384000.0,3.23,sec_edgar:companyfacts
LRCX,us,2018-12-23,2019-01-30T00:00:00,,,1102215000.0,1200684000.0,,5784363000.0,1951879000.0,153961000.0,6.73,sec_edgar:companyfacts
LRCX,us,2019-03-31,2019-04-30T00:00:00,,,1649605000.0,2057983000.0,,5291196000.0,4716455000.0,149886000.0,10.2,sec_edgar:companyfacts
LRCX,us,2019-06-30,2019-08-20T00:00:00,,,2191430000.0,2872522000.0,,4673865000.0,5097142000.0,144433000.0,13.7,sec_edgar:companyfacts
LRCX,us,2019-09-29,2019-10-29T00:00:00,,,465789000.0,424791000.0,,4936393000.0,4417309000.0,144871000.0,3.09,sec_edgar:companyfacts
LRCX,us,2019-12-29,2020-02-04T00:00:00,,,980299000.0,670665000.0,,4379429000.0,4402963000.0,142462000.0,6.52,sec_edgar:companyfacts
LRCX,us,2020-03-29,2020-04-28T00:00:00,,,1555080000.0,1160718000.0,,4537607000.0,5071741000.0,145156000.0,10.39,sec_edgar:companyfacts
LRCX,us,2020-06-28,2020-08-18T00:00:00,,,2251753000.0,1923212000.0,,5172494000.0,6635355000.0,145331000.0,15.1,sec_edgar:companyfacts
LRCX,us,2020-09-27,2020-10-27T00:00:00,,,823451000.0,579705000.0,,5419185000.0,5782784000.0,144593000.0,5.59,sec_edgar:companyfacts
LRCX,us,2020-12-27,2021-02-02T00:00:00,,,1692680000.0,832270000.0,,5503033000.0,5780804000.0,143205000.0,11.55,sec_edgar:companyfacts
LRCX,us,2021-03-28,2021-04-28T00:00:00,,,2763801000.0,1907754000.0,,5371616000.0,5774263000.0,142607000.0,18.94,sec_edgar:companyfacts
LRCX,us,2021-06-27,2021-08-17T00:00:00,,,3908458000.0,3239067000.0,,6027188000.0,4960935000.0,142501000.0,26.9,sec_edgar:companyfacts
LRCX,us,2021-09-26,2021-10-26T00:00:00,,,1179744000.0,321097000.0,,5820043000.0,4961249000.0,140811000.0,8.27,sec_edgar:companyfacts
LRCX,us,2021-12-26,2022-02-01T00:00:00,,,2374574000.0,1623110000.0,,6475781000.0,4961645000.0,140275000.0,16.71,sec_edgar:companyfacts
LRCX,us,2022-03-27,2022-04-26T00:00:00,,,3396352000.0,2235452000.0,,6026490000.0,4962049000.0,138707000.0,24.02,sec_edgar:companyfacts
LRCX,us,2022-06-26,2022-08-24T00:00:00,,,4605286000.0,2553640000.0,,6278366000.0,4962459000.0,136975000.0,32.75,sec_edgar:companyfacts
LRCX,us,2022-09-25,2022-10-24T00:00:00,,,1425879000.0,1049525000.0,,7412567000.0,,136374000.0,10.39,sec_edgar:companyfacts
LRCX,us,2022-12-25,2023-01-30T00:00:00,,,2894386000.0,2026334000.0,,8304635000.0,,135403000.0,21.16,sec_edgar:companyfacts
LRCX,us,2023-03-26,2023-04-24T00:00:00,,,3708394000.0,3633315000.0,,8407388000.0,,134692000.0,27.2,sec_edgar:companyfacts
LRCX,us,2023-06-25,2023-08-15T00:00:00,,,4510931000.0,4677370000.0,,8210172000.0,4965365000.0,133297000.0,33.21,sec_edgar:companyfacts
LRCX,us,2023-09-24,2023-10-23T00:00:00,,,887398000.0,874171000.0,,8047330000.0,,132072000.0,6.66,sec_edgar:companyfacts
LRCX,us,2023-12-24,2024-01-29T00:00:00,,,1841664000.0,2212735000.0,,8222478000.0,,131278000.0,13.88,sec_edgar:companyfacts
LRCX,us,2024-03-31,2024-04-29T00:00:00,,,2807490000.0,3493917000.0,,8022101000.0,,130736000.0,21.22,sec_edgar:companyfacts
LRCX,us,2024-06-30,2024-08-29T00:00:00,,,3827772000.0,4255599000.0,,8539454000.0,4967361000.0,130377000.0,29.0,sec_edgar:companyfacts
LRCX,us,2024-09-29,2024-10-28T00:00:00,,,1116444000.0,1457883000.0,,8471891000.0,,1291958000.0,0.86,sec_edgar:companyfacts
LRCX,us,2024-12-29,2025-01-31T00:00:00,,,2307462000.0,2011476000.0,,8808026000.0,,1284956000.0,1.78,sec_edgar:companyfacts
LRCX,us,2025-03-30,2025-04-25T00:00:00,,,3638129000.0,3032081000.0,,9511105000.0,,1282957000.0,2.81,sec_edgar:companyfacts
LRCX,us,2025-06-29,2025-08-11T00:00:00,,,5358217000.0,5414078000.0,,9861619000.0,4469364000.0,1268740000.0,4.15,sec_edgar:companyfacts
LRCX,us,2025-09-28,2025-10-24T00:00:00,,,1568660000.0,1593843000.0,,10192752000.0,,1259176000.0,1.24,sec_edgar:companyfacts
LRCX,us,2025-12-28,2026-01-29T00:00:00,,,3162654000.0,2813009000.0,,10145426000.0,,1251180000.0,2.5,sec_edgar:companyfacts
LRCX,us,2026-03-29,2026-04-23T00:00:00,,,4988114000.0,3622825000.0,,10584779000.0,,1250539000.0,3.95,sec_edgar:companyfacts
MA,us,2007-12-31,2010-02-18T00:00:00,4067599000.0,,1085886000.0,688274000.0,,,,,7.96,sec_edgar:companyfacts
MA,us,2008-06-30,2009-07-31T00:00:00,2428588000.0,,-299775000.0,513838000.0,,,,,-2.28,sec_edgar:companyfacts
MA,us,2008-09-30,2009-11-03T00:00:00,3766766000.0,,-493357000.0,879334000.0,,,,,-3.76,sec_edgar:companyfacts
MA,us,2008-12-31,2010-02-18T00:00:00,4991600000.0,,-253915000.0,337602000.0,,1927355000.0,,,-1.94,sec_edgar:companyfacts
MA,us,2009-03-31,2010-05-04T00:00:00,1156000000.0,,367000000.0,404000000.0,,,,,2.8,sec_edgar:companyfacts
MA,us,2009-06-30,2009-07-31T00:00:00,2435991000.0,,716332000.0,753055000.0,,2666269000.0,,,5.47,sec_edgar:companyfacts
MA,us,2009-09-30,2009-11-03T00:00:00,3800266000.0,,1168531000.0,1056598000.0,,3217523000.0,,,8.92,sec_edgar:companyfacts
MA,us,2009-12-31,2010-02-18T00:00:00,5098684000.0,,1462532000.0,1321599000.0,,3503760000.0,22000000.0,,11.16,sec_edgar:companyfacts
MA,us,2010-03-31,2010-05-04T00:00:00,1308000000.0,,455000000.0,92000000.0,,3824000000.0,,,3.46,sec_edgar:companyfacts
MA,us,2010-06-30,2010-08-03T00:00:00,2673000000.0,,913000000.0,413000000.0,,4117000000.0,,,6.95,sec_edgar:companyfacts
MA,us,2010-09-30,2010-11-02T00:00:00,4101000000.0,,1431000000.0,990000000.0,,4842000000.0,21000000.0,,10.89,sec_edgar:companyfacts
MA,us,2010-12-31,2011-02-24T00:00:00,5539000000.0,,1846000000.0,1636000000.0,,5205000000.0,20000000.0,,14.05,sec_edgar:companyfacts
MA,us,2011-03-31,2011-05-03T00:00:00,1501000000.0,,562000000.0,345000000.0,,5191000000.0,21000000.0,,4.29,sec_edgar:companyfacts
MA,us,2011-06-30,2011-08-03T00:00:00,3168000000.0,,1170000000.0,858000000.0,,5470000000.0,,,9.05,sec_edgar:companyfacts
MA,us,2011-09-30,2011-11-02T00:00:00,4986000000.0,,1887000000.0,1849000000.0,,5972000000.0,,,14.66,sec_edgar:companyfacts
MA,us,2011-12-31,2012-02-16T00:00:00,6714000000.0,,1906000000.0,2607000000.0,,5868000000.0,,,14.85,sec_edgar:companyfacts
MA,us,2012-03-31,2012-05-02T00:00:00,1758000000.0,,682000000.0,415000000.0,,6371000000.0,,,5.36,sec_edgar:companyfacts
MA,us,2012-06-30,2012-08-01T00:00:00,3578000000.0,,1382000000.0,1028000000.0,,6265000000.0,,,10.91,sec_edgar:companyfacts
MA,us,2012-09-30,2012-10-31T00:00:00,5496000000.0,,2154000000.0,2014000000.0,,6912000000.0,,,17.07,sec_edgar:companyfacts
MA,us,2012-12-31,2013-02-14T00:00:00,7391000000.0,,2759000000.0,2852000000.0,,6917000000.0,,,21.94,sec_edgar:companyfacts
MA,us,2013-03-31,2013-05-01T00:00:00,1906000000.0,,766000000.0,852000000.0,,6743000000.0,,,6.23,sec_edgar:companyfacts
MA,us,2013-06-30,2013-07-31T00:00:00,4002000000.0,,1614000000.0,1566000000.0,,7018000000.0,,,13.19,sec_edgar:companyfacts
MA,us,2013-09-30,2013-10-31T00:00:00,6220000000.0,,2493000000.0,2871000000.0,,7657000000.0,,,20.46,sec_edgar:companyfacts
MA,us,2013-12-31,2014-02-14T00:00:00,8346000000.0,,3116000000.0,3980000000.0,,7484000000.0,,,2.56,sec_edgar:companyfacts
MA,us,2014-03-31,2014-05-01T00:00:00,2177000000.0,,870000000.0,543000000.0,,6567000000.0,,,0.73,sec_edgar:companyfacts
MA,us,2014-06-30,2014-07-31T00:00:00,4554000000.0,,,1258000000.0,,6266000000.0,,,1.53,sec_edgar:companyfacts
MA,us,2014-09-30,2014-10-30T00:00:00,7057000000.0,,,2585000000.0,,6501000000.0,,,2.4,sec_edgar:companyfacts
MA,us,2014-12-31,2015-02-13T00:00:00,9473000000.0,,,3232000000.0,,6790000000.0,,,3.1,sec_edgar:companyfacts
MA,us,2015-03-31,2015-04-29T00:00:00,2230000000.0,,,880000000.0,,6301000000.0,,,0.89,sec_edgar:companyfacts
MA,us,2015-06-30,2015-07-29T00:00:00,4620000000.0,,,1676000000.0,,6404000000.0,,,1.69,sec_edgar:companyfacts
MA,us,2015-09-30,2015-10-29T00:00:00,7150000000.0,,,2879000000.0,,6267000000.0,,,2.56,sec_edgar:companyfacts
MA,us,2015-12-31,2016-02-12T00:00:00,,,,3866000000.0,,6028000000.0,,,3.35,sec_edgar:companyfacts
MA,us,2016-03-31,2016-04-28T00:00:00,,,,971000000.0,,5479000000.0,,,0.86,sec_edgar:companyfacts
MA,us,2016-06-30,2016-07-28T00:00:00,,,,1966000000.0,,5837000000.0,,,1.75,sec_edgar:companyfacts
MA,us,2016-09-30,2016-10-28T00:00:00,,,,3336000000.0,,6219000000.0,,,2.83,sec_edgar:companyfacts
MA,us,2016-12-31,2019-02-13T00:00:00,10776000000.0,,,4269000000.0,,5656000000.0,,,3.69,sec_edgar:companyfacts
MA,us,2017-03-31,2019-02-13T00:00:00,2734000000.0,,,681000000.0,,5611000000.0,,,1.0,sec_edgar:companyfacts
MA,us,2017-06-30,2019-02-13T00:00:00,3053000000.0,,,1925000000.0,,5852000000.0,,,2.09,sec_edgar:companyfacts
MA,us,2017-09-30,2018-10-30T00:00:00,9185000000.0,,,3580000000.0,,6442000000.0,,,3.43,sec_edgar:companyfacts
MA,us,2017-12-31,2019-02-13T00:00:00,12497000000.0,,,5255000000.0,,5468000000.0,,,3.65,sec_edgar:companyfacts
MA,us,2018-03-31,2019-02-13T00:00:00,3580000000.0,,,953000000.0,,5703000000.0,,,1.41,sec_edgar:companyfacts
MA,us,2018-06-30,2019-02-13T00:00:00,3665000000.0,,,2352000000.0,,5257000000.0,,,2.91,sec_edgar:companyfacts
MA,us,2018-09-30,2018-10-30T00:00:00,11143000000.0,,,4636000000.0,,5775000000.0,,,4.73,sec_edgar:companyfacts
MA,us,2018-12-31,2019-02-13T00:00:00,14950000000.0,,,5893000000.0,,5395000000.0,,,5.6,sec_edgar:companyfacts
MA,us,2019-03-31,2019-04-30T00:00:00,3889000000.0,,,1229000000.0,,5168000000.0,,,1.8,sec_edgar:companyfacts
MA,us,2019-06-30,2019-07-30T00:00:00,8002000000.0,,,2674000000.0,,5008000000.0,,,3.8,sec_edgar:companyfacts
MA,us,2019-09-30,2019-10-29T00:00:00,12469000000.0,,,4897000000.0,,4949000000.0,,,5.87,sec_edgar:companyfacts
MA,us,2019-12-31,2020-02-14T00:00:00,16883000000.0,,,7761000000.0,,5893000000.0,,,7.94,sec_edgar:companyfacts
MA,us,2020-03-31,2020-04-29T00:00:00,4009000000.0,,,1728000000.0,,5398000000.0,,,1.68,sec_edgar:companyfacts
MA,us,2020-06-30,2020-07-30T00:00:00,7344000000.0,,,3116000000.0,,6470000000.0,,,3.08,sec_edgar:companyfacts
MA,us,2020-09-30,2020-10-28T00:00:00,11181000000.0,,,4691000000.0,,5796000000.0,,,4.59,sec_edgar:companyfacts
MA,us,2020-12-31,2021-02-12T00:00:00,15301000000.0,,,6885000000.0,,6391000000.0,,,6.37,sec_edgar:companyfacts
MA,us,2021-03-31,2021-04-29T00:00:00,4155000000.0,,,1398000000.0,,6327000000.0,,,1.83,sec_edgar:companyfacts
MA,us,2021-06-30,2021-07-29T00:00:00,8683000000.0,,,3585000000.0,,6442000000.0,,,3.91,sec_edgar:companyfacts
MA,us,2021-09-30,2021-10-28T00:00:00,13668000000.0,,,5989000000.0,,6703000000.0,,,6.35,sec_edgar:companyfacts
MA,us,2021-12-31,2022-02-11T00:00:00,18884000000.0,,,9056000000.0,,7312000000.0,,,8.76,sec_edgar:companyfacts
MA,us,2022-03-31,2022-04-28T00:00:00,5167000000.0,,,1636000000.0,,7034000000.0,,,2.68,sec_edgar:companyfacts
MA,us,2022-06-30,2022-07-28T00:00:00,10664000000.0,,,4038000000.0,,6171000000.0,,,5.02,sec_edgar:companyfacts
MA,us,2022-09-30,2022-10-27T00:00:00,16420000000.0,,,7783000000.0,,6361000000.0,,,7.6,sec_edgar:companyfacts
MA,us,2022-12-31,2023-02-14T00:00:00,22237000000.0,,,10753000000.0,,6298000000.0,,,10.22,sec_edgar:companyfacts
MA,us,2023-03-31,2023-04-27T00:00:00,5748000000.0,,,1809000000.0,,5330000000.0,,,2.47,sec_edgar:companyfacts
MA,us,2023-06-30,2023-07-27T00:00:00,12017000000.0,,,4427000000.0,,5504000000.0,,,5.47,sec_edgar:companyfacts
MA,us,2023-09-30,2023-10-26T00:00:00,18550000000.0,,,7556000000.0,,6311000000.0,,,8.85,sec_edgar:companyfacts
MA,us,2023-12-31,2024-02-13T00:00:00,25098000000.0,,,11609000000.0,,6929000000.0,,,11.83,sec_edgar:companyfacts
MA,us,2024-03-31,2024-05-01T00:00:00,6348000000.0,,,1515000000.0,,7243000000.0,,,3.22,sec_edgar:companyfacts
MA,us,2024-06-30,2024-07-31T00:00:00,13309000000.0,,,4538000000.0,,7421000000.0,,,6.72,sec_edgar:companyfacts
MA,us,2024-09-30,2024-10-31T00:00:00,20678000000.0,,,9567000000.0,,7440000000.0,,,10.25,sec_edgar:companyfacts
MA,us,2024-12-31,2025-02-12T00:00:00,28167000000.0,,,14306000000.0,,6485000000.0,,,13.89,sec_edgar:companyfacts
MA,us,2025-03-31,2025-05-01T00:00:00,7250000000.0,,,2221000000.0,,6671000000.0,,,3.59,sec_edgar:companyfacts
MA,us,2025-06-30,2025-07-31T00:00:00,15383000000.0,,,6784000000.0,,7853000000.0,,,7.66,sec_edgar:companyfacts
MA,us,2025-09-30,2025-10-30T00:00:00,23985000000.0,,,12269000000.0,,7904000000.0,,,12.0,sec_edgar:companyfacts
MA,us,2025-12-31,2026-02-11T00:00:00,32791000000.0,,,17159000000.0,,7737000000.0,,,16.52,sec_edgar:companyfacts
MA,us,2026-03-31,2026-04-30T00:00:00,8398000000.0,,,2845000000.0,,6719000000.0,,,4.35,sec_edgar:companyfacts
MCD,us,2006-12-31,2010-02-26T00:00:00,,,,,,15458300000.0,,,,sec_edgar:companyfacts
MCD,us,2007-12-31,2010-02-26T00:00:00,22786600000.0,,2395100000.0,2929700000.0,,15279800000.0,,,1.98,sec_edgar:companyfacts
MCD,us,2008-06-30,2009-08-06T00:00:00,11690100000.0,,2136600000.0,1853400000.0,,,,,1.85,sec_edgar:companyfacts
MCD,us,2008-09-30,2009-11-05T00:00:00,17957400000.0,,3327900000.0,3024900000.0,,,,,2.89,sec_edgar:companyfacts
MCD,us,2008-12-31,2010-02-26T00:00:00,23522400000.0,,4313200000.0,3781500000.0,,13382600000.0,,,3.76,sec_edgar:companyfacts
MCD,us,2009-03-31,2010-05-06T00:00:00,5077400000.0,,979500000.0,717000000.0,,,,,0.87,sec_edgar:companyfacts
MCD,us,2009-06-30,2009-08-06T00:00:00,10724600000.0,,2073200000.0,1702700000.0,,13244600000.0,,1091348341.0,1.85,sec_edgar:companyfacts
MCD,us,2009-09-30,2009-11-05T00:00:00,16771300000.0,,3334200000.0,3054100000.0,,13189600000.0,,1079186614.0,3.0,sec_edgar:companyfacts
MCD,us,2009-12-31,2010-02-26T00:00:00,22744700000.0,,4551000000.0,3798900000.0,,14033900000.0,10578400000.0,,4.11,sec_edgar:companyfacts
MCD,us,2010-03-31,2010-05-06T00:00:00,5610100000.0,,1089800000.0,1020900000.0,,14116800000.0,,1075797083.0,1.0,sec_edgar:companyfacts
MCD,us,2010-06-30,2010-08-05T00:00:00,11555600000.0,,2315600000.0,1875100000.0,,13131800000.0,,1064338416.0,2.13,sec_edgar:companyfacts
MCD,us,2010-09-30,2010-11-05T00:00:00,17860500000.0,,3704000000.0,3296400000.0,,13637800000.0,,1056506714.0,3.42,sec_edgar:companyfacts
MCD,us,2010-12-31,2011-02-25T00:00:00,24074600000.0,,4946300000.0,4206100000.0,,14634200000.0,11505300000.0,,4.58,sec_edgar:companyfacts
MCD,us,2011-03-31,2011-05-06T00:00:00,6111600000.0,,1209000000.0,1044400000.0,,14453600000.0,,1037576718.0,1.15,sec_edgar:companyfacts
MCD,us,2011-06-30,2011-08-05T00:00:00,13017000000.0,,2619200000.0,2096800000.0,,14952800000.0,,1031751682.0,2.49,sec_edgar:companyfacts
MCD,us,2011-09-30,2011-11-04T00:00:00,20183300000.0,,4126500000.0,3574100000.0,,13338200000.0,,1023218317.0,3.94,sec_edgar:companyfacts
MCD,us,2011-12-31,2012-02-24T00:00:00,27006000000.0,,5503100000.0,4420300000.0,,14390200000.0,12500400000.0,,5.27,sec_edgar:companyfacts
MCD,us,2012-03-31,2012-05-08T00:00:00,6546600000.0,,1266700000.0,1045100000.0,,14660500000.0,,1016244880.0,1.23,sec_edgar:companyfacts
MCD,us,2012-06-30,2012-08-06T00:00:00,13462500000.0,,2613700000.0,1816200000.0,,14035100000.0,,1008431316.0,2.54,sec_edgar:companyfacts
MCD,us,2012-09-30,2012-11-01T00:00:00,20614900000.0,,4068700000.0,3062400000.0,,13884100000.0,,1003976633.0,3.98,sec_edgar:companyfacts
MCD,us,2012-12-31,2013-02-25T00:00:00,27567000000.0,,5464800000.0,3916900000.0,,15293600000.0,13632500000.0,,5.36,sec_edgar:companyfacts
MCD,us,2013-03-31,2013-05-01T00:00:00,6605300000.0,,1270200000.0,1052700000.0,,15228200000.0,,1002548921.0,1.26,sec_edgar:companyfacts
MCD,us,2013-06-30,2013-07-31T00:00:00,13689100000.0,,2666700000.0,1963100000.0,,15170700000.0,,999645751.0,2.64,sec_edgar:companyfacts
MCD,us,2013-09-30,2013-10-30T00:00:00,21012500000.0,,4188900000.0,3326500000.0,,15164900000.0,,995030164.0,4.16,sec_edgar:companyfacts
MCD,us,2013-12-31,2014-02-24T00:00:00,28105700000.0,,5585900000.0,4296000000.0,,16009700000.0,14129800000.0,,5.55,sec_edgar:companyfacts
MCD,us,2014-03-31,2014-05-06T00:00:00,6700300000.0,,1204800000.0,1338500000.0,,16147700000.0,,988417241.0,1.21,sec_edgar:companyfacts
MCD,us,2014-06-30,2014-08-04T00:00:00,13882000000.0,,2591900000.0,2235900000.0,,16154900000.0,,981929291.0,2.61,sec_edgar:companyfacts
MCD,us,2014-09-30,2014-11-03T00:00:00,20869100000.0,,3660300000.0,3409900000.0,,13625900000.0,,973203623.0,3.69,sec_edgar:companyfacts
MCD,us,2014-12-31,2015-02-24T00:00:00,27441300000.0,,4757800000.0,4146900000.0,,12853400000.0,14989700000.0,,4.82,sec_edgar:companyfacts
MCD,us,2015-03-31,2015-05-07T00:00:00,5958900000.0,,811500000.0,1306900000.0,,11403300000.0,,958514890.0,0.84,sec_edgar:companyfacts
MCD,us,2015-06-30,2015-08-05T00:00:00,12456600000.0,,2013900000.0,2404500000.0,,10560900000.0,,941810237.0,2.09,sec_edgar:companyfacts
MCD,us,2015-09-30,2015-11-04T00:00:00,19071700000.0,,3323100000.0,3939200000.0,,8309800000.0,,918229823.0,3.49,sec_edgar:companyfacts
MCD,us,2015-12-31,2016-02-25T00:00:00,25413000000.0,,4529300000.0,4725200000.0,,7087900000.0,24122100000.0,,4.8,sec_edgar:companyfacts
MCD,us,2016-03-31,2016-05-06T00:00:00,5903900000.0,,1098600000.0,1327300000.0,,3863000000.0,,877857531.0,1.23,sec_edgar:companyfacts
MCD,us,2016-06-30,2016-08-04T00:00:00,12168900000.0,,2217700000.0,2249300000.0,,640000000.0,,853361988.0,2.51,sec_edgar:companyfacts
MCD,us,2016-09-30,2016-11-04T00:00:00,18593000000.0,,3493100000.0,4095100000.0,,-1624100000.0,,830443627.0,4.01,sec_edgar:companyfacts
MCD,us,2016-12-31,2017-03-01T00:00:00,24621900000.0,,4686500000.0,4238500000.0,,-2204300000.0,25955700000.0,,5.44,sec_edgar:companyfacts
MCD,us,2017-03-31,2017-05-08T00:00:00,5675900000.0,,1214800000.0,1116300000.0,,-2030800000.0,,815070168.0,1.47,sec_edgar:companyfacts
MCD,us,2017-06-30,2017-08-08T00:00:00,11725600000.0,,2609900000.0,1961000000.0,,-2000600000.0,,809996613.0,3.17,sec_edgar:companyfacts
MCD,us,2017-09-30,2017-11-02T00:00:00,17480200000.0,,4493600000.0,3228600000.0,,-3477600000.0,,797185588.0,5.48,sec_edgar:companyfacts
MCD,us,2017-12-31,2018-02-23T00:00:00,22820400000.0,,5192300000.0,3697500000.0,,-3268000000.0,29536400000.0,,6.37,sec_edgar:companyfacts
MCD,us,2018-03-31,2018-05-08T00:00:00,5138900000.0,,1375400000.0,1092400000.0,,-4718800000.0,,785177398.0,1.72,sec_edgar:companyfacts
MCD,us,2018-06-30,2018-08-02T00:00:00,10492800000.0,,2871700000.0,1819900000.0,,-5851000000.0,,775800409.0,3.62,sec_edgar:companyfacts
MCD,us,2018-09-30,2018-11-01T00:00:00,15862200000.0,,4509000000.0,3587200000.0,,-6792600000.0,,770910250.0,5.72,sec_edgar:companyfacts
MCD,us,2018-12-31,2019-02-22T00:00:00,21025200000.0,,5924300000.0,4225000000.0,,-6258400000.0,31075300000.0,,7.54,sec_edgar:companyfacts
MCD,us,2019-03-31,2019-05-08T00:00:00,4955600000.0,,1328400000.0,1505300000.0,,-6550900000.0,,763556377.0,1.72,sec_edgar:companyfacts
MCD,us,2019-06-30,2019-08-06T00:00:00,10296900000.0,,2845300000.0,2833000000.0,,-6808800000.0,,759444174.0,3.69,sec_edgar:companyfacts
MCD,us,2019-09-30,2019-11-04T00:00:00,15727500000.0,,4453200000.0,4571000000.0,,-8599200000.0,,753093326.0,5.8,sec_edgar:companyfacts
MCD,us,2019-12-31,2020-02-26T00:00:00,21076500000.0,,6025400000.0,5728400000.0,,-8210300000.0,34177200000.0,,7.88,sec_edgar:companyfacts
MCD,us,2020-03-31,2020-05-07T00:00:00,4714400000.0,,1106900000.0,1063500000.0,,-9293400000.0,6500000000.0,743556182.0,1.47,sec_edgar:companyfacts
MCD,us,2020-06-30,2020-08-10T00:00:00,8475900000.0,,1590700000.0,545400000.0,,-9463100000.0,6500000000.0,744102514.0,2.12,sec_edgar:companyfacts
MCD,us,2020-09-30,2020-11-09T00:00:00,13894000000.0,,3353300000.0,3094700000.0,,-8472100000.0,5500000000.0,745110988.0,4.47,sec_edgar:companyfacts
MCD,us,2020-12-31,2021-02-23T00:00:00,19207800000.0,,4730500000.0,4624400000.0,,-7824900000.0,37440400000.0,,6.31,sec_edgar:companyfacts
MCD,us,2021-03-31,2021-05-05T00:00:00,5124600000.0,,1537200000.0,1755300000.0,,-7235500000.0,,746174284.0,2.05,sec_edgar:companyfacts
MCD,us,2021-06-30,2021-08-04T00:00:00,11012500000.0,,3756500000.0,3005900000.0,,-5808000000.0,,746798875.0,5.0,sec_edgar:companyfacts
MCD,us,2021-09-30,2021-11-02T00:00:00,17213800000.0,,5906400000.0,5122200000.0,,-5675000000.0,1200000000.0,747245427.0,7.86,sec_edgar:companyfacts
MCD,us,2021-12-31,2022-02-24T00:00:00,23222900000.0,,7545200000.0,7101500000.0,,-4601000000.0,35622700000.0,,10.04,sec_edgar:companyfacts
MCD,us,2022-03-31,2022-05-02T00:00:00,5665600000.0,,1104400000.0,1732100000.0,,-5990800000.0,,739546930.0,1.48,sec_edgar:companyfacts
MCD,us,2022-06-30,2022-08-04T00:00:00,11384000000.0,,2292400000.0,1912300000.0,,-6369800000.0,,735717271.0,3.08,sec_edgar:companyfacts
MCD,us,2022-09-30,2022-11-07T00:00:00,17256100000.0,,4274000000.0,3815000000.0,,-6566200000.0,,732423892.0,5.75,sec_edgar:companyfacts
MCD,us,2022-12-31,2023-02-24T00:00:00,23182600000.0,,6177400000.0,5487500000.0,,-6003400000.0,35903500000.0,,8.33,sec_edgar:companyfacts
MCD,us,2023-03-31,2023-05-04T00:00:00,5897800000.0,,1802300000.0,1917400000.0,,-5776100000.0,524200000.0,730093896.0,2.45,sec_edgar:companyfacts
MCD,us,2023-06-30,2023-08-02T00:00:00,12395300000.0,,4112700000.0,3064200000.0,,-4999100000.0,,728763452.0,5.6,sec_edgar:companyfacts
MCD,us,2023-09-30,2023-11-02T00:00:00,19087500000.0,,6429800000.0,5522900000.0,,-4854800000.0,,725342030.0,8.76,sec_edgar:companyfacts
MCD,us,2023-12-31,2024-02-22T00:00:00,25493700000.0,,8468800000.0,7254500000.0,,-4706700000.0,41537300000.0,,11.56,sec_edgar:companyfacts
MCD,us,2024-03-31,2024-05-08T00:00:00,6169000000.0,,1929000000.0,1843000000.0,,-4833000000.0,604000000.0,720681656.0,2.66,sec_edgar:companyfacts
MCD,us,2024-06-30,2024-08-08T00:00:00,12659000000.0,,3951000000.0,2905000000.0,,-4824000000.0,0.0,717343247.0,5.46,sec_edgar:companyfacts
MCD,us,2024-09-30,2024-11-07T00:00:00,19532000000.0,,6207000000.0,4848000000.0,,-5177000000.0,596000000.0,716619686.0,8.59,sec_edgar:companyfacts
MCD,us,2024-12-31,2025-02-25T00:00:00,25920000000.0,,8223000000.0,6672000000.0,,-3797000000.0,38424000000.0,,11.39,sec_edgar:companyfacts
MCD,us,2025-03-31,2025-05-12T00:00:00,5956000000.0,,1868000000.0,1877000000.0,,-3454000000.0,80000000.0,715032727.0,2.6,sec_edgar:companyfacts
MCD,us,2025-06-30,2025-08-06T00:00:00,12799000000.0,,4121000000.0,3131000000.0,,-2760000000.0,602000000.0,713604434.0,5.74,sec_edgar:companyfacts
MCD,us,2025-09-30,2025-11-05T00:00:00,19876000000.0,,6399000000.0,5548000000.0,,-2163000000.0,1800000000.0,712154350.0,8.92,sec_edgar:companyfacts
MCD,us,2025-12-31,2026-02-24T00:00:00,26885000000.0,,8563000000.0,7186000000.0,,-1791000000.0,39973000000.0,,11.95,sec_edgar:companyfacts
MCD,us,2026-03-31,2026-05-07T00:00:00,6517000000.0,,1983000000.0,1730000000.0,,-1286000000.0,,710505859.0,2.78,sec_edgar:companyfacts
MDLZ,us,2007-12-31,2010-02-25T00:00:00,35858000000.0,,2721000000.0,2330000000.0,,,,,1.7,sec_edgar:companyfacts
MDLZ,us,2008-06-30,2009-08-05T00:00:00,20850000000.0,,1344000000.0,759000000.0,,,,,0.87,sec_edgar:companyfacts
MDLZ,us,2008-09-30,2009-11-03T00:00:00,31251000000.0,,2706000000.0,1628000000.0,,,,,1.77,sec_edgar:companyfacts
MDLZ,us,2008-12-31,2010-02-25T00:00:00,41932000000.0,,2884000000.0,2774000000.0,,22295000000.0,897000000.0,,1.9,sec_edgar:companyfacts
MDLZ,us,2009-03-31,2010-05-07T00:00:00,8979000000.0,,660000000.0,216000000.0,,,,,0.45,sec_edgar:companyfacts
MDLZ,us,2009-06-30,2009-08-05T00:00:00,19558000000.0,,1487000000.0,1246000000.0,,24296000000.0,856000000.0,,1.0,sec_edgar:companyfacts
MDLZ,us,2009-09-30,2009-11-03T00:00:00,29361000000.0,,2311000000.0,2520000000.0,,25125000000.0,1359000000.0,,1.56,sec_edgar:companyfacts
MDLZ,us,2009-12-31,2010-08-19T00:00:00,40386000000.0,,3021000000.0,3754000000.0,,25876000000.0,18990000000.0,1477884903.0,2.03,sec_edgar:companyfacts
MDLZ,us,2010-03-31,2010-05-07T00:00:00,11318000000.0,,1883000000.0,-246000000.0,,34178000000.0,891000000.0,,1.16,sec_edgar:companyfacts
MDLZ,us,2010-06-30,2010-08-19T00:00:00,23571000000.0,,2820000000.0,171000000.0,,33299000000.0,291000000.0,1743809975.0,1.67,sec_edgar:companyfacts
MDLZ,us,2010-09-30,2010-11-05T00:00:00,35434000000.0,,3574000000.0,204000000.0,,34880000000.0,331000000.0,,2.09,sec_edgar:companyfacts
MDLZ,us,2010-12-31,2011-02-28T00:00:00,49207000000.0,,4114000000.0,2087000000.0,,35834000000.0,28724000000.0,,2.39,sec_edgar:companyfacts
MDLZ,us,2011-03-31,2011-05-06T00:00:00,12573000000.0,,799000000.0,-1223000000.0,,37381000000.0,1812000000.0,,0.45,sec_edgar:companyfacts
MDLZ,us,2011-06-30,2011-08-05T00:00:00,26451000000.0,,1775000000.0,-359000000.0,,38991000000.0,1242000000.0,,1.01,sec_edgar:companyfacts
MDLZ,us,2011-09-30,2011-11-04T00:00:00,39677000000.0,,2697000000.0,384000000.0,,36592000000.0,896000000.0,,1.52,sec_edgar:companyfacts
MDLZ,us,2011-12-31,2012-02-27T00:00:00,54365000000.0,,3527000000.0,2749000000.0,,35217000000.0,26931000000.0,,1.99,sec_edgar:companyfacts
MDLZ,us,2012-03-31,2012-05-04T00:00:00,13093000000.0,,813000000.0,-1186000000.0,,36965000000.0,3320000000.0,,0.46,sec_edgar:companyfacts
MDLZ,us,2012-06-30,2012-08-03T00:00:00,26379000000.0,,1842000000.0,468000000.0,,36133000000.0,245000000.0,,1.03,sec_edgar:companyfacts
MDLZ,us,2012-09-30,2012-11-08T00:00:00,39288000000.0,,2494000000.0,946000000.0,,36551000000.0,263000000.0,,1.4,sec_edgar:companyfacts
MDLZ,us,2012-12-31,2013-02-25T00:00:00,35015000000.0,,3028000000.0,2313000000.0,,32215000000.0,19436000000.0,,1.69,sec_edgar:companyfacts
MDLZ,us,2013-03-31,2013-05-08T00:00:00,8744000000.0,,568000000.0,-620000000.0,,31874000000.0,203000000.0,,0.32,sec_edgar:companyfacts
MDLZ,us,2013-06-30,2013-08-08T00:00:00,17339000000.0,,1184000000.0,-150000000.0,,31407000000.0,756000000.0,,0.66,sec_edgar:companyfacts
MDLZ,us,2013-09-30,2013-11-07T00:00:00,25811000000.0,,2208000000.0,170000000.0,,32343000000.0,2527000000.0,,1.23,sec_edgar:companyfacts
MDLZ,us,2013-12-31,2014-03-03T00:00:00,35299000000.0,,3915000000.0,4788000000.0,,32373000000.0,17149000000.0,,2.19,sec_edgar:companyfacts
MDLZ,us,2014-03-31,2014-05-08T00:00:00,8641000000.0,,163000000.0,-903000000.0,,31649000000.0,2503000000.0,,0.09,sec_edgar:companyfacts
MDLZ,us,2014-06-30,2014-08-08T00:00:00,17077000000.0,,785000000.0,-356000000.0,,32268000000.0,2044000000.0,,0.46,sec_edgar:companyfacts
MDLZ,us,2014-09-30,2014-11-06T00:00:00,25414000000.0,,1684000000.0,20000000.0,,30844000000.0,1807000000.0,,0.98,sec_edgar:companyfacts
MDLZ,us,2014-12-31,2015-02-20T00:00:00,34244000000.0,,2184000000.0,1920000000.0,,27750000000.0,16710000000.0,,1.28,sec_edgar:companyfacts
MDLZ,us,2015-03-31,2015-04-30T00:00:00,7762000000.0,,324000000.0,-721000000.0,,24546000000.0,3688000000.0,,0.19,sec_edgar:companyfacts
MDLZ,us,2015-06-30,2015-07-31T00:00:00,15423000000.0,,730000000.0,-219000000.0,,24645000000.0,4483000000.0,,0.44,sec_edgar:companyfacts
MDLZ,us,2015-09-30,2015-10-29T00:00:00,22272000000.0,,7996000000.0,234000000.0,,29868000000.0,1571000000.0,,4.86,sec_edgar:companyfacts
MDLZ,us,2015-12-31,2016-02-19T00:00:00,29636000000.0,,7267000000.0,2214000000.0,,28012000000.0,15468000000.0,,4.44,sec_edgar:companyfacts
MDLZ,us,2016-03-31,2016-04-28T00:00:00,6455000000.0,,554000000.0,-789000000.0,,27770000000.0,2564000000.0,,0.35,sec_edgar:companyfacts
MDLZ,us,2016-06-30,2016-07-27T00:00:00,12757000000.0,,1018000000.0,-267000000.0,,27592000000.0,2691000000.0,,0.64,sec_edgar:companyfacts
MDLZ,us,2016-09-30,2016-10-26T00:00:00,19153000000.0,,1566000000.0,229000000.0,,27509000000.0,2490000000.0,,0.99,sec_edgar:companyfacts
MDLZ,us,2016-12-31,2017-02-24T00:00:00,25923000000.0,,1659000000.0,1614000000.0,,25161000000.0,17268000000.0,,1.05,sec_edgar:companyfacts
MDLZ,us,2017-03-31,2017-05-03T00:00:00,6414000000.0,,630000000.0,-863000000.0,,25658000000.0,4250000000.0,,0.41,sec_edgar:companyfacts
MDLZ,us,2017-06-30,2017-08-02T00:00:00,12400000000.0,,1128000000.0,-226000000.0,,25720000000.0,4813000000.0,,0.73,sec_edgar:companyfacts
MDLZ,us,2017-09-30,2017-10-31T00:00:00,18930000000.0,,2120000000.0,76000000.0,,26031000000.0,4551000000.0,,1.38,sec_edgar:companyfacts
MDLZ,us,2017-12-31,2018-02-09T00:00:00,25896000000.0,,2922000000.0,1579000000.0,,26111000000.0,17716000000.0,,1.91,sec_edgar:companyfacts
MDLZ,us,2018-03-31,2018-05-02T00:00:00,6765000000.0,,938000000.0,123000000.0,,26452000000.0,4779000000.0,,0.62,sec_edgar:companyfacts
MDLZ,us,2018-06-30,2018-07-26T00:00:00,12877000000.0,,1261000000.0,650000000.0,,25203000000.0,4074000000.0,,0.84,sec_edgar:companyfacts
MDLZ,us,2018-09-30,2018-10-30T00:00:00,19165000000.0,,2558000000.0,1075000000.0,,25457000000.0,4811000000.0,,1.72,sec_edgar:companyfacts
MDLZ,us,2018-12-31,2019-02-08T00:00:00,25938000000.0,,3381000000.0,2853000000.0,,25637000000.0,18442000000.0,,2.28,sec_edgar:companyfacts
MDLZ,us,2019-03-31,2019-05-01T00:00:00,6538000000.0,,914000000.0,200000000.0,,25828000000.0,4065000000.0,,0.63,sec_edgar:companyfacts
MDLZ,us,2019-06-30,2019-07-31T00:00:00,12600000000.0,,1721000000.0,581000000.0,,26093000000.0,3780000000.0,,1.18,sec_edgar:companyfacts
MDLZ,us,2019-09-30,2019-10-30T00:00:00,18955000000.0,,3144000000.0,1196000000.0,,26806000000.0,3253000000.0,,2.15,sec_edgar:companyfacts
MDLZ,us,2019-12-31,2020-02-07T00:00:00,25868000000.0,,3870000000.0,3040000000.0,,27275000000.0,18513000000.0,,2.65,sec_edgar:companyfacts
MDLZ,us,2020-03-31,2020-04-29T00:00:00,6707000000.0,,753000000.0,70000000.0,,25674000000.0,4764000000.0,,0.52,sec_edgar:companyfacts
MDLZ,us,2020-06-30,2020-07-29T00:00:00,12618000000.0,,1280000000.0,1113000000.0,,26018000000.0,2755000000.0,,0.89,sec_edgar:companyfacts
MDLZ,us,2020-09-30,2020-11-03T00:00:00,19283000000.0,,2399000000.0,1685000000.0,,26943000000.0,199000000.0,,1.66,sec_edgar:companyfacts
MDLZ,us,2020-12-31,2021-02-05T00:00:00,26581000000.0,,3555000000.0,3101000000.0,,27578000000.0,29000000.0,,2.47,sec_edgar:companyfacts
MDLZ,us,2021-03-31,2021-04-28T00:00:00,7238000000.0,,961000000.0,699000000.0,,27075000000.0,674000000.0,,0.68,sec_edgar:companyfacts
MDLZ,us,2021-06-30,2021-07-27T00:00:00,13880000000.0,,2039000000.0,1382000000.0,,27543000000.0,64000000.0,,1.44,sec_edgar:companyfacts
MDLZ,us,2021-09-30,2021-11-02T00:00:00,21062000000.0,,3297000000.0,2081000000.0,,27698000000.0,234000000.0,,2.33,sec_edgar:companyfacts
MDLZ,us,2021-12-31,2022-02-04T00:00:00,28720000000.0,,4300000000.0,3176000000.0,,28269000000.0,216000000.0,,3.04,sec_edgar:companyfacts
MDLZ,us,2022-03-31,2022-04-26T00:00:00,7764000000.0,,855000000.0,964000000.0,,28161000000.0,606000000.0,,0.61,sec_edgar:companyfacts
MDLZ,us,2022-06-30,2022-07-26T00:00:00,15038000000.0,,1602000000.0,1582000000.0,,27511000000.0,605000000.0,,1.15,sec_edgar:companyfacts
MDLZ,us,2022-09-30,2022-11-01T00:00:00,22801000000.0,,2134000000.0,1895000000.0,,26641000000.0,1753000000.0,,1.54,sec_edgar:companyfacts
MDLZ,us,2022-12-31,2023-02-03T00:00:00,31496000000.0,,2717000000.0,3002000000.0,,26883000000.0,2299000000.0,,1.96,sec_edgar:companyfacts
MDLZ,us,2023-03-31,2023-04-27T00:00:00,9166000000.0,,2081000000.0,900000000.0,,28228000000.0,2461000000.0,,1.52,sec_edgar:companyfacts
MDLZ,us,2023-06-30,2023-07-27T00:00:00,17673000000.0,,3025000000.0,1478000000.0,,28647000000.0,2178000000.0,,2.2,sec_edgar:companyfacts
MDLZ,us,2023-09-30,2023-11-01T00:00:00,26702000000.0,,4009000000.0,2370000000.0,,28535000000.0,1221000000.0,,2.92,sec_edgar:companyfacts
MDLZ,us,2023-12-31,2024-02-02T00:00:00,36016000000.0,,4959000000.0,3602000000.0,,28332000000.0,420000000.0,,3.62,sec_edgar:companyfacts
MDLZ,us,2024-03-31,2024-04-30T00:00:00,9290000000.0,,1412000000.0,1025000000.0,,28482000000.0,259000000.0,,1.04,sec_edgar:companyfacts
MDLZ,us,2024-06-30,2024-07-30T00:00:00,17633000000.0,,2013000000.0,1480000000.0,,27689000000.0,838000000.0,,1.49,sec_edgar:companyfacts
MDLZ,us,2024-09-30,2024-10-29T00:00:00,26837000000.0,,2866000000.0,2469000000.0,,27854000000.0,1484000000.0,,2.12,sec_edgar:companyfacts
MDLZ,us,2024-12-31,2025-02-05T00:00:00,36441000000.0,,4611000000.0,3523000000.0,,26932000000.0,71000000.0,,3.42,sec_edgar:companyfacts
MDLZ,us,2025-03-31,2025-04-29T00:00:00,9313000000.0,,402000000.0,815000000.0,,25785000000.0,1914000000.0,,0.31,sec_edgar:companyfacts
MDLZ,us,2025-06-30,2025-07-29T00:00:00,18297000000.0,,1043000000.0,818000000.0,,26193000000.0,1664000000.0,,0.8,sec_edgar:companyfacts
MDLZ,us,2025-09-30,2025-10-28T00:00:00,28041000000.0,,1786000000.0,1236000000.0,,26177000000.0,2645000000.0,,1.37,sec_edgar:companyfacts
MDLZ,us,2025-12-31,2026-02-04T00:00:00,38537000000.0,,2451000000.0,3235000000.0,,25838000000.0,2688000000.0,,1.89,sec_edgar:companyfacts
MDLZ,us,2026-03-31,2026-04-28T00:00:00,10080000000.0,,560000000.0,155000000.0,,25750000000.0,2881000000.0,,0.44,sec_edgar:companyfacts
MDT,us,2012-04-27,2015-06-23T00:00:00,,,,,,17113000000.0,,,,sec_edgar:companyfacts
MDT,us,2013-04-26,2015-06-23T00:00:00,,,3467000000.0,,,18671000000.0,,,3.37,sec_edgar:companyfacts
MDT,us,2013-07-26,2015-06-23T00:00:00,,,953000000.0,,,,,,0.93,sec_edgar:companyfacts
MDT,us,2013-10-25,2015-06-23T00:00:00,,,902000000.0,,,,,,0.89,sec_edgar:companyfacts
MDT,us,2014-01-24,2015-06-23T00:00:00,,,762000000.0,,,,,,0.75,sec_edgar:companyfacts
MDT,us,2014-04-25,2016-06-28T00:00:00,,,3065000000.0,4563000000.0,,19443000000.0,1613000000.0,998999125.0,3.02,sec_edgar:companyfacts
MDT,us,2014-07-25,2015-09-09T00:00:00,,,871000000.0,,,,,,0.87,sec_edgar:companyfacts
MDT,us,2014-10-24,2015-12-09T00:00:00,,,828000000.0,1013000000.0,,,,,0.83,sec_edgar:companyfacts
MDT,us,2015-01-23,2016-03-09T00:00:00,,,-37075000.0,2674000000.0,,-36954000.0,,,0.98,sec_edgar:companyfacts
MDT,us,2015-04-24,2016-06-28T00:00:00,,,2675000000.0,4331000000.0,,53230000000.0,35605000000.0,1421648005.0,2.41,sec_edgar:companyfacts
MDT,us,2015-07-31,2016-09-07T00:00:00,,,820000000.0,592000000.0,,52809000000.0,1850000000.0,,0.57,sec_edgar:companyfacts
MDT,us,2015-10-30,2015-12-09T00:00:00,,,1340000000.0,1649000000.0,,52269000000.0,2158000000.0,,0.94,sec_edgar:companyfacts
MDT,us,2016-01-29,2016-03-09T00:00:00,,,2435000000.0,3199000000.0,,50816000000.0,2153000000.0,,1.7,sec_edgar:companyfacts
MDT,us,2016-04-29,2016-06-28T00:00:00,,,3538000000.0,4172000000.0,,52063000000.0,30937000000.0,1399018022.0,2.48,sec_edgar:companyfacts
MDT,us,2016-07-29,2016-09-07T00:00:00,,,929000000.0,1220000000.0,,50824000000.0,1947000000.0,,0.66,sec_edgar:companyfacts
MDT,us,2016-10-28,2016-12-05T00:00:00,,,2044000000.0,2424000000.0,,50186000000.0,3367000000.0,,1.46,sec_edgar:companyfacts
MDT,us,2017-01-27,2017-03-03T00:00:00,,,2865000000.0,4183000000.0,,49387000000.0,6226000000.0,,2.05,sec_edgar:companyfacts
MDT,us,2017-04-28,2019-06-21T00:00:00,29710000000.0,,4028000000.0,5626000000.0,,50294000000.0,33394000000.0,1369424818.0,2.89,sec_edgar:companyfacts
MDT,us,2017-07-28,2018-08-31T00:00:00,7390000000.0,,1016000000.0,459000000.0,,50672000000.0,,,0.74,sec_edgar:companyfacts
MDT,us,2017-10-27,2018-11-29T00:00:00,14440000000.0,,3033000000.0,1120000000.0,,51469000000.0,,1353591988.0,2.21,sec_edgar:companyfacts
MDT,us,2018-01-26,2019-03-01T00:00:00,21809000000.0,,1644000000.0,2870000000.0,,50234000000.0,,1355260722.0,1.2,sec_edgar:companyfacts
MDT,us,2018-04-27,2019-06-21T00:00:00,29953000000.0,,3104000000.0,3616000000.0,,50720000000.0,25750000000.0,1354218154.0,2.27,sec_edgar:companyfacts
MDT,us,2018-07-27,2018-08-31T00:00:00,7384000000.0,,1075000000.0,1411000000.0,,50224000000.0,,1351728548.0,0.79,sec_edgar:companyfacts
MDT,us,2018-10-26,2018-11-29T00:00:00,14865000000.0,,2190000000.0,2368000000.0,,49607000000.0,,1346179202.0,1.61,sec_edgar:companyfacts
MDT,us,2019-01-25,2019-03-01T00:00:00,22411000000.0,,3459000000.0,4121000000.0,,49829000000.0,,1340592569.0,2.54,sec_edgar:companyfacts
MDT,us,2019-04-26,2019-06-21T00:00:00,30557000000.0,,4631000000.0,5873000000.0,,50091000000.0,25390000000.0,1340697595.0,3.41,sec_edgar:companyfacts
MDT,us,2019-07-26,2019-08-30T00:00:00,7493000000.0,,864000000.0,1209000000.0,,50363000000.0,,1340797328.0,0.64,sec_edgar:companyfacts
MDT,us,2019-10-25,2019-12-03T00:00:00,15199000000.0,,2228000000.0,2793000000.0,,50578000000.0,,1340375745.0,1.65,sec_edgar:companyfacts
MDT,us,2020-01-24,2020-02-28T00:00:00,22916000000.0,,4143000000.0,4907000000.0,,51808000000.0,,1340786042.0,3.07,sec_edgar:companyfacts
MDT,us,2020-04-24,2020-06-19T00:00:00,28913000000.0,,4789000000.0,6021000000.0,,50737000000.0,24916000000.0,1341074724.0,3.54,sec_edgar:companyfacts
MDT,us,2020-07-31,2020-09-03T00:00:00,6507000000.0,,487000000.0,-56000000.0,,50296000000.0,,1343318623.0,0.36,sec_edgar:companyfacts
MDT,us,2020-10-30,2020-12-03T00:00:00,14154000000.0,,976000000.0,1524000000.0,,50164000000.0,,1345547814.0,0.72,sec_edgar:companyfacts
MDT,us,2021-01-29,2021-03-05T00:00:00,21929000000.0,,2246000000.0,3517000000.0,,50758000000.0,,1347470889.0,1.66,sec_edgar:companyfacts
MDT,us,2021-04-30,2021-06-25T00:00:00,30117000000.0,,3606000000.0,4885000000.0,,51428000000.0,11000000.0,1345400671.0,2.66,sec_edgar:companyfacts
MDT,us,2021-07-30,2021-09-02T00:00:00,7987000000.0,,763000000.0,914000000.0,,51486000000.0,6000000.0,1344671106.0,0.56,sec_edgar:companyfacts
MDT,us,2021-10-29,2021-12-02T00:00:00,15835000000.0,,2074000000.0,2412000000.0,,51991000000.0,16000000.0,1344861769.0,1.53,sec_edgar:companyfacts
MDT,us,2022-01-28,2022-03-03T00:00:00,23597000000.0,,3554000000.0,4310000000.0,,52542000000.0,865000000.0,1342565589.0,2.63,sec_edgar:companyfacts
MDT,us,2022-04-29,2022-06-23T00:00:00,31686000000.0,,5039000000.0,5978000000.0,,52551000000.0,3742000000.0,1330743395.0,3.73,sec_edgar:companyfacts
MDT,us,2022-07-29,2022-09-01T00:00:00,7371000000.0,,929000000.0,657000000.0,,52672000000.0,5729000000.0,1329276973.0,0.7,sec_edgar:companyfacts
MDT,us,2022-10-28,2022-12-01T00:00:00,14955000000.0,,1356000000.0,1256000000.0,,51880000000.0,5864000000.0,1330148578.0,1.02,sec_edgar:companyfacts
MDT,us,2023-01-27,2023-03-01T00:00:00,22682000000.0,,2579000000.0,2498000000.0,,51441000000.0,5918000000.0,1330376287.0,1.94,sec_edgar:companyfacts
MDT,us,2023-04-28,2023-06-22T00:00:00,31227000000.0,,3758000000.0,4580000000.0,,51483000000.0,20000000.0,1330809036.0,2.82,sec_edgar:companyfacts
MDT,us,2023-07-28,2023-08-31T00:00:00,7702000000.0,,791000000.0,521000000.0,,51178000000.0,519000000.0,1330498304.0,0.59,sec_edgar:companyfacts
MDT,us,2023-10-27,2023-11-30T00:00:00,15686000000.0,,1700000000.0,721000000.0,,51460000000.0,1339000000.0,1330173450.0,1.28,sec_edgar:companyfacts
MDT,us,2024-01-26,2024-02-27T00:00:00,23775000000.0,,3022000000.0,2849000000.0,,51792000000.0,1029000000.0,1329653024.0,2.27,sec_edgar:companyfacts
MDT,us,2024-04-26,2024-06-20T00:00:00,32364000000.0,,3676000000.0,5200000000.0,,50214000000.0,1092000000.0,1311337531.0,2.76,sec_edgar:companyfacts
MDT,us,2024-07-26,2024-08-27T00:00:00,7915000000.0,,1042000000.0,466000000.0,,47947000000.0,1553000000.0,1282494588.0,0.8,sec_edgar:companyfacts
MDT,us,2024-10-25,2024-11-26T00:00:00,16318000000.0,,2312000000.0,1020000000.0,,48494000000.0,3719000000.0,1282553150.0,1.79,sec_edgar:companyfacts
MDT,us,2025-01-24,2025-02-25T00:00:00,24610000000.0,,3606000000.0,3116000000.0,,49387000000.0,2622000000.0,1283266154.0,2.79,sec_edgar:companyfacts
MDT,us,2025-04-25,2025-06-20T00:00:00,33537000000.0,,4662000000.0,5185000000.0,,48024000000.0,2874000000.0,1281934628.0,3.61,sec_edgar:companyfacts
MDT,us,2025-07-25,2025-08-26T00:00:00,8578000000.0,,1040000000.0,584000000.0,,47893000000.0,2430000000.0,1281869213.0,0.81,sec_edgar:companyfacts
MDT,us,2025-10-24,2025-11-25T00:00:00,17539000000.0,,2414000000.0,1041000000.0,,48652000000.0,1420000000.0,1281984552.0,1.87,sec_edgar:companyfacts
MDT,us,2026-01-23,2026-02-24T00:00:00,26557000000.0,,3557000000.0,3341000000.0,,48985000000.0,191000000.0,1283366516.0,2.76,sec_edgar:companyfacts
META,us,2010-12-31,2013-02-01T00:00:00,1974000000.0,,606000000.0,405000000.0,,,,,0.28,sec_edgar:companyfacts
META,us,2011-06-30,2012-07-31T00:00:00,1626000000.0,,471000000.0,189000000.0,,,,,0.22,sec_edgar:companyfacts
META,us,2011-09-30,2012-10-24T00:00:00,2580000000.0,,698000000.0,618000000.0,,,,,-0.32,sec_edgar:companyfacts
META,us,2011-12-31,2013-02-01T00:00:00,3711000000.0,,1000000000.0,943000000.0,,4899000000.0,,,0.46,sec_edgar:companyfacts
META,us,2012-03-31,2013-05-02T00:00:00,1058000000.0,,205000000.0,-12000000.0,,,,,0.09,sec_edgar:companyfacts
META,us,2012-06-30,2012-07-31T00:00:00,2242000000.0,,48000000.0,-183000000.0,,13309000000.0,,,0.02,sec_edgar:companyfacts
META,us,2012-09-30,2012-10-24T00:00:00,3504000000.0,,-11000000.0,-106000000.0,,14174000000.0,,,0.01,sec_edgar:companyfacts
META,us,2012-12-31,2013-02-01T00:00:00,5089000000.0,,53000000.0,377000000.0,,11755000000.0,,,0.01,sec_edgar:companyfacts
META,us,2013-03-31,2013-05-02T00:00:00,1458000000.0,,219000000.0,392000000.0,,11824000000.0,,,0.09,sec_edgar:companyfacts
META,us,2013-06-30,2013-07-25T00:00:00,3271000000.0,,552000000.0,1446000000.0,,12349000000.0,,,0.22,sec_edgar:companyfacts
META,us,2013-09-30,2013-11-01T00:00:00,5286000000.0,,977000000.0,2112000000.0,,13048000000.0,,,0.39,sec_edgar:companyfacts
META,us,2013-12-31,2014-01-31T00:00:00,7872000000.0,,1500000000.0,2860000000.0,,15470000000.0,,,0.6,sec_edgar:companyfacts
META,us,2014-03-31,2014-04-25T00:00:00,2502000000.0,,642000000.0,922000000.0,,16737000000.0,,,0.25,sec_edgar:companyfacts
META,us,2014-06-30,2014-07-24T00:00:00,5412000000.0,,1433000000.0,1794000000.0,,18346000000.0,,,0.55,sec_edgar:companyfacts
META,us,2014-09-30,2014-10-30T00:00:00,8615000000.0,,2239000000.0,2560000000.0,,21238000000.0,,,0.86,sec_edgar:companyfacts
META,us,2014-12-31,2015-01-29T00:00:00,12466000000.0,,2940000000.0,3626000000.0,,36096000000.0,,,1.1,sec_edgar:companyfacts
META,us,2015-03-31,2015-04-23T00:00:00,3543000000.0,,512000000.0,1198000000.0,,37501000000.0,,,0.18,sec_edgar:companyfacts
META,us,2015-06-30,2015-07-31T00:00:00,7586000000.0,,1231000000.0,2529000000.0,,39452000000.0,,,0.43,sec_edgar:companyfacts
META,us,2015-09-30,2015-11-05T00:00:00,12087000000.0,,2127000000.0,3941000000.0,,41420000000.0,,,0.75,sec_edgar:companyfacts
META,us,2015-12-31,2016-01-28T00:00:00,17928000000.0,,3688000000.0,6076000000.0,,44218000000.0,,,1.29,sec_edgar:companyfacts
META,us,2016-03-31,2016-04-28T00:00:00,5382000000.0,,1510000000.0,1851000000.0,,47150000000.0,,,0.52,sec_edgar:companyfacts
META,us,2016-06-30,2016-07-28T00:00:00,11818000000.0,,3565000000.0,4054000000.0,,50383000000.0,,,1.23,sec_edgar:companyfacts
META,us,2016-09-30,2016-11-03T00:00:00,18829000000.0,,5944000000.0,6536000000.0,,54115000000.0,,,2.05,sec_edgar:companyfacts
META,us,2016-12-31,2017-02-03T00:00:00,27638000000.0,,10217000000.0,11617000000.0,,59194000000.0,,,3.49,sec_edgar:companyfacts
META,us,2017-03-31,2017-05-04T00:00:00,8032000000.0,,3064000000.0,3787000000.0,,62188000000.0,,,1.04,sec_edgar:companyfacts
META,us,2017-06-30,2017-07-27T00:00:00,17353000000.0,,6959000000.0,7703000000.0,,66481000000.0,,,2.36,sec_edgar:companyfacts
META,us,2017-09-30,2017-11-02T00:00:00,27681000000.0,,11665000000.0,12075000000.0,,71208000000.0,,,3.95,sec_edgar:companyfacts
META,us,2017-12-31,2018-02-01T00:00:00,40653000000.0,,15934000000.0,17483000000.0,,74347000000.0,,,5.39,sec_edgar:companyfacts
META,us,2018-03-31,2018-04-26T00:00:00,11966000000.0,,4988000000.0,5048000000.0,,77620000000.0,,,1.69,sec_edgar:companyfacts
META,us,2018-06-30,2018-07-26T00:00:00,25197000000.0,,10093000000.0,7886000000.0,,79382000000.0,,,3.43,sec_edgar:companyfacts
META,us,2018-09-30,2018-10-31T00:00:00,38924000000.0,,15230000000.0,12042000000.0,,80342000000.0,,,5.2,sec_edgar:companyfacts
META,us,2018-12-31,2019-01-31T00:00:00,,,22112000000.0,15359000000.0,,84127000000.0,,,7.57,sec_edgar:companyfacts
META,us,2019-03-31,2019-04-25T00:00:00,,,2429000000.0,5471000000.0,,86516000000.0,,,0.85,sec_edgar:companyfacts
META,us,2019-06-30,2019-07-25T00:00:00,,,5045000000.0,10454000000.0,,88762000000.0,,,1.76,sec_edgar:companyfacts
META,us,2019-09-30,2019-10-31T00:00:00,,,11136000000.0,16229000000.0,,93999000000.0,,,3.87,sec_edgar:companyfacts
META,us,2019-12-31,2020-01-30T00:00:00,,,18485000000.0,21212000000.0,,101054000000.0,,,6.43,sec_edgar:companyfacts
META,us,2020-03-31,2020-04-30T00:00:00,,,4902000000.0,7443000000.0,,105304000000.0,,,1.71,sec_edgar:companyfacts
META,us,2020-06-30,2020-07-31T00:00:00,,,10081000000.0,8065000000.0,,110447000000.0,,,3.51,sec_edgar:companyfacts
META,us,2020-09-30,2020-10-30T00:00:00,,,17927000000.0,14205000000.0,,117731000000.0,,,6.22,sec_edgar:companyfacts
META,us,2020-12-31,2021-01-28T00:00:00,,,29146000000.0,23632000000.0,,128290000000.0,,,10.09,sec_edgar:companyfacts
META,us,2021-03-31,2021-04-29T00:00:00,,,9497000000.0,7970000000.0,,133657000000.0,,,3.3,sec_edgar:companyfacts
META,us,2021-06-30,2021-07-29T00:00:00,,,19892000000.0,16605000000.0,,138227000000.0,,,6.9,sec_edgar:companyfacts
META,us,2021-09-30,2021-10-26T00:00:00,,,29085000000.0,26381000000.0,,133360000000.0,,,10.11,sec_edgar:companyfacts
META,us,2021-12-31,2022-02-03T00:00:00,,,39370000000.0,39116000000.0,,124879000000.0,,,13.77,sec_edgar:companyfacts
META,us,2022-03-31,2022-04-28T00:00:00,,,7465000000.0,8635000000.0,,123228000000.0,,,2.72,sec_edgar:companyfacts
META,us,2022-06-30,2022-07-28T00:00:00,,,14152000000.0,13259000000.0,,125767000000.0,,,5.19,sec_edgar:companyfacts
META,us,2022-09-30,2022-10-27T00:00:00,,,18547000000.0,13576000000.0,,124094000000.0,,,6.82,sec_edgar:companyfacts
META,us,2022-12-31,2023-02-02T00:00:00,,,23200000000.0,19044000000.0,,125713000000.0,9923000000.0,,8.59,sec_edgar:companyfacts
META,us,2023-03-31,2023-04-27T00:00:00,,,5709000000.0,7156000000.0,,124795000000.0,9925000000.0,,2.2,sec_edgar:companyfacts
META,us,2023-06-30,2023-07-27T00:00:00,,,13498000000.0,18249000000.0,,134033000000.0,18382000000.0,,5.18,sec_edgar:companyfacts
META,us,2023-09-30,2023-10-26T00:00:00,,,25081000000.0,32108000000.0,,142873000000.0,18383000000.0,,9.56,sec_edgar:companyfacts
META,us,2023-12-31,2024-02-02T00:00:00,,,39098000000.0,43847000000.0,,153168000000.0,18385000000.0,,14.87,sec_edgar:companyfacts
META,us,2024-03-31,2024-04-25T00:00:00,,,12369000000.0,12846000000.0,,149529000000.0,,,4.71,sec_edgar:companyfacts
META,us,2024-06-30,2024-08-01T00:00:00,,,25834000000.0,24043000000.0,,156763000000.0,,,9.86,sec_edgar:companyfacts
META,us,2024-09-30,2024-10-31T00:00:00,,,41522000000.0,40509000000.0,,164529000000.0,28823000000.0,,15.88,sec_edgar:companyfacts
META,us,2024-12-31,2025-01-30T00:00:00,,,62360000000.0,54072000000.0,,182637000000.0,28826000000.0,,23.86,sec_edgar:companyfacts
META,us,2025-03-31,2025-05-01T00:00:00,,,16644000000.0,11085000000.0,,185029000000.0,,,6.43,sec_edgar:companyfacts
META,us,2025-06-30,2025-07-31T00:00:00,,,34981000000.0,20108000000.0,,195070000000.0,,,13.56,sec_edgar:companyfacts
META,us,2025-09-30,2025-10-30T00:00:00,,,37690000000.0,31278000000.0,,194066000000.0,,,14.62,sec_edgar:companyfacts
META,us,2025-12-31,2026-01-29T00:00:00,,,60458000000.0,46109000000.0,,217243000000.0,58744000000.0,,23.49,sec_edgar:companyfacts
META,us,2026-03-31,2026-04-30T00:00:00,,,26773000000.0,13229000000.0,,243681000000.0,,,10.44,sec_edgar:companyfacts
MMM,us,2007-12-31,2010-02-16T00:00:00,,,4096000000.0,2824000000.0,,,,,5.6,sec_edgar:companyfacts
MMM,us,2008-06-30,2009-07-31T00:00:00,,,1933000000.0,1608000000.0,,,,,2.7,sec_edgar:companyfacts
MMM,us,2008-09-30,2009-10-30T00:00:00,,,2924000000.0,2400000000.0,,,,,4.11,sec_edgar:companyfacts
MMM,us,2008-12-31,2010-02-16T00:00:00,,,3460000000.0,3062000000.0,,9880000000.0,1552000000.0,693543287.0,4.89,sec_edgar:companyfacts
MMM,us,2009-03-31,2010-05-05T00:00:00,,,518000000.0,451000000.0,,,,,0.74,sec_edgar:companyfacts
MMM,us,2009-06-30,2009-07-31T00:00:00,,,1301000000.0,1707000000.0,,10803000000.0,908000000.0,,1.86,sec_edgar:companyfacts
MMM,us,2009-09-30,2009-10-30T00:00:00,,,2258000000.0,3268000000.0,,12360000000.0,921000000.0,,3.21,sec_edgar:companyfacts
MMM,us,2009-12-31,2010-02-16T00:00:00,,,3193000000.0,4038000000.0,,12764000000.0,6232000000.0,710599119.0,4.52,sec_edgar:companyfacts
MMM,us,2010-03-31,2010-05-05T00:00:00,,,930000000.0,925000000.0,,13566000000.0,698000000.0,,1.29,sec_edgar:companyfacts
MMM,us,2010-06-30,2010-08-04T00:00:00,,,2051000000.0,1883000000.0,,13971000000.0,728000000.0,,2.83,sec_edgar:companyfacts
MMM,us,2010-09-30,2010-11-05T00:00:00,,,3157000000.0,2978000000.0,,15504000000.0,653000000.0,,4.36,sec_edgar:companyfacts
MMM,us,2010-12-31,2011-02-16T00:00:00,,,4085000000.0,4083000000.0,,15663000000.0,6637000000.0,711977608.0,5.63,sec_edgar:companyfacts
MMM,us,2011-03-31,2011-05-05T00:00:00,,,1081000000.0,502000000.0,,16494000000.0,1133000000.0,,1.49,sec_edgar:companyfacts
MMM,us,2011-06-30,2011-08-04T00:00:00,,,2241000000.0,1658000000.0,,17330000000.0,1116000000.0,,3.09,sec_edgar:companyfacts
MMM,us,2011-09-30,2012-11-01T00:00:00,,,3329000000.0,,,16968000000.0,1204000000.0,,4.61,sec_edgar:companyfacts
MMM,us,2011-12-31,2013-02-14T00:00:00,,,4283000000.0,,,15420000000.0,5729000000.0,694970041.0,5.96,sec_edgar:companyfacts
MMM,us,2012-03-31,2012-05-03T00:00:00,,,1125000000.0,,,16182000000.0,664000000.0,,1.59,sec_edgar:companyfacts
MMM,us,2012-06-30,2012-08-02T00:00:00,,,2292000000.0,,,16406000000.0,650000000.0,,3.25,sec_edgar:companyfacts
MMM,us,2012-09-30,2012-11-01T00:00:00,,,3453000000.0,,,17644000000.0,1506000000.0,,4.91,sec_edgar:companyfacts
MMM,us,2012-12-31,2013-02-14T00:00:00,,,4444000000.0,,,17575000000.0,6987000000.0,687091650.0,6.32,sec_edgar:companyfacts
MMM,us,2013-03-31,2013-05-02T00:00:00,,,1129000000.0,,,18082000000.0,1072000000.0,,1.61,sec_edgar:companyfacts
MMM,us,2013-06-30,2013-08-01T00:00:00,,,2326000000.0,,,17876000000.0,1062000000.0,,3.32,sec_edgar:companyfacts
MMM,us,2013-09-30,2013-10-31T00:00:00,,,3556000000.0,,,17796000000.0,2244000000.0,,5.1,sec_edgar:companyfacts
MMM,us,2013-12-31,2014-02-13T00:00:00,,,4659000000.0,,,17502000000.0,7595000000.0,663296239.0,6.72,sec_edgar:companyfacts
MMM,us,2014-03-31,2014-05-01T00:00:00,,,1207000000.0,,,17448000000.0,2176000000.0,,1.79,sec_edgar:companyfacts
MMM,us,2014-06-30,2014-07-31T00:00:00,,,2474000000.0,,,17354000000.0,1650000000.0,,3.7,sec_edgar:companyfacts
MMM,us,2014-09-30,2014-10-30T00:00:00,,,3777000000.0,,,16173000000.0,2119000000.0,,5.67,sec_edgar:companyfacts
MMM,us,2014-12-31,2015-02-12T00:00:00,,,4956000000.0,,,13109000000.0,6866000000.0,635134594.0,7.49,sec_edgar:companyfacts
MMM,us,2015-03-31,2015-04-30T00:00:00,,,1199000000.0,,,13917000000.0,132000000.0,,1.85,sec_edgar:companyfacts
MMM,us,2015-06-30,2015-07-30T00:00:00,,,2499000000.0,,,13093000000.0,86000000.0,,3.87,sec_edgar:companyfacts
MMM,us,2015-09-30,2015-10-29T00:00:00,,,3795000000.0,,,12186000000.0,2279000000.0,,5.92,sec_edgar:companyfacts
MMM,us,2015-12-31,2018-02-08T00:00:00,,,4833000000.0,4959000000.0,,11708000000.0,11922000000.0,609330124.0,7.58,sec_edgar:companyfacts
MMM,us,2016-03-31,2016-05-03T00:00:00,,,1275000000.0,,,11733000000.0,2212000000.0,,2.05,sec_edgar:companyfacts
MMM,us,2016-06-30,2017-08-01T00:00:00,,,2566000000.0,1908000000.0,,11894000000.0,2450000000.0,,4.13,sec_edgar:companyfacts
MMM,us,2016-09-30,2017-10-31T00:00:00,,,3895000000.0,3469000000.0,,12002000000.0,1282000000.0,,6.28,sec_edgar:companyfacts
MMM,us,2016-12-31,2019-02-07T00:00:00,30109000000.0,,5050000000.0,5242000000.0,,10298000000.0,12450000000.0,596726278.0,8.16,sec_edgar:companyfacts
MMM,us,2017-03-31,2018-05-08T00:00:00,7685000000.0,,1323000000.0,701000000.0,,10989000000.0,909000000.0,,2.16,sec_edgar:companyfacts
MMM,us,2017-06-30,2018-07-26T00:00:00,15495000000.0,,2906000000.0,2041000000.0,,11591000000.0,213000000.0,,4.74,sec_edgar:companyfacts
MMM,us,2017-09-30,2018-10-25T00:00:00,23667000000.0,,4335000000.0,3466000000.0,,12146000000.0,835000000.0,,7.08,sec_edgar:companyfacts
MMM,us,2017-12-31,2019-02-07T00:00:00,31657000000.0,,4858000000.0,4867000000.0,,11563000000.0,15051000000.0,594884237.0,7.93,sec_edgar:companyfacts
MMM,us,2018-03-31,2018-05-08T00:00:00,8278000000.0,,602000000.0,-161000000.0,,10977000000.0,3449000000.0,,0.98,sec_edgar:companyfacts
MMM,us,2018-06-30,2018-07-26T00:00:00,16668000000.0,,2459000000.0,1373000000.0,,10365000000.0,3225000000.0,,4.04,sec_edgar:companyfacts
MMM,us,2018-09-30,2018-10-25T00:00:00,24820000000.0,,4002000000.0,3135000000.0,,10248000000.0,1307000000.0,,6.61,sec_edgar:companyfacts
MMM,us,2018-12-31,2019-02-07T00:00:00,32765000000.0,,5349000000.0,4862000000.0,,9796000000.0,15367000000.0,576575168.0,8.89,sec_edgar:companyfacts
MMM,us,2019-03-31,2019-04-26T00:00:00,7863000000.0,,891000000.0,657000000.0,,9703000000.0,17118000000.0,,1.51,sec_edgar:companyfacts
MMM,us,2019-06-30,2019-07-26T00:00:00,16034000000.0,,2018000000.0,1898000000.0,,10083000000.0,15777000000.0,,3.44,sec_edgar:companyfacts
MMM,us,2019-09-30,2019-10-25T00:00:00,24025000000.0,,3601000000.0,3571000000.0,,10702000000.0,18794000000.0,,6.15,sec_edgar:companyfacts
MMM,us,2019-12-31,2020-02-06T00:00:00,32136000000.0,,4570000000.0,5371000000.0,,10063000000.0,22154000000.0,575184835.0,7.81,sec_edgar:companyfacts
MMM,us,2020-03-31,2020-04-28T00:00:00,8075000000.0,,1292000000.0,881000000.0,,10147000000.0,21072000000.0,575196371.0,2.22,sec_edgar:companyfacts
MMM,us,2020-06-30,2020-07-28T00:00:00,15251000000.0,,2582000000.0,2407000000.0,,10857000000.0,19926000000.0,576019442.0,4.44,sec_edgar:companyfacts
MMM,us,2020-09-30,2020-10-27T00:00:00,23601000000.0,,3995000000.0,4519000000.0,,11880000000.0,19582000000.0,576821878.0,6.87,sec_edgar:companyfacts
MMM,us,2020-12-31,2021-02-04T00:00:00,32184000000.0,,5384000000.0,6612000000.0,,12867000000.0,19589000000.0,577749638.0,9.25,sec_edgar:companyfacts
MMM,us,2021-03-31,2021-04-27T00:00:00,8851000000.0,,1624000000.0,1378000000.0,,13760000000.0,18169000000.0,579675002.0,2.77,sec_edgar:companyfacts
MMM,us,2021-06-30,2021-07-27T00:00:00,17801000000.0,,3148000000.0,2871000000.0,,14448000000.0,20213000000.0,578638253.0,5.36,sec_edgar:companyfacts
MMM,us,2021-09-30,2021-10-26T00:00:00,26743000000.0,,4582000000.0,4402000000.0,,14460000000.0,20121000000.0,576252803.0,7.81,sec_edgar:companyfacts
MMM,us,2021-12-31,2022-02-09T00:00:00,35355000000.0,,5921000000.0,5851000000.0,,15046000000.0,18654000000.0,571845478.0,10.12,sec_edgar:companyfacts
MMM,us,2022-03-31,2022-04-26T00:00:00,8829000000.0,,1299000000.0,587000000.0,,14930000000.0,18550000000.0,569058849.0,2.26,sec_edgar:companyfacts
MMM,us,2022-06-30,2022-07-27T00:00:00,17531000000.0,,1377000000.0,1330000000.0,,13742000000.0,18178000000.0,569603928.0,2.4,sec_edgar:companyfacts
MMM,us,2022-09-30,2022-10-25T00:00:00,26150000000.0,,5236000000.0,2426000000.0,,14080000000.0,17561000000.0,552742915.0,9.15,sec_edgar:companyfacts
MMM,us,2022-12-31,2023-02-08T00:00:00,34229000000.0,,5777000000.0,3842000000.0,,14722000000.0,17877000000.0,549245105.0,10.18,sec_edgar:companyfacts
MMM,us,2023-03-31,2023-04-25T00:00:00,8031000000.0,,976000000.0,800000000.0,,15298000000.0,17860000000.0,551672217.0,1.76,sec_edgar:companyfacts
MMM,us,2023-06-30,2023-07-25T00:00:00,16356000000.0,,-5865000000.0,1932000000.0,,7798000000.0,17236000000.0,551992430.0,-10.6,sec_edgar:companyfacts
MMM,us,2023-09-30,2023-10-24T00:00:00,24668000000.0,,-7940000000.0,3437000000.0,,4672000000.0,17262000000.0,552317038.0,-14.34,sec_edgar:companyfacts
MMM,us,2023-12-31,2024-02-07T00:00:00,32681000000.0,,-6995000000.0,5065000000.0,,4807000000.0,17187000000.0,552581136.0,-12.63,sec_edgar:companyfacts
MMM,us,2024-03-31,2024-04-30T00:00:00,8003000000.0,,928000000.0,392000000.0,,4866000000.0,13912000000.0,553361257.0,1.67,sec_edgar:companyfacts
MMM,us,2024-06-30,2024-07-26T00:00:00,12271000000.0,,2073000000.0,1144000000.0,,3916000000.0,14385000000.0,549353621.0,3.73,sec_edgar:companyfacts
MMM,us,2024-09-30,2024-10-22T00:00:00,18565000000.0,,3445000000.0,-889000000.0,,4642000000.0,15059000000.0,544558607.0,6.21,sec_edgar:companyfacts
MMM,us,2024-12-31,2025-02-05T00:00:00,24575000000.0,,4173000000.0,638000000.0,,3842000000.0,14963000000.0,539470303.0,7.55,sec_edgar:companyfacts
MMM,us,2025-03-31,2025-04-22T00:00:00,5954000000.0,,1116000000.0,-315000000.0,,4464000000.0,14645000000.0,538181362.0,2.04,sec_edgar:companyfacts
MMM,us,2025-06-30,2025-07-18T00:00:00,12298000000.0,,1839000000.0,-1477000000.0,,4290000000.0,13815000000.0,532629702.0,3.38,sec_edgar:companyfacts
MMM,us,2025-09-30,2025-10-21T00:00:00,18815000000.0,,2673000000.0,61000000.0,,4628000000.0,13352000000.0,531225048.0,4.93,sec_edgar:companyfacts
MMM,us,2025-12-31,2026-02-03T00:00:00,24948000000.0,,3250000000.0,1396000000.0,,4702000000.0,14272000000.0,530279131.0,6.0,sec_edgar:companyfacts
MMM,us,2026-03-31,2026-04-21T00:00:00,6030000000.0,,653000000.0,349000000.0,,3263000000.0,1650000000.0,521567261.0,1.23,sec_edgar:companyfacts
MO,us,2007-12-31,2011-02-25T00:00:00,,,9786000000.0,9930000000.0,,,,2107676762.0,4.62,sec_edgar:companyfacts
MO,us,2008-06-30,2009-08-04T00:00:00,,,3384000000.0,1135000000.0,,,,,1.61,sec_edgar:companyfacts
MO,us,2008-09-30,2009-10-29T00:00:00,,,4251000000.0,3777000000.0,,,,,2.03,sec_edgar:companyfacts
MO,us,2008-12-31,2011-02-25T00:00:00,,,4930000000.0,4640000000.0,,2828000000.0,500000000.0,2061371584.0,2.36,sec_edgar:companyfacts
MO,us,2009-03-31,2010-04-28T00:00:00,,,589000000.0,2000000000.0,,,,,0.28,sec_edgar:companyfacts
MO,us,2009-06-30,2009-08-04T00:00:00,,,1599000000.0,23000000.0,,3343000000.0,893000000.0,,0.77,sec_edgar:companyfacts
MO,us,2009-09-30,2009-10-29T00:00:00,,,2481000000.0,1835000000.0,,3721000000.0,0.0,,1.19,sec_edgar:companyfacts
MO,us,2009-12-31,2011-02-25T00:00:00,,,3206000000.0,3170000000.0,,4069000000.0,0.0,2076028644.0,1.54,sec_edgar:companyfacts
MO,us,2010-03-31,2010-04-28T00:00:00,,,813000000.0,2003000000.0,,4263000000.0,200000000.0,,0.39,sec_edgar:companyfacts
MO,us,2010-06-30,2010-08-26T00:00:00,,,1855000000.0,222000000.0,,4521000000.0,200000000.0,,0.89,sec_edgar:companyfacts
MO,us,2010-09-30,2010-10-28T00:00:00,,,2986000000.0,1606000000.0,,5150000000.0,,,1.43,sec_edgar:companyfacts
MO,us,2010-12-31,2011-02-25T00:00:00,,,3905000000.0,2599000000.0,,5192000000.0,12194000000.0,2088739666.0,1.87,sec_edgar:companyfacts
MO,us,2011-03-31,2011-04-28T00:00:00,,,937000000.0,2049000000.0,,5453000000.0,,,0.45,sec_edgar:companyfacts
MO,us,2011-06-30,2011-07-28T00:00:00,,,1381000000.0,439000000.0,,4633000000.0,0.0,,0.66,sec_edgar:companyfacts
MO,us,2011-09-30,2011-10-27T00:00:00,,,2554000000.0,2489000000.0,,4419000000.0,0.0,,1.23,sec_edgar:companyfacts
MO,us,2011-12-31,2012-02-16T00:00:00,,,3390000000.0,3508000000.0,,3680000000.0,13689000000.0,2044419285.0,1.64,sec_edgar:companyfacts
MO,us,2012-03-31,2012-04-26T00:00:00,,,973000000.0,1821000000.0,,3701000000.0,0.0,,0.48,sec_edgar:companyfacts
MO,us,2012-06-30,2012-07-26T00:00:00,,,2420000000.0,-124000000.0,,4273000000.0,0.0,,1.19,sec_edgar:companyfacts
MO,us,2012-09-30,2012-10-30T00:00:00,,,3077000000.0,2043000000.0,,3866000000.0,0.0,,1.51,sec_edgar:companyfacts
MO,us,2012-12-31,2014-02-26T00:00:00,,,4180000000.0,3779000000.0,,3168000000.0,13878000000.0,2009740296.0,2.06,sec_edgar:companyfacts
MO,us,2013-03-31,2013-04-25T00:00:00,,,1385000000.0,1778000000.0,,3569000000.0,0.0,,,sec_edgar:companyfacts
MO,us,2013-06-30,2013-07-24T00:00:00,,,2651000000.0,529000000.0,,3565000000.0,0.0,,,sec_edgar:companyfacts
MO,us,2013-09-30,2013-10-24T00:00:00,,,4047000000.0,,,3981000000.0,0.0,,,sec_edgar:companyfacts
MO,us,2013-12-31,2016-02-25T00:00:00,,,4535000000.0,4244000000.0,,4119000000.0,14517000000.0,1993479282.0,,sec_edgar:companyfacts
MO,us,2014-03-31,2014-04-24T00:00:00,,,1175000000.0,,,4115000000.0,0.0,,,sec_edgar:companyfacts
MO,us,2014-06-30,2014-07-22T00:00:00,,,2437000000.0,,,4395000000.0,0.0,,,sec_edgar:companyfacts
MO,us,2014-09-30,2014-10-30T00:00:00,,,3834000000.0,,,4294000000.0,0.0,,,sec_edgar:companyfacts
MO,us,2014-12-31,2016-02-25T00:00:00,,,5070000000.0,4500000000.0,,3014000000.0,14693000000.0,1971474523.0,,sec_edgar:companyfacts
MO,us,2015-03-31,2016-04-28T00:00:00,,,1018000000.0,2450000000.0,,2533000000.0,0.0,,,sec_edgar:companyfacts
MO,us,2015-06-30,2016-07-27T00:00:00,,,2466000000.0,1148000000.0,,2779000000.0,0.0,,,sec_edgar:companyfacts
MO,us,2015-09-30,2016-10-27T00:00:00,,,3994000000.0,3928000000.0,,2887000000.0,0.0,,,sec_edgar:companyfacts
MO,us,2015-12-31,2016-02-25T00:00:00,,,5241000000.0,5581000000.0,,2880000000.0,12919000000.0,1960059481.0,,sec_edgar:companyfacts
MO,us,2016-03-31,2016-04-28T00:00:00,,,1217000000.0,2663000000.0,,2745000000.0,0.0,,,sec_edgar:companyfacts
MO,us,2016-06-30,2016-07-27T00:00:00,,,2870000000.0,981000000.0,,3140000000.0,0.0,,,sec_edgar:companyfacts
MO,us,2016-09-30,2016-10-27T00:00:00,,,3963000000.0,3372000000.0,,2944000000.0,0.0,,,sec_edgar:companyfacts
MO,us,2016-12-31,2019-02-26T00:00:00,25744000000.0,,14239000000.0,3602000000.0,,12770000000.0,13881000000.0,1943272224.0,7.28,sec_edgar:companyfacts
MO,us,2017-03-31,2019-02-26T00:00:00,6083000000.0,,1401000000.0,2632000000.0,,12260000000.0,0.0,,,sec_edgar:companyfacts
MO,us,2017-06-30,2018-07-26T00:00:00,12746000000.0,,3390000000.0,1857000000.0,,12418000000.0,0.0,,,sec_edgar:companyfacts
MO,us,2017-09-30,2018-10-25T00:00:00,19475000000.0,,5256000000.0,4014000000.0,,12166000000.0,0.0,,,sec_edgar:companyfacts
MO,us,2017-12-31,2019-02-26T00:00:00,25576000000.0,,10222000000.0,4723000000.0,,15377000000.0,13894000000.0,1901259192.0,5.31,sec_edgar:companyfacts
MO,us,2018-03-31,2019-02-26T00:00:00,6108000000.0,,1894000000.0,2775000000.0,,15394000000.0,0.0,,1.0,sec_edgar:companyfacts
MO,us,2018-06-30,2019-02-26T00:00:00,12413000000.0,,3770000000.0,3778000000.0,,15796000000.0,0.0,,0.99,sec_edgar:companyfacts
MO,us,2018-09-30,2019-02-26T00:00:00,19250000000.0,,5713000000.0,6434000000.0,,15494000000.0,0.0,,1.03,sec_edgar:companyfacts
MO,us,2018-12-31,2019-02-26T00:00:00,25364000000.0,,6963000000.0,8153000000.0,,14787000000.0,25746000000.0,1874057595.0,3.68,sec_edgar:companyfacts
MO,us,2019-03-31,2020-02-25T00:00:00,5628000000.0,,1120000000.0,2251000000.0,,14079000000.0,0.0,,0.6,sec_edgar:companyfacts
MO,us,2019-06-30,2020-02-25T00:00:00,12247000000.0,,3116000000.0,2313000000.0,,14464000000.0,0.0,,1.07,sec_edgar:companyfacts
MO,us,2019-09-30,2020-02-25T00:00:00,19103000000.0,,516000000.0,5114000000.0,,10545000000.0,0.0,,-1.39,sec_edgar:companyfacts
MO,us,2019-12-31,2020-02-25T00:00:00,25110000000.0,,-1293000000.0,7591000000.0,,6222000000.0,28042000000.0,1857981554.0,-0.7,sec_edgar:companyfacts
MO,us,2020-03-31,2021-04-29T00:00:00,6359000000.0,,1552000000.0,3077000000.0,,6543000000.0,3000000000.0,,0.83,sec_edgar:companyfacts
MO,us,2020-06-30,2021-07-29T00:00:00,12726000000.0,,3495000000.0,4840000000.0,,5688000000.0,,,1.88,sec_edgar:companyfacts
MO,us,2020-09-30,2020-10-30T00:00:00,19849000000.0,,2543000000.0,5682000000.0,,3139000000.0,29300000000.0,,1.36,sec_edgar:companyfacts
MO,us,2020-12-31,2021-02-26T00:00:00,26153000000.0,,4467000000.0,8154000000.0,,2839000000.0,29471000000.0,1858419165.0,2.4,sec_edgar:companyfacts
MO,us,2021-03-31,2021-04-29T00:00:00,6036000000.0,,1424000000.0,3014000000.0,,2913000000.0,29680000000.0,,0.77,sec_edgar:companyfacts
MO,us,2021-06-30,2021-07-29T00:00:00,12972000000.0,,3573000000.0,2626000000.0,,3257000000.0,28241000000.0,,1.93,sec_edgar:companyfacts
MO,us,2021-09-30,2021-10-28T00:00:00,19758000000.0,,851000000.0,5640000000.0,,-1267000000.0,28127000000.0,,0.46,sec_edgar:companyfacts
MO,us,2021-12-31,2022-02-25T00:00:00,26013000000.0,,2475000000.0,8236000000.0,,-1606000000.0,28044000000.0,1823175618.0,1.34,sec_edgar:companyfacts
MO,us,2022-03-31,2022-04-28T00:00:00,5892000000.0,,1959000000.0,3030000000.0,,,27922000000.0,,1.08,sec_edgar:companyfacts
MO,us,2022-06-30,2022-07-28T00:00:00,12435000000.0,,2850000000.0,2478000000.0,,,27680000000.0,,1.57,sec_edgar:companyfacts
MO,us,2022-09-30,2022-10-27T00:00:00,18985000000.0,,3074000000.0,5490000000.0,,,26291000000.0,,1.69,sec_edgar:companyfacts
MO,us,2022-12-31,2023-02-27T00:00:00,25096000000.0,,5764000000.0,8051000000.0,,-3973000000.0,26680000000.0,1785534122.0,3.19,sec_edgar:companyfacts
MO,us,2023-03-31,2023-04-27T00:00:00,5719000000.0,,1787000000.0,2929000000.0,,-3876000000.0,25387000000.0,,1.0,sec_edgar:companyfacts
MO,us,2023-06-30,2023-08-01T00:00:00,12227000000.0,,3904000000.0,3005000000.0,,-3827000000.0,27195000000.0,,2.18,sec_edgar:companyfacts
MO,us,2023-09-30,2023-10-26T00:00:00,18508000000.0,,6070000000.0,5917000000.0,,-3407000000.0,25098000000.0,,3.4,sec_edgar:companyfacts
MO,us,2023-12-31,2024-02-27T00:00:00,24483000000.0,,8130000000.0,9091000000.0,,-3540000000.0,26233000000.0,1763461775.0,4.57,sec_edgar:companyfacts
MO,us,2024-03-31,2024-04-25T00:00:00,5576000000.0,,2129000000.0,2842000000.0,,-5114000000.0,25042000000.0,,1.21,sec_edgar:companyfacts
MO,us,2024-06-30,2024-07-31T00:00:00,11785000000.0,,5932000000.0,2738000000.0,,-3016000000.0,25023000000.0,,3.41,sec_edgar:companyfacts
MO,us,2024-09-30,2024-10-31T00:00:00,18044000000.0,,8225000000.0,5318000000.0,,-3468000000.0,25155000000.0,,4.75,sec_edgar:companyfacts
MO,us,2024-12-31,2025-02-26T00:00:00,24018000000.0,,11264000000.0,8611000000.0,,-2238000000.0,24926000000.0,1690651867.0,6.54,sec_edgar:companyfacts
MO,us,2025-03-31,2025-04-29T00:00:00,5259000000.0,,1077000000.0,2682000000.0,,-3510000000.0,26059000000.0,,0.63,sec_edgar:companyfacts
MO,us,2025-06-30,2025-07-30T00:00:00,11361000000.0,,3455000000.0,2855000000.0,,-3256000000.0,24720000000.0,,2.04,sec_edgar:companyfacts
MO,us,2025-09-30,2025-10-30T00:00:00,17433000000.0,,5830000000.0,5895000000.0,,-2646000000.0,25701000000.0,,3.45,sec_edgar:companyfacts
MO,us,2025-12-31,2026-02-25T00:00:00,23279000000.0,,6947000000.0,9074000000.0,,-3502000000.0,25709000000.0,1674318297.0,4.12,sec_edgar:companyfacts
MO,us,2026-03-31,2026-04-30T00:00:00,5428000000.0,,2183000000.0,2231000000.0,,-3211000000.0,24602000000.0,,1.3,sec_edgar:companyfacts
MRK,us,2007-12-31,2010-03-01T00:00:00,24197700000.0,,3275400000.0,,,,,,1.49,sec_edgar:companyfacts
MRK,us,2008-06-30,2009-07-24T00:00:00,,,775000000.0,,,,,,0.43,sec_edgar:companyfacts
MRK,us,2008-09-30,2009-10-29T00:00:00,,,1389000000.0,,,,,,0.78,sec_edgar:companyfacts
MRK,us,2008-12-31,2010-03-01T00:00:00,23850300000.0,,7808400000.0,,,10529000000.0,245000000.0,,3.63,sec_edgar:companyfacts
MRK,us,2009-03-31,2010-05-07T00:00:00,5385200000.0,,1425000000.0,,,,,,0.67,sec_edgar:companyfacts
MRK,us,2009-06-30,2010-08-06T00:00:00,11285100000.0,,1476000000.0,,,12035000000.0,261000000.0,0.0,0.85,sec_edgar:companyfacts
MRK,us,2009-09-30,2010-11-08T00:00:00,17334800000.0,,1991000000.0,,,12900000000.0,185000000.0,1639151392.0,1.13,sec_edgar:companyfacts
MRK,us,2009-12-31,2010-03-01T00:00:00,27428300000.0,,12901300000.0,,,59058000000.0,18879200000.0,,5.65,sec_edgar:companyfacts
MRK,us,2010-03-31,2010-05-07T00:00:00,11422200000.0,,298800000.0,,,57878100000.0,3822400000.0,,0.09,sec_edgar:companyfacts
MRK,us,2010-06-30,2010-08-06T00:00:00,22768500000.0,,1051200000.0,,,55231700000.0,22147300000.0,,0.33,sec_edgar:companyfacts
MRK,us,2010-09-30,2010-11-08T00:00:00,33893300000.0,,1392700000.0,,,55592800000.0,22216000000.0,,0.44,sec_edgar:companyfacts
MRK,us,2010-12-31,2011-02-28T00:00:00,45987000000.0,,861000000.0,,,54376000000.0,2400000000.0,,0.28,sec_edgar:companyfacts
MRK,us,2011-03-31,2011-05-09T00:00:00,,,1043000000.0,,,54384000000.0,2202000000.0,,0.34,sec_edgar:companyfacts
MRK,us,2011-06-30,2011-08-08T00:00:00,,,3067000000.0,,,55496000000.0,2523000000.0,,0.98,sec_edgar:companyfacts
MRK,us,2011-09-30,2011-11-08T00:00:00,,,4760000000.0,,,55140000000.0,2455000000.0,,1.53,sec_edgar:companyfacts
MRK,us,2011-12-31,2012-02-28T00:00:00,,,6272000000.0,,,54517000000.0,1990000000.0,,2.02,sec_edgar:companyfacts
MRK,us,2012-03-31,2012-05-08T00:00:00,,,1738000000.0,,,54860000000.0,2930000000.0,,0.56,sec_edgar:companyfacts
MRK,us,2012-06-30,2012-08-07T00:00:00,,,3531000000.0,,,55194000000.0,3922000000.0,,1.15,sec_edgar:companyfacts
MRK,us,2012-09-30,2012-11-09T00:00:00,,,5261000000.0,,,55747000000.0,2029000000.0,,1.71,sec_edgar:companyfacts
MRK,us,2012-12-31,2013-02-28T00:00:00,,,6168000000.0,,,53020000000.0,4315000000.0,,2.0,sec_edgar:companyfacts
MRK,us,2013-03-31,2013-05-09T00:00:00,,,1593000000.0,,,53029000000.0,4736000000.0,,0.52,sec_edgar:companyfacts
MRK,us,2013-06-30,2013-08-07T00:00:00,,,2499000000.0,,,47500000000.0,5582000000.0,,0.82,sec_edgar:companyfacts
MRK,us,2013-09-30,2013-11-07T00:00:00,,,3623000000.0,,,47419000000.0,3976000000.0,,1.2,sec_edgar:companyfacts
MRK,us,2013-12-31,2014-02-27T00:00:00,,,4404000000.0,,,49765000000.0,4521000000.0,,1.47,sec_edgar:companyfacts
MRK,us,2014-03-31,2014-05-08T00:00:00,,,1705000000.0,,,49975000000.0,8559000000.0,,0.57,sec_edgar:companyfacts
MRK,us,2014-06-30,2014-08-07T00:00:00,,,3709000000.0,,,48358000000.0,4477000000.0,,1.25,sec_edgar:companyfacts
MRK,us,2014-09-30,2014-11-10T00:00:00,,,4604000000.0,,,45224000000.0,9275000000.0,,1.57,sec_edgar:companyfacts
MRK,us,2014-12-31,2015-02-27T00:00:00,,,11920000000.0,,,48647000000.0,2704000000.0,,4.07,sec_edgar:companyfacts
MRK,us,2015-03-31,2015-05-07T00:00:00,,,953000000.0,,,47765000000.0,4728000000.0,,0.33,sec_edgar:companyfacts
MRK,us,2015-06-30,2015-08-06T00:00:00,,,1639000000.0,,,46448000000.0,2483000000.0,,0.57,sec_edgar:companyfacts
MRK,us,2015-09-30,2015-11-05T00:00:00,,,3465000000.0,,,45587000000.0,2543000000.0,,1.22,sec_edgar:companyfacts
MRK,us,2015-12-31,2016-02-26T00:00:00,,,4442000000.0,,,44676000000.0,2585000000.0,,1.56,sec_edgar:companyfacts
MRK,us,2016-03-31,2016-05-09T00:00:00,,,1125000000.0,,,43806000000.0,2113000000.0,,0.4,sec_edgar:companyfacts
MRK,us,2016-06-30,2016-08-08T00:00:00,,,2330000000.0,,,43357000000.0,644000000.0,,0.83,sec_edgar:companyfacts
MRK,us,2016-09-30,2016-11-07T00:00:00,,,4515000000.0,,,43744000000.0,1487000000.0,,1.62,sec_edgar:companyfacts
MRK,us,2016-12-31,2019-02-27T00:00:00,39807000000.0,,3920000000.0,,,40088000000.0,568000000.0,,1.41,sec_edgar:companyfacts
MRK,us,2017-03-31,2017-05-09T00:00:00,,,1551000000.0,,,39837000000.0,5037000000.0,,0.56,sec_edgar:companyfacts
MRK,us,2017-06-30,2018-08-07T00:00:00,19365000000.0,,3496000000.0,,,39463000000.0,3181000000.0,,1.27,sec_edgar:companyfacts
MRK,us,2017-09-30,2018-11-06T00:00:00,29689000000.0,,3440000000.0,,,38248000000.0,5157000000.0,,1.25,sec_edgar:companyfacts
MRK,us,2017-12-31,2019-02-27T00:00:00,40122000000.0,,2394000000.0,,,34336000000.0,3057000000.0,,0.87,sec_edgar:companyfacts
MRK,us,2018-03-31,2019-05-08T00:00:00,10037000000.0,,736000000.0,,,33668000000.0,2055000000.0,,0.27,sec_edgar:companyfacts
MRK,us,2018-06-30,2018-08-07T00:00:00,20502000000.0,,2443000000.0,,,32529000000.0,3379000000.0,,0.9,sec_edgar:companyfacts
MRK,us,2018-09-30,2018-11-06T00:00:00,31296000000.0,,4393000000.0,,,32422000000.0,3656000000.0,,1.63,sec_edgar:companyfacts
MRK,us,2018-12-31,2019-02-27T00:00:00,42294000000.0,,6220000000.0,,,26701000000.0,5308000000.0,,2.32,sec_edgar:companyfacts
MRK,us,2019-03-31,2019-05-08T00:00:00,10816000000.0,,2915000000.0,,,27539000000.0,3175000000.0,,1.12,sec_edgar:companyfacts
MRK,us,2019-06-30,2019-08-06T00:00:00,22575000000.0,,5585000000.0,,,27635000000.0,3816000000.0,,2.15,sec_edgar:companyfacts
MRK,us,2019-09-30,2019-11-05T00:00:00,34972000000.0,,7487000000.0,,,26838000000.0,3411000000.0,,2.89,sec_edgar:companyfacts
MRK,us,2019-12-31,2020-02-26T00:00:00,46840000000.0,,9843000000.0,,,25907000000.0,3610000000.0,,3.81,sec_edgar:companyfacts
MRK,us,2020-03-31,2020-05-06T00:00:00,12057000000.0,,3219000000.0,,,26205000000.0,6361000000.0,,1.26,sec_edgar:companyfacts
MRK,us,2020-06-30,2020-08-05T00:00:00,22929000000.0,,6221000000.0,,,27642000000.0,4718000000.0,,2.45,sec_edgar:companyfacts
MRK,us,2020-09-30,2020-11-05T00:00:00,35479000000.0,,9161000000.0,,,29186000000.0,2420000000.0,,3.61,sec_edgar:companyfacts
MRK,us,2020-12-31,2021-02-25T00:00:00,47994000000.0,,7067000000.0,,,25317000000.0,6431000000.0,,2.78,sec_edgar:companyfacts
MRK,us,2021-03-31,2021-05-05T00:00:00,12080000000.0,,3179000000.0,,,26945000000.0,7251000000.0,,1.25,sec_edgar:companyfacts
MRK,us,2021-06-30,2021-08-09T00:00:00,22029000000.0,,4724000000.0,,,33294000000.0,2488000000.0,,1.86,sec_edgar:companyfacts
MRK,us,2021-09-30,2021-11-05T00:00:00,35183000000.0,,9291000000.0,,,35794000000.0,3534000000.0,,3.66,sec_edgar:companyfacts
MRK,us,2021-12-31,2024-02-26T00:00:00,48704000000.0,,13049000000.0,,,38184000000.0,2412000000.0,,5.14,sec_edgar:companyfacts
MRK,us,2022-03-31,2023-05-05T00:00:00,15901000000.0,,4310000000.0,,,40883000000.0,1208000000.0,,1.7,sec_edgar:companyfacts
MRK,us,2022-06-30,2023-08-07T00:00:00,30494000000.0,,8254000000.0,,,43243000000.0,2979000000.0,,3.25,sec_edgar:companyfacts
MRK,us,2022-09-30,2023-11-03T00:00:00,45453000000.0,,11502000000.0,11426000000.0,,44458000000.0,1936000000.0,,4.53,sec_edgar:companyfacts
MRK,us,2022-12-31,2025-02-25T00:00:00,59283000000.0,,14519000000.0,14707000000.0,,45991000000.0,1946000000.0,,5.71,sec_edgar:companyfacts
MRK,us,2023-03-31,2024-05-03T00:00:00,14487000000.0,,2821000000.0,332000000.0,,46834000000.0,2672000000.0,,1.11,sec_edgar:companyfacts
MRK,us,2023-06-30,2024-08-05T00:00:00,29522000000.0,,-3154000000.0,3071000000.0,,38693000000.0,2839000000.0,,-1.24,sec_edgar:companyfacts
MRK,us,2023-09-30,2023-11-03T00:00:00,45485000000.0,,1591000000.0,9886000000.0,,41246000000.0,887000000.0,,0.62,sec_edgar:companyfacts
MRK,us,2023-12-31,2025-02-25T00:00:00,60115000000.0,,365000000.0,9143000000.0,,37581000000.0,1372000000.0,,0.14,sec_edgar:companyfacts
MRK,us,2024-03-31,2024-05-03T00:00:00,15775000000.0,,4762000000.0,2229000000.0,,40364000000.0,3077000000.0,,1.87,sec_edgar:companyfacts
MRK,us,2024-06-30,2024-08-05T00:00:00,31887000000.0,,10217000000.0,7075000000.0,,43582000000.0,3071000000.0,,4.02,sec_edgar:companyfacts
MRK,us,2024-09-30,2024-11-06T00:00:00,48544000000.0,,13374000000.0,15583000000.0,,44502000000.0,3149000000.0,,5.26,sec_edgar:companyfacts
MRK,us,2024-12-31,2025-02-25T00:00:00,64168000000.0,,17117000000.0,18096000000.0,,46313000000.0,2649000000.0,,6.74,sec_edgar:companyfacts
MRK,us,2025-03-31,2025-05-02T00:00:00,15529000000.0,,5079000000.0,1172000000.0,,48335000000.0,1360000000.0,,2.01,sec_edgar:companyfacts
MRK,us,2025-06-30,2025-08-05T00:00:00,31335000000.0,,9506000000.0,3701000000.0,,48993000000.0,1434000000.0,,3.77,sec_edgar:companyfacts
MRK,us,2025-09-30,2025-11-05T00:00:00,48611000000.0,,15291000000.0,10536000000.0,,51850000000.0,1405000000.0,,6.08,sec_edgar:companyfacts
MRK,us,2025-12-31,2026-02-24T00:00:00,65011000000.0,,18254000000.0,12360000000.0,,52606000000.0,2589000000.0,,7.28,sec_edgar:companyfacts
MRK,us,2026-03-31,2026-05-04T00:00:00,16286000000.0,,-4240000000.0,2927000000.0,,45878000000.0,2444000000.0,,-1.72,sec_edgar:companyfacts
MS,us,2007-11-30,2010-02-26T00:00:00,26478000000.0,,3209000000.0,,,,,,2.9,sec_edgar:companyfacts
MS,us,2008-06-30,2009-08-07T00:00:00,13929000000.0,,2556000000.0,,,,,,2.28,sec_edgar:companyfacts
MS,us,2008-09-30,2009-11-09T00:00:00,31940000000.0,,10707000000.0,,,,,,9.63,sec_edgar:companyfacts
MS,us,2008-11-30,2010-02-26T00:00:00,22111000000.0,,1707000000.0,,,50831000000.0,173920000000.0,1047598394.0,1.39,sec_edgar:companyfacts
MS,us,2008-12-31,2010-02-26T00:00:00,-968000000.0,,-1288000000.0,,,48753000000.0,189937000000.0,1074497565.0,-1.62,sec_edgar:companyfacts
MS,us,2009-03-31,2010-05-07T00:00:00,2897000000.0,,-177000000.0,,,,,,-0.57,sec_edgar:companyfacts
MS,us,2009-06-30,2009-08-07T00:00:00,8357000000.0,,-28000000.0,,,46586000000.0,189822000000.0,1359204010.0,-1.71,sec_edgar:companyfacts
MS,us,2009-09-30,2009-11-09T00:00:00,17032000000.0,,729000000.0,,,46349000000.0,199350000000.0,1358900574.0,-1.13,sec_edgar:companyfacts
MS,us,2009-12-31,2010-02-26T00:00:00,23358000000.0,,1346000000.0,,,46688000000.0,195752000000.0,1360595214.0,-0.77,sec_edgar:companyfacts
MS,us,2010-03-31,2010-05-07T00:00:00,9078000000.0,,1776000000.0,,,48264000000.0,192526000000.0,1398469576.0,0.99,sec_edgar:companyfacts
MS,us,2010-06-30,2010-08-09T00:00:00,17028000000.0,,3736000000.0,,,51013000000.0,186645000000.0,1397007417.0,2.08,sec_edgar:companyfacts
MS,us,2010-09-30,2010-11-08T00:00:00,23805000000.0,,3867000000.0,,,56876000000.0,201140000000.0,1512989777.0,2.15,sec_edgar:companyfacts
MS,us,2010-12-31,2011-02-28T00:00:00,31622000000.0,,4703000000.0,,,57211000000.0,195713000000.0,1512022095.0,2.63,sec_edgar:companyfacts
MS,us,2011-03-31,2011-05-09T00:00:00,7635000000.0,,968000000.0,,,58186000000.0,199438000000.0,1545064012.0,0.5,sec_edgar:companyfacts
MS,us,2011-06-30,2011-08-08T00:00:00,16917000000.0,,2161000000.0,,,59707000000.0,199672000000.0,1929032583.0,0.13,sec_edgar:companyfacts
MS,us,2011-09-30,2011-11-07T00:00:00,26809000000.0,,4360000000.0,,,61828000000.0,191974000000.0,1927539703.0,1.45,sec_edgar:companyfacts
MS,us,2011-12-31,2012-02-27T00:00:00,32403000000.0,,4110000000.0,,,62049000000.0,187077000000.0,1926986130.0,1.23,sec_edgar:companyfacts
MS,us,2012-03-31,2012-05-07T00:00:00,6935000000.0,,-94000000.0,,,62324000000.0,178740000000.0,1978337922.0,-0.06,sec_edgar:companyfacts
MS,us,2012-06-30,2012-08-06T00:00:00,13888000000.0,,497000000.0,,,62841000000.0,169816000000.0,1977402742.0,0.23,sec_edgar:companyfacts
MS,us,2012-09-30,2012-11-06T00:00:00,19177000000.0,,-526000000.0,,,61799000000.0,170567000000.0,1975040372.0,-0.32,sec_edgar:companyfacts
MS,us,2012-12-31,2013-02-26T00:00:00,26112000000.0,,68000000.0,,,62109000000.0,171709000000.0,1974042123.0,-0.02,sec_edgar:companyfacts
MS,us,2013-03-31,2013-05-07T00:00:00,8158000000.0,,962000000.0,,,62704000000.0,167617000000.0,1960582868.0,0.48,sec_edgar:companyfacts
MS,us,2013-06-30,2013-08-02T00:00:00,16661000000.0,,1942000000.0,,,63181000000.0,163464000000.0,1959326270.0,0.89,sec_edgar:companyfacts
MS,us,2013-09-30,2013-11-04T00:00:00,24593000000.0,,2848000000.0,,,65128000000.0,160138000000.0,1953350711.0,1.34,sec_edgar:companyfacts
MS,us,2013-12-31,2014-02-25T00:00:00,32417000000.0,,2932000000.0,,,65921000000.0,155717000000.0,1944868751.0,1.36,sec_edgar:companyfacts
MS,us,2014-03-31,2014-05-06T00:00:00,8929000000.0,,1505000000.0,,,67071000000.0,155160000000.0,1971686139.0,0.74,sec_edgar:companyfacts
MS,us,2014-06-30,2014-08-05T00:00:00,17555000000.0,,3404000000.0,,,70755000000.0,151266000000.0,1964503356.0,1.66,sec_edgar:companyfacts
MS,us,2014-09-30,2014-11-04T00:00:00,26511000000.0,,5097000000.0,,,72918000000.0,154117000000.0,1958386188.0,2.49,sec_edgar:companyfacts
MS,us,2014-12-31,2015-03-02T00:00:00,34275000000.0,,3467000000.0,,,70900000000.0,155033000000.0,1950980142.0,1.6,sec_edgar:companyfacts
MS,us,2015-03-31,2015-05-04T00:00:00,9907000000.0,,2394000000.0,,,74162000000.0,158424000000.0,1971443739.0,1.18,sec_edgar:companyfacts
MS,us,2015-06-30,2015-08-04T00:00:00,19650000000.0,,4201000000.0,,,75038000000.0,161211000000.0,0.0,2.03,sec_edgar:companyfacts
MS,us,2015-09-30,2015-11-03T00:00:00,,,5219000000.0,,,75287000000.0,162325000000.0,1938069312.0,2.51,sec_edgar:companyfacts
MS,us,2015-12-31,2018-02-27T00:00:00,,,6127000000.0,,,75182000000.0,155941000000.0,1920024027.0,2.9,sec_edgar:companyfacts
MS,us,2016-03-31,2016-05-04T00:00:00,,,1134000000.0,,,76010000000.0,163913000000.0,1938294368.0,0.55,sec_edgar:companyfacts
MS,us,2016-06-30,2016-08-03T00:00:00,,,2716000000.0,,,77116000000.0,164372000000.0,1917509492.0,1.3,sec_edgar:companyfacts
MS,us,2016-09-30,2017-11-03T00:00:00,,,4313000000.0,,,77149000000.0,164841000000.0,1876466446.0,2.11,sec_edgar:companyfacts
MS,us,2016-12-31,2018-02-27T00:00:00,,,5979000000.0,,,76050000000.0,165716000000.0,1852481601.0,2.92,sec_edgar:companyfacts
MS,us,2017-03-31,2018-05-04T00:00:00,,,1930000000.0,,,77924000000.0,173810000000.0,1851942590.0,1.0,sec_edgar:companyfacts
MS,us,2017-06-30,2018-08-03T00:00:00,,,3687000000.0,,,78826000000.0,185028000000.0,1839578174.0,1.87,sec_edgar:companyfacts
MS,us,2017-09-30,2017-11-03T00:00:00,,,5468000000.0,,,78978000000.0,192764000000.0,1812472419.0,2.79,sec_edgar:companyfacts
MS,us,2017-12-31,2018-02-27T00:00:00,,,6111000000.0,,,77391000000.0,192582000000.0,1788086805.0,3.07,sec_edgar:companyfacts
MS,us,2018-03-31,2018-05-04T00:00:00,,,2668000000.0,,,78034000000.0,194964000000.0,1773934393.0,1.45,sec_edgar:companyfacts
MS,us,2018-06-30,2018-08-03T00:00:00,,,5105000000.0,,,79109000000.0,192244000000.0,1749653071.0,2.75,sec_edgar:companyfacts
MS,us,2018-09-30,2018-11-05T00:00:00,,,7217000000.0,,,78703000000.0,190889000000.0,1725792278.0,3.92,sec_edgar:companyfacts
MS,us,2018-12-31,2019-02-26T00:00:00,,,8748000000.0,,,80246000000.0,188117000000.0,1699828943.0,4.73,sec_edgar:companyfacts
MS,us,2019-03-31,2019-05-03T00:00:00,,,2429000000.0,,,80724000000.0,189193000000.0,1685996391.0,1.39,sec_edgar:companyfacts
MS,us,2019-06-30,2019-08-05T00:00:00,,,4630000000.0,,,81724000000.0,196072000000.0,1658805108.0,2.62,sec_edgar:companyfacts
MS,us,2019-09-30,2019-11-05T00:00:00,,,6803000000.0,,,82382000000.0,192362000000.0,1623587078.0,3.89,sec_edgar:companyfacts
MS,us,2019-12-31,2020-02-27T00:00:00,,,9042000000.0,,,81549000000.0,190060000000.0,1593973680.0,5.19,sec_edgar:companyfacts
MS,us,2020-03-31,2020-05-05T00:00:00,,,1698000000.0,,,85860000000.0,192645000000.0,1575500507.0,1.01,sec_edgar:companyfacts
MS,us,2020-06-30,2020-08-04T00:00:00,,,4894000000.0,,,86645000000.0,202238000000.0,1576105281.0,2.96,sec_edgar:companyfacts
MS,us,2020-09-30,2020-11-03T00:00:00,,,7611000000.0,,,88394000000.0,198891000000.0,1576447988.0,4.62,sec_edgar:companyfacts
MS,us,2020-12-31,2021-02-26T00:00:00,,,10996000000.0,,,101781000000.0,213388000000.0,1809624144.0,6.46,sec_edgar:companyfacts
MS,us,2021-03-31,2021-05-03T00:00:00,,,4120000000.0,,,106259000000.0,208267000000.0,1868925320.0,2.19,sec_edgar:companyfacts
MS,us,2021-06-30,2021-08-02T00:00:00,,,7631000000.0,,,106870000000.0,218604000000.0,1834370291.0,4.04,sec_edgar:companyfacts
MS,us,2021-09-30,2021-11-03T00:00:00,,,11338000000.0,,,105903000000.0,224937000000.0,1798908848.0,6.02,sec_edgar:companyfacts
MS,us,2021-12-31,2022-02-24T00:00:00,,,15034000000.0,,,105441000000.0,227363000000.0,1772226530.0,8.03,sec_edgar:companyfacts
MS,us,2022-03-31,2022-05-04T00:00:00,,,3666000000.0,,,102901000000.0,225671000000.0,1756153374.0,2.02,sec_edgar:companyfacts
MS,us,2022-06-30,2022-08-05T00:00:00,,,6161000000.0,,,101596000000.0,221979000000.0,1723083208.0,3.41,sec_edgar:companyfacts
MS,us,2022-09-30,2022-11-03T00:00:00,,,8793000000.0,,,101011000000.0,216361000000.0,1694051265.0,4.88,sec_edgar:companyfacts
MS,us,2022-12-31,2023-02-24T00:00:00,,,11029000000.0,,,100141000000.0,233867000000.0,1675487409.0,6.15,sec_edgar:companyfacts
MS,us,2023-03-31,2023-05-02T00:00:00,,,2980000000.0,,,100826000000.0,245595000000.0,1670318320.0,1.7,sec_edgar:companyfacts
MS,us,2023-06-30,2023-08-03T00:00:00,,,5162000000.0,,,100386000000.0,243820000000.0,1658733133.0,2.95,sec_edgar:companyfacts
MS,us,2023-09-30,2023-11-03T00:00:00,,,7570000000.0,,,99211000000.0,242843000000.0,1642250165.0,4.33,sec_edgar:companyfacts
MS,us,2023-12-31,2024-02-22T00:00:00,,,9087000000.0,,,99038000000.0,260544000000.0,1626828437.0,5.18,sec_edgar:companyfacts
MS,us,2024-03-31,2024-05-03T00:00:00,,,3412000000.0,,,99198000000.0,266150000000.0,1626657461.0,2.02,sec_edgar:companyfacts
MS,us,2024-06-30,2024-08-05T00:00:00,,,6488000000.0,,,100714000000.0,269898000000.0,1619075147.0,3.85,sec_edgar:companyfacts
MS,us,2024-09-30,2024-11-04T00:00:00,,,9676000000.0,,,103647000000.0,291223000000.0,1612068430.0,5.73,sec_edgar:companyfacts
MS,us,2024-12-31,2025-02-21T00:00:00,,,13390000000.0,,,104511000000.0,284307000000.0,1606653706.0,7.95,sec_edgar:companyfacts
MS,us,2025-03-31,2025-05-05T00:00:00,,,4315000000.0,,,106812000000.0,296997000000.0,1606806297.0,2.6,sec_edgar:companyfacts
MS,us,2025-06-30,2025-08-04T00:00:00,,,7854000000.0,,,108184000000.0,320128000000.0,1598299431.0,4.73,sec_edgar:companyfacts
MS,us,2025-09-30,2025-11-03T00:00:00,,,12464000000.0,,,109962000000.0,324128000000.0,1591091689.0,7.53,sec_edgar:companyfacts
MS,us,2025-12-31,2026-02-19T00:00:00,,,16861000000.0,,,111632000000.0,341681000000.0,1582834137.0,10.21,sec_edgar:companyfacts
MS,us,2026-03-31,2026-05-05T00:00:00,,,5567000000.0,,,114286000000.0,363010000000.0,1579629298.0,3.43,sec_edgar:companyfacts
MSFT,us,2007-09-30,2010-07-30T00:00:00,13762000000.0,,4289000000.0,,,,,,0.45,sec_edgar:companyfacts
MSFT,us,2007-12-31,2010-07-30T00:00:00,16367000000.0,,4707000000.0,,,,,,0.5,sec_edgar:companyfacts
MSFT,us,2008-03-31,2010-07-30T00:00:00,14454000000.0,,4388000000.0,,,,,,0.47,sec_edgar:companyfacts
MSFT,us,2008-06-30,2010-07-30T00:00:00,60420000000.0,,17681000000.0,18430000000.0,,36286000000.0,,9151000000.0,1.87,sec_edgar:companyfacts
MSFT,us,2008-09-30,2009-10-23T00:00:00,15061000000.0,,4373000000.0,2592000000.0,,33594000000.0,,,0.48,sec_edgar:companyfacts
MSFT,us,2008-12-31,2010-01-28T00:00:00,31690000000.0,,8547000000.0,7532000000.0,,34478000000.0,,,0.94,sec_edgar:companyfacts
MSFT,us,2009-03-31,2010-04-22T00:00:00,45338000000.0,,11524000000.0,12944000000.0,,36943000000.0,,,1.28,sec_edgar:companyfacts
MSFT,us,2009-06-30,2010-07-30T00:00:00,58437000000.0,,14569000000.0,15918000000.0,,39558000000.0,2000000000.0,8908000000.0,1.62,sec_edgar:companyfacts
MSFT,us,2009-09-30,2009-10-23T00:00:00,12920000000.0,,3574000000.0,5672000000.0,,41212000000.0,2250000000.0,8900000000.0,0.4,sec_edgar:companyfacts
MSFT,us,2009-12-31,2010-01-28T00:00:00,31942000000.0,,10236000000.0,10265000000.0,,44283000000.0,2249000000.0,8811000000.0,1.14,sec_edgar:companyfacts
MSFT,us,2010-03-31,2010-04-22T00:00:00,46445000000.0,,14242000000.0,17250000000.0,,45710000000.0,2249000000.0,8762000000.0,1.59,sec_edgar:companyfacts
MSFT,us,2010-06-30,2010-07-30T00:00:00,62484000000.0,,18760000000.0,22096000000.0,,46175000000.0,6000000000.0,8668000000.0,2.1,sec_edgar:companyfacts
MSFT,us,2010-09-30,2010-10-28T00:00:00,16195000000.0,,5410000000.0,7630000000.0,,46942000000.0,10700000000.0,8562000000.0,0.62,sec_edgar:companyfacts
MSFT,us,2010-12-31,2011-01-27T00:00:00,36148000000.0,,12044000000.0,11325000000.0,,48481000000.0,9700000000.0,8403000000.0,1.39,sec_edgar:companyfacts
MSFT,us,2011-03-31,2011-04-28T00:00:00,,,17276000000.0,19339000000.0,,53452000000.0,11900000000.0,8431000000.0,2.01,sec_edgar:companyfacts
MSFT,us,2011-06-30,2011-07-28T00:00:00,,,23150000000.0,24639000000.0,,57083000000.0,11900000000.0,8376000000.0,2.69,sec_edgar:companyfacts
MSFT,us,2011-09-30,2011-10-20T00:00:00,,,5738000000.0,8057000000.0,,59391000000.0,11900000000.0,8410000000.0,0.68,sec_edgar:companyfacts
MSFT,us,2011-12-31,2012-01-27T00:00:00,,,12362000000.0,13421000000.0,,64121000000.0,11900000000.0,8382000000.0,1.46,sec_edgar:companyfacts
MSFT,us,2012-03-31,2012-04-19T00:00:00,,,17470000000.0,22266000000.0,,68659000000.0,,8400000000.0,2.05,sec_edgar:companyfacts
MSFT,us,2012-06-30,2012-07-26T00:00:00,,,16978000000.0,29321000000.0,,66363000000.0,11900000000.0,8381000000.0,2.0,sec_edgar:companyfacts
MSFT,us,2012-09-30,2012-10-18T00:00:00,,,4466000000.0,7881000000.0,,68836000000.0,12000000000.0,8422000000.0,0.53,sec_edgar:companyfacts
MSFT,us,2012-12-31,2013-01-24T00:00:00,,,10843000000.0,11731000000.0,,72576000000.0,14200000000.0,8374000000.0,1.28,sec_edgar:companyfacts
MSFT,us,2013-03-31,2013-04-18T00:00:00,,,16898000000.0,20467000000.0,,76688000000.0,14200000000.0,8349000000.0,1.99,sec_edgar:companyfacts
MSFT,us,2013-06-30,2013-07-30T00:00:00,,,21863000000.0,24576000000.0,,78944000000.0,15600000000.0,8328000000.0,2.58,sec_edgar:companyfacts
MSFT,us,2013-09-30,2013-10-24T00:00:00,,,5244000000.0,,,81641000000.0,15900000000.0,8346000000.0,0.62,sec_edgar:companyfacts
MSFT,us,2013-12-31,2014-01-23T00:00:00,,,11802000000.0,,,85100000000.0,23000000000.0,8300000000.0,1.4,sec_edgar:companyfacts
MSFT,us,2014-03-31,2014-04-24T00:00:00,,,17462000000.0,,,87424000000.0,22700000000.0,8260000000.0,2.08,sec_edgar:companyfacts
MSFT,us,2014-06-30,2014-07-31T00:00:00,,,22074000000.0,,,89784000000.0,22600000000.0,8239000000.0,2.63,sec_edgar:companyfacts
MSFT,us,2014-09-30,2014-10-23T00:00:00,,,4540000000.0,,,90170000000.0,23700000000.0,8255000000.0,0.54,sec_edgar:companyfacts
MSFT,us,2014-12-31,2015-01-26T00:00:00,,,10403000000.0,,,91879000000.0,28299000000.0,8218000000.0,1.25,sec_edgar:companyfacts
MSFT,us,2015-03-31,2015-04-23T00:00:00,,,15388000000.0,,,90132000000.0,31825000000.0,8113000000.0,1.86,sec_edgar:companyfacts
MSFT,us,2015-06-30,2015-07-31T00:00:00,,,12193000000.0,,,80083000000.0,35285000000.0,8027000000.0,1.48,sec_edgar:companyfacts
MSFT,us,2015-09-30,2015-10-22T00:00:00,,,4620000000.0,,,77445000000.0,38598000000.0,7986000000.0,0.57,sec_edgar:companyfacts
MSFT,us,2015-12-31,2016-01-28T00:00:00,,,9618000000.0,,,76780000000.0,44400000000.0,7925000000.0,1.2,sec_edgar:companyfacts
MSFT,us,2016-03-31,2016-04-21T00:00:00,,,13676000000.0,,,74806000000.0,46398000000.0,7870000000.0,1.7,sec_edgar:companyfacts
MSFT,us,2016-06-30,2018-08-03T00:00:00,,,16798000000.0,24982000000.0,,71997000000.0,53704000000.0,7808000000.0,2.1,sec_edgar:companyfacts
MSFT,us,2016-09-30,2016-10-20T00:00:00,,,4690000000.0,,,70372000000.0,74736000000.0,7784000000.0,0.6,sec_edgar:companyfacts
MSFT,us,2016-12-31,2018-01-31T00:00:00,,,9890000000.0,13691000000.0,,68809000000.0,84965000000.0,7730000000.0,1.26,sec_edgar:companyfacts
MSFT,us,2017-03-31,2018-04-26T00:00:00,,,14691000000.0,22656000000.0,,69729000000.0,83987000000.0,7723000000.0,1.87,sec_edgar:companyfacts
MSFT,us,2017-06-30,2018-08-03T00:00:00,,,21204000000.0,31378000000.0,,72394000000.0,86172000000.0,7708000000.0,2.71,sec_edgar:companyfacts
MSFT,us,2017-09-30,2018-10-24T00:00:00,,,6576000000.0,10308000000.0,,89647000000.0,85470000000.0,7720000000.0,0.84,sec_edgar:companyfacts
MSFT,us,2017-12-31,2018-01-31T00:00:00,,,274000000.0,15597000000.0,,78360000000.0,89266000000.0,7705000000.0,0.04,sec_edgar:companyfacts
MSFT,us,2018-03-31,2018-04-26T00:00:00,,,7698000000.0,24814000000.0,,79239000000.0,77130000000.0,7690000000.0,0.99,sec_edgar:companyfacts
MSFT,us,2018-06-30,2018-08-03T00:00:00,,,16571000000.0,32252000000.0,,82718000000.0,76200000000.0,7677000000.0,2.13,sec_edgar:companyfacts
MSFT,us,2018-09-30,2018-10-24T00:00:00,,,8824000000.0,10055000000.0,,85967000000.0,76200000000.0,7680000000.0,1.14,sec_edgar:companyfacts
MSFT,us,2018-12-31,2019-01-30T00:00:00,,,17244000000.0,15248000000.0,,92128000000.0,73200000000.0,7683000000.0,2.22,sec_edgar:companyfacts
MSFT,us,2019-03-31,2019-04-24T00:00:00,,,26053000000.0,26203000000.0,,94864000000.0,73100000000.0,7666000000.0,3.36,sec_edgar:companyfacts
MSFT,us,2019-06-30,2019-08-01T00:00:00,,,39240000000.0,38260000000.0,,102330000000.0,72200000000.0,7643000000.0,5.06,sec_edgar:companyfacts
MSFT,us,2019-09-30,2019-10-23T00:00:00,,,10678000000.0,10433000000.0,,106061000000.0,69495000000.0,7634000000.0,1.38,sec_edgar:companyfacts
MSFT,us,2019-12-31,2020-01-29T00:00:00,,,22327000000.0,17568000000.0,,110109000000.0,69608000000.0,7611000000.0,2.9,sec_edgar:companyfacts
MSFT,us,2020-03-31,2020-04-29T00:00:00,,,33079000000.0,31305000000.0,,114501000000.0,66610000000.0,7590000000.0,4.3,sec_edgar:companyfacts
MSFT,us,2020-06-30,2020-07-30T00:00:00,,,44281000000.0,45234000000.0,,118304000000.0,63327000000.0,7571000000.0,5.76,sec_edgar:companyfacts
MSFT,us,2020-09-30,2020-10-27T00:00:00,,,13893000000.0,14428000000.0,,123392000000.0,63552000000.0,7564000000.0,1.82,sec_edgar:companyfacts
MSFT,us,2020-12-31,2021-01-26T00:00:00,,,29356000000.0,22770000000.0,,130236000000.0,60523000000.0,7546000000.0,3.85,sec_edgar:companyfacts
MSFT,us,2021-03-31,2021-04-27T00:00:00,,,44813000000.0,39860000000.0,,134505000000.0,58058000000.0,7534000000.0,5.88,sec_edgar:companyfacts
MSFT,us,2021-06-30,2021-07-29T00:00:00,,,61271000000.0,56118000000.0,,141988000000.0,58146000000.0,7519000000.0,8.05,sec_edgar:companyfacts
MSFT,us,2021-09-30,2021-10-26T00:00:00,,,20505000000.0,18730000000.0,,151978000000.0,53288000000.0,7510000000.0,2.71,sec_edgar:companyfacts
MSFT,us,2021-12-31,2022-01-25T00:00:00,,,39270000000.0,27345000000.0,,160010000000.0,53258000000.0,7500000000.0,5.19,sec_edgar:companyfacts
MSFT,us,2022-03-31,2022-04-26T00:00:00,,,55998000000.0,47391000000.0,,162924000000.0,49926000000.0,7483000000.0,7.41,sec_edgar:companyfacts
MSFT,us,2022-06-30,2022-07-28T00:00:00,,,72738000000.0,65149000000.0,,166542000000.0,49781000000.0,7464000000.0,9.65,sec_edgar:companyfacts
MSFT,us,2022-09-30,2022-10-25T00:00:00,,,17556000000.0,16915000000.0,,173566000000.0,48622000000.0,7457000000.0,2.35,sec_edgar:companyfacts
MSFT,us,2022-12-31,2023-01-24T00:00:00,,,33981000000.0,21814000000.0,,183136000000.0,48116000000.0,7447000000.0,4.54,sec_edgar:companyfacts
MSFT,us,2023-03-31,2023-04-25T00:00:00,,,52280000000.0,39648000000.0,,194683000000.0,48210000000.0,7437000000.0,6.99,sec_edgar:companyfacts
MSFT,us,2023-06-30,2023-07-27T00:00:00,,,72361000000.0,59475000000.0,,206223000000.0,47237000000.0,7432000000.0,9.68,sec_edgar:companyfacts
MSFT,us,2023-09-30,2023-10-24T00:00:00,,,22291000000.0,20666000000.0,,220714000000.0,45694000000.0,7431000000.0,2.99,sec_edgar:companyfacts
MSFT,us,2023-12-31,2024-01-30T00:00:00,,,44161000000.0,29784000000.0,,238268000000.0,47178000000.0,7432000000.0,5.92,sec_edgar:companyfacts
MSFT,us,2024-03-31,2024-04-25T00:00:00,,,66100000000.0,50749000000.0,,253152000000.0,44907000000.0,7433000000.0,8.85,sec_edgar:companyfacts
MSFT,us,2024-06-30,2024-07-30T00:00:00,,,88136000000.0,74071000000.0,,268477000000.0,44937000000.0,7434000000.0,11.8,sec_edgar:companyfacts
MSFT,us,2024-09-30,2024-10-30T00:00:00,,,24667000000.0,19257000000.0,,287723000000.0,45117000000.0,7436000000.0,3.3,sec_edgar:companyfacts
MSFT,us,2024-12-31,2025-01-29T00:00:00,,,48775000000.0,25744000000.0,,302695000000.0,44970000000.0,7435000000.0,6.53,sec_edgar:companyfacts
MSFT,us,2025-03-31,2025-04-30T00:00:00,,,74599000000.0,46043000000.0,,321891000000.0,42881000000.0,7434000000.0,9.99,sec_edgar:companyfacts
MSFT,us,2025-06-30,2025-07-30T00:00:00,,,101832000000.0,71611000000.0,,343479000000.0,43151000000.0,7434000000.0,13.64,sec_edgar:companyfacts
MSFT,us,2025-09-30,2025-10-29T00:00:00,,,27747000000.0,25663000000.0,,363076000000.0,43208000000.0,7434000000.0,3.72,sec_edgar:companyfacts
MSFT,us,2025-12-31,2026-01-28T00:00:00,,,66205000000.0,31545000000.0,,390875000000.0,40262000000.0,7429000000.0,8.87,sec_edgar:companyfacts
MSFT,us,2026-03-31,2026-04-29T00:00:00,,,97983000000.0,47348000000.0,,414367000000.0,40262000000.0,7429000000.0,13.14,sec_edgar:companyfacts
MU,us,2008-12-04,2010-01-12T00:00:00,,,-718000000.0,89000000.0,,,,,-0.93,sec_edgar:companyfacts
MU,us,2009-09-03,2011-10-25T00:00:00,,,-1882000000.0,718000000.0,,4953000000.0,,848700000.0,-2.35,sec_edgar:companyfacts
MU,us,2009-12-03,2010-01-12T00:00:00,,,204000000.0,264000000.0,,5195000000.0,,849800000.0,0.23,sec_edgar:companyfacts
MU,us,2010-03-04,2011-04-12T00:00:00,,,569000000.0,975000000.0,,,,,0.61,sec_edgar:companyfacts
MU,us,2010-06-03,2011-07-12T00:00:00,,,1508000000.0,1750000000.0,,,,,1.55,sec_edgar:companyfacts
MU,us,2010-09-02,2011-10-25T00:00:00,,,1850000000.0,2480000000.0,,8020000000.0,2360000000.0,994500000.0,1.85,sec_edgar:companyfacts
MU,us,2010-12-02,2011-01-11T00:00:00,,,155000000.0,267000000.0,,8226000000.0,1816000000.0,996800000.0,0.15,sec_edgar:companyfacts
MU,us,2011-03-03,2011-04-12T00:00:00,,,227000000.0,352000000.0,,8462000000.0,1740000000.0,1000900000.0,0.22,sec_edgar:companyfacts
MU,us,2011-06-02,2011-07-12T00:00:00,,,302000000.0,448000000.0,,8583000000.0,1572000000.0,1003900000.0,0.3,sec_edgar:companyfacts
MU,us,2011-09-01,2011-10-25T00:00:00,,,167000000.0,-66000000.0,,8470000000.0,2001000000.0,984300000.0,0.17,sec_edgar:companyfacts
MU,us,2011-12-01,2012-01-10T00:00:00,,,-187000000.0,-293000000.0,,8271000000.0,2119000000.0,987700000.0,-0.19,sec_edgar:companyfacts
MU,us,2012-03-01,2012-04-09T00:00:00,,,-469000000.0,-111000000.0,,7986000000.0,2315000000.0,989400000.0,-0.48,sec_edgar:companyfacts
MU,us,2012-05-31,2012-07-09T00:00:00,,,-789000000.0,297000000.0,,7811000000.0,3198000000.0,994600000.0,-0.8,sec_edgar:companyfacts
MU,us,2012-08-30,2012-10-29T00:00:00,,,-1032000000.0,415000000.0,,7700000000.0,3486000000.0,1017700000.0,-1.04,sec_edgar:companyfacts
MU,us,2012-11-29,2013-01-07T00:00:00,,,-275000000.0,-198000000.0,,7469000000.0,3435000000.0,1021000000.0,-0.27,sec_edgar:companyfacts
MU,us,2013-02-28,2013-04-08T00:00:00,,,-561000000.0,-291000000.0,,7231000000.0,3651000000.0,1026600000.0,-0.55,sec_edgar:companyfacts
MU,us,2013-05-30,2013-07-08T00:00:00,,,-518000000.0,130000000.0,,7328000000.0,3624000000.0,1034700000.0,-0.51,sec_edgar:companyfacts
MU,us,2013-08-29,2013-10-28T00:00:00,,,1190000000.0,,,9142000000.0,1585000000.0,1044400000.0,1.13,sec_edgar:companyfacts
MU,us,2013-11-28,2014-01-07T00:00:00,,,358000000.0,,,9219000000.0,1543000000.0,1058000000.0,0.3,sec_edgar:companyfacts
MU,us,2014-02-27,2014-04-07T00:00:00,,,1089000000.0,,,9284000000.0,2230000000.0,1070000000.0,0.91,sec_edgar:companyfacts
MU,us,2014-05-29,2014-07-03T00:00:00,,,1895000000.0,,,9940000000.0,1508000000.0,1070000000.0,1.58,sec_edgar:companyfacts
MU,us,2014-08-28,2014-10-27T00:00:00,,,3045000000.0,,,10771000000.0,1638000000.0,1073000000.0,2.54,sec_edgar:companyfacts
MU,us,2014-12-04,2015-01-09T00:00:00,,,1003000000.0,,,11678000000.0,1168000000.0,1075000000.0,0.84,sec_edgar:companyfacts
MU,us,2015-03-05,2015-04-10T00:00:00,,,1937000000.0,,,12426000000.0,1199000000.0,1081000000.0,1.62,sec_edgar:companyfacts
MU,us,2015-06-04,2015-07-10T00:00:00,,,2428000000.0,,,12458000000.0,1148000000.0,1083000000.0,2.05,sec_edgar:companyfacts
MU,us,2015-09-03,2017-10-26T00:00:00,,,2899000000.0,1187000000.0,,12302000000.0,1089000000.0,1084000000.0,2.47,sec_edgar:companyfacts
MU,us,2015-12-03,2016-01-08T00:00:00,,,206000000.0,,,12301000000.0,1051000000.0,1087000000.0,0.19,sec_edgar:companyfacts
MU,us,2016-03-03,2016-04-08T00:00:00,,,109000000.0,,,12264000000.0,1125000000.0,1090000000.0,0.1,sec_edgar:companyfacts
MU,us,2016-06-02,2016-07-06T00:00:00,,,-106000000.0,,,12187000000.0,712000000.0,1091000000.0,-0.1,sec_edgar:companyfacts
MU,us,2016-09-01,2018-10-15T00:00:00,12399000000.0,,-276000000.0,-2649000000.0,,12080000000.0,756000000.0,1094000000.0,-0.27,sec_edgar:companyfacts
MU,us,2016-12-01,2018-10-15T00:00:00,3970000000.0,,180000000.0,-126000000.0,,12320000000.0,1155000000.0,1098000000.0,0.16,sec_edgar:companyfacts
MU,us,2017-03-02,2018-10-15T00:00:00,4648000000.0,,1074000000.0,115000000.0,,14287000000.0,1117000000.0,1106000000.0,0.95,sec_edgar:companyfacts
MU,us,2017-06-01,2018-10-15T00:00:00,5566000000.0,,2721000000.0,1481000000.0,,16171000000.0,1161000000.0,1110000000.0,2.38,sec_edgar:companyfacts
MU,us,2017-08-31,2018-10-15T00:00:00,20322000000.0,,5089000000.0,3419000000.0,,18621000000.0,1262000000.0,1112000000.0,4.41,sec_edgar:companyfacts
MU,us,2017-11-30,2018-10-15T00:00:00,6803000000.0,,2678000000.0,1680000000.0,,22526000000.0,1401000000.0,1158000000.0,2.19,sec_edgar:companyfacts
MU,us,2018-03-01,2018-10-15T00:00:00,7351000000.0,,5987000000.0,3767000000.0,,25697000000.0,1514000000.0,1158000000.0,4.86,sec_edgar:companyfacts
MU,us,2018-05-31,2018-10-15T00:00:00,7797000000.0,,9810000000.0,5617000000.0,,28649000000.0,1454000000.0,1160000000.0,7.96,sec_edgar:companyfacts
MU,us,2018-08-30,2018-10-15T00:00:00,30391000000.0,,14135000000.0,8521000000.0,,32294000000.0,859000000.0,1161000000.0,11.51,sec_edgar:companyfacts
MU,us,2018-11-29,2018-12-19T00:00:00,,,3293000000.0,2110000000.0,,33869000000.0,398000000.0,1120000000.0,2.81,sec_edgar:companyfacts
MU,us,2019-02-28,2019-03-21T00:00:00,,,4912000000.0,2896000000.0,,34567000000.0,2634000000.0,1106000000.0,4.24,sec_edgar:companyfacts
MU,us,2019-05-30,2019-06-26T00:00:00,,,5752000000.0,3204000000.0,,35323000000.0,1346000000.0,1104000000.0,5.01,sec_edgar:companyfacts
MU,us,2019-08-29,2019-10-17T00:00:00,,,6313000000.0,3409000000.0,,35881000000.0,1310000000.0,1106000000.0,5.51,sec_edgar:companyfacts
MU,us,2019-11-28,2019-12-20T00:00:00,,,491000000.0,68000000.0,,36500000000.0,462000000.0,1108000000.0,0.43,sec_edgar:companyfacts
MU,us,2020-02-27,2020-03-26T00:00:00,,,896000000.0,13000000.0,,37023000000.0,237000000.0,1112000000.0,0.79,sec_edgar:companyfacts
MU,us,2020-05-28,2020-06-29T00:00:00,,,1699000000.0,92000000.0,,37820000000.0,330000000.0,1112000000.0,1.5,sec_edgar:companyfacts
MU,us,2020-09-03,2020-10-19T00:00:00,,,2687000000.0,83000000.0,,38996000000.0,6427000000.0,1113000000.0,2.37,sec_edgar:companyfacts
MU,us,2020-12-03,2021-01-08T00:00:00,,,803000000.0,-771000000.0,,39907000000.0,273000000.0,1117000000.0,0.71,sec_edgar:companyfacts
MU,us,2021-03-04,2021-04-01T00:00:00,,,1406000000.0,-732000000.0,,40663000000.0,323000000.0,1121000000.0,1.23,sec_edgar:companyfacts
MU,us,2021-06-03,2021-07-01T00:00:00,,,3141000000.0,569000000.0,,42259000000.0,297000000.0,1120000000.0,2.75,sec_edgar:companyfacts
MU,us,2021-09-02,2021-10-08T00:00:00,,,5861000000.0,2438000000.0,,43933000000.0,6123000000.0,1119000000.0,5.14,sec_edgar:companyfacts
MU,us,2021-12-02,2022-01-06T00:00:00,,,2306000000.0,673000000.0,,45908000000.0,6214000000.0,1120000000.0,2.04,sec_edgar:companyfacts
MU,us,2022-03-03,2022-03-30T00:00:00,,,4569000000.0,1690000000.0,,47845000000.0,6204000000.0,1118000000.0,4.04,sec_edgar:companyfacts
MU,us,2022-06-02,2022-07-01T00:00:00,,,7195000000.0,2950000000.0,,49281000000.0,6141000000.0,1105000000.0,6.38,sec_edgar:companyfacts
MU,us,2022-09-01,2022-10-07T00:00:00,,,8687000000.0,3114000000.0,,49907000000.0,6123000000.0,1094000000.0,7.75,sec_edgar:companyfacts
MU,us,2022-12-01,2022-12-22T00:00:00,,,-195000000.0,-1506000000.0,,49306000000.0,9522000000.0,1091000000.0,-0.18,sec_edgar:companyfacts
MU,us,2023-03-02,2023-03-29T00:00:00,,,-2507000000.0,-3368000000.0,,47257000000.0,11440000000.0,1094000000.0,-2.3,sec_edgar:companyfacts
MU,us,2023-06-01,2023-06-29T00:00:00,,,-4403000000.0,-4905000000.0,,45405000000.0,12333000000.0,1095000000.0,-4.03,sec_edgar:companyfacts
MU,us,2023-08-31,2023-10-06T00:00:00,,,-5833000000.0,-6117000000.0,,44120000000.0,12327000000.0,1098000000.0,-5.34,sec_edgar:companyfacts
MU,us,2023-11-30,2023-12-21T00:00:00,,,-1234000000.0,-395000000.0,,42885000000.0,12932000000.0,1104000000.0,-1.12,sec_edgar:companyfacts
MU,us,2024-02-29,2024-03-21T00:00:00,,,-441000000.0,-560000000.0,,43870000000.0,12362000000.0,1107000000.0,-0.4,sec_edgar:companyfacts
MU,us,2024-05-30,2024-06-27T00:00:00,,,-109000000.0,-164000000.0,,44225000000.0,11730000000.0,1109000000.0,-0.1,sec_edgar:companyfacts
MU,us,2024-08-29,2024-10-04T00:00:00,,,778000000.0,121000000.0,,45131000000.0,11774000000.0,1109000000.0,0.7,sec_edgar:companyfacts
MU,us,2024-11-28,2024-12-19T00:00:00,,,1870000000.0,38000000.0,,46797000000.0,11839000000.0,1114000000.0,1.67,sec_edgar:companyfacts
MU,us,2025-02-27,2025-03-21T00:00:00,,,3453000000.0,-75000000.0,,48633000000.0,12045000000.0,1118000000.0,3.08,sec_edgar:companyfacts
MU,us,2025-05-29,2025-06-26T00:00:00,,,5338000000.0,1596000000.0,,50748000000.0,12972000000.0,1119000000.0,4.75,sec_edgar:companyfacts
MU,us,2025-08-28,2025-10-03T00:00:00,,,8539000000.0,1668000000.0,,54165000000.0,12093000000.0,1122000000.0,7.59,sec_edgar:companyfacts
MU,us,2025-11-27,2025-12-18T00:00:00,,,5240000000.0,3022000000.0,,58806000000.0,9413000000.0,1126000000.0,4.6,sec_edgar:companyfacts
MU,us,2026-02-26,2026-03-19T00:00:00,,,19025000000.0,8538000000.0,,72459000000.0,585000000.0,1128000000.0,16.68,sec_edgar:companyfacts
NEE,us,2006-12-31,2010-02-26T00:00:00,,,,,,9930000000.0,,,,sec_edgar:companyfacts
NEE,us,2007-12-31,2010-02-26T00:00:00,15263000000.0,,,,,10735000000.0,,,3.27,sec_edgar:companyfacts
NEE,us,2008-06-30,2009-07-31T00:00:00,7020000000.0,,,,,,,,1.14,sec_edgar:companyfacts
NEE,us,2008-09-30,2009-10-30T00:00:00,12407000000.0,,,,,,,,3.06,sec_edgar:companyfacts
NEE,us,2008-12-31,2011-02-28T00:00:00,16410000000.0,,1639000000.0,,,11681000000.0,13833000000.0,,4.07,sec_edgar:companyfacts
NEE,us,2009-03-31,2011-02-28T00:00:00,3705000000.0,,364000000.0,,,,,,0.9,sec_edgar:companyfacts
NEE,us,2009-06-30,2010-08-06T00:00:00,7515000000.0,,734000000.0,,,12244000000.0,15864000000.0,,1.81,sec_edgar:companyfacts
NEE,us,2009-09-30,2010-11-03T00:00:00,11988000000.0,,1267000000.0,,,12732000000.0,15601000000.0,,3.12,sec_edgar:companyfacts
NEE,us,2009-12-31,2011-02-28T00:00:00,15643000000.0,,1615000000.0,,,12967000000.0,16300000000.0,,3.97,sec_edgar:companyfacts
NEE,us,2010-03-31,2011-02-28T00:00:00,3622000000.0,,556000000.0,,,,16601000000.0,,1.36,sec_edgar:companyfacts
NEE,us,2010-06-30,2010-08-06T00:00:00,7213000000.0,,973000000.0,,,,17171000000.0,,2.37,sec_edgar:companyfacts
NEE,us,2010-09-30,2010-11-03T00:00:00,11904000000.0,,1694000000.0,,,,17680000000.0,,4.11,sec_edgar:companyfacts
NEE,us,2010-12-31,2012-02-28T00:00:00,15317000000.0,,1957000000.0,,,14461000000.0,18013000000.0,421000000.0,4.74,sec_edgar:companyfacts
NEE,us,2011-03-31,2011-05-04T00:00:00,3134000000.0,,268000000.0,,,,18288000000.0,,0.64,sec_edgar:companyfacts
NEE,us,2011-06-30,2011-08-02T00:00:00,7094000000.0,,848000000.0,,,,19235000000.0,,2.03,sec_edgar:companyfacts
NEE,us,2011-09-30,2011-11-04T00:00:00,11476000000.0,,1256000000.0,,,,20039000000.0,,3.0,sec_edgar:companyfacts
NEE,us,2011-12-31,2012-02-28T00:00:00,15341000000.0,,1923000000.0,,,14943000000.0,20810000000.0,416000000.0,4.59,sec_edgar:companyfacts
NEE,us,2012-03-31,2012-04-27T00:00:00,3371000000.0,,461000000.0,,,,20773000000.0,417000000.0,1.11,sec_edgar:companyfacts
NEE,us,2012-06-30,2012-07-27T00:00:00,7038000000.0,,1068000000.0,,,,21768000000.0,423000000.0,2.57,sec_edgar:companyfacts
NEE,us,2012-09-30,2012-10-26T00:00:00,10881000000.0,,1482000000.0,,,,23235000000.0,423000000.0,3.55,sec_edgar:companyfacts
NEE,us,2012-12-31,2013-02-28T00:00:00,14256000000.0,,1911000000.0,,,16068000000.0,23377000000.0,424000000.0,4.56,sec_edgar:companyfacts
NEE,us,2013-03-31,2013-05-02T00:00:00,3279000000.0,,272000000.0,,,,23741000000.0,425000000.0,0.64,sec_edgar:companyfacts
NEE,us,2013-06-30,2013-07-31T00:00:00,7112000000.0,,883000000.0,,,,23889000000.0,425000000.0,2.08,sec_edgar:companyfacts
NEE,us,2013-09-30,2013-11-01T00:00:00,11506000000.0,,1581000000.0,,,,23862000000.0,431000000.0,3.72,sec_edgar:companyfacts
NEE,us,2013-12-31,2014-02-24T00:00:00,,,1908000000.0,,,18040000000.0,23969000000.0,435000000.0,4.47,sec_edgar:companyfacts
NEE,us,2014-03-31,2014-05-02T00:00:00,,,430000000.0,,,18160000000.0,23824000000.0,436000000.0,0.98,sec_edgar:companyfacts
NEE,us,2014-06-30,2014-07-31T00:00:00,,,921000000.0,,,18429000000.0,25549000000.0,436000000.0,2.1,sec_edgar:companyfacts
NEE,us,2014-09-30,2014-11-07T00:00:00,,,1581000000.0,,,18810000000.0,25353000000.0,436000000.0,3.6,sec_edgar:companyfacts
NEE,us,2014-12-31,2015-02-20T00:00:00,,,2465000000.0,,,19916000000.0,24367000000.0,443000000.0,5.6,sec_edgar:companyfacts
NEE,us,2015-03-31,2015-05-01T00:00:00,,,650000000.0,,,20235000000.0,24889000000.0,444000000.0,1.45,sec_edgar:companyfacts
NEE,us,2015-06-30,2015-08-03T00:00:00,,,1366000000.0,,,21338000000.0,26185000000.0,452000000.0,3.04,sec_edgar:companyfacts
NEE,us,2015-09-30,2015-10-30T00:00:00,,,2245000000.0,,,22318000000.0,26741000000.0,461000000.0,4.97,sec_edgar:companyfacts
NEE,us,2015-12-31,2016-02-22T00:00:00,,,2752000000.0,,,22574000000.0,27093000000.0,461000000.0,6.06,sec_edgar:companyfacts
NEE,us,2016-03-31,2016-04-29T00:00:00,,,636000000.0,,,22912000000.0,28703000000.0,461000000.0,1.37,sec_edgar:companyfacts
NEE,us,2016-06-30,2016-07-28T00:00:00,,,1193000000.0,,,23174000000.0,27801000000.0,462000000.0,2.57,sec_edgar:companyfacts
NEE,us,2016-09-30,2016-11-01T00:00:00,,,1946000000.0,,,23907000000.0,28685000000.0,467000000.0,4.19,sec_edgar:companyfacts
NEE,us,2016-12-31,2017-02-23T00:00:00,,,2912000000.0,,,24341000000.0,27968000000.0,468000000.0,2.06,sec_edgar:companyfacts
NEE,us,2017-03-31,2017-04-21T00:00:00,,,1583000000.0,,,25497000000.0,28789000000.0,468000000.0,3.37,sec_edgar:companyfacts
NEE,us,2017-06-30,2017-07-26T00:00:00,,,2376000000.0,,,25926000000.0,30647000000.0,469000000.0,5.05,sec_edgar:companyfacts
NEE,us,2017-09-30,2017-10-26T00:00:00,,,3223000000.0,,,26398000000.0,30600000000.0,470000000.0,6.83,sec_edgar:companyfacts
NEE,us,2017-12-31,2018-02-16T00:00:00,,,5378000000.0,,,28208000000.0,31718000000.0,471000000.0,11.38,sec_edgar:companyfacts
NEE,us,2018-03-31,2018-04-24T00:00:00,,,4428000000.0,,,32706000000.0,28067000000.0,471000000.0,9.32,sec_edgar:companyfacts
NEE,us,2018-06-30,2018-07-25T00:00:00,,,5223000000.0,,,33021000000.0,28561000000.0,472000000.0,10.95,sec_edgar:companyfacts
NEE,us,2018-09-30,2018-10-23T00:00:00,,,6229000000.0,,,34252000000.0,27478000000.0,478000000.0,13.03,sec_edgar:companyfacts
NEE,us,2018-12-31,2019-02-15T00:00:00,,,6638000000.0,,,34144000000.0,32247000000.0,478000000.0,13.88,sec_edgar:companyfacts
NEE,us,2019-03-31,2019-04-23T00:00:00,,,680000000.0,,,34226000000.0,35298000000.0,479000000.0,1.41,sec_edgar:companyfacts
NEE,us,2019-06-30,2019-07-24T00:00:00,,,1914000000.0,,,34910000000.0,34662000000.0,479000000.0,3.97,sec_edgar:companyfacts
NEE,us,2019-09-30,2019-10-23T00:00:00,,,2794000000.0,,,36592000000.0,36384000000.0,489000000.0,5.78,sec_edgar:companyfacts
NEE,us,2019-12-31,2020-02-14T00:00:00,,,3769000000.0,,,37005000000.0,37943000000.0,489000000.0,7.76,sec_edgar:companyfacts
NEE,us,2020-03-31,2020-04-23T00:00:00,,,421000000.0,,,36403000000.0,41116000000.0,489000000.0,0.86,sec_edgar:companyfacts
NEE,us,2020-06-30,2020-07-24T00:00:00,,,1695000000.0,,,37073000000.0,42667000000.0,490000000.0,3.45,sec_edgar:companyfacts
NEE,us,2020-09-30,2020-10-23T00:00:00,,,2924000000.0,,,37287000000.0,42794000000.0,490000000.0,5.94,sec_edgar:companyfacts
NEE,us,2020-12-31,2021-02-12T00:00:00,,,2919000000.0,,,36513000000.0,41944000000.0,1960000000.0,1.48,sec_edgar:companyfacts
NEE,us,2021-03-31,2021-04-23T00:00:00,,,1666000000.0,,,37378000000.0,46065000000.0,1961000000.0,0.84,sec_edgar:companyfacts
NEE,us,2021-06-30,2021-07-26T00:00:00,,,1922000000.0,,,36932000000.0,47559000000.0,1962000000.0,0.98,sec_edgar:companyfacts
NEE,us,2021-09-30,2021-10-25T00:00:00,,,2369000000.0,,,36649000000.0,48092000000.0,1962000000.0,1.2,sec_edgar:companyfacts
NEE,us,2021-12-31,2022-02-18T00:00:00,,,3573000000.0,,,37202000000.0,50960000000.0,1963000000.0,1.81,sec_edgar:companyfacts
NEE,us,2022-03-31,2022-04-22T00:00:00,,,-451000000.0,,,35887000000.0,50974000000.0,1964000000.0,-0.23,sec_edgar:companyfacts
NEE,us,2022-06-30,2022-07-27T00:00:00,,,929000000.0,,,36439000000.0,53382000000.0,1965000000.0,0.47,sec_edgar:companyfacts
NEE,us,2022-09-30,2022-11-03T00:00:00,,,2625000000.0,,,38629000000.0,54670000000.0,1987000000.0,1.33,sec_edgar:companyfacts
NEE,us,2022-12-31,2023-02-17T00:00:00,,,4147000000.0,,,39229000000.0,55256000000.0,1987000000.0,2.1,sec_edgar:companyfacts
NEE,us,2023-03-31,2023-04-26T00:00:00,,,2086000000.0,,,42896000000.0,59007000000.0,2023000000.0,1.04,sec_edgar:companyfacts
NEE,us,2023-06-30,2023-07-26T00:00:00,,,4881000000.0,,,44793000000.0,60982000000.0,2024000000.0,2.42,sec_edgar:companyfacts
NEE,us,2023-09-30,2023-11-07T00:00:00,,,6100000000.0,,,47095000000.0,59183000000.0,2052000000.0,3.02,sec_edgar:companyfacts
NEE,us,2023-12-31,2024-02-16T00:00:00,,,7310000000.0,,,47468000000.0,61405000000.0,2052000000.0,3.6,sec_edgar:companyfacts
NEE,us,2024-03-31,2024-04-23T00:00:00,,,2268000000.0,,,48641000000.0,65868000000.0,2055000000.0,1.1,sec_edgar:companyfacts
NEE,us,2024-06-30,2024-07-24T00:00:00,,,3890000000.0,,,49140000000.0,68494000000.0,2055000000.0,1.89,sec_edgar:companyfacts
NEE,us,2024-09-30,2024-10-23T00:00:00,,,5743000000.0,,,50051000000.0,66100000000.0,2056000000.0,2.79,sec_edgar:companyfacts
NEE,us,2024-12-31,2025-02-14T00:00:00,,,6946000000.0,,,50101000000.0,72385000000.0,2057000000.0,3.37,sec_edgar:companyfacts
NEE,us,2025-03-31,2025-04-23T00:00:00,,,833000000.0,,,49812000000.0,79814000000.0,2059000000.0,0.4,sec_edgar:companyfacts
NEE,us,2025-06-30,2025-07-23T00:00:00,,,2862000000.0,,,50797000000.0,82690000000.0,2059000000.0,1.39,sec_edgar:companyfacts
NEE,us,2025-09-30,2025-10-28T00:00:00,,,5300000000.0,,,54181000000.0,84169000000.0,2083000000.0,2.57,sec_edgar:companyfacts
NEE,us,2025-12-31,2026-02-13T00:00:00,,,6835000000.0,,,54608000000.0,89556000000.0,2083000000.0,3.3,sec_edgar:companyfacts
NEE,us,2026-03-31,2026-04-23T00:00:00,,,2182000000.0,,,55222000000.0,93948000000.0,2085000000.0,1.04,sec_edgar:companyfacts
NFLX,us,2006-12-31,2010-02-22T00:00:00,,,,,,413618000.0,,,,sec_edgar:companyfacts
NFLX,us,2007-12-31,2010-02-22T00:00:00,1205340000.0,,66608000.0,233168000.0,,429812000.0,,,0.97,sec_edgar:companyfacts
NFLX,us,2008-06-30,2009-07-31T00:00:00,663797000.0,,39923000.0,104349000.0,,,,,0.62,sec_edgar:companyfacts
NFLX,us,2008-09-30,2009-10-26T00:00:00,1005066000.0,,60294000.0,155618000.0,,,,,0.95,sec_edgar:companyfacts
NFLX,us,2008-12-31,2010-02-22T00:00:00,1364661000.0,,83026000.0,240247000.0,,347155000.0,,58862478.0,1.32,sec_edgar:companyfacts
NFLX,us,2009-03-31,2010-04-28T00:00:00,394098000.0,,22363000.0,59061000.0,,,,,0.37,sec_edgar:companyfacts
NFLX,us,2009-06-30,2009-07-31T00:00:00,802607000.0,,54806000.0,127430000.0,,324371000.0,,57415726.0,0.91,sec_edgar:companyfacts
NFLX,us,2009-09-30,2009-10-26T00:00:00,1225727000.0,,84947000.0,195747000.0,,232202000.0,,54642694.0,1.43,sec_edgar:companyfacts
NFLX,us,2009-12-31,2010-02-22T00:00:00,1670269000.0,,115860000.0,279131000.0,,199143000.0,,53440073.0,1.98,sec_edgar:companyfacts
NFLX,us,2010-03-31,2010-04-28T00:00:00,493665000.0,,32272000.0,69019000.0,,146735000.0,,52261855.0,0.59,sec_edgar:companyfacts
NFLX,us,2010-06-30,2010-07-27T00:00:00,1013484000.0,,75791000.0,125393000.0,,176640000.0,,52358171.0,1.39,sec_edgar:companyfacts
NFLX,us,2010-09-30,2010-10-26T00:00:00,1566703000.0,,113758000.0,160278000.0,,191975000.0,,52257495.0,2.09,sec_edgar:companyfacts
NFLX,us,2010-12-31,2011-02-18T00:00:00,2162625000.0,,160853000.0,242564000.0,,290164000.0,,52781949.0,2.96,sec_edgar:companyfacts
NFLX,us,2011-03-31,2011-04-27T00:00:00,718553000.0,,60233000.0,100003000.0,,275722000.0,,52519159.0,1.11,sec_edgar:companyfacts
NFLX,us,2011-06-30,2011-07-27T00:00:00,1507163000.0,,128447000.0,177769000.0,,334034000.0,,52536246.0,2.37,sec_edgar:companyfacts
NFLX,us,2011-09-30,2011-10-27T00:00:00,2329002000.0,,190907000.0,213220000.0,,388352000.0,,52504091.0,3.53,sec_edgar:companyfacts
NFLX,us,2011-12-31,2012-02-10T00:00:00,3204577000.0,,226126000.0,268030000.0,,642810000.0,,55398615.0,4.16,sec_edgar:companyfacts
NFLX,us,2012-03-31,2012-04-27T00:00:00,869791000.0,,-4584000.0,14343000.0,,663402000.0,,55515631.0,-0.08,sec_edgar:companyfacts
NFLX,us,2012-06-30,2012-08-02T00:00:00,1758954000.0,,1580000.0,30391000.0,,688226000.0,,55534266.0,0.03,sec_edgar:companyfacts
NFLX,us,2012-09-30,2012-10-30T00:00:00,2664043000.0,,9255000.0,16658000.0,,716840000.0,,55545531.0,0.16,sec_edgar:companyfacts
NFLX,us,2012-12-31,2013-02-01T00:00:00,3609282000.0,,17152000.0,-18692000.0,,744673000.0,,55398615.0,0.29,sec_edgar:companyfacts
NFLX,us,2013-03-31,2013-04-26T00:00:00,1023961000.0,,2689000.0,-24368000.0,,812919000.0,,56143986.0,0.05,sec_edgar:companyfacts
NFLX,us,2013-06-30,2013-07-25T00:00:00,2093333000.0,,32160000.0,1487000.0,,1105622000.0,,58922493.0,0.53,sec_edgar:companyfacts
NFLX,us,2013-09-30,2013-10-25T00:00:00,3199332000.0,,63982000.0,25352000.0,,1204370000.0,,59257798.0,1.06,sec_edgar:companyfacts
NFLX,us,2013-12-31,2014-02-03T00:00:00,4374562000.0,,112403000.0,43688000.0,,1333561000.0,,59607001.0,1.85,sec_edgar:companyfacts
NFLX,us,2014-03-31,2014-04-23T00:00:00,1270089000.0,,53115000.0,23025000.0,,1478358000.0,,59940336.0,0.86,sec_edgar:companyfacts
NFLX,us,2014-06-30,2014-07-22T00:00:00,2610496000.0,,124133000.0,59180000.0,,1609705000.0,,60091015.0,2.02,sec_edgar:companyfacts
NFLX,us,2014-09-30,2014-10-20T00:00:00,4019928000.0,,183428000.0,709000.0,,1724874000.0,,60246379.0,2.97,sec_edgar:companyfacts
NFLX,us,2014-12-31,2015-01-29T00:00:00,5504656000.0,,266799000.0,-53243000.0,,1857708000.0,,60415841.0,4.32,sec_edgar:companyfacts
NFLX,us,2015-03-31,2015-04-17T00:00:00,1573129000.0,,23696000.0,-140418000.0,,1909214000.0,,60620721.0,0.38,sec_edgar:companyfacts
NFLX,us,2015-06-30,2015-07-17T00:00:00,3217823000.0,,50031000.0,-349299000.0,,2032075000.0,,426004831.0,0.12,sec_edgar:companyfacts
NFLX,us,2015-09-30,2015-10-16T00:00:00,4956178000.0,,79463000.0,-583088000.0,,2167318000.0,,427388288.0,0.18,sec_edgar:companyfacts
NFLX,us,2015-12-31,2016-01-28T00:00:00,6779511000.0,,122641000.0,-840687000.0,,2223426000.0,,427940440.0,0.28,sec_edgar:companyfacts
NFLX,us,2016-03-31,2016-04-20T00:00:00,1957736000.0,,27658000.0,-237015000.0,,2317233000.0,,428289216.0,0.06,sec_edgar:companyfacts
NFLX,us,2016-06-30,2016-07-19T00:00:00,4062940000.0,,68413000.0,-474122000.0,,2415834000.0,,428725388.0,0.16,sec_edgar:companyfacts
NFLX,us,2016-09-30,2016-10-20T00:00:00,6353128000.0,,119930000.0,-963429000.0,,2528966000.0,,429145023.0,0.27,sec_edgar:companyfacts
NFLX,us,2016-12-31,2017-01-27T00:00:00,8830669000.0,,186678000.0,-1581637000.0,,2679800000.0,,430054212.0,0.43,sec_edgar:companyfacts
NFLX,us,2017-03-31,2017-04-20T00:00:00,2636635000.0,,178222000.0,-396379000.0,,2973683000.0,,430993429.0,0.4,sec_edgar:companyfacts
NFLX,us,2017-06-30,2017-07-19T00:00:00,5422099000.0,,243822000.0,-996138000.0,,3112500000.0,,431749744.0,0.55,sec_edgar:companyfacts
NFLX,us,2017-09-30,2017-10-18T00:00:00,8406958000.0,,373412000.0,-1449708000.0,,3327361000.0,,432731130.0,0.84,sec_edgar:companyfacts
NFLX,us,2017-12-31,2018-01-29T00:00:00,11692713000.0,,558929000.0,-1959250000.0,,3581956000.0,9048828000.0,433392686.0,1.25,sec_edgar:companyfacts
NFLX,us,2018-03-31,2018-04-18T00:00:00,3700856000.0,,290124000.0,-273927000.0,,4020730000.0,9079118000.0,434657303.0,0.64,sec_edgar:companyfacts
NFLX,us,2018-06-30,2018-07-18T00:00:00,7608126000.0,,674473000.0,-819489000.0,,4496600000.0,11913822000.0,435457505.0,1.5,sec_edgar:companyfacts
NFLX,us,2018-09-30,2018-10-18T00:00:00,11607500000.0,,1077308000.0,-1549233000.0,,5009653000.0,11834963000.0,436084995.0,2.39,sec_edgar:companyfacts
NFLX,us,2018-12-31,2019-01-29T00:00:00,15794341000.0,,1211242000.0,-2854425000.0,,5238765000.0,14873195000.0,436598597.0,2.68,sec_edgar:companyfacts
NFLX,us,2019-03-31,2019-04-18T00:00:00,4520992000.0,,344052000.0,-440180000.0,,5703058000.0,14768151000.0,437191891.0,0.76,sec_edgar:companyfacts
NFLX,us,2019-06-30,2019-07-19T00:00:00,9444108000.0,,614702000.0,-1023518000.0,,6105548000.0,17909126000.0,437834882.0,1.36,sec_edgar:companyfacts
NFLX,us,2019-09-30,2019-10-18T00:00:00,14689013000.0,,1279946000.0,-1570645000.0,,6861505000.0,17647322000.0,438251289.0,2.83,sec_edgar:companyfacts
NFLX,us,2019-12-31,2020-01-29T00:00:00,20156447000.0,,1866916000.0,-3140357000.0,,7582157000.0,20723441000.0,438806649.0,4.13,sec_edgar:companyfacts
NFLX,us,2020-03-31,2020-04-21T00:00:00,5767691000.0,,709067000.0,161897000.0,,8409294000.0,21086463000.0,439780618.0,1.57,sec_edgar:companyfacts
NFLX,us,2020-06-30,2020-07-20T00:00:00,11915977000.0,,1429263000.0,1061232000.0,,9334753000.0,22076264000.0,441015443.0,3.15,sec_edgar:companyfacts
NFLX,us,2020-09-30,2020-10-22T00:00:00,18351614000.0,,2219239000.0,2215182000.0,,10333323000.0,22382512000.0,441795008.0,4.89,sec_edgar:companyfacts
NFLX,us,2020-12-31,2021-01-28T00:00:00,24996056000.0,,2761395000.0,1929154000.0,,11065240000.0,22356965000.0,442895261.0,6.08,sec_edgar:companyfacts
NFLX,us,2021-03-31,2021-04-22T00:00:00,7163282000.0,,1706715000.0,696265000.0,,12884080000.0,21699571000.0,443383732.0,3.75,sec_edgar:companyfacts
NFLX,us,2021-06-30,2021-07-22T00:00:00,14505059000.0,,3059728000.0,522226000.0,,13863871000.0,21422274000.0,442595888.0,6.72,sec_edgar:companyfacts
NFLX,us,2021-09-30,2021-10-21T00:00:00,21988526000.0,,4508799000.0,437278000.0,,15314617000.0,21235207000.0,442952194.0,9.9,sec_edgar:companyfacts
NFLX,us,2021-12-31,2022-01-27T00:00:00,29697844000.0,,5116228000.0,-131975000.0,,15849248000.0,699823000.0,443963107.0,11.24,sec_edgar:companyfacts
NFLX,us,2022-03-31,2022-04-21T00:00:00,7867767000.0,,1597447000.0,801681000.0,,17544039000.0,0.0,444273850.0,3.53,sec_edgar:companyfacts
NFLX,us,2022-06-30,2022-07-21T00:00:00,15837908000.0,,3038398000.0,814413000.0,,19075974000.0,0.0,444705591.0,6.73,sec_edgar:companyfacts
NFLX,us,2022-09-30,2022-10-20T00:00:00,23763497000.0,,4436640000.0,1286263000.0,,20528141000.0,0.0,445020494.0,9.83,sec_edgar:companyfacts
NFLX,us,2022-12-31,2023-01-26T00:00:00,31615550000.0,,4491924000.0,1618528000.0,,20777401000.0,0.0,445346776.0,9.95,sec_edgar:companyfacts
NFLX,us,2023-03-31,2023-04-21T00:00:00,8161503000.0,,1305120000.0,2116721000.0,,21828196000.0,399163000.0,444536878.0,2.88,sec_edgar:companyfacts
NFLX,us,2023-06-30,2023-07-21T00:00:00,16348804000.0,,2792730000.0,3455981000.0,,22832215000.0,399387000.0,443146751.0,6.18,sec_edgar:companyfacts
NFLX,us,2023-09-30,2023-10-20T00:00:00,24890472000.0,,4470152000.0,5344367000.0,,22107627000.0,399614000.0,437679669.0,9.9,sec_edgar:companyfacts
NFLX,us,2023-12-31,2024-01-26T00:00:00,33723297000.0,,5407990000.0,6925749000.0,,20588313000.0,399844000.0,432759584.0,12.03,sec_edgar:companyfacts
NFLX,us,2024-03-31,2024-04-22T00:00:00,9370440000.0,,2332209000.0,2136808000.0,,21365410000.0,798936000.0,430964991.0,5.28,sec_edgar:companyfacts
NFLX,us,2024-06-30,2024-07-19T00:00:00,18929750000.0,,4479515000.0,3349368000.0,,22112693000.0,1800041000.0,429164615.0,10.16,sec_edgar:companyfacts
NFLX,us,2024-09-30,2024-10-18T00:00:00,28754453000.0,,6843024000.0,5543606000.0,,22720736000.0,1820396000.0,427458114.0,15.56,sec_edgar:companyfacts
NFLX,us,2024-12-31,2025-01-27T00:00:00,39000966000.0,,8711631000.0,6921826000.0,,24743567000.0,1784453000.0,427757100.0,19.83,sec_edgar:companyfacts
NFLX,us,2025-03-31,2025-04-18T00:00:00,10542801000.0,,2890351000.0,2660922000.0,,24028073000.0,1005881000.0,425683210.0,6.61,sec_edgar:companyfacts
NFLX,us,2025-06-30,2025-07-18T00:00:00,21621967000.0,,6015764000.0,4928291000.0,,24951899000.0,0.0,424926346.0,13.8,sec_edgar:companyfacts
NFLX,us,2025-09-30,2025-10-22T00:00:00,33132274000.0,,8562680000.0,7588746000.0,,25954035000.0,0.0,423732334.0,19.67,sec_edgar:companyfacts
NFLX,us,2025-12-31,2026-01-23T00:00:00,45183036000.0,,10981201000.0,9461053000.0,,26615488000.0,998865000.0,4222162150.0,2.53,sec_edgar:companyfacts
NFLX,us,2026-03-31,2026-04-17T00:00:00,12249757000.0,,5282791000.0,5094075000.0,,31126399000.0,999185000.0,4212794271.0,1.23,sec_edgar:companyfacts
NKE,us,2007-05-31,2010-07-20T00:00:00,,,,,,7025400000.0,,,,sec_edgar:companyfacts
NKE,us,2008-05-31,2010-07-20T00:00:00,,,1883400000.0,1487100000.0,,7825300000.0,,,3.74,sec_edgar:companyfacts
NKE,us,2008-08-31,2009-10-08T00:00:00,,,510500000.0,250900000.0,,,,,1.03,sec_edgar:companyfacts
NKE,us,2008-11-30,2010-01-06T00:00:00,,,901500000.0,413400000.0,,,,,1.83,sec_edgar:companyfacts
NKE,us,2009-02-28,2010-04-07T00:00:00,,,1145300000.0,327100000.0,,,,,2.33,sec_edgar:companyfacts
NKE,us,2009-05-31,2010-07-20T00:00:00,,,1486700000.0,1280400000.0,,8693100000.0,342900000.0,,3.03,sec_edgar:companyfacts
NKE,us,2009-08-31,2009-10-08T00:00:00,,,513000000.0,628500000.0,,9090700000.0,94700000.0,391709510.0,1.04,sec_edgar:companyfacts
NKE,us,2009-11-30,2010-01-06T00:00:00,,,888400000.0,1204500000.0,,9224100000.0,103100000.0,397462136.0,1.8,sec_edgar:companyfacts
NKE,us,2010-02-28,2010-04-07T00:00:00,,,1384800000.0,1648900000.0,,9428900000.0,108800000.0,,2.81,sec_edgar:companyfacts
NKE,us,2010-05-31,2010-07-20T00:00:00,,,1906700000.0,2829100000.0,,9753700000.0,591600000.0,,3.86,sec_edgar:companyfacts
NKE,us,2010-08-31,2010-10-06T00:00:00,,,559000000.0,123000000.0,,9660000000.0,109000000.0,,1.14,sec_edgar:companyfacts
NKE,us,2010-11-30,2011-01-06T00:00:00,,,1016000000.0,456000000.0,,9949000000.0,128000000.0,,2.08,sec_edgar:companyfacts
NKE,us,2011-02-28,2011-04-06T00:00:00,,,1539000000.0,667000000.0,,9902000000.0,139000000.0,,3.16,sec_edgar:companyfacts
NKE,us,2011-05-31,2011-07-22T00:00:00,,,2133000000.0,1380000000.0,,9843000000.0,663000000.0,,4.39,sec_edgar:companyfacts
NKE,us,2011-08-31,2011-10-06T00:00:00,,,645000000.0,-27000000.0,,9899000000.0,164000000.0,,1.36,sec_edgar:companyfacts
NKE,us,2011-11-30,2012-01-05T00:00:00,,,1114000000.0,338000000.0,,9843000000.0,123000000.0,458913682.0,2.36,sec_edgar:companyfacts
NKE,us,2012-02-29,2012-04-06T00:00:00,,,1674000000.0,546000000.0,,10176000000.0,91000000.0,458368009.0,3.56,sec_edgar:companyfacts
NKE,us,2012-05-31,2012-07-24T00:00:00,,,2223000000.0,1302000000.0,,10381000000.0,385000000.0,,4.73,sec_edgar:companyfacts
NKE,us,2012-08-31,2012-10-09T00:00:00,,,567000000.0,428000000.0,,10047000000.0,129000000.0,450552418.0,1.23,sec_edgar:companyfacts
NKE,us,2012-11-30,2013-01-09T00:00:00,,,951000000.0,995000000.0,,10014000000.0,100000000.0,895711770.0,1.04,sec_edgar:companyfacts
NKE,us,2013-02-28,2013-04-04T00:00:00,,,1817000000.0,1267000000.0,,10667000000.0,103000000.0,893614573.0,1.98,sec_edgar:companyfacts
NKE,us,2013-05-31,2013-07-23T00:00:00,,,2485000000.0,2391000000.0,,11156000000.0,1388000000.0,,2.71,sec_edgar:companyfacts
NKE,us,2013-08-31,2013-10-07T00:00:00,,,780000000.0,382000000.0,,11282000000.0,111000000.0,,0.86,sec_edgar:companyfacts
NKE,us,2013-11-30,2014-01-07T00:00:00,,,1317000000.0,501000000.0,,11344000000.0,180000000.0,,1.45,sec_edgar:companyfacts
NKE,us,2014-02-28,2014-04-07T00:00:00,,,2002000000.0,1013000000.0,,11133000000.0,119000000.0,,2.2,sec_edgar:companyfacts
NKE,us,2014-05-31,2014-07-25T00:00:00,,,2693000000.0,2123000000.0,,10824000000.0,1373000000.0,,2.97,sec_edgar:companyfacts
NKE,us,2014-08-31,2014-10-07T00:00:00,,,962000000.0,326000000.0,,11105000000.0,146000000.0,,1.09,sec_edgar:companyfacts
NKE,us,2014-11-30,2015-01-07T00:00:00,,,1617000000.0,748000000.0,,11700000000.0,1279000000.0,,1.83,sec_edgar:companyfacts
NKE,us,2015-02-28,2015-04-07T00:00:00,,,2408000000.0,2615000000.0,,12368000000.0,61000000.0,,2.72,sec_edgar:companyfacts
NKE,us,2015-05-31,2015-07-23T00:00:00,,,3273000000.0,3717000000.0,,12707000000.0,1260000000.0,,3.7,sec_edgar:companyfacts
NKE,us,2015-08-31,2015-10-06T00:00:00,,,1179000000.0,164000000.0,,12894000000.0,23000000.0,,1.34,sec_edgar:companyfacts
NKE,us,2015-11-30,2016-01-06T00:00:00,,,1964000000.0,421000000.0,,13405000000.0,2171000000.0,,1.12,sec_edgar:companyfacts
NKE,us,2016-02-29,2016-04-05T00:00:00,,,2914000000.0,1011000000.0,,12300000000.0,2055000000.0,,1.67,sec_edgar:companyfacts
NKE,us,2016-05-31,2016-07-21T00:00:00,,,3760000000.0,1953000000.0,,12258000000.0,2055000000.0,,2.16,sec_edgar:companyfacts
NKE,us,2016-08-31,2016-10-11T00:00:00,,,1249000000.0,444000000.0,,12165000000.0,22000000.0,,0.73,sec_edgar:companyfacts
NKE,us,2016-11-30,2017-01-05T00:00:00,,,2091000000.0,1172000000.0,,12323000000.0,3537000000.0,,1.23,sec_edgar:companyfacts
NKE,us,2017-02-28,2017-04-04T00:00:00,,,3232000000.0,1975000000.0,,12722000000.0,3501000000.0,,1.91,sec_edgar:companyfacts
NKE,us,2017-05-31,2019-07-23T00:00:00,34350000000.0,,4240000000.0,2535000000.0,,12407000000.0,3802000000.0,,2.51,sec_edgar:companyfacts
NKE,us,2017-08-31,2017-10-06T00:00:00,,,950000000.0,305000000.0,,11993000000.0,335000000.0,,0.57,sec_edgar:companyfacts
NKE,us,2017-11-30,2018-01-05T00:00:00,,,1717000000.0,1400000000.0,,11758000000.0,1229000000.0,,1.03,sec_edgar:companyfacts
NKE,us,2018-02-28,2019-04-04T00:00:00,26608000000.0,,796000000.0,1957000000.0,,9782000000.0,11000000.0,,0.48,sec_edgar:companyfacts
NKE,us,2018-05-31,2019-07-23T00:00:00,36397000000.0,,1933000000.0,3927000000.0,,9812000000.0,3810000000.0,,1.17,sec_edgar:companyfacts
NKE,us,2018-08-31,2019-10-04T00:00:00,9948000000.0,,1092000000.0,958000000.0,,8992000000.0,13000000.0,,0.67,sec_edgar:companyfacts
NKE,us,2018-11-30,2020-01-07T00:00:00,19322000000.0,,1939000000.0,2195000000.0,,8729000000.0,9000000.0,,1.19,sec_edgar:companyfacts
NKE,us,2019-02-28,2019-04-04T00:00:00,28933000000.0,,3040000000.0,3047000000.0,,8961000000.0,16000000.0,,1.87,sec_edgar:companyfacts
NKE,us,2019-05-31,2019-07-23T00:00:00,39117000000.0,,4029000000.0,4784000000.0,,9040000000.0,3479000000.0,,2.49,sec_edgar:companyfacts
NKE,us,2019-08-31,2019-10-04T00:00:00,10660000000.0,,1367000000.0,110000000.0,,9200000000.0,250000000.0,,0.86,sec_edgar:companyfacts
NKE,us,2019-11-30,2020-01-07T00:00:00,20986000000.0,,2482000000.0,784000000.0,,9351000000.0,300000000.0,,1.56,sec_edgar:companyfacts
NKE,us,2020-02-29,2020-04-07T00:00:00,31090000000.0,,3329000000.0,1689000000.0,,9045000000.0,9000000.0,,2.09,sec_edgar:companyfacts
NKE,us,2020-05-31,2020-07-24T00:00:00,37403000000.0,,2539000000.0,1399000000.0,,8055000000.0,9657000000.0,,1.6,sec_edgar:companyfacts
NKE,us,2020-08-31,2020-10-08T00:00:00,10594000000.0,,1518000000.0,706000000.0,,9224000000.0,137000000.0,,0.95,sec_edgar:companyfacts
NKE,us,2020-11-30,2021-01-05T00:00:00,21837000000.0,,2769000000.0,3011000000.0,,10640000000.0,41000000.0,,1.73,sec_edgar:companyfacts
NKE,us,2021-02-28,2021-04-02T00:00:00,32194000000.0,,4218000000.0,4124000000.0,,11931000000.0,4000000.0,,2.62,sec_edgar:companyfacts
NKE,us,2021-05-31,2021-07-20T00:00:00,44538000000.0,,5727000000.0,5962000000.0,,12767000000.0,9415000000.0,,3.56,sec_edgar:companyfacts
NKE,us,2021-08-31,2021-10-05T00:00:00,12248000000.0,,1874000000.0,927000000.0,,14343000000.0,15000000.0,,1.16,sec_edgar:companyfacts
NKE,us,2021-11-30,2022-01-06T00:00:00,23605000000.0,,3211000000.0,3506000000.0,,14924000000.0,9000000.0,,1.98,sec_edgar:companyfacts
NKE,us,2022-02-28,2022-04-05T00:00:00,34476000000.0,,4607000000.0,3521000000.0,,14809000000.0,0.0,,2.85,sec_edgar:companyfacts
NKE,us,2022-05-31,2022-07-21T00:00:00,46710000000.0,,6046000000.0,4430000000.0,,15281000000.0,9430000000.0,,3.75,sec_edgar:companyfacts
NKE,us,2022-08-31,2022-10-06T00:00:00,12687000000.0,,1468000000.0,93000000.0,,15822000000.0,9000000.0,,0.93,sec_edgar:companyfacts
NKE,us,2022-11-30,2023-01-05T00:00:00,26002000000.0,,2799000000.0,858000000.0,,15272000000.0,7000000.0,,1.77,sec_edgar:companyfacts
NKE,us,2023-02-28,2023-04-06T00:00:00,38392000000.0,,4039000000.0,2888000000.0,,14531000000.0,14000000.0,,2.57,sec_edgar:companyfacts
NKE,us,2023-05-31,2023-07-20T00:00:00,51217000000.0,,5070000000.0,4872000000.0,,14004000000.0,8933000000.0,,3.23,sec_edgar:companyfacts
NKE,us,2023-08-31,2023-10-06T00:00:00,12939000000.0,,1450000000.0,-319000000.0,,13971000000.0,6000000.0,,0.94,sec_edgar:companyfacts
NKE,us,2023-11-30,2024-01-05T00:00:00,26327000000.0,,3028000000.0,2293000000.0,,14146000000.0,6000000.0,,1.97,sec_edgar:companyfacts
NKE,us,2024-02-29,2024-04-04T00:00:00,38756000000.0,,4200000000.0,4211000000.0,,14226000000.0,6000000.0,,2.74,sec_edgar:companyfacts
NKE,us,2024-05-31,2024-07-25T00:00:00,51362000000.0,,5700000000.0,6617000000.0,,14430000000.0,8909000000.0,,3.73,sec_edgar:companyfacts
NKE,us,2024-08-31,2024-10-07T00:00:00,11589000000.0,,1051000000.0,274000000.0,,13944000000.0,12000000.0,,0.7,sec_edgar:companyfacts
NKE,us,2024-11-30,2025-01-03T00:00:00,23943000000.0,,2214000000.0,1194000000.0,,14037000000.0,49000000.0,,1.48,sec_edgar:companyfacts
NKE,us,2025-02-28,2025-04-03T00:00:00,35212000000.0,,3008000000.0,2905000000.0,,14007000000.0,4000000.0,,2.02,sec_edgar:companyfacts
NKE,us,2025-05-31,2025-07-17T00:00:00,46309000000.0,,3219000000.0,3268000000.0,,13213000000.0,7966000000.0,,2.16,sec_edgar:companyfacts
NKE,us,2025-08-31,2025-10-01T00:00:00,11720000000.0,,727000000.0,15000000.0,,13468000000.0,4000000.0,,0.49,sec_edgar:companyfacts
NKE,us,2025-11-30,2025-12-30T00:00:00,24147000000.0,,1519000000.0,401000000.0,,14085000000.0,0.0,,1.03,sec_edgar:companyfacts
NKE,us,2026-02-28,2026-04-01T00:00:00,35426000000.0,,2039000000.0,685000000.0,,14090000000.0,0.0,,1.38,sec_edgar:companyfacts
NOW,us,2009-06-30,2013-03-08T00:00:00,,,,,,-21690000.0,,,,sec_edgar:companyfacts
NOW,us,2010-06-30,2013-03-08T00:00:00,,,-29705000.0,-9116000.0,,-71262000.0,,,-1.31,sec_edgar:companyfacts
NOW,us,2010-12-31,2014-02-28T00:00:00,37944000.0,,4803000.0,8654000.0,,,,,0.04,sec_edgar:companyfacts
NOW,us,2011-06-30,2014-02-28T00:00:00,92641000.0,,5027000.0,20081000.0,,-58381000.0,,,0.04,sec_edgar:companyfacts
NOW,us,2011-09-30,2012-10-31T00:00:00,,,5148000.0,27248000.0,,,,,0.04,sec_edgar:companyfacts
NOW,us,2011-12-31,2014-02-28T00:00:00,73375000.0,,-6684000.0,5261000.0,,-57426000.0,,22229978.0,-0.33,sec_edgar:companyfacts
NOW,us,2012-03-31,2013-05-08T00:00:00,,,-5640000.0,7521000.0,,,,,-0.23,sec_edgar:companyfacts
NOW,us,2012-06-30,2012-08-10T00:00:00,,,-14364000.0,2792000.0,,-43128000.0,,,-0.55,sec_edgar:companyfacts
NOW,us,2012-09-30,2013-11-04T00:00:00,168550000.0,,-27417000.0,-61000.0,,191268000.0,,123371566.0,-0.49,sec_edgar:companyfacts
NOW,us,2012-12-31,2014-02-28T00:00:00,243712000.0,,-37348000.0,6700000.0,,243405000.0,,126367700.0,-0.51,sec_edgar:companyfacts
NOW,us,2013-03-31,2014-05-07T00:00:00,85939000.0,,-13358000.0,4608000.0,,263927000.0,,,-0.1,sec_edgar:companyfacts
NOW,us,2013-06-30,2014-08-07T00:00:00,188161000.0,,-34763000.0,2524000.0,,267895000.0,,,-0.26,sec_edgar:companyfacts
NOW,us,2013-09-30,2013-11-04T00:00:00,299420000.0,,-49476000.0,6420000.0,,287596000.0,,,-0.37,sec_edgar:companyfacts
NOW,us,2013-12-31,2014-02-28T00:00:00,424650000.0,,-73708000.0,26425000.0,,394259000.0,,140354605.0,-0.54,sec_edgar:companyfacts
NOW,us,2014-03-31,2014-05-07T00:00:00,139090000.0,,-43311000.0,13249000.0,,403742000.0,,,,sec_edgar:companyfacts
NOW,us,2014-06-30,2014-08-07T00:00:00,305847000.0,,-93674000.0,38871000.0,,398117000.0,,,,sec_edgar:companyfacts
NOW,us,2014-09-30,2014-11-05T00:00:00,484559000.0,,-134724000.0,45777000.0,,417415000.0,,,,sec_edgar:companyfacts
NOW,us,2014-12-31,2015-02-27T00:00:00,682563000.0,,-179387000.0,84521000.0,,428675000.0,,149509092.0,,sec_edgar:companyfacts
NOW,us,2015-03-31,2015-05-07T00:00:00,211964000.0,,-58093000.0,40667000.0,,454910000.0,,,,sec_edgar:companyfacts
NOW,us,2015-06-30,2015-08-06T00:00:00,458680000.0,,-120018000.0,105134000.0,,463113000.0,,,,sec_edgar:companyfacts
NOW,us,2015-09-30,2015-11-04T00:00:00,719830000.0,,-161048000.0,147431000.0,,516934000.0,,,,sec_edgar:companyfacts
NOW,us,2015-12-31,2016-02-25T00:00:00,1005480000.0,,-198426000.0,227610000.0,,566814000.0,,160785764.0,,sec_edgar:companyfacts
NOW,us,2016-03-31,2016-05-06T00:00:00,305879000.0,,-333332000.0,49610000.0,,302356000.0,,,,sec_edgar:companyfacts
NOW,us,2016-06-30,2016-08-03T00:00:00,647191000.0,,-382957000.0,-122413000.0,,324282000.0,,,,sec_edgar:companyfacts
NOW,us,2016-09-30,2016-11-04T00:00:00,1004847000.0,,-419215000.0,-56878000.0,,362503000.0,,,,sec_edgar:companyfacts
NOW,us,2016-12-31,2017-02-28T00:00:00,1390513000.0,,-451804000.0,54359000.0,,386961000.0,,167430773.0,,sec_edgar:companyfacts
NOW,us,2017-03-31,2018-05-08T00:00:00,416783000.0,,-40662000.0,154238000.0,,427339000.0,,169721359.0,-0.13,sec_edgar:companyfacts
NOW,us,2017-06-30,2017-08-08T00:00:00,888486000.0,,-97135000.0,247046000.0,,482426000.0,,170712093.0,,sec_edgar:companyfacts
NOW,us,2017-09-30,2018-11-07T00:00:00,1386656000.0,,-121323000.0,342183000.0,,551391000.0,,172706935.0,-0.58,sec_edgar:companyfacts
NOW,us,2017-12-31,2020-02-20T00:00:00,1933026000.0,,-149130000.0,492315000.0,,584132000.0,,174275864.0,-0.68,sec_edgar:companyfacts
NOW,us,2018-03-31,2018-05-08T00:00:00,589222000.0,,10622000.0,214709000.0,,865163000.0,,176562963.0,0.06,sec_edgar:companyfacts
NOW,us,2018-06-30,2018-08-08T00:00:00,1220278000.0,,-42124000.0,287614000.0,,891710000.0,,177945946.0,,sec_edgar:companyfacts
NOW,us,2018-09-30,2018-11-07T00:00:00,,,-33719000.0,385128000.0,,1020184000.0,,179305339.0,-0.19,sec_edgar:companyfacts
NOW,us,2018-12-31,2020-02-20T00:00:00,,,-26704000.0,586627000.0,,1111199000.0,,180175355.0,-0.15,sec_edgar:companyfacts
NOW,us,2019-03-31,2019-05-03T00:00:00,,,-1545000.0,313724000.0,,1194951000.0,,184739169.0,-0.01,sec_edgar:companyfacts
NOW,us,2019-06-30,2020-07-30T00:00:00,,,-12624000.0,507563000.0,,1260946000.0,,187461809.0,-0.07,sec_edgar:companyfacts
NOW,us,2019-09-30,2019-10-25T00:00:00,,,27974000.0,628872000.0,,1429473000.0,,188600000.0,0.14,sec_edgar:companyfacts
NOW,us,2019-12-31,2020-02-20T00:00:00,,,626698000.0,971080000.0,,2127941000.0,694981000.0,189461000.0,3.18,sec_edgar:companyfacts
NOW,us,2020-03-31,2020-04-30T00:00:00,,,48231000.0,408361000.0,,2266095000.0,,190700000.0,0.24,sec_edgar:companyfacts
NOW,us,2020-06-30,2020-07-30T00:00:00,,,88997000.0,665951000.0,,2478806000.0,,191800000.0,0.44,sec_edgar:companyfacts
NOW,us,2020-09-30,2020-10-29T00:00:00,,,101855000.0,815747000.0,,2673716000.0,1705533000.0,195100000.0,0.5,sec_edgar:companyfacts
NOW,us,2020-12-31,2021-02-12T00:00:00,,,118503000.0,1367272000.0,,2834481000.0,1640000000.0,195844000.0,0.59,sec_edgar:companyfacts
NOW,us,2021-03-31,2021-04-29T00:00:00,,,82440000.0,620000000.0,,3037000000.0,1611000000.0,197400000.0,0.41,sec_edgar:companyfacts
NOW,us,2021-06-30,2021-07-29T00:00:00,,,140835000.0,829000000.0,,3275000000.0,1483000000.0,198100000.0,0.7,sec_edgar:companyfacts
NOW,us,2021-09-30,2021-10-28T00:00:00,,,203725000.0,1055000000.0,,3534000000.0,1484000000.0,199000000.0,1.0,sec_edgar:companyfacts
NOW,us,2021-12-31,2022-02-03T00:00:00,,,230141000.0,1799000000.0,,3695000000.0,,199608000.0,1.13,sec_edgar:companyfacts
NOW,us,2022-03-31,2022-04-28T00:00:00,,,75350000.0,770000000.0,,3997000000.0,,200500000.0,0.37,sec_edgar:companyfacts
NOW,us,2022-06-30,2022-07-28T00:00:00,,,95122000.0,1052000000.0,,4194000000.0,,,0.47,sec_edgar:companyfacts
NOW,us,2022-09-30,2022-10-27T00:00:00,,,174871000.0,1155000000.0,,4523000000.0,,,0.86,sec_edgar:companyfacts
NOW,us,2022-12-31,2023-01-31T00:00:00,,,325000000.0,2173000000.0,,5032000000.0,,202882000.0,1.6,sec_edgar:companyfacts
NOW,us,2023-03-31,2023-04-27T00:00:00,,,150000000.0,737000000.0,,5600000000.0,,,0.73,sec_edgar:companyfacts
NOW,us,2023-06-30,2023-07-27T00:00:00,,,1194000000.0,1185000000.0,,6926000000.0,,,5.83,sec_edgar:companyfacts
NOW,us,2023-09-30,2023-10-26T00:00:00,,,1436000000.0,1360000000.0,,7182000000.0,,204600000.0,7.0,sec_edgar:companyfacts
NOW,us,2023-12-31,2024-01-25T00:00:00,,,1731000000.0,2704000000.0,,7628000000.0,,204724000.0,8.42,sec_edgar:companyfacts
NOW,us,2024-03-31,2024-05-06T00:00:00,,,347000000.0,1206000000.0,,8107000000.0,,205382000.0,1.67,sec_edgar:companyfacts
NOW,us,2024-06-30,2024-07-25T00:00:00,,,609000000.0,1564000000.0,,8666000000.0,,205857000.0,2.93,sec_edgar:companyfacts
NOW,us,2024-09-30,2024-10-24T00:00:00,,,1041000000.0,2033000000.0,,9290000000.0,,206317000.0,5.0,sec_edgar:companyfacts
NOW,us,2024-12-31,2025-01-30T00:00:00,,,1425000000.0,3415000000.0,,9609000000.0,,206487000.0,6.84,sec_edgar:companyfacts
NOW,us,2025-03-31,2025-04-23T00:00:00,,,460000000.0,1472000000.0,,10139000000.0,,206979000.0,2.2,sec_edgar:companyfacts
NOW,us,2025-06-30,2025-07-24T00:00:00,,,845000000.0,1998000000.0,,10932000000.0,,207519000.0,4.04,sec_edgar:companyfacts
NOW,us,2025-09-30,2025-10-30T00:00:00,,,1347000000.0,2576000000.0,,11301000000.0,,207564000.0,6.43,sec_edgar:companyfacts
NOW,us,2025-12-31,2026-01-29T00:00:00,,,1748000000.0,4576000000.0,,12964000000.0,,1047278000.0,1.67,sec_edgar:companyfacts
NOW,us,2026-03-31,2026-04-23T00:00:00,,,469000000.0,1529000000.0,,11728000000.0,,1031308000.0,0.45,sec_edgar:companyfacts
NVDA,us,2007-01-28,2010-03-18T00:00:00,,,,,,2006919000.0,,,,sec_edgar:companyfacts
NVDA,us,2008-01-27,2010-03-18T00:00:00,4097860000.0,,797645000.0,,,2617912000.0,,,1.31,sec_edgar:companyfacts
NVDA,us,2008-07-27,2009-08-20T00:00:00,2046064000.0,,55876000.0,,,,,,0.09,sec_edgar:companyfacts
NVDA,us,2008-10-26,2009-11-19T00:00:00,2943719000.0,,117624000.0,,,,,,0.2,sec_edgar:companyfacts
NVDA,us,2009-01-25,2010-03-18T00:00:00,3424859000.0,,-30041000.0,,,2394652000.0,,538460766.0,-0.05,sec_edgar:companyfacts
NVDA,us,2009-04-26,2010-05-21T00:00:00,664231000.0,,-201338000.0,,,,,,-0.37,sec_edgar:companyfacts
NVDA,us,2009-07-26,2009-08-20T00:00:00,1440751000.0,,-306640000.0,,,2247409000.0,,,-0.56,sec_edgar:companyfacts
NVDA,us,2009-10-25,2009-11-19T00:00:00,2343957000.0,,-199063000.0,,,2423635000.0,,,-0.36,sec_edgar:companyfacts
NVDA,us,2010-01-31,2012-03-13T00:00:00,3326445000.0,,-67987000.0,410206000.0,,2665140000.0,,561465851.0,-0.12,sec_edgar:companyfacts
NVDA,us,2010-05-02,2010-05-21T00:00:00,1001813000.0,,137594000.0,,,2860645000.0,,,0.23,sec_edgar:companyfacts
NVDA,us,2010-07-31,2012-03-13T00:00:00,811208000.0,,-140961000.0,,,,,,-0.25,sec_edgar:companyfacts
NVDA,us,2010-08-01,2010-08-30T00:00:00,1813021000.0,,-3367000.0,,,2760514000.0,,,-0.01,sec_edgar:companyfacts
NVDA,us,2010-10-31,2010-12-07T00:00:00,2656933000.0,,81495000.0,,,2897880000.0,,,0.14,sec_edgar:companyfacts
NVDA,us,2011-01-30,2012-03-13T00:00:00,3543309000.0,,253146000.0,577907000.0,,3181462000.0,,588555701.0,0.43,sec_edgar:companyfacts
NVDA,us,2011-05-01,2012-05-23T00:00:00,962039000.0,,135219000.0,141005000.0,,3447808000.0,,,0.22,sec_edgar:companyfacts
NVDA,us,2011-07-31,2012-08-22T00:00:00,1978556000.0,,286792000.0,199703000.0,,3689469000.0,,,0.47,sec_edgar:companyfacts
NVDA,us,2011-10-30,2012-11-19T00:00:00,3044736000.0,,465065000.0,405085000.0,,3973450000.0,,,0.76,sec_edgar:companyfacts
NVDA,us,2012-01-29,2012-03-13T00:00:00,3997930000.0,,581090000.0,770421000.0,,4145724000.0,,612191412.0,0.94,sec_edgar:companyfacts
NVDA,us,2012-04-29,2012-05-23T00:00:00,924877000.0,,60437000.0,-38131000.0,,4287428000.0,,,0.1,sec_edgar:companyfacts
NVDA,us,2012-07-29,2012-08-22T00:00:00,1969147000.0,,179483000.0,100811000.0,,4453665000.0,,,0.29,sec_edgar:companyfacts
NVDA,us,2012-10-28,2012-11-19T00:00:00,3173257000.0,,388563000.0,237612000.0,,4722846000.0,,,0.62,sec_edgar:companyfacts
NVDA,us,2013-01-27,2013-03-12T00:00:00,4280159000.0,,562536000.0,,,4827703000.0,0.0,616756134.0,0.9,sec_edgar:companyfacts
NVDA,us,2013-04-28,2013-05-22T00:00:00,954739000.0,,77891000.0,109983000.0,,4824936000.0,,,0.13,sec_edgar:companyfacts
NVDA,us,2013-07-28,2013-08-21T00:00:00,1931977000.0,,174339000.0,121466000.0,,4172173000.0,,,0.29,sec_edgar:companyfacts
NVDA,us,2013-10-27,2013-11-19T00:00:00,2985944000.0,,293073000.0,245622000.0,,4320647000.0,,,0.49,sec_edgar:companyfacts
NVDA,us,2014-01-26,2014-03-13T00:00:00,4130162000.0,,439990000.0,,,4456398000.0,1356375000.0,567996734.0,0.74,sec_edgar:companyfacts
NVDA,us,2014-04-27,2014-05-21T00:00:00,1102787000.0,,136516000.0,121954000.0,,4166985000.0,1363276000.0,,0.24,sec_edgar:companyfacts
NVDA,us,2014-07-27,2014-08-20T00:00:00,2205611000.0,,264492000.0,195709000.0,,4304786000.0,1370249000.0,,0.46,sec_edgar:companyfacts
NVDA,us,2014-10-26,2014-11-19T00:00:00,3430993000.0,,437459000.0,371591000.0,,4204593000.0,1377259000.0,,0.77,sec_edgar:companyfacts
NVDA,us,2015-01-25,2015-03-12T00:00:00,4681507000.0,,630587000.0,,,4417982000.0,1384342000.0,544913000.0,1.12,sec_edgar:companyfacts
NVDA,us,2015-04-26,2015-05-20T00:00:00,1151000000.0,,134000000.0,216000000.0,,4556000000.0,1391000000.0,,0.24,sec_edgar:companyfacts
NVDA,us,2015-07-26,2015-08-19T00:00:00,2304000000.0,,160000000.0,355000000.0,,4185000000.0,1399000000.0,,0.28,sec_edgar:companyfacts
NVDA,us,2015-10-25,2015-11-18T00:00:00,3609000000.0,,406000000.0,593000000.0,,4465000000.0,1406000000.0,,0.72,sec_edgar:companyfacts
NVDA,us,2016-01-31,2016-03-17T00:00:00,5010000000.0,,614000000.0,,,4469000000.0,1413000000.0,539000000.0,1.08,sec_edgar:companyfacts
NVDA,us,2016-05-01,2016-05-25T00:00:00,1305000000.0,,196000000.0,254000000.0,,4196000000.0,,,0.33,sec_edgar:companyfacts
NVDA,us,2016-07-31,2016-08-23T00:00:00,2733000000.0,,449000000.0,406000000.0,,4480000000.0,,,0.73,sec_edgar:companyfacts
NVDA,us,2016-10-30,2016-11-22T00:00:00,4737000000.0,,1012000000.0,826000000.0,,5324000000.0,1982000000.0,,1.59,sec_edgar:companyfacts
NVDA,us,2017-01-29,2017-03-01T00:00:00,6910000000.0,,1666000000.0,,,5762000000.0,1983000000.0,585000000.0,2.57,sec_edgar:companyfacts
NVDA,us,2017-04-30,2017-05-23T00:00:00,1937000000.0,,507000000.0,228000000.0,,6132000000.0,1984000000.0,,0.79,sec_edgar:companyfacts
NVDA,us,2017-07-30,2017-08-23T00:00:00,4167000000.0,,1091000000.0,879000000.0,,5973000000.0,1984000000.0,,1.71,sec_edgar:companyfacts
NVDA,us,2017-10-29,2017-11-21T00:00:00,6803000000.0,,1928000000.0,1967000000.0,,6352000000.0,1985000000.0,,3.05,sec_edgar:companyfacts
NVDA,us,2018-01-28,2018-02-28T00:00:00,9714000000.0,,3047000000.0,,,7471000000.0,1985000000.0,606000000.0,4.82,sec_edgar:companyfacts
NVDA,us,2018-04-29,2018-05-22T00:00:00,3207000000.0,,1244000000.0,1327000000.0,,7717000000.0,1986000000.0,,1.98,sec_edgar:companyfacts
NVDA,us,2018-07-29,2018-08-16T00:00:00,6330000000.0,,2345000000.0,2111000000.0,,8795000000.0,1987000000.0,,3.74,sec_edgar:companyfacts
NVDA,us,2018-10-28,2018-11-15T00:00:00,9511000000.0,,3575000000.0,2448000000.0,,9475000000.0,1987000000.0,,5.71,sec_edgar:companyfacts
NVDA,us,2019-01-27,2019-02-21T00:00:00,,,4141000000.0,,,9342000000.0,1988000000.0,606000000.0,6.63,sec_edgar:companyfacts
NVDA,us,2019-04-28,2019-05-16T00:00:00,2220000000.0,,394000000.0,592000000.0,,9704000000.0,1988000000.0,,0.64,sec_edgar:companyfacts
NVDA,us,2019-07-28,2019-08-15T00:00:00,4799000000.0,,947000000.0,1415000000.0,,10336000000.0,1989000000.0,,1.54,sec_edgar:companyfacts
NVDA,us,2019-10-27,2019-11-14T00:00:00,7813000000.0,,1845000000.0,2952000000.0,,11214000000.0,1990000000.0,,2.99,sec_edgar:companyfacts
NVDA,us,2020-01-26,2022-03-18T00:00:00,10918000000.0,,2796000000.0,,,12204000000.0,1991000000.0,612000000.0,4.52,sec_edgar:companyfacts
NVDA,us,2020-04-26,2020-05-21T00:00:00,3080000000.0,,917000000.0,754000000.0,,13099000000.0,6959000000.0,,1.47,sec_edgar:companyfacts
NVDA,us,2020-07-26,2020-08-19T00:00:00,6946000000.0,,1539000000.0,2104000000.0,,13914000000.0,6960000000.0,,2.47,sec_edgar:companyfacts
NVDA,us,2020-10-25,2020-11-18T00:00:00,11672000000.0,,2875000000.0,,,15334000000.0,7959000000.0,,4.59,sec_edgar:companyfacts
NVDA,us,2021-01-31,2022-03-18T00:00:00,16675000000.0,,4332000000.0,,,16893000000.0,7962000000.0,620000000.0,6.9,sec_edgar:companyfacts
NVDA,us,2021-05-02,2021-05-26T00:00:00,5661000000.0,,1912000000.0,,,18774000000.0,7962000000.0,,3.03,sec_edgar:companyfacts
NVDA,us,2021-08-01,2021-08-20T00:00:00,12168000000.0,,4285000000.0,,,21147000000.0,12943000000.0,,1.69,sec_edgar:companyfacts
NVDA,us,2021-10-31,2021-11-22T00:00:00,19271000000.0,,6749000000.0,,,23798000000.0,10944000000.0,,2.67,sec_edgar:companyfacts
NVDA,us,2022-01-30,2022-03-18T00:00:00,26914000000.0,,9752000000.0,,,26612000000.0,10946000000.0,2506000000.0,3.85,sec_edgar:companyfacts
NVDA,us,2022-05-01,2022-05-27T00:00:00,8288000000.0,,1618000000.0,,,26320000000.0,10947000000.0,,0.64,sec_edgar:companyfacts
NVDA,us,2022-07-31,2022-08-31T00:00:00,14992000000.0,,2274000000.0,,,23851000000.0,12198000000.0,,0.9,sec_edgar:companyfacts
NVDA,us,2022-10-30,2022-11-18T00:00:00,20923000000.0,,2954000000.0,,,21349000000.0,12199000000.0,,1.17,sec_edgar:companyfacts
NVDA,us,2023-01-29,2023-02-24T00:00:00,26974000000.0,,4368000000.0,,,22101000000.0,12203000000.0,2466000000.0,1.74,sec_edgar:companyfacts
NVDA,us,2023-04-30,2023-05-26T00:00:00,7192000000.0,,2043000000.0,,,24520000000.0,12204000000.0,,0.82,sec_edgar:companyfacts
NVDA,us,2023-07-30,2023-08-28T00:00:00,20699000000.0,,8232000000.0,,,27501000000.0,10954000000.0,,3.3,sec_edgar:companyfacts
NVDA,us,2023-10-29,2023-11-21T00:00:00,38819000000.0,,17475000000.0,,,33265000000.0,10955000000.0,,7.01,sec_edgar:companyfacts
NVDA,us,2024-01-28,2024-02-21T00:00:00,60922000000.0,,29760000000.0,,,42978000000.0,10959000000.0,2464000000.0,11.93,sec_edgar:companyfacts
NVDA,us,2024-04-28,2024-05-29T00:00:00,26044000000.0,,14881000000.0,,,49142000000.0,10960000000.0,,5.98,sec_edgar:companyfacts
NVDA,us,2024-07-28,2024-08-28T00:00:00,56084000000.0,,31480000000.0,,,58157000000.0,8461000000.0,,1.27,sec_edgar:companyfacts
NVDA,us,2024-10-27,2024-11-20T00:00:00,91166000000.0,,50789000000.0,,,65899000000.0,8462000000.0,,2.04,sec_edgar:companyfacts
NVDA,us,2025-01-26,2025-02-26T00:00:00,130497000000.0,,72880000000.0,,,79327000000.0,8463000000.0,24477000000.0,2.94,sec_edgar:companyfacts
NVDA,us,2025-04-27,2025-05-28T00:00:00,44062000000.0,,18775000000.0,,,83843000000.0,8464000000.0,,0.76,sec_edgar:companyfacts
NVDA,us,2025-07-27,2025-08-27T00:00:00,90805000000.0,,45197000000.0,,,100131000000.0,8466000000.0,,1.84,sec_edgar:companyfacts
NVDA,us,2025-10-26,2025-11-19T00:00:00,147811000000.0,,77107000000.0,,,118897000000.0,9466000000.0,,3.14,sec_edgar:companyfacts
NVDA,us,2026-01-25,2026-02-25T00:00:00,215938000000.0,,120067000000.0,,,157293000000.0,9467000000.0,24304000000.0,4.9,sec_edgar:companyfacts
NVDA,us,2026-04-26,2026-05-20T00:00:00,81615000000.0,,58321000000.0,,,195474000000.0,9470000000.0,,2.39,sec_edgar:companyfacts
ORCL,us,2008-05-31,2010-07-01T00:00:00,22430000000.0,,5581000000.0,,,,,,1.06,sec_edgar:companyfacts
ORCL,us,2008-08-31,2009-09-21T00:00:00,5331000000.0,,,,,,,,0.21,sec_edgar:companyfacts
ORCL,us,2008-11-30,2009-12-22T00:00:00,10938000000.0,,,,,,,,0.46,sec_edgar:companyfacts
ORCL,us,2009-02-28,2010-03-29T00:00:00,16391000000.0,,,,,,,,0.72,sec_edgar:companyfacts
ORCL,us,2009-05-31,2010-07-01T00:00:00,23252000000.0,,5677000000.0,,,25090000000.0,,5005000000.0,1.09,sec_edgar:companyfacts
ORCL,us,2009-08-31,2009-09-21T00:00:00,5054000000.0,,,,,26143000000.0,,5012000000.0,0.22,sec_edgar:companyfacts
ORCL,us,2009-11-30,2009-12-22T00:00:00,10911000000.0,,,,,27531000000.0,,5009000000.0,0.51,sec_edgar:companyfacts
ORCL,us,2010-02-28,2010-03-29T00:00:00,17315000000.0,,,,,28476000000.0,,5015000000.0,0.74,sec_edgar:companyfacts
ORCL,us,2010-05-31,2012-06-26T00:00:00,26820000000.0,,6230000000.0,8451000000.0,,30798000000.0,,5026000000.0,1.21,sec_edgar:companyfacts
ORCL,us,2010-08-31,2011-09-23T00:00:00,7502000000.0,,,3699000000.0,,32106000000.0,,5025000000.0,0.27,sec_edgar:companyfacts
ORCL,us,2010-11-30,2011-12-23T00:00:00,16084000000.0,,,4522000000.0,,34412000000.0,,5051000000.0,0.63,sec_edgar:companyfacts
ORCL,us,2011-02-28,2012-03-23T00:00:00,24847000000.0,,,7065000000.0,,36617000000.0,,5061000000.0,1.04,sec_edgar:companyfacts
ORCL,us,2011-05-31,2012-06-26T00:00:00,35622000000.0,,8547000000.0,10764000000.0,,39776000000.0,1150000000.0,5068000000.0,1.67,sec_edgar:companyfacts
ORCL,us,2011-08-31,2012-09-24T00:00:00,8374000000.0,,1840000000.0,5261000000.0,,40892000000.0,,5051000000.0,0.36,sec_edgar:companyfacts
ORCL,us,2011-11-30,2012-12-21T00:00:00,17166000000.0,,4032000000.0,6387000000.0,,41920000000.0,,5032000000.0,0.78,sec_edgar:companyfacts
ORCL,us,2012-02-29,2013-03-22T00:00:00,26205000000.0,,6529000000.0,9255000000.0,,42873000000.0,0.0,4979000000.0,1.28,sec_edgar:companyfacts
ORCL,us,2012-05-31,2012-06-26T00:00:00,37121000000.0,,9981000000.0,13095000000.0,,43688000000.0,2950000000.0,4905000000.0,1.96,sec_edgar:companyfacts
ORCL,us,2012-08-31,2012-09-24T00:00:00,8181000000.0,,2034000000.0,5532000000.0,,43329000000.0,1250000000.0,4831000000.0,0.41,sec_edgar:companyfacts
ORCL,us,2012-11-30,2012-12-21T00:00:00,17275000000.0,,4615000000.0,6115000000.0,,42983000000.0,1250000000.0,4748000000.0,0.94,sec_edgar:companyfacts
ORCL,us,2013-02-28,2013-03-22T00:00:00,26233000000.0,,7119000000.0,9193000000.0,,43348000000.0,1250000000.0,4719000000.0,1.46,sec_edgar:companyfacts
ORCL,us,2013-05-31,2013-06-26T00:00:00,37180000000.0,,10925000000.0,13574000000.0,,44648000000.0,,4646000000.0,2.26,sec_edgar:companyfacts
ORCL,us,2013-08-31,2013-09-20T00:00:00,8372000000.0,,2191000000.0,,,43541000000.0,1533000000.0,4569000000.0,0.47,sec_edgar:companyfacts
ORCL,us,2013-11-30,2013-12-20T00:00:00,17647000000.0,,4744000000.0,,,43563000000.0,1525000000.0,4506000000.0,1.02,sec_edgar:companyfacts
ORCL,us,2014-02-28,2014-03-20T00:00:00,26955000000.0,,7309000000.0,,,44707000000.0,1516000000.0,4483000000.0,1.58,sec_edgar:companyfacts
ORCL,us,2014-05-31,2014-06-26T00:00:00,38275000000.0,,10955000000.0,,,46878000000.0,1508000000.0,4464000000.0,2.38,sec_edgar:companyfacts
ORCL,us,2014-08-31,2014-09-23T00:00:00,8596000000.0,,2184000000.0,,,47354000000.0,,4438000000.0,0.48,sec_edgar:companyfacts
ORCL,us,2014-11-30,2014-12-19T00:00:00,18194000000.0,,4685000000.0,,,47543000000.0,,4398000000.0,1.04,sec_edgar:companyfacts
ORCL,us,2015-02-28,2015-03-19T00:00:00,27520000000.0,,7181000000.0,,,48095000000.0,1999000000.0,4373000000.0,1.59,sec_edgar:companyfacts
ORCL,us,2015-05-31,2015-06-25T00:00:00,38226000000.0,,9938000000.0,,,48663000000.0,1999000000.0,4343000000.0,2.21,sec_edgar:companyfacts
ORCL,us,2015-08-31,2015-09-18T00:00:00,8448000000.0,,1747000000.0,,,47097000000.0,2000000000.0,4282000000.0,0.4,sec_edgar:companyfacts
ORCL,us,2015-11-30,2015-12-18T00:00:00,17441000000.0,,3945000000.0,,,45924000000.0,2000000000.0,4208000000.0,0.9,sec_edgar:companyfacts
ORCL,us,2016-02-29,2016-03-18T00:00:00,26453000000.0,,6087000000.0,,,45870000000.0,,4156000000.0,1.41,sec_edgar:companyfacts
ORCL,us,2016-05-31,2018-06-22T00:00:00,37047000000.0,,8901000000.0,12496000000.0,,47289000000.0,3750000000.0,4131000000.0,2.07,sec_edgar:companyfacts
ORCL,us,2016-08-31,2016-09-19T00:00:00,8595000000.0,,1832000000.0,,,47435000000.0,999000000.0,4106000000.0,0.43,sec_edgar:companyfacts
ORCL,us,2016-11-30,2016-12-19T00:00:00,17630000000.0,,3864000000.0,,,48462000000.0,3838000000.0,4103000000.0,0.92,sec_edgar:companyfacts
ORCL,us,2017-02-28,2017-03-17T00:00:00,26835000000.0,,6103000000.0,,,50615000000.0,3498000000.0,4115000000.0,1.45,sec_edgar:companyfacts
ORCL,us,2017-05-31,2018-06-22T00:00:00,37728000000.0,,9335000000.0,12105000000.0,,53860000000.0,9797000000.0,4137000000.0,2.21,sec_edgar:companyfacts
ORCL,us,2017-08-31,2018-09-19T00:00:00,9187000000.0,,2210000000.0,6093000000.0,,55959000000.0,4998000000.0,4171000000.0,0.52,sec_edgar:companyfacts
ORCL,us,2017-11-30,2018-12-19T00:00:00,18809000000.0,,4442000000.0,6344000000.0,,55868000000.0,2499000000.0,4143000000.0,1.04,sec_edgar:companyfacts
ORCL,us,2018-02-28,2019-03-18T00:00:00,28579000000.0,,418000000.0,9368000000.0,,47789000000.0,4491000000.0,4093000000.0,0.1,sec_edgar:companyfacts
ORCL,us,2018-05-31,2018-06-22T00:00:00,39831000000.0,,3825000000.0,13650000000.0,,45726000000.0,4491000000.0,3997000000.0,0.9,sec_edgar:companyfacts
ORCL,us,2018-08-31,2018-09-19T00:00:00,,,2265000000.0,6339000000.0,,38067000000.0,3743000000.0,3811000000.0,0.57,sec_edgar:companyfacts
ORCL,us,2018-11-30,2018-12-19T00:00:00,,,4598000000.0,6464000000.0,,30572000000.0,6477000000.0,3632000000.0,1.18,sec_edgar:companyfacts
ORCL,us,2019-02-28,2019-03-18T00:00:00,,,7343000000.0,8882000000.0,,23714000000.0,4487000000.0,3443000000.0,1.93,sec_edgar:companyfacts
ORCL,us,2019-05-31,2019-06-21T00:00:00,39506000000.0,,11083000000.0,12891000000.0,,21785000000.0,4494000000.0,3359000000.0,2.97,sec_edgar:companyfacts
ORCL,us,2019-08-31,2019-09-13T00:00:00,,,2137000000.0,5614000000.0,,18433000000.0,,3296000000.0,0.63,sec_edgar:companyfacts
ORCL,us,2019-11-30,2019-12-13T00:00:00,,,4448000000.0,5778000000.0,,15563000000.0,,3214000000.0,1.32,sec_edgar:companyfacts
ORCL,us,2020-02-29,2020-03-13T00:00:00,,,7019000000.0,8394000000.0,,14235000000.0,,3161000000.0,2.1,sec_edgar:companyfacts
ORCL,us,2020-05-31,2020-06-22T00:00:00,39068000000.0,,10135000000.0,11575000000.0,,12074000000.0,2371000000.0,3067000000.0,3.08,sec_edgar:companyfacts
ORCL,us,2020-08-31,2020-09-15T00:00:00,,,2251000000.0,5517000000.0,,9491000000.0,,3014000000.0,0.72,sec_edgar:companyfacts
ORCL,us,2020-11-30,2020-12-11T00:00:00,,,4693000000.0,6337000000.0,,7917000000.0,,2952000000.0,1.53,sec_edgar:companyfacts
ORCL,us,2021-02-28,2021-03-11T00:00:00,,,9714000000.0,9627000000.0,,8900000000.0,,2895000000.0,3.19,sec_edgar:companyfacts
ORCL,us,2021-05-31,2021-06-21T00:00:00,40479000000.0,,13746000000.0,13752000000.0,,5238000000.0,8250000000.0,2814000000.0,4.55,sec_edgar:companyfacts
ORCL,us,2021-08-31,2021-09-13T00:00:00,,,2457000000.0,4329000000.0,,-1541000000.0,,2743000000.0,0.86,sec_edgar:companyfacts
ORCL,us,2021-11-30,2021-12-10T00:00:00,,,1209000000.0,-278000000.0,,-10101000000.0,,2671000000.0,0.43,sec_edgar:companyfacts
ORCL,us,2022-02-28,2022-03-11T00:00:00,,,3528000000.0,2466000000.0,,-8696000000.0,,2668000000.0,1.26,sec_edgar:companyfacts
ORCL,us,2022-05-31,2022-06-21T00:00:00,42440000000.0,,6717000000.0,5028000000.0,,-6220000000.0,3749000000.0,2665000000.0,2.41,sec_edgar:companyfacts
ORCL,us,2022-08-31,2022-09-13T00:00:00,,,1548000000.0,4675000000.0,,-5875000000.0,,2696000000.0,0.56,sec_edgar:companyfacts
ORCL,us,2022-11-30,2022-12-13T00:00:00,,,3289000000.0,3089000000.0,,-4246000000.0,,2695000000.0,1.2,sec_edgar:companyfacts
ORCL,us,2023-02-28,2023-03-10T00:00:00,,,5184000000.0,4736000000.0,,-2421000000.0,,2700000000.0,1.88,sec_edgar:companyfacts
ORCL,us,2023-05-31,2023-06-20T00:00:00,49954000000.0,,8503000000.0,8470000000.0,,1073000000.0,4061000000.0,2713000000.0,3.07,sec_edgar:companyfacts
ORCL,us,2023-08-31,2023-09-12T00:00:00,,,2420000000.0,5660000000.0,,2370000000.0,,2739000000.0,0.86,sec_edgar:companyfacts
ORCL,us,2023-11-30,2023-12-12T00:00:00,,,4923000000.0,4723000000.0,,3866000000.0,,2748000000.0,1.75,sec_edgar:companyfacts
ORCL,us,2024-02-29,2024-03-12T00:00:00,,,7323000000.0,8524000000.0,,5623000000.0,,2747000000.0,2.6,sec_edgar:companyfacts
ORCL,us,2024-05-31,2024-06-20T00:00:00,52961000000.0,,10467000000.0,11807000000.0,,8704000000.0,10605000000.0,2755000000.0,3.71,sec_edgar:companyfacts
ORCL,us,2024-08-31,2024-09-10T00:00:00,,,2929000000.0,5124000000.0,,10816000000.0,,2771000000.0,1.03,sec_edgar:companyfacts
ORCL,us,2024-11-30,2024-12-10T00:00:00,,,6080000000.0,2458000000.0,,13746000000.0,,2796000000.0,2.13,sec_edgar:companyfacts
ORCL,us,2025-02-28,2025-03-11T00:00:00,,,9016000000.0,2529000000.0,,16730000000.0,,2803000000.0,3.15,sec_edgar:companyfacts
ORCL,us,2025-05-31,2025-06-18T00:00:00,57399000000.0,,12443000000.0,-394000000.0,,20451000000.0,7271000000.0,2807000000.0,4.34,sec_edgar:companyfacts
ORCL,us,2025-08-31,2025-09-10T00:00:00,,,2927000000.0,-362000000.0,,24154000000.0,,2841000000.0,1.01,sec_edgar:companyfacts
ORCL,us,2025-11-30,2025-12-11T00:00:00,,,9062000000.0,-10329000000.0,,29951000000.0,,2873000000.0,3.11,sec_edgar:companyfacts
ORCL,us,2026-02-28,2026-03-11T00:00:00,,,12783000000.0,-21813000000.0,,38495000000.0,,2875000000.0,4.38,sec_edgar:companyfacts
PEP,us,2007-12-29,2010-02-22T00:00:00,,,5658000000.0,4504000000.0,,,,,3.41,sec_edgar:companyfacts
PEP,us,2008-09-06,2009-10-08T00:00:00,,,4423000000.0,3259000000.0,,,,,2.74,sec_edgar:companyfacts
PEP,us,2008-12-27,2010-02-22T00:00:00,,,5142000000.0,4553000000.0,,12203000000.0,369000000.0,,3.21,sec_edgar:companyfacts
PEP,us,2009-03-21,2010-04-23T00:00:00,,,1135000000.0,-564000000.0,,,,,0.72,sec_edgar:companyfacts
PEP,us,2009-06-13,2010-07-20T00:00:00,,,2795000000.0,757000000.0,,,,,1.78,sec_edgar:companyfacts
PEP,us,2009-09-05,2009-10-08T00:00:00,,,4512000000.0,3265000000.0,,15395000000.0,511000000.0,,2.87,sec_edgar:companyfacts
PEP,us,2009-12-26,2010-02-22T00:00:00,,,5946000000.0,4668000000.0,,16908000000.0,7966000000.0,,3.77,sec_edgar:companyfacts
PEP,us,2010-03-20,2010-04-23T00:00:00,,,1430000000.0,-33000000.0,,21686000000.0,1974000000.0,,0.89,sec_edgar:companyfacts
PEP,us,2010-06-12,2010-07-20T00:00:00,,,3033000000.0,1474000000.0,,19732000000.0,4493000000.0,,1.87,sec_edgar:companyfacts
PEP,us,2010-09-04,2010-10-07T00:00:00,,,4955000000.0,4118000000.0,,20045000000.0,5756000000.0,,3.06,sec_edgar:companyfacts
PEP,us,2010-12-25,2011-02-18T00:00:00,,,6320000000.0,5195000000.0,,21273000000.0,25010000000.0,,3.91,sec_edgar:companyfacts
PEP,us,2011-03-19,2011-04-28T00:00:00,,,1143000000.0,-53000000.0,,22096000000.0,6256000000.0,,0.71,sec_edgar:companyfacts
PEP,us,2011-06-11,2011-07-21T00:00:00,,,3028000000.0,1122000000.0,,24065000000.0,5715000000.0,,1.89,sec_edgar:companyfacts
PEP,us,2011-09-03,2011-10-12T00:00:00,,,5028000000.0,3872000000.0,,23691000000.0,5070000000.0,,3.14,sec_edgar:companyfacts
PEP,us,2011-12-31,2012-02-27T00:00:00,,,6443000000.0,5605000000.0,,20704000000.0,29322000000.0,,4.03,sec_edgar:companyfacts
PEP,us,2012-03-24,2012-04-26T00:00:00,,,1127000000.0,-1006000000.0,,22758000000.0,5656000000.0,,0.71,sec_edgar:companyfacts
PEP,us,2012-06-16,2012-07-25T00:00:00,,,2615000000.0,346000000.0,,20576000000.0,7038000000.0,,1.65,sec_edgar:companyfacts
PEP,us,2012-09-08,2012-10-17T00:00:00,,,4517000000.0,3709000000.0,,21560000000.0,4211000000.0,,2.86,sec_edgar:companyfacts
PEP,us,2012-12-29,2013-02-21T00:00:00,,,6178000000.0,5765000000.0,,22417000000.0,31260000000.0,,3.92,sec_edgar:companyfacts
PEP,us,2013-03-23,2013-04-19T00:00:00,,,1075000000.0,399000000.0,,22476000000.0,6175000000.0,,0.69,sec_edgar:companyfacts
PEP,us,2013-06-15,2013-07-24T00:00:00,,,3085000000.0,2104000000.0,,22786000000.0,6298000000.0,,1.97,sec_edgar:companyfacts
PEP,us,2013-09-07,2013-10-16T00:00:00,,,4998000000.0,5165000000.0,,22414000000.0,5256000000.0,,3.2,sec_edgar:companyfacts
PEP,us,2013-12-28,2014-02-14T00:00:00,,,6740000000.0,6893000000.0,,24409000000.0,31863000000.0,,4.32,sec_edgar:companyfacts
PEP,us,2014-03-22,2014-04-17T00:00:00,,,1216000000.0,-174000000.0,,22905000000.0,7832000000.0,,0.79,sec_edgar:companyfacts
PEP,us,2014-06-14,2014-07-23T00:00:00,,,3194000000.0,1751000000.0,,23604000000.0,7242000000.0,,2.08,sec_edgar:companyfacts
PEP,us,2014-09-06,2014-10-09T00:00:00,,,5202000000.0,5153000000.0,,23208000000.0,9253000000.0,,3.4,sec_edgar:companyfacts
PEP,us,2014-12-27,2015-02-12T00:00:00,,,6513000000.0,7647000000.0,,17578000000.0,32993000000.0,,4.27,sec_edgar:companyfacts
PEP,us,2015-03-21,2015-04-23T00:00:00,,,1221000000.0,0.0,,16010000000.0,7962000000.0,,0.81,sec_edgar:companyfacts
PEP,us,2015-06-13,2015-07-09T00:00:00,,,3201000000.0,1929000000.0,,16474000000.0,8383000000.0,,2.14,sec_edgar:companyfacts
PEP,us,2015-09-05,2015-10-06T00:00:00,,,3734000000.0,5312000000.0,,13604000000.0,5525000000.0,,2.5,sec_edgar:companyfacts
PEP,us,2015-12-26,2016-02-11T00:00:00,,,5452000000.0,7822000000.0,,12068000000.0,36393000000.0,,3.67,sec_edgar:companyfacts
PEP,us,2016-03-19,2016-04-18T00:00:00,,,931000000.0,-258000000.0,,11257000000.0,4018000000.0,,0.64,sec_edgar:companyfacts
PEP,us,2016-06-11,2016-07-07T00:00:00,,,2936000000.0,2002000000.0,,12395000000.0,4774000000.0,,2.01,sec_edgar:companyfacts
PEP,us,2016-09-03,2016-09-29T00:00:00,,,4928000000.0,5029000000.0,,12750000000.0,6284000000.0,,3.39,sec_edgar:companyfacts
PEP,us,2016-12-31,2019-02-15T00:00:00,62799000000.0,,6329000000.0,7364000000.0,,11246000000.0,41346000000.0,,4.36,sec_edgar:companyfacts
PEP,us,2017-03-25,2017-04-26T00:00:00,,,1318000000.0,-516000000.0,,11722000000.0,8577000000.0,,0.91,sec_edgar:companyfacts
PEP,us,2017-06-17,2018-07-10T00:00:00,27759000000.0,,3423000000.0,1363000000.0,,12557000000.0,8279000000.0,,2.38,sec_edgar:companyfacts
PEP,us,2017-09-09,2018-10-02T00:00:00,43999000000.0,,5567000000.0,4588000000.0,,13450000000.0,7717000000.0,,3.87,sec_edgar:companyfacts
PEP,us,2017-12-30,2019-02-15T00:00:00,63525000000.0,,4857000000.0,7025000000.0,,11045000000.0,43301000000.0,,3.38,sec_edgar:companyfacts
PEP,us,2018-03-24,2019-04-17T00:00:00,12562000000.0,,1343000000.0,-1661000000.0,,10883000000.0,11600000000.0,,0.94,sec_edgar:companyfacts
PEP,us,2018-06-16,2018-07-10T00:00:00,28652000000.0,,3163000000.0,142000000.0,,10111000000.0,9955000000.0,,2.21,sec_edgar:companyfacts
PEP,us,2018-09-08,2018-10-02T00:00:00,45137000000.0,,5661000000.0,3154000000.0,,10286000000.0,4474000000.0,,3.97,sec_edgar:companyfacts
PEP,us,2018-12-29,2019-02-15T00:00:00,64661000000.0,,12515000000.0,6133000000.0,,14518000000.0,36274000000.0,,8.78,sec_edgar:companyfacts
PEP,us,2019-03-23,2019-04-17T00:00:00,12884000000.0,,1413000000.0,-787000000.0,,14202000000.0,3291000000.0,,1.0,sec_edgar:companyfacts
PEP,us,2019-06-15,2019-07-09T00:00:00,29333000000.0,,3448000000.0,221000000.0,,13952000000.0,3473000000.0,,2.44,sec_edgar:companyfacts
PEP,us,2019-09-07,2019-10-03T00:00:00,46521000000.0,,5548000000.0,3104000000.0,,14129000000.0,2924000000.0,,3.94,sec_edgar:companyfacts
PEP,us,2019-12-28,2020-02-13T00:00:00,67161000000.0,,7314000000.0,5417000000.0,,14786000000.0,34916000000.0,,5.2,sec_edgar:companyfacts
PEP,us,2020-03-21,2020-04-28T00:00:00,13881000000.0,,1338000000.0,-1233000000.0,,13465000000.0,5882000000.0,,0.96,sec_edgar:companyfacts
PEP,us,2020-06-13,2020-07-13T00:00:00,29826000000.0,,2984000000.0,274000000.0,,12491000000.0,6607000000.0,,2.14,sec_edgar:companyfacts
PEP,us,2020-09-05,2020-10-01T00:00:00,47917000000.0,,5275000000.0,4049000000.0,,13483000000.0,6692000000.0,,3.79,sec_edgar:companyfacts
PEP,us,2020-12-26,2021-02-11T00:00:00,70372000000.0,,7120000000.0,6373000000.0,,13454000000.0,47508000000.0,,5.12,sec_edgar:companyfacts
PEP,us,2021-03-20,2021-04-15T00:00:00,14820000000.0,,1714000000.0,-1190000000.0,,13947000000.0,4674000000.0,,1.24,sec_edgar:companyfacts
PEP,us,2021-06-12,2021-07-13T00:00:00,34037000000.0,,4072000000.0,1035000000.0,,15299000000.0,4264000000.0,,2.94,sec_edgar:companyfacts
PEP,us,2021-09-04,2021-10-05T00:00:00,54226000000.0,,6296000000.0,4358000000.0,,15872000000.0,4234000000.0,,4.54,sec_edgar:companyfacts
PEP,us,2021-12-25,2022-02-10T00:00:00,79474000000.0,,7618000000.0,6991000000.0,,16043000000.0,44206000000.0,,5.49,sec_edgar:companyfacts
PEP,us,2022-03-19,2022-04-26T00:00:00,16200000000.0,,4261000000.0,-696000000.0,,18202000000.0,5459000000.0,,3.06,sec_edgar:companyfacts
PEP,us,2022-06-11,2022-07-12T00:00:00,36425000000.0,,5690000000.0,382000000.0,,18553000000.0,6032000000.0,,4.09,sec_edgar:companyfacts
PEP,us,2022-09-03,2022-10-12T00:00:00,58396000000.0,,8392000000.0,3750000000.0,,18977000000.0,3109000000.0,,6.04,sec_edgar:companyfacts
PEP,us,2022-12-31,2023-02-09T00:00:00,86392000000.0,,8910000000.0,5604000000.0,,17149000000.0,42167000000.0,,6.42,sec_edgar:companyfacts
PEP,us,2023-03-25,2023-04-25T00:00:00,17846000000.0,,1932000000.0,-973000000.0,,17042000000.0,4281000000.0,,1.4,sec_edgar:companyfacts
PEP,us,2023-06-17,2023-07-13T00:00:00,40168000000.0,,4680000000.0,506000000.0,,17685000000.0,7613000000.0,,3.38,sec_edgar:companyfacts
PEP,us,2023-09-09,2023-10-10T00:00:00,63621000000.0,,7772000000.0,5093000000.0,,18806000000.0,8937000000.0,,5.62,sec_edgar:companyfacts
PEP,us,2023-12-30,2024-02-09T00:00:00,91471000000.0,,9074000000.0,7924000000.0,,18503000000.0,48029000000.0,,6.56,sec_edgar:companyfacts
PEP,us,2024-03-23,2024-04-23T00:00:00,18250000000.0,,2042000000.0,-1655000000.0,,19047000000.0,8161000000.0,,1.48,sec_edgar:companyfacts
PEP,us,2024-06-15,2024-07-11T00:00:00,40751000000.0,,5125000000.0,-386000000.0,,19446000000.0,8289000000.0,,3.71,sec_edgar:companyfacts
PEP,us,2024-09-07,2024-10-08T00:00:00,64070000000.0,,8055000000.0,3370000000.0,,19453000000.0,6524000000.0,,5.84,sec_edgar:companyfacts
PEP,us,2024-12-28,2025-02-04T00:00:00,91854000000.0,,9578000000.0,7189000000.0,,18041000000.0,48310000000.0,,6.95,sec_edgar:companyfacts
PEP,us,2025-03-22,2025-04-24T00:00:00,17919000000.0,,1834000000.0,-1576000000.0,,18389000000.0,9099000000.0,,1.33,sec_edgar:companyfacts
PEP,us,2025-06-14,2025-07-17T00:00:00,40645000000.0,,3097000000.0,-511000000.0,,18418000000.0,12056000000.0,,2.25,sec_edgar:companyfacts
PEP,us,2025-09-06,2025-10-09T00:00:00,64582000000.0,,5700000000.0,2969000000.0,,19388000000.0,6736000000.0,,4.15,sec_edgar:companyfacts
PEP,us,2025-12-27,2026-02-03T00:00:00,93925000000.0,,8240000000.0,7672000000.0,,20406000000.0,53212000000.0,,6.0,sec_edgar:companyfacts
PEP,us,2026-03-21,2026-04-16T00:00:00,19443000000.0,,2327000000.0,-406000000.0,,21383000000.0,10151000000.0,,1.7,sec_edgar:companyfacts
PFE,us,2007-12-31,2010-02-26T00:00:00,,,8144000000.0,11473000000.0,,,,,1.17,sec_edgar:companyfacts
PFE,us,2008-06-29,2009-08-06T00:00:00,,,5560000000.0,7445000000.0,,,,,0.82,sec_edgar:companyfacts
PFE,us,2008-09-28,2009-11-05T00:00:00,,,7838000000.0,10953000000.0,,,,,1.16,sec_edgar:companyfacts
PFE,us,2008-12-31,2010-02-26T00:00:00,,,8104000000.0,16537000000.0,,57556000000.0,9320000000.0,,1.2,sec_edgar:companyfacts
PFE,us,2009-03-29,2010-05-13T00:00:00,,,2729000000.0,2894000000.0,,,,,0.4,sec_edgar:companyfacts
PFE,us,2009-06-28,2009-08-06T00:00:00,,,4990000000.0,7139000000.0,,63041000000.0,7645000000.0,,0.74,sec_edgar:companyfacts
PFE,us,2009-09-27,2009-11-05T00:00:00,,,7868000000.0,10979000000.0,,66157000000.0,6954000000.0,,1.16,sec_edgar:companyfacts
PFE,us,2009-12-31,2010-02-26T00:00:00,,,8635000000.0,15382000000.0,,90014000000.0,5469000000.0,,1.23,sec_edgar:companyfacts
PFE,us,2010-04-04,2010-05-13T00:00:00,,,2026000000.0,-6665000000.0,,89659000000.0,7769000000.0,,0.25,sec_edgar:companyfacts
PFE,us,2010-07-04,2010-08-12T00:00:00,,,4501000000.0,-2165000000.0,,86439000000.0,5509000000.0,,0.56,sec_edgar:companyfacts
PFE,us,2010-10-03,2010-11-12T00:00:00,,,5367000000.0,4230000000.0,,87635000000.0,5158000000.0,,0.66,sec_edgar:companyfacts
PFE,us,2010-12-31,2011-02-28T00:00:00,,,8257000000.0,9941000000.0,,87813000000.0,5623000000.0,,1.02,sec_edgar:companyfacts
PFE,us,2011-04-03,2011-05-12T00:00:00,,,2222000000.0,4392000000.0,,90067000000.0,6093000000.0,,0.28,sec_edgar:companyfacts
PFE,us,2011-07-03,2011-08-11T00:00:00,,,4832000000.0,9932000000.0,,88481000000.0,5988000000.0,,0.61,sec_edgar:companyfacts
PFE,us,2011-10-02,2011-11-10T00:00:00,,,8570000000.0,13917000000.0,,90047000000.0,5637000000.0,,1.08,sec_edgar:companyfacts
PFE,us,2011-12-31,2012-02-28T00:00:00,,,10009000000.0,18580000000.0,,82190000000.0,4018000000.0,,1.27,sec_edgar:companyfacts
PFE,us,2012-04-01,2012-05-10T00:00:00,,,1794000000.0,2520000000.0,,83256000000.0,5526000000.0,,0.24,sec_edgar:companyfacts
PFE,us,2012-07-01,2012-08-09T00:00:00,,,5047000000.0,6247000000.0,,79547000000.0,7703000000.0,,0.67,sec_edgar:companyfacts
PFE,us,2012-09-30,2012-11-09T00:00:00,,,8255000000.0,10965000000.0,,81703000000.0,7774000000.0,,1.09,sec_edgar:companyfacts
PFE,us,2012-12-31,2013-02-28T00:00:00,,,14570000000.0,15727000000.0,,81260000000.0,6424000000.0,,1.94,sec_edgar:companyfacts
PFE,us,2013-03-31,2013-05-10T00:00:00,,,2750000000.0,2039000000.0,,82250000000.0,8896000000.0,,0.38,sec_edgar:companyfacts
PFE,us,2013-06-30,2013-08-09T00:00:00,,,16845000000.0,5560000000.0,,78547000000.0,5214000000.0,,2.34,sec_edgar:companyfacts
PFE,us,2013-09-29,2013-11-08T00:00:00,,,19435000000.0,11190000000.0,,77969000000.0,4738000000.0,,2.77,sec_edgar:companyfacts
PFE,us,2013-12-31,2014-02-28T00:00:00,,,22003000000.0,16559000000.0,,76307000000.0,6027000000.0,,3.19,sec_edgar:companyfacts
PFE,us,2014-03-30,2014-05-08T00:00:00,,,2329000000.0,2643000000.0,,77769000000.0,9319000000.0,,0.36,sec_edgar:companyfacts
PFE,us,2014-06-29,2014-08-07T00:00:00,,,5241000000.0,6452000000.0,,76633000000.0,37828000000.0,,0.81,sec_edgar:companyfacts
PFE,us,2014-09-28,2014-11-06T00:00:00,,,7907000000.0,10640000000.0,,77988000000.0,37055000000.0,,1.23,sec_edgar:companyfacts
PFE,us,2014-12-31,2015-02-27T00:00:00,,,9135000000.0,15684000000.0,,71301000000.0,36682000000.0,,1.42,sec_edgar:companyfacts
PFE,us,2015-03-29,2015-05-07T00:00:00,,,2376000000.0,446000000.0,,67304000000.0,6555000000.0,,0.38,sec_edgar:companyfacts
PFE,us,2015-06-28,2015-08-06T00:00:00,,,5002000000.0,4278000000.0,,66894000000.0,8394000000.0,,0.8,sec_edgar:companyfacts
PFE,us,2015-09-27,2015-11-05T00:00:00,,,7132000000.0,9013000000.0,,66838000000.0,38897000000.0,,1.14,sec_edgar:companyfacts
PFE,us,2015-12-31,2016-02-29T00:00:00,,,6960000000.0,13115000000.0,,64720000000.0,38978000000.0,,1.11,sec_edgar:companyfacts
PFE,us,2016-04-03,2016-05-12T00:00:00,,,3016000000.0,1350000000.0,,63068000000.0,11546000000.0,,0.49,sec_edgar:companyfacts
PFE,us,2016-07-03,2016-08-11T00:00:00,,,5036000000.0,4528000000.0,,62769000000.0,44181000000.0,,0.82,sec_edgar:companyfacts
PFE,us,2016-10-02,2016-11-10T00:00:00,,,6355000000.0,8795000000.0,,63306000000.0,44070000000.0,,1.03,sec_edgar:companyfacts
PFE,us,2016-12-31,2017-02-23T00:00:00,,,7215000000.0,14078000000.0,,59544000000.0,42086000000.0,,1.17,sec_edgar:companyfacts
PFE,us,2017-04-02,2017-05-11T00:00:00,,,3121000000.0,1231000000.0,,58435000000.0,44010000000.0,,0.51,sec_edgar:companyfacts
PFE,us,2017-07-02,2017-08-10T00:00:00,,,6194000000.0,4035000000.0,,58368000000.0,43705000000.0,,1.02,sec_edgar:companyfacts
PFE,us,2017-10-01,2017-11-09T00:00:00,,,9034000000.0,8472000000.0,,60770000000.0,43951000000.0,,1.49,sec_edgar:companyfacts
PFE,us,2017-12-31,2018-02-22T00:00:00,,,21308000000.0,14514000000.0,,71308000000.0,9953000000.0,,3.52,sec_edgar:companyfacts
PFE,us,2018-04-01,2018-05-10T00:00:00,,,3561000000.0,1597000000.0,,70184000000.0,9010000000.0,,0.59,sec_edgar:companyfacts
PFE,us,2018-07-01,2018-08-09T00:00:00,,,7432000000.0,5020000000.0,,69778000000.0,11583000000.0,,1.24,sec_edgar:companyfacts
PFE,us,2018-09-30,2018-11-08T00:00:00,,,11546000000.0,9732000000.0,,71319000000.0,7385000000.0,,1.92,sec_edgar:companyfacts
PFE,us,2018-12-31,2019-02-28T00:00:00,,,11153000000.0,13785000000.0,,63407000000.0,8831000000.0,,1.87,sec_edgar:companyfacts
PFE,us,2019-03-31,2019-05-09T00:00:00,,,3884000000.0,1238000000.0,,58806000000.0,9410000000.0,,0.68,sec_edgar:companyfacts
PFE,us,2019-06-30,2019-08-08T00:00:00,,,8929000000.0,3370000000.0,,59568000000.0,10507000000.0,,1.56,sec_edgar:companyfacts
PFE,us,2019-09-29,2019-11-07T00:00:00,,,16609000000.0,7315000000.0,,65103000000.0,16617000000.0,,2.92,sec_edgar:companyfacts
PFE,us,2019-12-31,2020-02-27T00:00:00,,,16273000000.0,10412000000.0,,63143000000.0,16195000000.0,,2.87,sec_edgar:companyfacts
PFE,us,2020-03-29,2020-05-07T00:00:00,,,3401000000.0,2670000000.0,,65026000000.0,16007000000.0,,0.61,sec_edgar:companyfacts
PFE,us,2020-06-28,2020-08-06T00:00:00,,,6828000000.0,5746000000.0,,64336000000.0,13084000000.0,,1.22,sec_edgar:companyfacts
PFE,us,2020-09-27,2020-11-05T00:00:00,,,9022000000.0,7311000000.0,,65259000000.0,13363000000.0,,1.6,sec_edgar:companyfacts
PFE,us,2020-12-31,2023-02-23T00:00:00,41651000000.0,,9616000000.0,12151000000.0,,63238000000.0,6703000000.0,,1.71,sec_edgar:companyfacts
PFE,us,2021-04-04,2021-05-13T00:00:00,,,4877000000.0,3984000000.0,,68620000000.0,4352000000.0,,0.86,sec_edgar:companyfacts
PFE,us,2021-07-04,2021-08-12T00:00:00,,,10440000000.0,14743000000.0,,70042000000.0,3888000000.0,,1.84,sec_edgar:companyfacts
PFE,us,2021-10-03,2021-11-12T00:00:00,,,18586000000.0,24948000000.0,,75691000000.0,3629000000.0,,3.27,sec_edgar:companyfacts
PFE,us,2021-12-31,2023-02-23T00:00:00,81288000000.0,,21979000000.0,29869000000.0,,77201000000.0,2241000000.0,,3.85,sec_edgar:companyfacts
PFE,us,2022-04-03,2023-05-10T00:00:00,25661000000.0,,7864000000.0,5898000000.0,,82424000000.0,645000000.0,,1.37,sec_edgar:companyfacts
PFE,us,2022-07-03,2023-08-09T00:00:00,53402000000.0,,17769000000.0,13317000000.0,,87208000000.0,5990000000.0,,3.1,sec_edgar:companyfacts
PFE,us,2022-10-02,2023-11-08T00:00:00,76040000000.0,,26378000000.0,18450000000.0,,92631000000.0,4040000000.0,,4.6,sec_edgar:companyfacts
PFE,us,2022-12-31,2023-02-23T00:00:00,100330000000.0,,31372000000.0,26031000000.0,,95661000000.0,2945000000.0,,5.47,sec_edgar:companyfacts
PFE,us,2023-04-02,2023-05-10T00:00:00,18282000000.0,,5543000000.0,73000000.0,,100970000000.0,4188000000.0,,0.97,sec_edgar:companyfacts
PFE,us,2023-07-02,2023-08-09T00:00:00,31015000000.0,,7870000000.0,-2049000000.0,,99019000000.0,3985000000.0,,1.38,sec_edgar:companyfacts
PFE,us,2023-10-01,2023-11-08T00:00:00,44247000000.0,,5488000000.0,597000000.0,,96934000000.0,2548000000.0,,0.96,sec_edgar:companyfacts
PFE,us,2023-12-31,2024-02-22T00:00:00,58496000000.0,,2119000000.0,4793000000.0,,89014000000.0,10350000000.0,,0.37,sec_edgar:companyfacts
PFE,us,2024-03-31,2024-05-08T00:00:00,14879000000.0,,3115000000.0,386000000.0,,92282000000.0,8232000000.0,,0.55,sec_edgar:companyfacts
PFE,us,2024-06-30,2024-08-05T00:00:00,28162000000.0,,3156000000.0,-2032000000.0,,87700000000.0,11944000000.0,,0.55,sec_edgar:companyfacts
PFE,us,2024-09-29,2024-11-04T00:00:00,45864000000.0,,7621000000.0,4031000000.0,,92286000000.0,9699000000.0,,1.34,sec_edgar:companyfacts
PFE,us,2024-12-31,2025-02-27T00:00:00,63627000000.0,,8031000000.0,9835000000.0,,88203000000.0,6946000000.0,,1.41,sec_edgar:companyfacts
PFE,us,2025-03-30,2025-05-05T00:00:00,13715000000.0,,2967000000.0,1771000000.0,,90338000000.0,4470000000.0,,0.52,sec_edgar:companyfacts
PFE,us,2025-06-29,2025-08-05T00:00:00,28367000000.0,,5877000000.0,571000000.0,,88695000000.0,4295000000.0,,1.03,sec_edgar:companyfacts
PFE,us,2025-09-28,2025-11-04T00:00:00,45022000000.0,,9419000000.0,4572000000.0,,92801000000.0,4303000000.0,,1.65,sec_edgar:companyfacts
PFE,us,2025-12-31,2026-02-26T00:00:00,62579000000.0,,7771000000.0,9075000000.0,,86476000000.0,3154000000.0,,1.36,sec_edgar:companyfacts
PFE,us,2026-03-29,2026-05-05T00:00:00,14451000000.0,,2687000000.0,2179000000.0,,90101000000.0,3890000000.0,,0.47,sec_edgar:companyfacts
PG,us,2007-06-30,2010-08-13T00:00:00,,,,,,67012000000.0,,,,sec_edgar:companyfacts
PG,us,2008-06-30,2010-08-13T00:00:00,,,12075000000.0,11962000000.0,,69784000000.0,,,3.64,sec_edgar:companyfacts
PG,us,2008-09-30,2009-10-29T00:00:00,,,3348000000.0,2745000000.0,,,,,1.03,sec_edgar:companyfacts
PG,us,2008-12-31,2010-01-28T00:00:00,,,8352000000.0,4219000000.0,,,,,2.61,sec_edgar:companyfacts
PG,us,2009-03-31,2010-04-30T00:00:00,,,10965000000.0,7765000000.0,,,,,3.46,sec_edgar:companyfacts
PG,us,2009-06-30,2010-08-13T00:00:00,,,13436000000.0,11681000000.0,,63382000000.0,16320000000.0,,4.26,sec_edgar:companyfacts
PG,us,2009-09-30,2009-10-29T00:00:00,,,3307000000.0,4003000000.0,,67027000000.0,12957000000.0,2921734338.0,1.06,sec_edgar:companyfacts
PG,us,2009-12-31,2010-01-28T00:00:00,,,7966000000.0,6575000000.0,,68947000000.0,7780000000.0,2904592954.0,2.56,sec_edgar:companyfacts
PG,us,2010-03-31,2010-04-30T00:00:00,,,10551000000.0,10779000000.0,,66773000000.0,7038000000.0,2879904226.0,3.39,sec_edgar:companyfacts
PG,us,2010-06-30,2010-08-13T00:00:00,,,12736000000.0,13005000000.0,,61439000000.0,8472000000.0,,4.11,sec_edgar:companyfacts
PG,us,2010-09-30,2010-10-28T00:00:00,,,3081000000.0,1933000000.0,,63201000000.0,11512000000.0,2799193095.0,1.02,sec_edgar:companyfacts
PG,us,2010-12-31,2011-01-28T00:00:00,,,6414000000.0,4073000000.0,,64713000000.0,11158000000.0,2800783600.0,2.13,sec_edgar:companyfacts
PG,us,2011-03-31,2011-04-29T00:00:00,,,9287000000.0,7319000000.0,,67432000000.0,9721000000.0,2791293888.0,3.09,sec_edgar:companyfacts
PG,us,2011-06-30,2011-08-10T00:00:00,,,11797000000.0,9925000000.0,,68001000000.0,36407000000.0,,3.93,sec_edgar:companyfacts
PG,us,2011-09-30,2011-10-27T00:00:00,,,3024000000.0,1334000000.0,,65634000000.0,11476000000.0,2751320136.0,1.03,sec_edgar:companyfacts
PG,us,2011-12-31,2012-01-27T00:00:00,,,4714000000.0,3715000000.0,,64900000000.0,14118000000.0,2754399314.0,1.6,sec_edgar:companyfacts
PG,us,2012-03-31,2012-04-27T00:00:00,,,7125000000.0,6648000000.0,,65909000000.0,11771000000.0,2740105964.0,2.42,sec_edgar:companyfacts
PG,us,2012-06-30,2014-08-08T00:00:00,28400000000.0,,10756000000.0,9320000000.0,,64035000000.0,36646000000.0,,3.66,sec_edgar:companyfacts
PG,us,2012-09-30,2012-10-25T00:00:00,,,2814000000.0,1965000000.0,,64948000000.0,8314000000.0,2734230540.0,0.96,sec_edgar:companyfacts
PG,us,2012-12-31,2013-01-25T00:00:00,,,6871000000.0,5090000000.0,,67323000000.0,9819000000.0,2731651042.0,2.35,sec_edgar:companyfacts
PG,us,2013-03-31,2013-04-24T00:00:00,,,9437000000.0,8055000000.0,,67953000000.0,11098000000.0,2740773339.0,3.22,sec_edgar:companyfacts
PG,us,2013-06-30,2014-08-08T00:00:00,29200000000.0,,11312000000.0,10865000000.0,,68709000000.0,12432000000.0,,3.86,sec_edgar:companyfacts
PG,us,2013-09-30,2014-08-08T00:00:00,,,3027000000.0,1319000000.0,,68816000000.0,16300000000.0,2718230729.0,1.04,sec_edgar:companyfacts
PG,us,2013-12-31,2014-08-08T00:00:00,,,6455000000.0,3680000000.0,,70138000000.0,14091000000.0,2711408161.0,1.18,sec_edgar:companyfacts
PG,us,2014-03-31,2014-08-08T00:00:00,,,9064000000.0,6845000000.0,,70041000000.0,15528000000.0,2705960276.0,0.9,sec_edgar:companyfacts
PG,us,2014-06-30,2014-08-08T00:00:00,29400000000.0,,11643000000.0,10110000000.0,,69976000000.0,42035000000.0,,4.01,sec_edgar:companyfacts
PG,us,2014-09-30,2014-10-24T00:00:00,,,1990000000.0,2823000000.0,,66829000000.0,14228000000.0,2702118733.0,0.69,sec_edgar:companyfacts
PG,us,2014-12-31,2015-01-27T00:00:00,,,4362000000.0,5426000000.0,,64812000000.0,16329000000.0,2700509874.0,1.51,sec_edgar:companyfacts
PG,us,2015-03-31,2015-04-23T00:00:00,,,6515000000.0,8158000000.0,,63380000000.0,15075000000.0,2712995590.0,2.26,sec_edgar:companyfacts
PG,us,2015-06-30,2015-08-07T00:00:00,,,7036000000.0,10872000000.0,,63050000000.0,35150000000.0,,2.44,sec_edgar:companyfacts
PG,us,2015-09-30,2015-10-23T00:00:00,,,2601000000.0,3006000000.0,,62954000000.0,13093000000.0,2720572743.0,0.91,sec_edgar:companyfacts
PG,us,2015-12-31,2016-01-26T00:00:00,,,5807000000.0,6795000000.0,,62302000000.0,13931000000.0,2704565560.0,2.03,sec_edgar:companyfacts
PG,us,2016-03-31,2016-04-26T00:00:00,,,8557000000.0,9273000000.0,,59853000000.0,13681000000.0,2661851865.0,3.0,sec_edgar:companyfacts
PG,us,2016-06-30,2016-08-09T00:00:00,,,10508000000.0,12121000000.0,,57983000000.0,11653000000.0,,3.69,sec_edgar:companyfacts
PG,us,2016-09-30,2016-10-25T00:00:00,,,2714000000.0,2341000000.0,,58951000000.0,12215000000.0,2675992524.0,0.96,sec_edgar:companyfacts
PG,us,2016-12-31,2017-01-20T00:00:00,,,10589000000.0,4596000000.0,,53744000000.0,13007000000.0,2556477220.0,3.81,sec_edgar:companyfacts
PG,us,2017-03-31,2017-04-26T00:00:00,,,13111000000.0,6835000000.0,,54548000000.0,13781000000.0,2557614388.0,4.76,sec_edgar:companyfacts
PG,us,2017-06-30,2019-08-06T00:00:00,65058000000.0,,15326000000.0,9369000000.0,,55778000000.0,13554000000.0,,5.59,sec_edgar:companyfacts
PG,us,2017-09-30,2018-10-19T00:00:00,16653000000.0,,2853000000.0,2499000000.0,,55415000000.0,14026000000.0,2536958080.0,1.06,sec_edgar:companyfacts
PG,us,2017-12-31,2019-01-23T00:00:00,34048000000.0,,5348000000.0,5415000000.0,,54721000000.0,15547000000.0,2521003706.0,2.0,sec_edgar:companyfacts
PG,us,2018-03-31,2019-04-23T00:00:00,50329000000.0,,7859000000.0,7858000000.0,,54946000000.0,12862000000.0,2514599476.0,2.94,sec_edgar:companyfacts
PG,us,2018-06-30,2019-08-06T00:00:00,66832000000.0,,9750000000.0,11150000000.0,,52883000000.0,10423000000.0,,3.67,sec_edgar:companyfacts
PG,us,2018-09-30,2018-10-19T00:00:00,16690000000.0,,3199000000.0,2487000000.0,,52504000000.0,10508000000.0,2491408329.0,1.22,sec_edgar:companyfacts
PG,us,2018-12-31,2019-08-06T00:00:00,34128000000.0,,3194000000.0,5793000000.0,,54443000000.0,12113000000.0,2501579709.0,2.44,sec_edgar:companyfacts
PG,us,2019-03-31,2019-04-23T00:00:00,50590000000.0,,9138000000.0,8558000000.0,,55552000000.0,8911000000.0,2508329764.0,3.48,sec_edgar:companyfacts
PG,us,2019-06-30,2019-08-06T00:00:00,67684000000.0,,3897000000.0,11895000000.0,,47579000000.0,9697000000.0,2502259668.0,1.43,sec_edgar:companyfacts
PG,us,2019-09-30,2020-08-06T00:00:00,17798000000.0,,3593000000.0,3090000000.0,,46984000000.0,9352000000.0,2493812048.0,1.36,sec_edgar:companyfacts
PG,us,2019-12-31,2020-08-06T00:00:00,36038000000.0,,3717000000.0,6849000000.0,,45908000000.0,9153000000.0,2469452884.0,2.77,sec_edgar:companyfacts
PG,us,2020-03-31,2020-08-06T00:00:00,53252000000.0,,2917000000.0,10182000000.0,,45941000000.0,12701000000.0,2475642613.0,3.89,sec_edgar:companyfacts
PG,us,2020-06-30,2020-08-06T00:00:00,70950000000.0,,13027000000.0,14330000000.0,,46878000000.0,11183000000.0,,4.96,sec_edgar:companyfacts
PG,us,2020-09-30,2021-10-19T00:00:00,19318000000.0,,4277000000.0,3889000000.0,,48576000000.0,7707000000.0,2479605893.0,1.63,sec_edgar:companyfacts
PG,us,2020-12-31,2021-01-20T00:00:00,39063000000.0,,8131000000.0,8746000000.0,,48540000000.0,8586000000.0,2462476044.0,3.1,sec_edgar:companyfacts
PG,us,2021-03-31,2021-04-20T00:00:00,57172000000.0,,11400000000.0,12177000000.0,,46919000000.0,8773000000.0,2448232786.0,4.37,sec_edgar:companyfacts
PG,us,2021-06-30,2021-08-06T00:00:00,76118000000.0,,14306000000.0,15584000000.0,,46654000000.0,8889000000.0,,5.5,sec_edgar:companyfacts
PG,us,2021-09-30,2021-10-19T00:00:00,20338000000.0,,4112000000.0,3552000000.0,,46408000000.0,11989000000.0,2419947819.0,1.61,sec_edgar:companyfacts
PG,us,2021-12-31,2022-01-19T00:00:00,41291000000.0,,8335000000.0,8047000000.0,,44893000000.0,13331000000.0,2397065706.0,3.27,sec_edgar:companyfacts
PG,us,2022-03-31,2022-04-20T00:00:00,60672000000.0,,11690000000.0,10546000000.0,,45746000000.0,9902000000.0,2399296841.0,4.59,sec_edgar:companyfacts
PG,us,2022-06-30,2022-08-05T00:00:00,80187000000.0,,14742000000.0,13567000000.0,,46854000000.0,8645000000.0,,5.81,sec_edgar:companyfacts
PG,us,2022-09-30,2022-10-19T00:00:00,20612000000.0,,3939000000.0,3180000000.0,,44334000000.0,11717000000.0,2369696862.0,1.57,sec_edgar:companyfacts
PG,us,2022-12-31,2023-01-19T00:00:00,41385000000.0,,7872000000.0,6046000000.0,,44725000000.0,14300000000.0,2359144096.0,3.16,sec_edgar:companyfacts
PG,us,2023-03-31,2023-04-21T00:00:00,61453000000.0,,11269000000.0,9179000000.0,,45421000000.0,13717000000.0,2356969322.0,4.53,sec_edgar:companyfacts
PG,us,2023-06-30,2023-08-04T00:00:00,82006000000.0,,14653000000.0,13786000000.0,,47065000000.0,10229000000.0,,5.9,sec_edgar:companyfacts
PG,us,2023-09-30,2023-10-18T00:00:00,21871000000.0,,4521000000.0,3979000000.0,,48014000000.0,11811000000.0,2356886211.0,1.83,sec_edgar:companyfacts
PG,us,2023-12-31,2024-01-23T00:00:00,43312000000.0,,7988000000.0,8262000000.0,,48829000000.0,10616000000.0,2353021054.0,3.23,sec_edgar:companyfacts
PG,us,2024-03-31,2024-04-19T00:00:00,63507000000.0,,11742000000.0,11553000000.0,,50333000000.0,7729000000.0,2360135282.0,4.75,sec_edgar:companyfacts
PG,us,2024-06-30,2024-08-05T00:00:00,84039000000.0,,14879000000.0,16524000000.0,,50559000000.0,7191000000.0,,6.02,sec_edgar:companyfacts
PG,us,2024-09-30,2024-10-18T00:00:00,21737000000.0,,3959000000.0,3309000000.0,,52141000000.0,10409000000.0,2355041729.0,1.61,sec_edgar:companyfacts
PG,us,2024-12-31,2025-01-22T00:00:00,43619000000.0,,8589000000.0,7209000000.0,,51443000000.0,9424000000.0,2344851814.0,3.49,sec_edgar:companyfacts
PG,us,2025-03-31,2025-04-24T00:00:00,63395000000.0,,12359000000.0,10055000000.0,,52545000000.0,9889000000.0,2344542034.0,5.03,sec_edgar:companyfacts
PG,us,2025-06-30,2025-08-04T00:00:00,84284000000.0,,15974000000.0,14044000000.0,,52284000000.0,9513000000.0,,6.51,sec_edgar:companyfacts
PG,us,2025-09-30,2025-10-24T00:00:00,22386000000.0,,4750000000.0,4208000000.0,,53551000000.0,11631000000.0,2336733549.0,1.95,sec_edgar:companyfacts
PG,us,2025-12-31,2026-01-23T00:00:00,44594000000.0,,9070000000.0,8013000000.0,,53317000000.0,11062000000.0,2324000685.0,3.73,sec_edgar:companyfacts
PG,us,2026-03-31,2026-04-24T00:00:00,65828000000.0,,13002000000.0,11039000000.0,,54731000000.0,13174000000.0,2328598978.0,5.36,sec_edgar:companyfacts
PLTR,us,2017-12-31,2021-02-26T00:00:00,,,,,,-1501562000.0,,,,sec_edgar:companyfacts
PLTR,us,2018-12-31,2021-02-26T00:00:00,595409000.0,,-580027000.0,-52016000.0,,-1751428000.0,,,-1.17,sec_edgar:companyfacts
PLTR,us,2019-06-30,2020-11-13T00:00:00,,,,,,-1800409000.0,,,,sec_edgar:companyfacts
PLTR,us,2019-09-30,2020-11-13T00:00:00,,,-420319000.0,-510995000.0,,-1892590000.0,,,-0.73,sec_edgar:companyfacts
PLTR,us,2019-12-31,2021-02-26T00:00:00,742555000.0,,-579646000.0,-178311000.0,,-1980642000.0,396065000.0,581497116.0,-1.02,sec_edgar:companyfacts
PLTR,us,2020-03-31,2021-05-12T00:00:00,229327000.0,,-54274000.0,-290200000.0,,-1976619000.0,,,-0.1,sec_edgar:companyfacts
PLTR,us,2020-06-30,2021-08-12T00:00:00,481216000.0,,-164729000.0,-232275000.0,,-1398701000.0,,,-0.28,sec_edgar:companyfacts
PLTR,us,2020-09-30,2021-11-09T00:00:00,770582000.0,,-1018048000.0,-285795000.0,,1251753000.0,197753000.0,1726685755.0,-1.43,sec_edgar:companyfacts
PLTR,us,2020-12-31,2021-02-26T00:00:00,1092673000.0,,-1166391000.0,-308844000.0,,1522550000.0,197977000.0,1792139544.0,-1.2,sec_edgar:companyfacts
PLTR,us,2021-03-31,2021-05-12T00:00:00,341234000.0,,-123474000.0,116173000.0,,1805943000.0,198185000.0,1860607000.0,-0.07,sec_edgar:companyfacts
PLTR,us,2021-06-30,2021-08-12T00:00:00,716876000.0,,-262054000.0,138226000.0,,2068963000.0,,1936578000.0,-0.14,sec_edgar:companyfacts
PLTR,us,2021-09-30,2021-11-09T00:00:00,1109022000.0,,-364191000.0,233641000.0,,2248056000.0,,1991118000.0,-0.19,sec_edgar:companyfacts
PLTR,us,2021-12-31,2022-02-24T00:00:00,1541889000.0,,-520379000.0,321224000.0,,2291030000.0,0.0,2027474000.0,-0.27,sec_edgar:companyfacts
PLTR,us,2022-03-31,2022-05-09T00:00:00,446357000.0,,-101379000.0,20262000.0,,2364746000.0,,2045876000.0,-0.05,sec_edgar:companyfacts
PLTR,us,2022-06-30,2022-08-08T00:00:00,919367000.0,,-280708000.0,77235000.0,,2348824000.0,,2062741000.0,-0.14,sec_edgar:companyfacts
PLTR,us,2022-09-30,2022-11-07T00:00:00,1397247000.0,,-404583000.0,109865000.0,,2386615000.0,,2079664000.0,-0.2,sec_edgar:companyfacts
PLTR,us,2022-12-31,2023-02-21T00:00:00,1905871000.0,,-373705000.0,183710000.0,,2565326000.0,,2099075000.0,-0.18,sec_edgar:companyfacts
PLTR,us,2023-03-31,2023-05-09T00:00:00,525186000.0,,16802000.0,182621000.0,,2723733000.0,,2117730000.0,0.01,sec_edgar:companyfacts
PLTR,us,2023-06-30,2023-08-08T00:00:00,1058503000.0,,44929000.0,268879000.0,,2955474000.0,,2149980000.0,0.02,sec_edgar:companyfacts
PLTR,us,2023-09-30,2023-11-03T00:00:00,1616662000.0,,116434000.0,400757000.0,,3190015000.0,,2175241000.0,0.05,sec_edgar:companyfacts
PLTR,us,2023-12-31,2024-02-20T00:00:00,2225012000.0,,209825000.0,697069000.0,,3475561000.0,,2200128000.0,0.09,sec_edgar:companyfacts
PLTR,us,2024-03-31,2024-05-07T00:00:00,634338000.0,,105530000.0,126915000.0,,3775227000.0,,2226963000.0,0.04,sec_edgar:companyfacts
PLTR,us,2024-06-30,2024-08-06T00:00:00,1312472000.0,,239656000.0,268223000.0,,4050524000.0,,2237939000.0,0.1,sec_edgar:companyfacts
PLTR,us,2024-09-30,2024-11-05T00:00:00,2037988000.0,,383181000.0,684010000.0,,4498143000.0,,2269809000.0,0.16,sec_edgar:companyfacts
PLTR,us,2024-12-31,2025-02-18T00:00:00,2865507000.0,,462190000.0,1141231000.0,,5003275000.0,,2338795000.0,0.19,sec_edgar:companyfacts
PLTR,us,2025-03-31,2025-05-06T00:00:00,883855000.0,,214031000.0,304079000.0,,5424155000.0,,2359663000.0,0.08,sec_edgar:companyfacts
PLTR,us,2025-06-30,2025-08-05T00:00:00,1887552000.0,,540758000.0,835696000.0,,5928901000.0,,2371847000.0,0.21,sec_edgar:companyfacts
PLTR,us,2025-09-30,2025-11-04T00:00:00,3068644000.0,,1016357000.0,1336568000.0,,6590457000.0,,2383314000.0,0.4,sec_edgar:companyfacts
PLTR,us,2025-12-31,2026-02-17T00:00:00,4475446000.0,,1625033000.0,2100591000.0,,7387268000.0,,2391192000.0,0.63,sec_edgar:companyfacts
PLTR,us,2026-03-31,2026-05-05T00:00:00,1632583000.0,,870527000.0,891764000.0,,8449663000.0,,2397133000.0,0.34,sec_edgar:companyfacts
PM,us,2007-12-31,2010-02-26T00:00:00,,,6038000000.0,4478000000.0,,,,,2.86,sec_edgar:companyfacts
PM,us,2008-06-30,2009-08-14T00:00:00,,,3365000000.0,4525000000.0,,,,,1.59,sec_edgar:companyfacts
PM,us,2008-09-30,2009-11-06T00:00:00,,,5445000000.0,6278000000.0,,,,,2.6,sec_edgar:companyfacts
PM,us,2008-12-31,2011-02-25T00:00:00,,,6890000000.0,6836000000.0,,7500000000.0,375000000.0,2007263060.0,3.31,sec_edgar:companyfacts
PM,us,2009-03-31,2010-05-07T00:00:00,,,1476000000.0,1282000000.0,,,,,0.74,sec_edgar:companyfacts
PM,us,2009-06-30,2009-08-14T00:00:00,,,3022000000.0,4250000000.0,,6377000000.0,399000000.0,,1.52,sec_edgar:companyfacts
PM,us,2009-09-30,2009-11-06T00:00:00,,,4820000000.0,5936000000.0,,6340000000.0,313000000.0,,2.44,sec_edgar:companyfacts
PM,us,2009-12-31,2011-02-25T00:00:00,,,6342000000.0,7169000000.0,,5716000000.0,15416000000.0,1887164503.0,3.24,sec_edgar:companyfacts
PM,us,2010-03-31,2010-05-07T00:00:00,,,1703000000.0,1824000000.0,,4876000000.0,1050000000.0,,0.9,sec_edgar:companyfacts
PM,us,2010-06-30,2010-08-27T00:00:00,,,3685000000.0,5120000000.0,,4065000000.0,15231000000.0,,1.97,sec_edgar:companyfacts
PM,us,2010-09-30,2010-11-05T00:00:00,,,5507000000.0,7373000000.0,,4532000000.0,17447000000.0,,2.96,sec_edgar:companyfacts
PM,us,2010-12-31,2011-02-25T00:00:00,,,7259000000.0,8724000000.0,,3506000000.0,16502000000.0,1801783490.0,3.92,sec_edgar:companyfacts
PM,us,2011-03-31,2011-05-06T00:00:00,,,1919000000.0,2236000000.0,,3992000000.0,16852000000.0,,1.06,sec_edgar:companyfacts
PM,us,2011-06-30,2011-08-05T00:00:00,,,4328000000.0,6170000000.0,,3669000000.0,16921000000.0,,2.42,sec_edgar:companyfacts
PM,us,2011-09-30,2011-11-03T00:00:00,,,6705000000.0,9000000000.0,,2130000000.0,17759000000.0,,3.76,sec_edgar:companyfacts
PM,us,2011-12-31,2012-02-24T00:00:00,,,8591000000.0,9632000000.0,,229000000.0,18545000000.0,,4.85,sec_edgar:companyfacts
PM,us,2012-03-31,2012-05-04T00:00:00,,,2161000000.0,1671000000.0,,112000000.0,20841000000.0,,1.25,sec_edgar:companyfacts
PM,us,2012-06-30,2012-08-03T00:00:00,,,4478000000.0,4902000000.0,,-1366000000.0,2694000000.0,,2.6,sec_edgar:companyfacts
PM,us,2012-09-30,2012-11-02T00:00:00,,,6705000000.0,7052000000.0,,-1481000000.0,2141000000.0,,3.92,sec_edgar:companyfacts
PM,us,2012-12-31,2013-02-22T00:00:00,,,8800000000.0,8365000000.0,,-3476000000.0,2419000000.0,,5.17,sec_edgar:companyfacts
PM,us,2013-03-31,2013-05-03T00:00:00,,,2125000000.0,1123000000.0,,-4314000000.0,1539000000.0,,1.28,sec_edgar:companyfacts
PM,us,2013-06-30,2013-08-02T00:00:00,,,4249000000.0,3980000000.0,,-5466000000.0,2684000000.0,,2.58,sec_edgar:companyfacts
PM,us,2013-09-30,2013-11-01T00:00:00,,,6589000000.0,6994000000.0,,-7429000000.0,3668000000.0,,4.02,sec_edgar:companyfacts
PM,us,2013-12-31,2014-02-21T00:00:00,,,8576000000.0,8935000000.0,,-7766000000.0,2400000000.0,,5.26,sec_edgar:companyfacts
PM,us,2014-03-31,2014-05-02T00:00:00,,,1875000000.0,459000000.0,,-8613000000.0,3284000000.0,,1.18,sec_edgar:companyfacts
PM,us,2014-06-30,2014-07-31T00:00:00,,,3726000000.0,2912000000.0,,-9292000000.0,1941000000.0,,2.35,sec_edgar:companyfacts
PM,us,2014-09-30,2014-10-31T00:00:00,,,5881000000.0,5581000000.0,,-10112000000.0,2091000000.0,,3.73,sec_edgar:companyfacts
PM,us,2014-12-31,2015-02-20T00:00:00,,,7493000000.0,6586000000.0,,-12629000000.0,1208000000.0,,4.76,sec_edgar:companyfacts
PM,us,2015-03-31,2015-05-01T00:00:00,,,1795000000.0,-578000000.0,,-13616000000.0,3384000000.0,,1.16,sec_edgar:companyfacts
PM,us,2015-06-30,2015-07-30T00:00:00,,,3682000000.0,2887000000.0,,-13151000000.0,1710000000.0,,2.37,sec_edgar:companyfacts
PM,us,2015-09-30,2015-10-30T00:00:00,,,5624000000.0,5357000000.0,,-13582000000.0,1007000000.0,,3.62,sec_edgar:companyfacts
PM,us,2015-12-31,2016-02-17T00:00:00,,,6873000000.0,6905000000.0,,-13244000000.0,825000000.0,,4.42,sec_edgar:companyfacts
PM,us,2016-03-31,2016-04-26T00:00:00,,,1530000000.0,236000000.0,,-12753000000.0,673000000.0,,0.98,sec_edgar:companyfacts
PM,us,2016-06-30,2016-07-26T00:00:00,,,3318000000.0,2356000000.0,,-12556000000.0,696000000.0,,2.13,sec_edgar:companyfacts
PM,us,2016-09-30,2016-10-25T00:00:00,,,5256000000.0,5194000000.0,,-12142000000.0,710000000.0,,3.38,sec_edgar:companyfacts
PM,us,2016-12-31,2019-02-07T00:00:00,26685000000.0,,6967000000.0,6905000000.0,,-12688000000.0,643000000.0,,4.48,sec_edgar:companyfacts
PM,us,2017-03-31,2018-04-26T00:00:00,6064000000.0,,1590000000.0,551000000.0,,-12392000000.0,1004000000.0,,1.02,sec_edgar:companyfacts
PM,us,2017-06-30,2018-07-26T00:00:00,12981000000.0,,3371000000.0,3511000000.0,,-12008000000.0,898000000.0,,2.17,sec_edgar:companyfacts
PM,us,2017-09-30,2018-10-25T00:00:00,20454000000.0,,5341000000.0,4996000000.0,,-11407000000.0,2905000000.0,,3.43,sec_edgar:companyfacts
PM,us,2017-12-31,2019-02-07T00:00:00,28748000000.0,,6035000000.0,7364000000.0,,-12086000000.0,499000000.0,,3.88,sec_edgar:companyfacts
PM,us,2018-03-31,2018-04-26T00:00:00,6896000000.0,,1556000000.0,1015000000.0,,-12350000000.0,608000000.0,,1.0,sec_edgar:companyfacts
PM,us,2018-06-30,2018-07-26T00:00:00,14622000000.0,,3754000000.0,4599000000.0,,-11915000000.0,592000000.0,,2.41,sec_edgar:companyfacts
PM,us,2018-09-30,2018-10-25T00:00:00,22126000000.0,,6001000000.0,5954000000.0,,-11720000000.0,545000000.0,,3.85,sec_edgar:companyfacts
PM,us,2018-12-31,2019-02-07T00:00:00,29625000000.0,,7911000000.0,8042000000.0,,-12459000000.0,730000000.0,,5.08,sec_edgar:companyfacts
PM,us,2019-03-31,2019-04-25T00:00:00,6751000000.0,,1354000000.0,917000000.0,,-11968000000.0,1551000000.0,,0.87,sec_edgar:companyfacts
PM,us,2019-06-30,2019-07-25T00:00:00,14450000000.0,,3673000000.0,4181000000.0,,-11199000000.0,269000000.0,,2.36,sec_edgar:companyfacts
PM,us,2019-09-30,2019-10-24T00:00:00,22092000000.0,,5569000000.0,6070000000.0,,-11010000000.0,355000000.0,,3.57,sec_edgar:companyfacts
PM,us,2019-12-31,2020-02-07T00:00:00,29805000000.0,,7185000000.0,9238000000.0,,-11577000000.0,338000000.0,,4.61,sec_edgar:companyfacts
PM,us,2020-03-31,2020-04-28T00:00:00,7153000000.0,,1826000000.0,941000000.0,,-12944000000.0,1438000000.0,,1.17,sec_edgar:companyfacts
PM,us,2020-06-30,2020-07-29T00:00:00,13804000000.0,,3773000000.0,2726000000.0,,-11997000000.0,281000000.0,,2.42,sec_edgar:companyfacts
PM,us,2020-09-30,2020-10-27T00:00:00,21250000000.0,,6080000000.0,6188000000.0,,-12092000000.0,152000000.0,,3.9,sec_edgar:companyfacts
PM,us,2020-12-31,2021-02-09T00:00:00,28694000000.0,,8056000000.0,9210000000.0,,-12567000000.0,244000000.0,,5.16,sec_edgar:companyfacts
PM,us,2021-03-31,2021-04-27T00:00:00,7585000000.0,,2418000000.0,256000000.0,,-11548000000.0,192000000.0,,1.55,sec_edgar:companyfacts
PM,us,2021-06-30,2021-07-27T00:00:00,15179000000.0,,4590000000.0,3758000000.0,,-11113000000.0,136000000.0,,2.93,sec_edgar:companyfacts
PM,us,2021-09-30,2021-10-27T00:00:00,23301000000.0,,7016000000.0,7476000000.0,,-10551000000.0,223000000.0,,4.48,sec_edgar:companyfacts
PM,us,2021-12-31,2022-02-11T00:00:00,31405000000.0,,9109000000.0,11219000000.0,,-10106000000.0,225000000.0,,5.83,sec_edgar:companyfacts
PM,us,2022-03-31,2022-04-28T00:00:00,7746000000.0,,2331000000.0,889000000.0,,-10098000000.0,2441000000.0,,1.5,sec_edgar:companyfacts
PM,us,2022-06-30,2022-07-29T00:00:00,15578000000.0,,4564000000.0,4164000000.0,,-9044000000.0,1558000000.0,,2.93,sec_edgar:companyfacts
PM,us,2022-09-30,2022-10-27T00:00:00,23610000000.0,,6651000000.0,6980000000.0,,-9137000000.0,2818000000.0,,4.27,sec_edgar:companyfacts
PM,us,2022-12-31,2023-02-10T00:00:00,31762000000.0,,9048000000.0,9726000000.0,,-8957000000.0,5637000000.0,,5.81,sec_edgar:companyfacts
PM,us,2023-03-31,2023-04-26T00:00:00,8019000000.0,,1995000000.0,-1234000000.0,,-8924000000.0,4803000000.0,,1.28,sec_edgar:companyfacts
PM,us,2023-06-30,2023-07-27T00:00:00,16986000000.0,,3563000000.0,1848000000.0,,-9703000000.0,4121000000.0,,2.29,sec_edgar:companyfacts
PM,us,2023-09-30,2023-10-26T00:00:00,26127000000.0,,5617000000.0,4892000000.0,,-9433000000.0,2149000000.0,,3.61,sec_edgar:companyfacts
PM,us,2023-12-31,2024-02-08T00:00:00,35174000000.0,,7813000000.0,7883000000.0,,-11225000000.0,1968000000.0,,5.02,sec_edgar:companyfacts
PM,us,2024-03-31,2024-04-26T00:00:00,8793000000.0,,2148000000.0,-176000000.0,,-10309000000.0,279000000.0,,1.38,sec_edgar:companyfacts
PM,us,2024-06-30,2024-07-25T00:00:00,18261000000.0,,4554000000.0,4086000000.0,,-9744000000.0,139000000.0,,2.92,sec_edgar:companyfacts
PM,us,2024-09-30,2024-10-24T00:00:00,28172000000.0,,7636000000.0,7049000000.0,,-9694000000.0,152000000.0,,4.89,sec_edgar:companyfacts
PM,us,2024-12-31,2025-02-06T00:00:00,37878000000.0,,7057000000.0,10773000000.0,,-11750000000.0,137000000.0,,4.52,sec_edgar:companyfacts
PM,us,2025-03-31,2025-04-24T00:00:00,9301000000.0,,2690000000.0,-754000000.0,,-10901000000.0,4438000000.0,,1.72,sec_edgar:companyfacts
PM,us,2025-06-30,2025-07-25T00:00:00,19441000000.0,,5729000000.0,2302000000.0,,-11966000000.0,2540000000.0,,3.67,sec_edgar:companyfacts
PM,us,2025-09-30,2025-10-24T00:00:00,30286000000.0,,9207000000.0,6399000000.0,,-10914000000.0,1880000000.0,,5.89,sec_edgar:companyfacts
PM,us,2025-12-31,2026-02-06T00:00:00,40648000000.0,,11348000000.0,10664000000.0,,-9994000000.0,168000000.0,,7.26,sec_edgar:companyfacts
PM,us,2026-03-31,2026-04-24T00:00:00,10146000000.0,,2438000000.0,-752000000.0,,-9279000000.0,5693000000.0,,1.56,sec_edgar:companyfacts
QCOM,us,2006-09-24,2009-11-05T00:00:00,,,,,,13406000000.0,,,,sec_edgar:companyfacts
QCOM,us,2007-09-30,2009-11-05T00:00:00,8871000000.0,,3303000000.0,2993000000.0,,15835000000.0,,,1.95,sec_edgar:companyfacts
QCOM,us,2008-06-29,2009-07-22T00:00:00,7808000000.0,,,1584000000.0,,,,,1.38,sec_edgar:companyfacts
QCOM,us,2008-09-28,2009-11-05T00:00:00,11142000000.0,,3160000000.0,2161000000.0,,17944000000.0,,1656000000.0,1.9,sec_edgar:companyfacts
QCOM,us,2008-12-28,2010-01-27T00:00:00,2517000000.0,,341000000.0,3267000000.0,,,,,0.2,sec_edgar:companyfacts
QCOM,us,2009-03-29,2010-04-21T00:00:00,4972000000.0,,52000000.0,4296000000.0,,,,,0.03,sec_edgar:companyfacts
QCOM,us,2009-06-28,2009-07-22T00:00:00,7726000000.0,,,5234000000.0,,,,1659000000.0,0.47,sec_edgar:companyfacts
QCOM,us,2009-09-27,2009-11-05T00:00:00,10416000000.0,,1592000000.0,6411000000.0,,20316000000.0,,1669000000.0,0.95,sec_edgar:companyfacts
QCOM,us,2009-12-27,2010-01-27T00:00:00,2670000000.0,,841000000.0,1151000000.0,,21353000000.0,,1674.0,0.5,sec_edgar:companyfacts
QCOM,us,2010-03-28,2010-04-21T00:00:00,5333000000.0,,1615000000.0,1836000000.0,,20720000000.0,,1640000000.0,0.96,sec_edgar:companyfacts
QCOM,us,2010-06-27,2011-07-20T00:00:00,8039000000.0,,2382000000.0,2670000000.0,,19886000000.0,,1609000000.0,1.43,sec_edgar:companyfacts
QCOM,us,2010-09-26,2010-11-03T00:00:00,10991000000.0,,3247000000.0,3650000000.0,,20858000000.0,,1612000000.0,1.96,sec_edgar:companyfacts
QCOM,us,2010-12-26,2011-11-02T00:00:00,3348000000.0,,1170000000.0,-54000000.0,,22736000000.0,,1634000000.0,0.71,sec_edgar:companyfacts
QCOM,us,2011-03-27,2011-04-20T00:00:00,7222000000.0,,2168000000.0,1635000000.0,,24967000000.0,,1666000000.0,1.3,sec_edgar:companyfacts
QCOM,us,2011-06-26,2011-07-20T00:00:00,10840000000.0,,3204000000.0,2680000000.0,,26271000000.0,,1677000000.0,1.9,sec_edgar:companyfacts
QCOM,us,2011-09-25,2011-11-02T00:00:00,14957000000.0,,4260000000.0,4307000000.0,,26951000000.0,994000000.0,1681000000.0,2.52,sec_edgar:companyfacts
QCOM,us,2011-12-25,2012-02-01T00:00:00,4681000000.0,,1401000000.0,1420000000.0,,28481000000.0,,1687000000.0,0.81,sec_edgar:companyfacts
QCOM,us,2012-03-25,2012-04-18T00:00:00,9625000000.0,,3631000000.0,3032000000.0,,31882000000.0,,1711000000.0,2.1,sec_edgar:companyfacts
QCOM,us,2012-06-24,2012-07-18T00:00:00,14251000000.0,,4838000000.0,3555000000.0,,32584000000.0,968000000.0,1712000000.0,2.78,sec_edgar:companyfacts
QCOM,us,2012-09-30,2012-11-07T00:00:00,19121000000.0,,6109000000.0,4714000000.0,,33523000000.0,,1706000000.0,3.51,sec_edgar:companyfacts
QCOM,us,2012-12-30,2013-01-30T00:00:00,6018000000.0,,1906000000.0,1770000000.0,,35334000000.0,,1716000000.0,1.09,sec_edgar:companyfacts
QCOM,us,2013-03-31,2013-04-24T00:00:00,12143000000.0,,3772000000.0,3697000000.0,,37611000000.0,,1726000000.0,2.15,sec_edgar:companyfacts
QCOM,us,2013-06-30,2013-07-24T00:00:00,18385000000.0,,5352000000.0,5460000000.0,,37578000000.0,,1722000000.0,3.04,sec_edgar:companyfacts
QCOM,us,2013-09-29,2013-11-06T00:00:00,24866000000.0,,6853000000.0,7730000000.0,,36088000000.0,,1685000000.0,3.91,sec_edgar:companyfacts
QCOM,us,2013-12-29,2014-01-29T00:00:00,6622000000.0,,1875000000.0,2571000000.0,,37027000000.0,,1687000000.0,1.09,sec_edgar:companyfacts
QCOM,us,2014-03-30,2014-04-23T00:00:00,12989000000.0,,3835000000.0,3798000000.0,,38254000000.0,,1686000000.0,2.23,sec_edgar:companyfacts
QCOM,us,2014-06-29,2014-07-23T00:00:00,19795000000.0,,6073000000.0,6313000000.0,,38789000000.0,,1678000000.0,3.53,sec_edgar:companyfacts
QCOM,us,2014-09-28,2014-11-05T00:00:00,26487000000.0,,7967000000.0,7702000000.0,,39169000000.0,0.0,1669000000.0,4.65,sec_edgar:companyfacts
QCOM,us,2014-12-28,2015-01-28T00:00:00,7099000000.0,,1972000000.0,2111000000.0,,38823000000.0,,1654000000.0,1.17,sec_edgar:companyfacts
QCOM,us,2015-03-29,2015-04-22T00:00:00,13993000000.0,,3025000000.0,1257000000.0,,37839000000.0,1096000000.0,1633000000.0,1.8,sec_edgar:companyfacts
QCOM,us,2015-06-28,2015-07-22T00:00:00,19825000000.0,,4209000000.0,3007000000.0,,33202000000.0,10913000000.0,1578000000.0,2.53,sec_edgar:companyfacts
QCOM,us,2015-09-27,2015-11-04T00:00:00,25281000000.0,,5271000000.0,4512000000.0,,31421000000.0,10969000000.0,1524000000.0,3.22,sec_edgar:companyfacts
QCOM,us,2015-12-27,2016-01-27T00:00:00,5775000000.0,,1498000000.0,2611000000.0,,30241000000.0,10950000000.0,1495000000.0,0.99,sec_edgar:companyfacts
QCOM,us,2016-03-27,2016-04-20T00:00:00,11326000000.0,,2662000000.0,,,29645000000.0,11942000000.0,1467000000.0,1.77,sec_edgar:companyfacts
QCOM,us,2016-06-26,2016-07-20T00:00:00,17370000000.0,,4106000000.0,,,30647000000.0,11773000000.0,1473000000.0,2.74,sec_edgar:companyfacts
QCOM,us,2016-09-25,2016-11-02T00:00:00,23554000000.0,,5705000000.0,6861000000.0,,31778000000.0,10008000000.0,1476000000.0,3.81,sec_edgar:companyfacts
QCOM,us,2016-12-25,2017-01-25T00:00:00,5999000000.0,,682000000.0,,,31215000000.0,9935000000.0,1478000000.0,0.46,sec_edgar:companyfacts
QCOM,us,2017-03-26,2017-04-19T00:00:00,11015000000.0,,1431000000.0,,,31344000000.0,9939000000.0,1477000000.0,0.96,sec_edgar:companyfacts
QCOM,us,2017-06-25,2017-07-19T00:00:00,16387000000.0,,2297000000.0,,,31294000000.0,19403000000.0,1476000000.0,1.54,sec_edgar:companyfacts
QCOM,us,2017-09-24,2017-11-01T00:00:00,22291000000.0,,2466000000.0,4003000000.0,,30746000000.0,19398000000.0,1474000000.0,1.65,sec_edgar:companyfacts
QCOM,us,2017-12-24,2019-01-30T00:00:00,6068000000.0,,-5953000000.0,1536000000.0,,,19381000000.0,1480000000.0,-4.03,sec_edgar:companyfacts
QCOM,us,2018-03-25,2019-05-01T00:00:00,11329000000.0,,-5590000000.0,1867000000.0,,23819000000.0,19361000000.0,1482000000.0,-3.78,sec_edgar:companyfacts
QCOM,us,2018-06-24,2019-07-31T00:00:00,16928000000.0,,-4371000000.0,3706000000.0,,23068000000.0,15378000000.0,1469000000.0,-2.96,sec_edgar:companyfacts
QCOM,us,2018-09-30,2019-01-30T00:00:00,22732000000.0,,-4864000000.0,3111000000.0,,807000000.0,15365000000.0,1219000000.0,-3.32,sec_edgar:companyfacts
QCOM,us,2018-12-30,2020-02-05T00:00:00,4842000000.0,,1068000000.0,204000000.0,,3617000000.0,15388000000.0,1210000000.0,0.87,sec_edgar:companyfacts
QCOM,us,2019-03-31,2020-04-29T00:00:00,9824000000.0,,1731000000.0,828000000.0,,,15405000000.0,1214000000.0,1.42,sec_edgar:companyfacts
QCOM,us,2019-06-30,2020-07-29T00:00:00,19459000000.0,,3880000000.0,5489000000.0,,,15428000000.0,1218000000.0,3.17,sec_edgar:companyfacts
QCOM,us,2019-09-29,2019-11-06T00:00:00,24273000000.0,,4386000000.0,6399000000.0,,4909000000.0,13437000000.0,1145000000.0,3.59,sec_edgar:companyfacts
QCOM,us,2019-12-29,2020-02-05T00:00:00,5077000000.0,,925000000.0,822000000.0,,,13437000000.0,1143000000.0,0.8,sec_edgar:companyfacts
QCOM,us,2020-03-29,2020-04-29T00:00:00,10292000000.0,,1393000000.0,1560000000.0,,,13449000000.0,1127000000.0,1.21,sec_edgar:companyfacts
QCOM,us,2020-06-28,2020-07-29T00:00:00,15185000000.0,,2238000000.0,3014000000.0,,,15425000000.0,1128000000.0,1.95,sec_edgar:companyfacts
QCOM,us,2020-09-27,2020-11-04T00:00:00,23531000000.0,,5198000000.0,4407000000.0,,,15226000000.0,1131000000.0,4.52,sec_edgar:companyfacts
QCOM,us,2020-12-27,2021-02-03T00:00:00,8235000000.0,,2455000000.0,2706000000.0,,,15231000000.0,1136000000.0,2.12,sec_edgar:companyfacts
QCOM,us,2021-03-28,2021-04-28T00:00:00,16170000000.0,,4217000000.0,5134000000.0,,,15235000000.0,1129000000.0,3.66,sec_edgar:companyfacts
QCOM,us,2021-06-27,2021-07-28T00:00:00,24230000000.0,,6245000000.0,8001000000.0,,,13695000000.0,1128000000.0,5.43,sec_edgar:companyfacts
QCOM,us,2021-09-26,2021-11-03T00:00:00,33566000000.0,,9043000000.0,8648000000.0,,,13701000000.0,1125000000.0,7.87,sec_edgar:companyfacts
QCOM,us,2021-12-26,2022-02-02T00:00:00,10705000000.0,,3399000000.0,1474000000.0,,,13708000000.0,1125000000.0,2.98,sec_edgar:companyfacts
QCOM,us,2022-03-27,2022-04-27T00:00:00,21868000000.0,,6333000000.0,3681000000.0,,,12195000000.0,1122000000.0,5.55,sec_edgar:companyfacts
QCOM,us,2022-06-26,2022-07-27T00:00:00,32805000000.0,,10063000000.0,6022000000.0,,,13600000000.0,1122000000.0,8.84,sec_edgar:companyfacts
QCOM,us,2022-09-25,2022-11-02T00:00:00,44200000000.0,,12936000000.0,6834000000.0,,,13537000000.0,1121000000.0,11.37,sec_edgar:companyfacts
QCOM,us,2022-12-25,2023-02-02T00:00:00,9463000000.0,,2235000000.0,2697000000.0,,,15431000000.0,1119000000.0,1.98,sec_edgar:companyfacts
QCOM,us,2023-03-26,2023-05-03T00:00:00,18738000000.0,,3939000000.0,3701000000.0,,,15486000000.0,1114000000.0,3.49,sec_edgar:companyfacts
QCOM,us,2023-06-25,2023-08-02T00:00:00,27189000000.0,,5742000000.0,6052000000.0,,,14530000000.0,1115000000.0,5.1,sec_edgar:companyfacts
QCOM,us,2023-09-24,2023-11-01T00:00:00,35820000000.0,,7232000000.0,9849000000.0,,,14484000000.0,1114000000.0,6.42,sec_edgar:companyfacts
QCOM,us,2023-12-24,2024-01-31T00:00:00,9935000000.0,,2767000000.0,2735000000.0,,,14566000000.0,1118000000.0,2.46,sec_edgar:companyfacts
QCOM,us,2024-03-24,2024-05-01T00:00:00,19325000000.0,,5093000000.0,6105000000.0,,,14543000000.0,1118000000.0,4.51,sec_edgar:companyfacts
QCOM,us,2024-06-23,2024-07-31T00:00:00,28718000000.0,,7222000000.0,8770000000.0,,,13190000000.0,1116000000.0,6.39,sec_edgar:companyfacts
QCOM,us,2024-09-29,2024-11-06T00:00:00,38962000000.0,,10142000000.0,11161000000.0,,,13270000000.0,1113000000.0,8.97,sec_edgar:companyfacts
QCOM,us,2024-12-29,2025-02-05T00:00:00,11669000000.0,,3180000000.0,4310000000.0,,,13212000000.0,1106000000.0,2.83,sec_edgar:companyfacts
QCOM,us,2025-03-30,2025-04-30T00:00:00,22649000000.0,,5992000000.0,6650000000.0,,,13258000000.0,1100000000.0,5.36,sec_edgar:companyfacts
QCOM,us,2025-06-29,2025-07-30T00:00:00,33013000000.0,,8658000000.0,9231000000.0,,,14788000000.0,1084000000.0,7.79,sec_edgar:companyfacts
QCOM,us,2025-09-28,2025-11-05T00:00:00,44284000000.0,,5541000000.0,12820000000.0,,,14811000000.0,1074000000.0,5.01,sec_edgar:companyfacts
QCOM,us,2025-12-28,2026-02-04T00:00:00,12252000000.0,,3004000000.0,4416000000.0,,,14817000000.0,1074000000.0,2.78,sec_edgar:companyfacts
QCOM,us,2026-03-29,2026-04-29T00:00:00,22851000000.0,,10375000000.0,6332000000.0,,,14772000000.0,1059000000.0,9.65,sec_edgar:companyfacts
RTX,us,2007-12-31,2010-02-11T00:00:00,55716000000.0,,4224000000.0,,,,,,4.27,sec_edgar:companyfacts
RTX,us,2008-06-30,2009-07-24T00:00:00,29902000000.0,,2275000000.0,,,,,,2.34,sec_edgar:companyfacts
RTX,us,2008-09-30,2009-10-23T00:00:00,44987000000.0,,3544000000.0,,,,,,3.68,sec_edgar:companyfacts
RTX,us,2008-12-31,2010-02-11T00:00:00,59757000000.0,,4689000000.0,,,15917000000.0,1023000000.0,1370054.0,4.9,sec_edgar:companyfacts
RTX,us,2009-03-31,2010-04-26T00:00:00,12249000000.0,,722000000.0,,,,,,0.78,sec_edgar:companyfacts
RTX,us,2009-06-30,2009-07-24T00:00:00,25445000000.0,,1698000000.0,,,17379000000.0,1242000000.0,,1.83,sec_edgar:companyfacts
RTX,us,2009-09-30,2009-10-23T00:00:00,38820000000.0,,2756000000.0,,,18489000000.0,943000000.0,,2.97,sec_edgar:companyfacts
RTX,us,2009-12-31,2010-02-11T00:00:00,52920000000.0,,3829000000.0,,,20066000000.0,9744000000.0,1381700.0,4.12,sec_edgar:companyfacts
RTX,us,2010-03-31,2010-04-26T00:00:00,12091000000.0,,866000000.0,,,19964000000.0,217000000.0,,0.93,sec_edgar:companyfacts
RTX,us,2010-06-30,2010-07-26T00:00:00,25981000000.0,,1976000000.0,,,19933000000.0,12065000000.0,,2.13,sec_edgar:companyfacts
RTX,us,2010-09-30,2010-10-25T00:00:00,39508000000.0,,3174000000.0,,,21254000000.0,12302000000.0,,3.43,sec_edgar:companyfacts
RTX,us,2010-12-31,2011-02-10T00:00:00,,,4373000000.0,,,21385000000.0,10289000000.0,,4.74,sec_edgar:companyfacts
RTX,us,2011-03-31,2011-04-25T00:00:00,,,1012000000.0,,,22126000000.0,10487000000.0,,1.11,sec_edgar:companyfacts
RTX,us,2011-06-30,2011-07-25T00:00:00,,,2330000000.0,,,22723000000.0,11398000000.0,,2.55,sec_edgar:companyfacts
RTX,us,2011-09-30,2011-10-24T00:00:00,,,3654000000.0,,,22590000000.0,11364000000.0,,4.02,sec_edgar:companyfacts
RTX,us,2011-12-31,2012-02-09T00:00:00,,,4979000000.0,,,21880000000.0,10260000000.0,,5.49,sec_edgar:companyfacts
RTX,us,2012-03-31,2012-04-30T00:00:00,,,330000000.0,,,22492000000.0,9791000000.0,,0.36,sec_edgar:companyfacts
RTX,us,2012-06-30,2012-07-30T00:00:00,,,1658000000.0,,,22604000000.0,20721000000.0,,1.83,sec_edgar:companyfacts
RTX,us,2012-09-30,2012-10-26T00:00:00,,,3073000000.0,,,24955000000.0,28700000000.0,,3.39,sec_edgar:companyfacts
RTX,us,2012-12-31,2013-02-07T00:00:00,,,5130000000.0,,,25914000000.0,23221000000.0,,5.66,sec_edgar:companyfacts
RTX,us,2013-03-31,2013-04-26T00:00:00,,,1266000000.0,,,26194000000.0,22824000000.0,,1.39,sec_edgar:companyfacts
RTX,us,2013-06-30,2013-07-26T00:00:00,,,2826000000.0,,,26987000000.0,21656000000.0,,3.09,sec_edgar:companyfacts
RTX,us,2013-09-30,2013-10-25T00:00:00,,,4258000000.0,,,28577000000.0,21188000000.0,,4.66,sec_edgar:companyfacts
RTX,us,2013-12-31,2014-02-06T00:00:00,,,5721000000.0,,,31866000000.0,20241000000.0,,6.25,sec_edgar:companyfacts
RTX,us,2014-03-31,2014-04-25T00:00:00,,,1213000000.0,,,32317000000.0,20043000000.0,,1.32,sec_edgar:companyfacts
RTX,us,2014-06-30,2014-07-25T00:00:00,,,2893000000.0,,,33785000000.0,20072000000.0,,3.16,sec_edgar:companyfacts
RTX,us,2014-09-30,2014-10-24T00:00:00,,,4747000000.0,,,34049000000.0,19998000000.0,,5.2,sec_edgar:companyfacts
RTX,us,2014-12-31,2015-02-05T00:00:00,,,6220000000.0,,,31213000000.0,19794000000.0,,6.82,sec_edgar:companyfacts
RTX,us,2015-03-31,2015-04-24T00:00:00,,,1426000000.0,,,28650000000.0,21993000000.0,,1.58,sec_edgar:companyfacts
RTX,us,2015-06-30,2015-07-24T00:00:00,,,2968000000.0,,,30377000000.0,2782000000.0,,3.31,sec_edgar:companyfacts
RTX,us,2015-09-30,2015-10-23T00:00:00,,,4330000000.0,,,30525000000.0,3024000000.0,,4.85,sec_edgar:companyfacts
RTX,us,2015-12-31,2016-02-11T00:00:00,,,7608000000.0,,,27358000000.0,20425000000.0,,8.61,sec_edgar:companyfacts
RTX,us,2016-03-31,2016-04-29T00:00:00,,,1191000000.0,,,28353000000.0,1233000000.0,,1.43,sec_edgar:companyfacts
RTX,us,2016-06-30,2016-07-29T00:00:00,,,2564000000.0,,,29090000000.0,753000000.0,,3.08,sec_edgar:companyfacts
RTX,us,2016-09-30,2016-10-27T00:00:00,,,4042000000.0,,,29187000000.0,871000000.0,,4.86,sec_edgar:companyfacts
RTX,us,2016-12-31,2019-02-07T00:00:00,57244000000.0,,5055000000.0,,,27579000000.0,23901000000.0,,6.12,sec_edgar:companyfacts
RTX,us,2017-03-31,2019-02-07T00:00:00,13815000000.0,,1386000000.0,,,27594000000.0,1200000000.0,,1.73,sec_edgar:companyfacts
RTX,us,2017-06-30,2018-07-27T00:00:00,29095000000.0,,2825000000.0,,,28442000000.0,682000000.0,,3.53,sec_edgar:companyfacts
RTX,us,2017-09-30,2018-10-26T00:00:00,44157000000.0,,4155000000.0,,,29881000000.0,1077000000.0,,5.2,sec_edgar:companyfacts
RTX,us,2017-12-31,2019-02-07T00:00:00,59837000000.0,,4552000000.0,,,29610000000.0,27485000000.0,,5.7,sec_edgar:companyfacts
RTX,us,2018-03-31,2019-02-07T00:00:00,15242000000.0,,1297000000.0,,,30534000000.0,1066000000.0,,1.62,sec_edgar:companyfacts
RTX,us,2018-06-30,2018-07-27T00:00:00,31947000000.0,,3345000000.0,,,31364000000.0,985000000.0,,4.18,sec_edgar:companyfacts
RTX,us,2018-09-30,2018-10-26T00:00:00,48457000000.0,,4583000000.0,,,32106000000.0,1576000000.0,,5.72,sec_edgar:companyfacts
RTX,us,2018-12-31,2019-02-07T00:00:00,66501000000.0,,5269000000.0,,,38446000000.0,45537000000.0,,6.5,sec_edgar:companyfacts
RTX,us,2019-03-31,2019-04-26T00:00:00,18365000000.0,,1346000000.0,,,39738000000.0,1111000000.0,,1.56,sec_edgar:companyfacts
RTX,us,2019-06-30,2019-07-26T00:00:00,37999000000.0,,3246000000.0,,,40754000000.0,1139000000.0,,3.76,sec_edgar:companyfacts
RTX,us,2019-09-30,2019-10-25T00:00:00,57495000000.0,,4394000000.0,,,40468000000.0,1327000000.0,,5.09,sec_edgar:companyfacts
RTX,us,2019-12-31,2022-02-11T00:00:00,77046000000.0,,5537000000.0,,,41774000000.0,43648000000.0,,6.41,sec_edgar:companyfacts
RTX,us,2020-03-31,2020-05-07T00:00:00,18210000000.0,,-83000000.0,,,39411000000.0,1725000000.0,,-0.1,sec_edgar:companyfacts
RTX,us,2020-06-30,2020-07-29T00:00:00,25421000000.0,,-3918000000.0,,,67225000000.0,243000000.0,,-3.2,sec_edgar:companyfacts
RTX,us,2020-09-30,2020-10-27T00:00:00,40168000000.0,,-3654000000.0,,,68379000000.0,228000000.0,,-2.79,sec_edgar:companyfacts
RTX,us,2020-12-31,2022-02-11T00:00:00,56587000000.0,,-3519000000.0,,,72163000000.0,31823000000.0,,-2.59,sec_edgar:companyfacts
RTX,us,2021-03-31,2021-04-27T00:00:00,15251000000.0,,753000000.0,,,71710000000.0,234000000.0,,0.5,sec_edgar:companyfacts
RTX,us,2021-06-30,2021-07-27T00:00:00,31131000000.0,,1785000000.0,,,71115000000.0,196000000.0,,1.18,sec_edgar:companyfacts
RTX,us,2021-09-30,2021-10-26T00:00:00,47344000000.0,,3178000000.0,,,71308000000.0,206000000.0,,2.1,sec_edgar:companyfacts
RTX,us,2021-12-31,2022-02-11T00:00:00,64388000000.0,,3864000000.0,,,73068000000.0,31485000000.0,,2.56,sec_edgar:companyfacts
RTX,us,2022-03-31,2023-04-25T00:00:00,15716000000.0,,1084000000.0,37000000.0,,72462000000.0,140000000.0,,0.72,sec_edgar:companyfacts
RTX,us,2022-06-30,2023-07-25T00:00:00,32030000000.0,,2388000000.0,844000000.0,,70441000000.0,113000000.0,,1.6,sec_edgar:companyfacts
RTX,us,2022-09-30,2023-10-24T00:00:00,48981000000.0,,3775000000.0,1107000000.0,,70187000000.0,2195000000.0,,2.54,sec_edgar:companyfacts
RTX,us,2022-12-31,2025-02-03T00:00:00,67074000000.0,,5197000000.0,4880000000.0,,72632000000.0,31914000000.0,,3.5,sec_edgar:companyfacts
RTX,us,2023-03-31,2023-04-25T00:00:00,17214000000.0,,1426000000.0,-1383000000.0,,72795000000.0,224000000.0,,0.97,sec_edgar:companyfacts
RTX,us,2023-06-30,2023-07-25T00:00:00,35529000000.0,,2753000000.0,-1190000000.0,,72480000000.0,1076000000.0,,1.87,sec_edgar:companyfacts
RTX,us,2023-09-30,2023-10-24T00:00:00,48993000000.0,,1769000000.0,1562000000.0,,69596000000.0,1170000000.0,,1.21,sec_edgar:companyfacts
RTX,us,2023-12-31,2025-02-03T00:00:00,68920000000.0,,3195000000.0,5468000000.0,,59798000000.0,43827000000.0,,2.23,sec_edgar:companyfacts
RTX,us,2024-03-31,2024-04-23T00:00:00,19305000000.0,,1709000000.0,-125000000.0,,60485000000.0,166000000.0,,1.28,sec_edgar:companyfacts
RTX,us,2024-06-30,2024-07-25T00:00:00,39026000000.0,,1820000000.0,2071000000.0,,58985000000.0,231000000.0,,1.36,sec_edgar:companyfacts
RTX,us,2024-09-30,2024-10-22T00:00:00,59115000000.0,,3292000000.0,4042000000.0,,61114000000.0,220000000.0,,2.45,sec_edgar:companyfacts
RTX,us,2024-12-31,2025-02-03T00:00:00,80738000000.0,,4774000000.0,4534000000.0,,60156000000.0,41261000000.0,,3.55,sec_edgar:companyfacts
RTX,us,2025-03-31,2025-04-22T00:00:00,,,1535000000.0,792000000.0,,61516000000.0,212000000.0,,1.14,sec_edgar:companyfacts
RTX,us,2025-06-30,2025-07-22T00:00:00,,,3192000000.0,720000000.0,,62398000000.0,1635000000.0,,2.36,sec_edgar:companyfacts
RTX,us,2025-09-30,2025-10-21T00:00:00,,,5110000000.0,4745000000.0,,64514000000.0,215000000.0,,3.77,sec_edgar:companyfacts
RTX,us,2025-12-31,2026-02-06T00:00:00,,,6732000000.0,7940000000.0,,65245000000.0,204000000.0,,4.96,sec_edgar:companyfacts
RTX,us,2026-03-31,2026-04-21T00:00:00,,,2059000000.0,1309000000.0,,66280000000.0,226000000.0,,1.51,sec_edgar:companyfacts
SBUX,us,2006-10-01,2009-11-20T00:00:00,,,,,,2228500000.0,,,,sec_edgar:companyfacts
SBUX,us,2007-09-30,2009-11-20T00:00:00,,,672600000.0,250900000.0,,2284100000.0,,,0.87,sec_edgar:companyfacts
SBUX,us,2008-06-29,2009-08-05T00:00:00,,,310100000.0,344800000.0,,,,,0.42,sec_edgar:companyfacts
SBUX,us,2008-09-28,2009-11-20T00:00:00,,,315500000.0,274200000.0,,2490900000.0,713000000.0,735500000.0,0.43,sec_edgar:companyfacts
SBUX,us,2008-12-28,2010-02-02T00:00:00,,,64300000.0,520900000.0,,,,,0.09,sec_edgar:companyfacts
SBUX,us,2009-03-29,2010-05-04T00:00:00,,,89300000.0,478500000.0,,,,,0.12,sec_edgar:companyfacts
SBUX,us,2009-06-28,2009-08-05T00:00:00,,,240800000.0,672500000.0,,2818000000.0,0.0,740100000.0,0.32,sec_edgar:companyfacts
SBUX,us,2009-09-27,2011-11-18T00:00:00,9774600000.0,,390800000.0,943400000.0,,3045700000.0,549500000.0,742900000.0,0.52,sec_edgar:companyfacts
SBUX,us,2009-12-27,2010-02-02T00:00:00,,,241500000.0,669000000.0,,3351300000.0,,746500000.0,0.32,sec_edgar:companyfacts
SBUX,us,2010-03-28,2011-05-06T00:00:00,5257400000.0,,458800000.0,773300000.0,,3541000000.0,,748200000.0,0.6,sec_edgar:companyfacts
SBUX,us,2010-06-27,2011-08-05T00:00:00,7869400000.0,,666700000.0,1089800000.0,,3520900000.0,549400000.0,743700000.0,0.87,sec_edgar:companyfacts
SBUX,us,2010-10-03,2011-11-18T00:00:00,10707400000.0,,945600000.0,1264200000.0,,3674700000.0,549400000.0,742600000.0,1.24,sec_edgar:companyfacts
SBUX,us,2011-01-02,2012-01-31T00:00:00,2950800000.0,,346600000.0,544700000.0,,4051700000.0,,748800000.0,0.45,sec_edgar:companyfacts
SBUX,us,2011-04-03,2011-05-06T00:00:00,5736500000.0,,608100000.0,430400000.0,,4317800000.0,,748800000.0,0.79,sec_edgar:companyfacts
SBUX,us,2011-07-03,2011-08-05T00:00:00,8668700000.0,,887400000.0,754300000.0,,4338900000.0,,748400000.0,1.15,sec_edgar:companyfacts
SBUX,us,2011-10-02,2011-11-18T00:00:00,11700400000.0,,1245700000.0,1080500000.0,,4384900000.0,,744800000.0,1.62,sec_edgar:companyfacts
SBUX,us,2012-01-01,2012-01-31T00:00:00,3435900000.0,,382100000.0,312800000.0,,4772800000.0,,752600000.0,0.5,sec_edgar:companyfacts
SBUX,us,2012-04-01,2012-05-02T00:00:00,6631800000.0,,691900000.0,261800000.0,,5133900000.0,,757900000.0,0.9,sec_edgar:companyfacts
SBUX,us,2012-07-01,2012-08-02T00:00:00,9935400000.0,,1025100000.0,610400000.0,,5385000000.0,,759800000.0,1.33,sec_edgar:companyfacts
SBUX,us,2012-09-30,2012-11-16T00:00:00,13299500000.0,,1383800000.0,894100000.0,,5109000000.0,,749300000.0,1.79,sec_edgar:companyfacts
SBUX,us,2012-12-30,2013-01-29T00:00:00,3799600000.0,,432200000.0,825000000.0,,5169300000.0,,748900000.0,0.57,sec_edgar:companyfacts
SBUX,us,2013-03-31,2013-04-30T00:00:00,7355400000.0,,822500000.0,887600000.0,,5321400000.0,,748300000.0,1.08,sec_edgar:companyfacts
SBUX,us,2013-06-30,2013-07-30T00:00:00,11097200000.0,,1240300000.0,1255600000.0,,5741500000.0,,751100000.0,1.63,sec_edgar:companyfacts
SBUX,us,2013-09-29,2013-11-18T00:00:00,14892200000.0,,8300000.0,1757100000.0,,4480200000.0,1299400000.0,753200000.0,0.01,sec_edgar:companyfacts
SBUX,us,2013-12-29,2014-01-28T00:00:00,4239600000.0,,540700000.0,-1658000000.0,,4887400000.0,2047900000.0,756500000.0,0.71,sec_edgar:companyfacts
SBUX,us,2014-03-30,2014-04-29T00:00:00,,,967600000.0,-1487100000.0,,4945100000.0,2048000000.0,754100000.0,1.26,sec_edgar:companyfacts
SBUX,us,2014-06-29,2014-07-29T00:00:00,,,1480300000.0,-944600000.0,,5068800000.0,2048100000.0,751000000.0,1.94,sec_edgar:companyfacts
SBUX,us,2014-09-28,2014-11-14T00:00:00,,,2068100000.0,-553100000.0,,5272000000.0,2048300000.0,749500000.0,2.71,sec_edgar:companyfacts
SBUX,us,2014-12-28,2015-01-27T00:00:00,,,983100000.0,1133400000.0,,5775400000.0,2048400000.0,750400000.0,1.3,sec_edgar:companyfacts
SBUX,us,2015-03-29,2015-04-28T00:00:00,,,1478300000.0,1394300000.0,,6008700000.0,2048500000.0,1501000000.0,0.97,sec_edgar:companyfacts
SBUX,us,2015-06-28,2015-07-28T00:00:00,,,2104900000.0,1835700000.0,,5856500000.0,2897200000.0,1490800000.0,1.39,sec_edgar:companyfacts
SBUX,us,2015-09-27,2015-11-12T00:00:00,,,2757400000.0,2445400000.0,,5818000000.0,2347500000.0,1485100000.0,1.82,sec_edgar:companyfacts
SBUX,us,2015-12-27,2016-01-26T00:00:00,,,687600000.0,1304200000.0,,5981500000.0,2347700000.0,1485600000.0,0.46,sec_edgar:companyfacts
SBUX,us,2016-03-27,2016-04-26T00:00:00,,,1262600000.0,1517300000.0,,5094600000.0,2996500000.0,1464500000.0,0.84,sec_edgar:companyfacts
SBUX,us,2016-06-26,2016-07-27T00:00:00,,,2016800000.0,2237200000.0,,5721800000.0,3602200000.0,1466400000.0,1.35,sec_edgar:companyfacts
SBUX,us,2016-10-02,2018-11-16T00:00:00,21315900000.0,,2817700000.0,3134800000.0,,5884000000.0,3602200000.0,1460500000.0,1.9,sec_edgar:companyfacts
SBUX,us,2017-01-01,2018-11-16T00:00:00,5732900000.0,,751800000.0,1188300000.0,,5796600000.0,3185700000.0,1457200000.0,0.51,sec_edgar:companyfacts
SBUX,us,2017-04-02,2018-11-16T00:00:00,5294000000.0,,1404900000.0,1301100000.0,,5605000000.0,3967500000.0,1447700000.0,0.96,sec_edgar:companyfacts
SBUX,us,2017-07-02,2018-07-31T00:00:00,16688500000.0,,2096100000.0,2064300000.0,,5843400000.0,3935500000.0,1445700000.0,1.43,sec_edgar:companyfacts
SBUX,us,2017-10-01,2018-11-16T00:00:00,22386800000.0,,2884700000.0,2654900000.0,,5450100000.0,3932600000.0,1431600000.0,1.97,sec_edgar:companyfacts
SBUX,us,2017-12-31,2018-11-16T00:00:00,6073700000.0,,2250200000.0,1404700000.0,,5752100000.0,4916400000.0,1407600000.0,1.57,sec_edgar:companyfacts
SBUX,us,2018-04-01,2018-11-16T00:00:00,6031800000.0,,2910300000.0,1391800000.0,,4711200000.0,6534800000.0,1382400000.0,2.05,sec_edgar:companyfacts
SBUX,us,2018-07-01,2018-07-31T00:00:00,18415900000.0,,3762800000.0,2096600000.0,,3990700000.0,6798900000.0,1366300000.0,2.67,sec_edgar:companyfacts
SBUX,us,2018-09-30,2018-11-16T00:00:00,24719500000.0,,4518300000.0,9961400000.0,,1169500000.0,9440100000.0,1309100000.0,3.24,sec_edgar:companyfacts
SBUX,us,2018-12-30,2019-01-29T00:00:00,6632700000.0,,760600000.0,1947600000.0,,-2884900000.0,9130700000.0,1243300000.0,0.61,sec_edgar:companyfacts
SBUX,us,2019-03-31,2019-04-30T00:00:00,12938700000.0,,1423600000.0,1923800000.0,,-5036900000.0,9216500000.0,1210000000.0,1.14,sec_edgar:companyfacts
SBUX,us,2019-06-30,2019-07-30T00:00:00,19761600000.0,,2796400000.0,2658100000.0,,-4320600000.0,11159100000.0,1206500000.0,2.25,sec_edgar:companyfacts
SBUX,us,2019-09-29,2019-11-15T00:00:00,26508600000.0,,3599200000.0,3240400000.0,,-6232200000.0,11167000000.0,1184600000.0,2.92,sec_edgar:companyfacts
SBUX,us,2019-12-29,2020-01-28T00:00:00,7097100000.0,,885700000.0,1441800000.0,,-6759900000.0,11649800000.0,,0.74,sec_edgar:companyfacts
SBUX,us,2020-03-29,2020-04-28T00:00:00,13092800000.0,,1214100000.0,-283500000.0,,-7530100000.0,14015200000.0,,1.02,sec_edgar:companyfacts
SBUX,us,2020-06-28,2020-07-28T00:00:00,17314900000.0,,535700000.0,-1031300000.0,,-8621600000.0,16831700000.0,,0.45,sec_edgar:companyfacts
SBUX,us,2020-09-27,2020-11-12T00:00:00,23518000000.0,,928300000.0,114200000.0,,-7805100000.0,16348300000.0,1173300000.0,0.79,sec_edgar:companyfacts
SBUX,us,2020-12-27,2021-01-26T00:00:00,6749400000.0,,622200000.0,1511500000.0,,-7909700000.0,15916100000.0,,0.53,sec_edgar:companyfacts
SBUX,us,2021-03-28,2021-04-27T00:00:00,13417500000.0,,1281600000.0,2071600000.0,,-7654000000.0,14648600000.0,,1.08,sec_edgar:companyfacts
SBUX,us,2021-06-27,2021-07-27T00:00:00,20913900000.0,,2434900000.0,3482700000.0,,-6800800000.0,14618100000.0,,2.06,sec_edgar:companyfacts
SBUX,us,2021-10-03,2021-11-19T00:00:00,29060600000.0,,4199300000.0,4519100000.0,,-5321200000.0,14615800000.0,1180000000.0,3.54,sec_edgar:companyfacts
SBUX,us,2022-01-02,2022-02-01T00:00:00,8050400000.0,,815900000.0,1454100000.0,,-8457200000.0,14785600000.0,,0.69,sec_edgar:companyfacts
SBUX,us,2022-04-03,2022-05-03T00:00:00,15686000000.0,,1490400000.0,1160900000.0,,-8768000000.0,16013000000.0,,1.28,sec_edgar:companyfacts
SBUX,us,2022-07-03,2022-08-02T00:00:00,23836100000.0,,2403300000.0,2002200000.0,,-8666500000.0,15129900000.0,,2.07,sec_edgar:companyfacts
SBUX,us,2022-10-02,2022-11-18T00:00:00,32250300000.0,,3281600000.0,2556000000.0,,-8706600000.0,15043900000.0,1147900000.0,2.83,sec_edgar:companyfacts
SBUX,us,2023-01-01,2023-02-02T00:00:00,8713900000.0,,855200000.0,1076400000.0,,-8673800000.0,14926000000.0,,0.74,sec_edgar:companyfacts
SBUX,us,2023-04-02,2023-05-02T00:00:00,17433800000.0,,1763600000.0,1358800000.0,,-8506900000.0,15486300000.0,,1.53,sec_edgar:companyfacts
SBUX,us,2023-07-02,2023-08-01T00:00:00,26602000000.0,,2905200000.0,2429600000.0,,-8348600000.0,15414800000.0,,2.52,sec_edgar:companyfacts
SBUX,us,2023-10-01,2023-11-17T00:00:00,35975600000.0,,4124500000.0,3675100000.0,,-7994800000.0,15399700000.0,1142600000.0,3.58,sec_edgar:companyfacts
SBUX,us,2023-12-31,2024-01-30T00:00:00,9425300000.0,,1024400000.0,1788000000.0,,-8616000000.0,15015100000.0,,0.9,sec_edgar:companyfacts
SBUX,us,2024-03-31,2024-04-30T00:00:00,17988300000.0,,1796800000.0,1634900000.0,,-8449400000.0,15589600000.0,,1.58,sec_edgar:companyfacts
SBUX,us,2024-06-30,2024-07-30T00:00:00,27102300000.0,,2851700000.0,2580700000.0,,-7945400000.0,15574500000.0,,2.51,sec_edgar:companyfacts
SBUX,us,2024-09-29,2024-11-20T00:00:00,36176200000.0,,3760900000.0,3318100000.0,,-7448900000.0,15568400000.0,1133500000.0,3.31,sec_edgar:companyfacts
SBUX,us,2024-12-29,2025-01-28T00:00:00,9397800000.0,,780800000.0,1379100000.0,,-7471700000.0,15561400000.0,,0.69,sec_edgar:companyfacts
SBUX,us,2025-03-30,2025-04-29T00:00:00,18159400000.0,,1165000000.0,1081900000.0,,-7622500000.0,15571800000.0,,1.02,sec_edgar:companyfacts
SBUX,us,2025-06-29,2025-07-29T00:00:00,27615400000.0,,1723200000.0,1516200000.0,,-7686000000.0,17319100000.0,,1.51,sec_edgar:companyfacts
SBUX,us,2025-09-28,2025-11-14T00:00:00,37184400000.0,,1856400000.0,2442000000.0,,-8096600000.0,16074800000.0,1136900000.0,1.63,sec_edgar:companyfacts
SBUX,us,2025-12-28,2026-01-28T00:00:00,9915100000.0,,293300000.0,1274000000.0,,-8388700000.0,16080400000.0,,0.26,sec_edgar:companyfacts
SBUX,us,2026-03-29,2026-04-28T00:00:00,19446600000.0,,804200000.0,1365800000.0,,-8465100000.0,15081900000.0,,0.7,sec_edgar:companyfacts
SCHW,us,2006-12-31,2010-02-25T00:00:00,,,,,,5008000000.0,,,,sec_edgar:companyfacts
SCHW,us,2007-12-31,2010-02-25T00:00:00,4994000000.0,,2407000000.0,1578000000.0,,3732000000.0,,,1.96,sec_edgar:companyfacts
SCHW,us,2008-06-30,2009-08-06T00:00:00,2615000000.0,,600000000.0,-305000000.0,,,,,0.52,sec_edgar:companyfacts
SCHW,us,2008-09-30,2009-11-05T00:00:00,3866000000.0,,904000000.0,-840000000.0,,,,,0.78,sec_edgar:companyfacts
SCHW,us,2008-12-31,2010-02-25T00:00:00,5150000000.0,,1212000000.0,-186000000.0,,4061000000.0,883000000.0,,1.05,sec_edgar:companyfacts
SCHW,us,2009-03-31,2010-05-07T00:00:00,1111000000.0,,218000000.0,127000000.0,,,,,0.19,sec_edgar:companyfacts
SCHW,us,2009-06-30,2009-08-06T00:00:00,2196000000.0,,423000000.0,1037000000.0,,4614000000.0,1560000000.0,,0.36,sec_edgar:companyfacts
SCHW,us,2009-09-30,2009-11-05T00:00:00,3207000000.0,,623000000.0,592000000.0,,4903000000.0,1516000000.0,,0.54,sec_edgar:companyfacts
SCHW,us,2009-12-31,2010-02-25T00:00:00,4193000000.0,,787000000.0,1297000000.0,,5073000000.0,1512000000.0,,0.68,sec_edgar:companyfacts
SCHW,us,2010-03-31,2010-05-07T00:00:00,978000000.0,,6000000.0,-618000000.0,,5671000000.0,1309000000.0,,,sec_edgar:companyfacts
SCHW,us,2010-06-30,2010-08-13T00:00:00,2058000000.0,,211000000.0,222000000.0,,5879000000.0,1308000000.0,,0.18,sec_edgar:companyfacts
SCHW,us,2010-09-30,2010-11-08T00:00:00,3121000000.0,,335000000.0,360000000.0,,6035000000.0,2008000000.0,,0.28,sec_edgar:companyfacts
SCHW,us,2010-12-31,2011-02-25T00:00:00,4248000000.0,,454000000.0,-138000000.0,,6226000000.0,2006000000.0,,0.38,sec_edgar:companyfacts
SCHW,us,2011-03-31,2011-05-06T00:00:00,1207000000.0,,243000000.0,1265000000.0,,6487000000.0,2005000000.0,,0.2,sec_edgar:companyfacts
SCHW,us,2011-06-30,2011-08-05T00:00:00,2397000000.0,,481000000.0,1841000000.0,,6734000000.0,2004000000.0,,0.4,sec_edgar:companyfacts
SCHW,us,2011-09-30,2011-11-07T00:00:00,3578000000.0,,701000000.0,1875000000.0,,7655000000.0,2002000000.0,,0.57,sec_edgar:companyfacts
SCHW,us,2011-12-31,2012-02-24T00:00:00,4691000000.0,,864000000.0,2284000000.0,,7714000000.0,2001000000.0,,0.7,sec_edgar:companyfacts
SCHW,us,2012-03-31,2012-05-07T00:00:00,1189000000.0,,195000000.0,56000000.0,,8337000000.0,2000000000.0,,0.15,sec_edgar:companyfacts
SCHW,us,2012-06-30,2012-08-06T00:00:00,2472000000.0,,470000000.0,-308000000.0,,9110000000.0,1999000000.0,,0.36,sec_edgar:companyfacts
SCHW,us,2012-09-30,2012-11-06T00:00:00,3668000000.0,,717000000.0,266000000.0,,9465000000.0,1776000000.0,,0.54,sec_edgar:companyfacts
SCHW,us,2012-12-31,2013-02-22T00:00:00,4883000000.0,,928000000.0,1118000000.0,,9589000000.0,1632000000.0,,0.69,sec_edgar:companyfacts
SCHW,us,2013-03-31,2013-05-07T00:00:00,1290000000.0,,206000000.0,-417000000.0,,9776000000.0,1631000000.0,,0.15,sec_edgar:companyfacts
SCHW,us,2013-06-30,2013-08-06T00:00:00,2627000000.0,,462000000.0,53000000.0,,9720000000.0,1630000000.0,,0.33,sec_edgar:companyfacts
SCHW,us,2013-09-30,2013-11-06T00:00:00,4000000000.0,,752000000.0,,,10053000000.0,,,0.55,sec_edgar:companyfacts
SCHW,us,2013-12-31,2014-02-24T00:00:00,5435000000.0,,1071000000.0,,,10381000000.0,,,0.78,sec_edgar:companyfacts
SCHW,us,2014-03-31,2014-05-07T00:00:00,1478000000.0,,326000000.0,,,10815000000.0,,,0.24,sec_edgar:companyfacts
SCHW,us,2014-06-30,2014-08-07T00:00:00,2956000000.0,,650000000.0,,,11170000000.0,,,0.47,sec_edgar:companyfacts
SCHW,us,2014-09-30,2014-11-06T00:00:00,4507000000.0,,971000000.0,,,11473000000.0,,,0.7,sec_edgar:companyfacts
SCHW,us,2014-12-31,2015-02-23T00:00:00,6058000000.0,,1321000000.0,,,11803000000.0,,,0.95,sec_edgar:companyfacts
SCHW,us,2015-03-31,2015-05-07T00:00:00,1526000000.0,,302000000.0,,,12158000000.0,,,0.22,sec_edgar:companyfacts
SCHW,us,2015-06-30,2015-08-06T00:00:00,3092000000.0,,655000000.0,,,12423000000.0,,,0.47,sec_edgar:companyfacts
SCHW,us,2015-09-30,2015-11-05T00:00:00,4689000000.0,,1031000000.0,,,13196000000.0,,,0.74,sec_edgar:companyfacts
SCHW,us,2015-12-31,2016-02-24T00:00:00,6380000000.0,,1447000000.0,,,13402000000.0,,,1.03,sec_edgar:companyfacts
SCHW,us,2016-03-31,2016-05-06T00:00:00,1764000000.0,,412000000.0,,,14513000000.0,800000000.0,,0.29,sec_edgar:companyfacts
SCHW,us,2016-06-30,2016-08-05T00:00:00,3592000000.0,,864000000.0,,,14990000000.0,5000000000.0,,0.6,sec_edgar:companyfacts
SCHW,us,2016-09-30,2016-11-07T00:00:00,5506000000.0,,1367000000.0,,,15470000000.0,3001000000.0,,0.95,sec_edgar:companyfacts
SCHW,us,2016-12-31,2019-02-22T00:00:00,7478000000.0,,1889000000.0,3257000000.0,,16421000000.0,0.0,,1.31,sec_edgar:companyfacts
SCHW,us,2017-03-31,2017-05-08T00:00:00,2081000000.0,,564000000.0,,,16982000000.0,600000000.0,,0.39,sec_edgar:companyfacts
SCHW,us,2017-06-30,2017-08-07T00:00:00,4211000000.0,,1139000000.0,,,17489000000.0,300000000.0,,0.78,sec_edgar:companyfacts
SCHW,us,2017-09-30,2018-11-07T00:00:00,6376000000.0,,1757000000.0,2184000000.0,,18027000000.0,5000000000.0,,1.21,sec_edgar:companyfacts
SCHW,us,2017-12-31,2019-02-22T00:00:00,8618000000.0,,2354000000.0,-1239000000.0,,18525000000.0,15000000000.0,,1.61,sec_edgar:companyfacts
SCHW,us,2018-03-31,2019-05-08T00:00:00,2398000000.0,,783000000.0,126000000.0,,19330000000.0,0.0,,0.55,sec_edgar:companyfacts
SCHW,us,2018-06-30,2019-08-07T00:00:00,4884000000.0,,1649000000.0,3127000000.0,,20097000000.0,0.0,,1.14,sec_edgar:companyfacts
SCHW,us,2018-09-30,2018-11-07T00:00:00,7463000000.0,,2572000000.0,4255000000.0,,20834000000.0,0.0,,1.79,sec_edgar:companyfacts
SCHW,us,2018-12-31,2019-02-22T00:00:00,10132000000.0,,3507000000.0,11886000000.0,,20670000000.0,0.0,,2.45,sec_edgar:companyfacts
SCHW,us,2019-03-31,2019-05-08T00:00:00,2723000000.0,,964000000.0,-2734000000.0,,21625000000.0,,,0.69,sec_edgar:companyfacts
SCHW,us,2019-06-30,2019-08-07T00:00:00,5404000000.0,,1901000000.0,-691000000.0,,21320000000.0,,,1.35,sec_edgar:companyfacts
SCHW,us,2019-09-30,2019-11-07T00:00:00,8115000000.0,,2852000000.0,4506000000.0,,21354000000.0,,,2.05,sec_edgar:companyfacts
SCHW,us,2019-12-31,2020-02-26T00:00:00,10721000000.0,,3704000000.0,8617000000.0,,21745000000.0,7430000000.0,,2.67,sec_edgar:companyfacts
SCHW,us,2020-03-31,2020-05-08T00:00:00,2617000000.0,,795000000.0,9962000000.0,,26270000000.0,,,0.58,sec_edgar:companyfacts
SCHW,us,2020-06-30,2020-08-07T00:00:00,5067000000.0,,1466000000.0,-6660000000.0,,30815000000.0,,,1.07,sec_edgar:companyfacts
SCHW,us,2020-09-30,2020-11-09T00:00:00,7515000000.0,,2164000000.0,-6870000000.0,,31331000000.0,,,1.54,sec_edgar:companyfacts
SCHW,us,2020-12-31,2021-02-24T00:00:00,11691000000.0,,3299000000.0,6221000000.0,,56060000000.0,13632000000.0,,2.12,sec_edgar:companyfacts
SCHW,us,2021-03-31,2021-05-07T00:00:00,4715000000.0,,1484000000.0,-4928000000.0,,55594000000.0,20198000000.0,,0.73,sec_edgar:companyfacts
SCHW,us,2021-06-30,2021-08-06T00:00:00,9242000000.0,,2749000000.0,-5761000000.0,,57450000000.0,22208000000.0,,1.32,sec_edgar:companyfacts
SCHW,us,2021-09-30,2021-11-08T00:00:00,13812000000.0,,4275000000.0,-4124000000.0,,57442000000.0,22530000000.0,,2.06,sec_edgar:companyfacts
SCHW,us,2021-12-31,2022-02-24T00:00:00,18520000000.0,,5855000000.0,1202000000.0,,56261000000.0,23769000000.0,,2.83,sec_edgar:companyfacts
SCHW,us,2022-03-31,2022-05-09T00:00:00,4672000000.0,,1402000000.0,2757000000.0,,48098000000.0,4234000000.0,,0.67,sec_edgar:companyfacts
SCHW,us,2022-06-30,2022-08-08T00:00:00,9765000000.0,,3195000000.0,-5427000000.0,,44513000000.0,1350000000.0,,1.54,sec_edgar:companyfacts
SCHW,us,2022-09-30,2022-11-08T00:00:00,15265000000.0,,5215000000.0,3395000000.0,,37041000000.0,500000000.0,,2.53,sec_edgar:companyfacts
SCHW,us,2022-12-31,2023-02-24T00:00:00,20762000000.0,,7183000000.0,1086000000.0,,36608000000.0,17050000000.0,,3.5,sec_edgar:companyfacts
SCHW,us,2023-03-31,2023-05-08T00:00:00,5116000000.0,,1603000000.0,9618000000.0,,36347000000.0,,,0.83,sec_edgar:companyfacts
SCHW,us,2023-06-30,2023-08-08T00:00:00,9772000000.0,,2897000000.0,4163000000.0,,37147000000.0,,,1.48,sec_edgar:companyfacts
SCHW,us,2023-09-30,2023-11-08T00:00:00,14378000000.0,,4022000000.0,-1087000000.0,,37784000000.0,,,2.03,sec_edgar:companyfacts
SCHW,us,2023-12-31,2024-02-23T00:00:00,18837000000.0,,5067000000.0,18887000000.0,,40958000000.0,,,2.54,sec_edgar:companyfacts
SCHW,us,2024-03-31,2024-05-09T00:00:00,4740000000.0,,1362000000.0,-1498000000.0,,42412000000.0,,,0.68,sec_edgar:companyfacts
SCHW,us,2024-06-30,2024-08-08T00:00:00,9430000000.0,,2694000000.0,-5839000000.0,,43953000000.0,,,1.34,sec_edgar:companyfacts
SCHW,us,2024-09-30,2024-11-08T00:00:00,14277000000.0,,4102000000.0,13131000000.0,,47215000000.0,,,2.05,sec_edgar:companyfacts
SCHW,us,2024-12-31,2025-02-26T00:00:00,19606000000.0,,5942000000.0,2050000000.0,,48375000000.0,,,2.99,sec_edgar:companyfacts
SCHW,us,2025-03-31,2025-05-09T00:00:00,5599000000.0,,1909000000.0,6242000000.0,,49511000000.0,,,0.99,sec_edgar:companyfacts
SCHW,us,2025-06-30,2025-08-08T00:00:00,11450000000.0,,4035000000.0,9291000000.0,,49451000000.0,,,2.07,sec_edgar:companyfacts
SCHW,us,2025-09-30,2025-11-07T00:00:00,17585000000.0,,6393000000.0,9684000000.0,,49384000000.0,,,3.33,sec_edgar:companyfacts
SCHW,us,2025-12-31,2026-02-25T00:00:00,23921000000.0,,8852000000.0,8763000000.0,,49425000000.0,,,4.65,sec_edgar:companyfacts
SCHW,us,2026-03-31,2026-05-08T00:00:00,6482000000.0,,2479000000.0,7202000000.0,,49234000000.0,,,1.37,sec_edgar:companyfacts
SO,us,2007-12-31,2010-02-25T00:00:00,15353000000.0,,,-112000000.0,,,,,2.28,sec_edgar:companyfacts
SO,us,2008-06-30,2009-08-27T00:00:00,7898097000.0,,,-572294000.0,,,,,1.0,sec_edgar:companyfacts
SO,us,2008-09-30,2009-11-06T00:00:00,13324596000.0,,,-223986000.0,,,,,2.01,sec_edgar:companyfacts
SO,us,2008-12-31,2010-02-25T00:00:00,17127000000.0,,,-497000000.0,,,953437000.0,,2.25,sec_edgar:companyfacts
SO,us,2009-03-31,2010-05-07T00:00:00,3666307000.0,,,-735081000.0,,,,,0.16,sec_edgar:companyfacts
SO,us,2009-06-30,2009-08-27T00:00:00,7551471000.0,,,-1573344000.0,,,1093217000.0,796051643.0,0.77,sec_edgar:companyfacts
SO,us,2009-09-30,2009-11-06T00:00:00,12232953000.0,,,-819225000.0,,,1064694000.0,800211378.0,1.76,sec_edgar:companyfacts
SO,us,2009-12-31,2010-02-25T00:00:00,15743000000.0,,,-1407000000.0,,,639000000.0,,2.06,sec_edgar:companyfacts
SO,us,2010-03-31,2010-05-07T00:00:00,4157317000.0,,,-315080000.0,,,769967000.0,824535663.0,0.6,sec_edgar:companyfacts
SO,us,2010-06-30,2010-08-06T00:00:00,8364736000.0,,,-520754000.0,,,881638000.0,830705693.0,1.21,sec_edgar:companyfacts
SO,us,2010-09-30,2010-11-05T00:00:00,13684648000.0,,,632789000.0,,,348399000.0,838671173.0,2.19,sec_edgar:companyfacts
SO,us,2010-12-31,2011-02-25T00:00:00,17456000000.0,,,-95000000.0,,,1297000000.0,,2.36,sec_edgar:companyfacts
SO,us,2011-03-31,2011-05-06T00:00:00,4012000000.0,,,-88000000.0,,,1243000000.0,849122723.0,0.49,sec_edgar:companyfacts
SO,us,2011-06-30,2011-08-05T00:00:00,8533000000.0,,,263000000.0,,,857000000.0,857652680.0,1.2,sec_edgar:companyfacts
SO,us,2011-09-30,2011-11-07T00:00:00,13961000000.0,,,1483000000.0,,,137000000.0,861928103.0,2.26,sec_edgar:companyfacts
SO,us,2011-12-31,2012-02-24T00:00:00,17657000000.0,,,1378000000.0,,,859000000.0,,2.55,sec_edgar:companyfacts
SO,us,2012-03-31,2012-05-07T00:00:00,3604000000.0,,,-663000000.0,,,1029000000.0,868690126.0,0.42,sec_edgar:companyfacts
SO,us,2012-06-30,2012-08-06T00:00:00,7785000000.0,,,-599000000.0,,,453000000.0,874796883.0,1.13,sec_edgar:companyfacts
SO,us,2012-09-30,2012-11-07T00:00:00,12834000000.0,,,486000000.0,,,335000000.0,874105516.0,2.23,sec_edgar:companyfacts
SO,us,2012-12-31,2013-08-06T00:00:00,16537000000.0,,,89000000.0,,18297000000.0,825000000.0,,2.67,sec_edgar:companyfacts
SO,us,2013-03-31,2013-05-10T00:00:00,3897000000.0,,,-460000000.0,,,1294000000.0,870390537.0,0.09,sec_edgar:companyfacts
SO,us,2013-06-30,2013-08-06T00:00:00,8143000000.0,,,-650000000.0,,18040000000.0,1587000000.0,873903083.0,0.43,sec_edgar:companyfacts
SO,us,2013-09-30,2013-11-06T00:00:00,13160000000.0,,,433000000.0,,18778000000.0,750000000.0,881740546.0,1.4,sec_edgar:companyfacts
SO,us,2013-12-31,2014-02-27T00:00:00,17087000000.0,,,634000000.0,,19008000000.0,1482000000.0,,1.87,sec_edgar:companyfacts
SO,us,2014-03-31,2014-05-08T00:00:00,4644000000.0,,,-77000000.0,,19070000000.0,598000000.0,890811428.0,0.39,sec_edgar:companyfacts
SO,us,2014-06-30,2015-03-02T00:00:00,9111000000.0,,,,,,,895696608.0,0.68,sec_edgar:companyfacts
SO,us,2014-09-30,2015-03-02T00:00:00,14450000000.0,,,,,,,899812716.0,0.8,sec_edgar:companyfacts
SO,us,2014-12-31,2015-03-02T00:00:00,18467000000.0,,,-162000000.0,,19949000000.0,803000000.0,,2.18,sec_edgar:companyfacts
SO,us,2015-03-31,2016-05-05T00:00:00,4183000000.0,,,-178000000.0,,,,908261371.0,0.56,sec_edgar:companyfacts
SO,us,2015-06-30,2016-08-08T00:00:00,8520000000.0,,,-132000000.0,,,,908424808.0,0.69,sec_edgar:companyfacts
SO,us,2015-09-30,2016-11-04T00:00:00,13921000000.0,,,1598000000.0,,,,908938919.0,1.05,sec_edgar:companyfacts
SO,us,2015-12-31,2016-02-26T00:00:00,17489000000.0,,,600000000.0,,20592000000.0,1376000000.0,,2.59,sec_edgar:companyfacts
SO,us,2016-03-31,2016-05-05T00:00:00,3965000000.0,,,-1007000000.0,,20797000000.0,1195000000.0,918258425.0,0.53,sec_edgar:companyfacts
SO,us,2016-06-30,2016-08-08T00:00:00,8451000000.0,,,-1371000000.0,,22015000000.0,1372000000.0,941598673.0,1.18,sec_edgar:companyfacts
SO,us,2016-09-30,2016-11-04T00:00:00,14715000000.0,,,-990000000.0,,24547000000.0,1670000000.0,979999480.0,2.36,sec_edgar:companyfacts
SO,us,2016-12-31,2017-02-22T00:00:00,19896000000.0,,,-2416000000.0,,24758000000.0,2241000000.0,,2.55,sec_edgar:companyfacts
SO,us,2017-03-31,2019-02-20T00:00:00,5771000000.0,,658000000.0,-591000000.0,,25094000000.0,2818000000.0,994598783.0,0.66,sec_edgar:companyfacts
SO,us,2017-06-30,2019-02-20T00:00:00,11202000000.0,,-1381000000.0,-656000000.0,,23372000000.0,3274000000.0,999474028.0,-0.72,sec_edgar:companyfacts
SO,us,2017-09-30,2019-02-20T00:00:00,17403000000.0,,1069000000.0,11000000.0,,24082000000.0,2579000000.0,1003627691.0,0.35,sec_edgar:companyfacts
SO,us,2017-12-31,2019-02-20T00:00:00,23031000000.0,,496000000.0,-1028000000.0,,24167000000.0,2439000000.0,,0.84,sec_edgar:companyfacts
SO,us,2018-03-31,2019-02-20T00:00:00,6372000000.0,,938000000.0,-272000000.0,,24676000000.0,4271000000.0,1011624620.0,0.92,sec_edgar:companyfacts
SO,us,2018-06-30,2019-02-20T00:00:00,11999000000.0,,-154000000.0,-570000000.0,,23636000000.0,4981000000.0,1014136083.0,0.77,sec_edgar:companyfacts
SO,us,2018-09-30,2019-02-20T00:00:00,18158000000.0,,1164000000.0,-209000000.0,,24877000000.0,2564000000.0,1028888684.0,1.91,sec_edgar:companyfacts
SO,us,2018-12-31,2019-02-20T00:00:00,5337000000.0,,278000000.0,-1056000000.0,,24723000000.0,2915000000.0,,2.17,sec_edgar:companyfacts
SO,us,2019-03-31,2020-02-20T00:00:00,5412000000.0,,2084000000.0,-934000000.0,,,1251000000.0,1040295732.0,1.99,sec_edgar:companyfacts
SO,us,2019-06-30,2020-02-20T00:00:00,10510000000.0,,899000000.0,-971000000.0,,,1398000000.0,1045231646.0,2.84,sec_edgar:companyfacts
SO,us,2019-09-30,2020-02-20T00:00:00,16505000000.0,,1316000000.0,-536000000.0,,,542000000.0,1048733989.0,4.09,sec_edgar:companyfacts
SO,us,2019-12-31,2020-02-20T00:00:00,4914000000.0,,440000000.0,-1774000000.0,,27505000000.0,2055000000.0,,4.5,sec_edgar:companyfacts
SO,us,2020-03-31,2020-04-30T00:00:00,5018000000.0,,,-666000000.0,,,1710000000.0,1055955711.0,0.81,sec_edgar:companyfacts
SO,us,2020-06-30,2021-07-29T00:00:00,9638000000.0,,1480000000.0,-355000000.0,,,1185000000.0,1056130748.0,1.39,sec_edgar:companyfacts
SO,us,2020-09-30,2021-11-04T00:00:00,15258000000.0,,2732000000.0,-145000000.0,,,171000000.0,1056241993.0,2.57,sec_edgar:companyfacts
SO,us,2020-12-31,2021-02-18T00:00:00,20375000000.0,,,-745000000.0,,27972000000.0,609000000.0,,2.93,sec_edgar:companyfacts
SO,us,2021-03-31,2021-04-29T00:00:00,5910000000.0,,,-436000000.0,,,1092000000.0,1058630385.0,1.06,sec_edgar:companyfacts
SO,us,2021-06-30,2021-07-29T00:00:00,11108000000.0,,1508000000.0,-480000000.0,,,1402000000.0,1058825814.0,1.41,sec_edgar:companyfacts
SO,us,2021-09-30,2021-11-04T00:00:00,17346000000.0,,2608000000.0,-141000000.0,,,707000000.0,1059803931.0,2.44,sec_edgar:companyfacts
SO,us,2021-12-31,2022-02-17T00:00:00,23113000000.0,,,-1071000000.0,,27874000000.0,1440000000.0,,2.24,sec_edgar:companyfacts
SO,us,2022-03-31,2022-04-28T00:00:00,6648000000.0,,,173000000.0,,,2330000000.0,1062524675.0,0.97,sec_edgar:companyfacts
SO,us,2022-06-30,2022-07-28T00:00:00,13854000000.0,,2139000000.0,366000000.0,,,2510000000.0,1063001320.0,2.0,sec_edgar:companyfacts
SO,us,2022-09-30,2022-10-27T00:00:00,22232000000.0,,3611000000.0,-485000000.0,,,1398000000.0,1088672828.0,3.36,sec_edgar:companyfacts
SO,us,2022-12-31,2023-02-16T00:00:00,29279000000.0,,,-1621000000.0,,30408000000.0,2609000000.0,,3.26,sec_edgar:companyfacts
SO,us,2023-03-31,2023-04-27T00:00:00,6480000000.0,,,-1006000000.0,,,2554000000.0,1090402540.0,0.79,sec_edgar:companyfacts
SO,us,2023-06-30,2023-08-03T00:00:00,12228000000.0,,,-998000000.0,,,1647000000.0,1090546579.0,1.55,sec_edgar:companyfacts
SO,us,2023-09-30,2023-11-02T00:00:00,19208000000.0,,,-821000000.0,,,1726000000.0,1090619349.0,2.84,sec_edgar:companyfacts
SO,us,2023-12-31,2026-02-19T00:00:00,25253000000.0,,3976000000.0,-1542000000.0,,31444000000.0,2314000000.0,,3.62,sec_edgar:companyfacts
SO,us,2024-03-31,2024-05-02T00:00:00,6646000000.0,,,-459000000.0,,,2445000000.0,1093426111.0,1.03,sec_edgar:companyfacts
SO,us,2024-06-30,2025-07-31T00:00:00,13109000000.0,,2332000000.0,104000000.0,,,1334000000.0,1094565737.0,2.12,sec_edgar:companyfacts
SO,us,2024-09-30,2025-10-30T00:00:00,20383000000.0,,3867000000.0,1409000000.0,,,722000000.0,1095684180.0,3.51,sec_edgar:companyfacts
SO,us,2024-12-31,2026-02-19T00:00:00,26724000000.0,,4401000000.0,833000000.0,,33208000000.0,1338000000.0,,3.99,sec_edgar:companyfacts
SO,us,2025-03-31,2026-04-30T00:00:00,7775000000.0,,1334000000.0,-1187000000.0,,,514000000.0,1099055064.0,1.21,sec_edgar:companyfacts
SO,us,2025-06-30,2025-07-31T00:00:00,14748000000.0,,2214000000.0,-1806000000.0,,,988000000.0,1100047407.0,2.0,sec_edgar:companyfacts
SO,us,2025-09-30,2025-10-30T00:00:00,22572000000.0,,3925000000.0,-1247000000.0,,,144000000.0,1101104843.0,3.54,sec_edgar:companyfacts
SO,us,2025-12-31,2026-02-19T00:00:00,29553000000.0,,4341000000.0,-2935000000.0,,36016000000.0,722000000.0,,3.92,sec_edgar:companyfacts
SO,us,2026-03-31,2026-04-30T00:00:00,8397000000.0,,1356000000.0,-1718000000.0,,,1673000000.0,1127301098.0,1.2,sec_edgar:companyfacts
SPG,us,2007-12-31,2010-02-25T00:00:00,3650799000.0,,,,,,,,1.95,sec_edgar:companyfacts
SPG,us,2008-06-30,2009-09-04T00:00:00,1818245000.0,,,,,,,,0.73,sec_edgar:companyfacts
SPG,us,2008-09-30,2009-11-05T00:00:00,2753839000.0,,,,,,,,1.23,sec_edgar:companyfacts
SPG,us,2008-12-31,2010-02-25T00:00:00,3783155000.0,,,,,2612998000.0,,,1.87,sec_edgar:companyfacts
SPG,us,2009-03-31,2010-05-10T00:00:00,918492000.0,,,,,,,,0.45,sec_edgar:companyfacts
SPG,us,2009-06-30,2009-09-04T00:00:00,1822104000.0,,,,,4229908000.0,,,0.34,sec_edgar:companyfacts
SPG,us,2009-09-30,2009-11-05T00:00:00,2747036000.0,,,,,4372425000.0,,,0.73,sec_edgar:companyfacts
SPG,us,2009-12-31,2010-02-25T00:00:00,3775216000.0,,,,,4458137000.0,,,1.05,sec_edgar:companyfacts
SPG,us,2010-03-31,2010-05-10T00:00:00,925071000.0,,,,,4436420000.0,,,0.03,sec_edgar:companyfacts
SPG,us,2010-06-30,2010-08-06T00:00:00,1858637000.0,,,,,4589417000.0,,,0.56,sec_edgar:companyfacts
SPG,us,2010-09-30,2010-11-05T00:00:00,2837912000.0,,,,,4805056000.0,,,1.35,sec_edgar:companyfacts
SPG,us,2010-12-31,2011-02-25T00:00:00,3957630000.0,,,,,4830780000.0,17468732000.0,,2.1,sec_edgar:companyfacts
SPG,us,2011-03-31,2011-05-06T00:00:00,1019874000.0,,,,,4788915000.0,,,0.61,sec_edgar:companyfacts
SPG,us,2011-06-30,2011-08-05T00:00:00,2060735000.0,,,,,4795207000.0,,,1.31,sec_edgar:companyfacts
SPG,us,2011-09-30,2012-11-07T00:00:00,3135094000.0,,,,,4641324000.0,,,2.24,sec_edgar:companyfacts
SPG,us,2011-12-31,2013-02-28T00:00:00,4306432000.0,,,,,4649666000.0,18421368000.0,8000.0,3.48,sec_edgar:companyfacts
SPG,us,2012-03-31,2013-05-08T00:00:00,1118969000.0,,,,,6077906000.0,,,2.18,sec_edgar:companyfacts
SPG,us,2012-06-30,2012-08-08T00:00:00,2307035000.0,,,,,5945181000.0,,,2.87,sec_edgar:companyfacts
SPG,us,2012-09-30,2012-11-07T00:00:00,3535652000.0,,,,,5841677000.0,,,3.71,sec_edgar:companyfacts
SPG,us,2012-12-31,2013-02-28T00:00:00,4880084000.0,,,,,5910603000.0,,8000.0,4.72,sec_edgar:companyfacts
SPG,us,2013-03-31,2013-05-08T00:00:00,1215058000.0,,,,,5845526000.0,,,0.91,sec_edgar:companyfacts
SPG,us,2013-06-30,2013-08-07T00:00:00,2451621000.0,,,,,5834749000.0,,,2.01,sec_edgar:companyfacts
SPG,us,2013-09-30,2013-11-06T00:00:00,3753877000.0,,,,,5828819000.0,,,3.01,sec_edgar:companyfacts
SPG,us,2013-12-31,2014-02-27T00:00:00,5170138000.0,,,,,5849406000.0,,,4.24,sec_edgar:companyfacts
SPG,us,2014-03-31,2014-05-07T00:00:00,1314991000.0,,,,,5874293000.0,,,1.1,sec_edgar:companyfacts
SPG,us,2014-06-30,2014-08-07T00:00:00,2339004000.0,,,,,5233264000.0,,,2.41,sec_edgar:companyfacts
SPG,us,2014-09-30,2014-11-05T00:00:00,3573698000.0,,,,,5021321000.0,,,3.22,sec_edgar:companyfacts
SPG,us,2014-12-31,2017-02-24T00:00:00,4870818000.0,,,1933684000.0,,5093177000.0,,,,sec_edgar:companyfacts
SPG,us,2015-03-31,2016-05-05T00:00:00,1216235000.0,,,445569000.0,,4936445000.0,,,,sec_edgar:companyfacts
SPG,us,2015-06-30,2016-08-04T00:00:00,2565345000.0,,,994356000.0,,4442881000.0,,,,sec_edgar:companyfacts
SPG,us,2015-09-30,2016-11-03T00:00:00,3885482000.0,,,1445978000.0,,4392341000.0,,,,sec_edgar:companyfacts
SPG,us,2015-12-31,2017-02-24T00:00:00,5266103000.0,,,2003761000.0,,4471464000.0,22416682000.0,,,sec_edgar:companyfacts
SPG,us,2016-03-31,2016-05-05T00:00:00,1336715000.0,,,531426000.0,,4590584000.0,,,,sec_edgar:companyfacts
SPG,us,2016-06-30,2017-08-04T00:00:00,2652095000.0,,,1310491000.0,,4621091000.0,22923941000.0,,,sec_edgar:companyfacts
SPG,us,2016-09-30,2017-10-30T00:00:00,4009263000.0,,,1955577000.0,,4628997000.0,23078515000.0,,,sec_edgar:companyfacts
SPG,us,2016-12-31,2017-02-24T00:00:00,5435229000.0,,,2574229000.0,,4310448000.0,22977104000.0,,,sec_edgar:companyfacts
SPG,us,2017-03-31,2018-05-03T00:00:00,1345763000.0,,,637098000.0,,4107267000.0,23149053000.0,,,sec_edgar:companyfacts
SPG,us,2017-06-30,2017-08-04T00:00:00,2707311000.0,,,1490635000.0,,3726715000.0,23422685000.0,,,sec_edgar:companyfacts
SPG,us,2017-09-30,2017-10-30T00:00:00,4110948000.0,,,2232132000.0,,3685142000.0,23410357000.0,,,sec_edgar:companyfacts
SPG,us,2017-12-31,2018-02-23T00:00:00,5538640000.0,,,2861688000.0,,3686168000.0,24632463000.0,,,sec_edgar:companyfacts
SPG,us,2018-03-31,2018-05-03T00:00:00,1399814000.0,,,670721000.0,,3505906000.0,23647623000.0,,,sec_edgar:companyfacts
SPG,us,2018-06-30,2018-08-02T00:00:00,2788172000.0,,,1502108000.0,,3371024000.0,23505002000.0,,,sec_edgar:companyfacts
SPG,us,2018-09-30,2018-11-02T00:00:00,4197177000.0,,,2165209000.0,,3383616000.0,23678264000.0,,,sec_edgar:companyfacts
SPG,us,2018-12-31,2019-02-22T00:00:00,5657919000.0,,,2968887000.0,,3296681000.0,23305535000.0,,,sec_edgar:companyfacts
SPG,us,2019-03-31,2019-05-08T00:00:00,1452834000.0,,,620566000.0,,3212959000.0,23185965000.0,,,sec_edgar:companyfacts
SPG,us,2019-06-30,2019-08-07T00:00:00,2850019000.0,,,1484221000.0,,2919665000.0,23324679000.0,,,sec_edgar:companyfacts
SPG,us,2019-09-30,2019-11-06T00:00:00,4266574000.0,,,2225509000.0,,2672529000.0,26643879000.0,,,sec_edgar:companyfacts
SPG,us,2019-12-31,2020-02-21T00:00:00,5755189000.0,,,2931820000.0,,2526398000.0,24163230000.0,,,sec_edgar:companyfacts
SPG,us,2020-03-31,2022-02-24T00:00:00,1353360000.0,,,528093000.0,,2181599000.0,27553413000.0,,1.43,sec_edgar:companyfacts
SPG,us,2020-06-30,2022-02-24T00:00:00,2415401000.0,,,476845000.0,,2029340000.0,27268883000.0,,0.83,sec_edgar:companyfacts
SPG,us,2020-09-30,2021-11-03T00:00:00,3476074000.0,,,1035617000.0,,1752851000.0,25139682000.0,,2.74,sec_edgar:companyfacts
SPG,us,2020-12-31,2022-02-24T00:00:00,4607503000.0,,,1842579000.0,,3039472000.0,26723361000.0,,0.86,sec_edgar:companyfacts
SPG,us,2021-03-31,2022-02-24T00:00:00,1239951000.0,,,760954000.0,,3064233000.0,26156520000.0,,1.36,sec_edgar:companyfacts
SPG,us,2021-06-30,2022-02-24T00:00:00,2494097000.0,,,1649080000.0,,3231798000.0,26231704000.0,,1.88,sec_edgar:companyfacts
SPG,us,2021-09-30,2021-11-03T00:00:00,3790652000.0,,,2332994000.0,,3378098000.0,25584372000.0,,5.3,sec_edgar:companyfacts
SPG,us,2021-12-31,2022-02-24T00:00:00,5116789000.0,,,3109467000.0,,3361452000.0,25321022000.0,,1.53,sec_edgar:companyfacts
SPG,us,2022-03-31,2022-05-09T00:00:00,1295922000.0,,,637220000.0,,3255647000.0,25169837000.0,,1.3,sec_edgar:companyfacts
SPG,us,2022-06-30,2022-08-04T00:00:00,2575763000.0,,,1583466000.0,,3071332000.0,24885968000.0,,2.81,sec_edgar:companyfacts
SPG,us,2022-09-30,2022-11-03T00:00:00,3891550000.0,,,2369075000.0,,3021525000.0,24640370000.0,,4.46,sec_edgar:companyfacts
SPG,us,2022-12-31,2023-02-23T00:00:00,5291447000.0,,,3116580000.0,,3138524000.0,24960286000.0,,2.06,sec_edgar:companyfacts
SPG,us,2023-03-31,2023-05-04T00:00:00,1350849000.0,,,662611000.0,,3003513000.0,25569968000.0,,1.38,sec_edgar:companyfacts
SPG,us,2023-06-30,2023-08-03T00:00:00,2720450000.0,,,1570874000.0,,2871637000.0,24990480000.0,,2.87,sec_edgar:companyfacts
SPG,us,2023-09-30,2023-11-02T00:00:00,4131398000.0,,,2279045000.0,,2952734000.0,24916760000.0,,4.68,sec_edgar:companyfacts
SPG,us,2023-12-31,2024-02-22T00:00:00,5658836000.0,,,3137510000.0,,3022834000.0,26033423000.0,,6.98,sec_edgar:companyfacts
SPG,us,2024-03-31,2024-05-07T00:00:00,1442590000.0,,,610129000.0,,3106105000.0,25519340000.0,,2.25,sec_edgar:companyfacts
SPG,us,2024-06-30,2024-08-07T00:00:00,2900856000.0,,,1484912000.0,,2944586000.0,25287745000.0,,3.76,sec_edgar:companyfacts
SPG,us,2024-09-30,2024-11-08T00:00:00,4381566000.0,,,2191392000.0,,2713136000.0,25417558000.0,,5.22,sec_edgar:companyfacts
SPG,us,2024-12-31,2025-02-21T00:00:00,5963798000.0,,,3059071000.0,,2941925000.0,24264495000.0,,7.26,sec_edgar:companyfacts
SPG,us,2025-03-31,2025-05-12T00:00:00,1473012000.0,,,597017000.0,,2605575000.0,24753200000.0,,1.27,sec_edgar:companyfacts
SPG,us,2025-06-30,2025-08-07T00:00:00,2971472000.0,,,1568325000.0,,2451508000.0,25401250000.0,,2.97,sec_edgar:companyfacts
SPG,us,2025-09-30,2025-11-06T00:00:00,4573043000.0,,,2253362000.0,,2349611000.0,25789055000.0,,4.83,sec_edgar:companyfacts
SPG,us,2025-12-31,2026-02-25T00:00:00,6364505000.0,,,3202205000.0,,5208268000.0,28430175000.0,,14.17,sec_edgar:companyfacts
SPG,us,2026-03-31,2026-05-11T00:00:00,1757093000.0,,,624982000.0,,4858757000.0,28247682000.0,,1.48,sec_edgar:companyfacts
T,us,2006-12-31,2010-02-25T00:00:00,,,,,,115926000000.0,,,,sec_edgar:companyfacts
T,us,2007-12-31,2010-02-25T00:00:00,118928000000.0,,11951000000.0,,,115747000000.0,,,1.94,sec_edgar:companyfacts
T,us,2008-06-30,2009-08-05T00:00:00,61610000000.0,,7233000000.0,,,,,,1.21,sec_edgar:companyfacts
T,us,2008-09-30,2009-11-05T00:00:00,92952000000.0,,10463000000.0,,,,,,1.75,sec_edgar:companyfacts
T,us,2008-12-31,2010-02-25T00:00:00,124028000000.0,,12867000000.0,,,96750000000.0,14119000000.0,,2.16,sec_edgar:companyfacts
T,us,2009-03-31,2010-05-06T00:00:00,30571000000.0,,3126000000.0,,,,,,0.53,sec_edgar:companyfacts
T,us,2009-06-30,2009-08-05T00:00:00,61305000000.0,,6324000000.0,,,99012000000.0,10155000000.0,5900000000.0,1.07,sec_edgar:companyfacts
T,us,2009-09-30,2009-11-05T00:00:00,92160000000.0,,9516000000.0,,,100001000000.0,6755000000.0,,1.61,sec_edgar:companyfacts
T,us,2009-12-31,2010-02-25T00:00:00,123018000000.0,,12535000000.0,,,102325000000.0,79409000000.0,,2.12,sec_edgar:companyfacts
T,us,2010-03-31,2010-05-06T00:00:00,30649000000.0,,2475000000.0,,,102466000000.0,9437000000.0,,0.42,sec_edgar:companyfacts
T,us,2010-06-30,2010-08-06T00:00:00,61338000000.0,,6498000000.0,,,103483000000.0,9721000000.0,,1.1,sec_edgar:companyfacts
T,us,2010-09-30,2010-11-05T00:00:00,92919000000.0,,18837000000.0,,,113293000000.0,6426000000.0,,3.17,sec_edgar:companyfacts
T,us,2010-12-31,2011-03-01T00:00:00,124280000000.0,,19864000000.0,,,111950000000.0,71711000000.0,0.0,3.35,sec_edgar:companyfacts
T,us,2011-03-31,2011-05-06T00:00:00,31247000000.0,,3408000000.0,,,112843000000.0,6902000000.0,,0.57,sec_edgar:companyfacts
T,us,2011-06-30,2011-08-05T00:00:00,62742000000.0,,6999000000.0,,,114109000000.0,7910000000.0,,1.18,sec_edgar:companyfacts
T,us,2011-09-30,2011-11-03T00:00:00,94220000000.0,,10622000000.0,,,113882000000.0,8900000000.0,,1.79,sec_edgar:companyfacts
T,us,2011-12-31,2014-02-21T00:00:00,126723000000.0,,3944000000.0,14538000000.0,,105797000000.0,68206000000.0,,0.66,sec_edgar:companyfacts
T,us,2012-03-31,2012-05-04T00:00:00,31822000000.0,,3584000000.0,,,105187000000.0,6775000000.0,,0.6,sec_edgar:companyfacts
T,us,2012-06-30,2012-08-03T00:00:00,63397000000.0,,7486000000.0,,,103579000000.0,3402000000.0,,1.27,sec_edgar:companyfacts
T,us,2012-09-30,2012-11-02T00:00:00,94856000000.0,,11121000000.0,,,101274000000.0,3433000000.0,,1.9,sec_edgar:companyfacts
T,us,2012-12-31,2014-02-21T00:00:00,127434000000.0,,7264000000.0,19711000000.0,,92695000000.0,3486000000.0,,1.25,sec_edgar:companyfacts
T,us,2013-03-31,2013-05-03T00:00:00,31356000000.0,,3700000000.0,,,88338000000.0,3446000000.0,,0.67,sec_edgar:companyfacts
T,us,2013-06-30,2013-08-02T00:00:00,63431000000.0,,7522000000.0,,,86315000000.0,3256000000.0,,1.38,sec_edgar:companyfacts
T,us,2013-09-30,2013-11-01T00:00:00,95589000000.0,,11336000000.0,,,86130000000.0,7873000000.0,,2.09,sec_edgar:companyfacts
T,us,2013-12-31,2014-02-21T00:00:00,128752000000.0,,18249000000.0,13852000000.0,,91482000000.0,5498000000.0,,3.39,sec_edgar:companyfacts
T,us,2014-03-31,2014-05-02T00:00:00,32476000000.0,,3652000000.0,,,91369000000.0,8301000000.0,,0.7,sec_edgar:companyfacts
T,us,2014-06-30,2014-08-01T00:00:00,65051000000.0,,7199000000.0,,,92625000000.0,10482000000.0,,1.38,sec_edgar:companyfacts
T,us,2014-09-30,2014-11-10T00:00:00,98008000000.0,,10201000000.0,,,93119000000.0,5109000000.0,,1.95,sec_edgar:companyfacts
T,us,2014-12-31,2015-02-20T00:00:00,132447000000.0,,6224000000.0,10139000000.0,,86924000000.0,6056000000.0,,1.19,sec_edgar:companyfacts
T,us,2015-03-31,2015-05-05T00:00:00,32576000000.0,,3200000000.0,,,87104000000.0,8181000000.0,,0.61,sec_edgar:companyfacts
T,us,2015-06-30,2015-08-07T00:00:00,65591000000.0,,6244000000.0,,,87501000000.0,8603000000.0,,1.2,sec_edgar:companyfacts
T,us,2015-09-30,2015-11-06T00:00:00,104682000000.0,,9339000000.0,,,122789000000.0,7535000000.0,,1.71,sec_edgar:companyfacts
T,us,2015-12-31,2016-02-18T00:00:00,146801000000.0,,13345000000.0,16662000000.0,,123640000000.0,7636000000.0,,2.37,sec_edgar:companyfacts
T,us,2016-03-31,2016-05-05T00:00:00,40535000000.0,,3803000000.0,,,124405000000.0,8399000000.0,,0.61,sec_edgar:companyfacts
T,us,2016-06-30,2016-08-04T00:00:00,81055000000.0,,7211000000.0,,,124371000000.0,9528000000.0,,1.17,sec_edgar:companyfacts
T,us,2016-09-30,2016-11-03T00:00:00,121945000000.0,,10539000000.0,,,124603000000.0,7982000000.0,,1.7,sec_edgar:companyfacts
T,us,2016-12-31,2018-02-20T00:00:00,163786000000.0,,12976000000.0,17828000000.0,,124110000000.0,9832000000.0,,2.1,sec_edgar:companyfacts
T,us,2017-03-31,2017-05-04T00:00:00,39365000000.0,,3469000000.0,,,124981000000.0,12681000000.0,,0.56,sec_edgar:companyfacts
T,us,2017-06-30,2018-08-02T00:00:00,79202000000.0,,7384000000.0,,,125858000000.0,10831000000.0,,1.19,sec_edgar:companyfacts
T,us,2017-09-30,2018-11-02T00:00:00,118870000000.0,,10413000000.0,,,126109000000.0,8551000000.0,,1.69,sec_edgar:companyfacts
T,us,2017-12-31,2018-02-20T00:00:00,160546000000.0,,29450000000.0,18504000000.0,,142007000000.0,38374000000.0,,4.76,sec_edgar:companyfacts
T,us,2018-03-31,2019-05-06T00:00:00,38038000000.0,,4662000000.0,,,147076000000.0,29322000000.0,,0.75,sec_edgar:companyfacts
T,us,2018-06-30,2018-08-02T00:00:00,77024000000.0,,9794000000.0,,,184130000000.0,21672000000.0,,1.56,sec_edgar:companyfacts
T,us,2018-09-30,2018-11-02T00:00:00,122763000000.0,,14512000000.0,,,184971000000.0,14905000000.0,,2.19,sec_edgar:companyfacts
T,us,2018-12-31,2019-02-20T00:00:00,170756000000.0,,19370000000.0,,,193884000000.0,10255000000.0,,2.85,sec_edgar:companyfacts
T,us,2019-03-31,2019-05-06T00:00:00,44827000000.0,,4096000000.0,,,194951000000.0,11538000000.0,,0.56,sec_edgar:companyfacts
T,us,2019-06-30,2019-08-05T00:00:00,89784000000.0,,7809000000.0,,,194081000000.0,12772000000.0,,1.06,sec_edgar:companyfacts
T,us,2019-09-30,2019-11-05T00:00:00,134372000000.0,,11509000000.0,,,194327000000.0,11608000000.0,,1.57,sec_edgar:companyfacts
T,us,2019-12-31,2020-02-20T00:00:00,181193000000.0,,13903000000.0,,,201934000000.0,172947000000.0,,1.89,sec_edgar:companyfacts
T,us,2020-03-31,2020-05-06T00:00:00,42779000000.0,,4610000000.0,,,195449000000.0,17067000000.0,,0.63,sec_edgar:companyfacts
T,us,2020-06-30,2020-08-05T00:00:00,83729000000.0,,5891000000.0,,,193453000000.0,184540000000.0,,0.81,sec_edgar:companyfacts
T,us,2020-09-30,2020-11-05T00:00:00,126069000000.0,,8707000000.0,,,195056000000.0,164776000000.0,,1.19,sec_edgar:companyfacts
T,us,2020-12-31,2021-02-25T00:00:00,171760000000.0,,-5176000000.0,,,179240000000.0,158679000000.0,,-0.75,sec_edgar:companyfacts
T,us,2021-03-31,2021-05-06T00:00:00,43939000000.0,,7550000000.0,,,183079000000.0,199704000000.0,,1.04,sec_edgar:companyfacts
T,us,2021-06-30,2021-08-05T00:00:00,87984000000.0,,9120000000.0,,,179846000000.0,203799000000.0,,1.25,sec_edgar:companyfacts
T,us,2021-09-30,2021-11-04T00:00:00,127906000000.0,,15038000000.0,,,181303000000.0,202916000000.0,,2.07,sec_edgar:companyfacts
T,us,2021-12-31,2022-02-16T00:00:00,168864000000.0,,20081000000.0,,,183855000000.0,193777000000.0,,2.76,sec_edgar:companyfacts
T,us,2022-03-31,2022-05-03T00:00:00,38105000000.0,,4810000000.0,,,186556000000.0,27333000000.0,,0.65,sec_edgar:companyfacts
T,us,2022-06-30,2022-08-04T00:00:00,59355000000.0,,8967000000.0,,,135307000000.0,6210000000.0,,1.21,sec_edgar:companyfacts
T,us,2022-09-30,2022-11-03T00:00:00,89398000000.0,,14993000000.0,,,139978000000.0,9626000000.0,,2.01,sec_edgar:companyfacts
T,us,2022-12-31,2023-02-13T00:00:00,120741000000.0,,-8524000000.0,,,106457000000.0,140674000000.0,,-1.13,sec_edgar:companyfacts
T,us,2023-03-31,2024-05-02T00:00:00,30139000000.0,,4228000000.0,,,108346000000.0,13757000000.0,,0.57,sec_edgar:companyfacts
T,us,2023-06-30,2024-07-25T00:00:00,60056000000.0,,8717000000.0,,,116075000000.0,15268000000.0,,1.19,sec_edgar:companyfacts
T,us,2023-09-30,2024-10-29T00:00:00,90406000000.0,,12212000000.0,,,117855000000.0,11302000000.0,,1.67,sec_edgar:companyfacts
T,us,2023-12-31,2026-02-09T00:00:00,122428000000.0,,14400000000.0,,,117442000000.0,142879000000.0,,1.97,sec_edgar:companyfacts
T,us,2024-03-31,2024-05-02T00:00:00,30028000000.0,,3445000000.0,,,118620000000.0,7060000000.0,,0.47,sec_edgar:companyfacts
T,us,2024-06-30,2024-07-25T00:00:00,59825000000.0,,7042000000.0,,,119347000000.0,5249000000.0,,0.96,sec_edgar:companyfacts
T,us,2024-09-30,2024-10-29T00:00:00,90038000000.0,,6868000000.0,,,116282000000.0,2637000000.0,,0.93,sec_edgar:companyfacts
T,us,2024-12-31,2026-02-09T00:00:00,122336000000.0,,10948000000.0,,,118245000000.0,127205000000.0,,1.49,sec_edgar:companyfacts
T,us,2025-03-31,2025-04-29T00:00:00,30626000000.0,,4351000000.0,,,119858000000.0,8902000000.0,,0.61,sec_edgar:companyfacts
T,us,2025-06-30,2025-07-24T00:00:00,61473000000.0,,8851000000.0,,,121394000000.0,9254000000.0,,1.22,sec_edgar:companyfacts
T,us,2025-09-30,2025-10-31T00:00:00,92182000000.0,,18165000000.0,,,126755000000.0,11378000000.0,,2.51,sec_edgar:companyfacts
T,us,2025-12-31,2026-02-09T00:00:00,125648000000.0,,21953000000.0,,,126491000000.0,143729000000.0,,3.04,sec_edgar:companyfacts
T,us,2026-03-31,2026-04-27T00:00:00,31506000000.0,,3829000000.0,,,125619000000.0,6818000000.0,,0.54,sec_edgar:companyfacts
TGT,us,2008-02-02,2010-03-12T00:00:00,63367000000.0,,,-244000000.0,,,,,3.33,sec_edgar:companyfacts
TGT,us,2008-08-02,2009-08-28T00:00:00,30274000000.0,,,-202000000.0,,,,755000000.0,1.56,sec_edgar:companyfacts
TGT,us,2008-11-01,2009-12-04T00:00:00,45388000000.0,,,-1047000000.0,,,,752800000.0,2.06,sec_edgar:companyfacts
TGT,us,2009-01-31,2012-03-15T00:00:00,64948000000.0,,,883000000.0,,13712000000.0,,752700000.0,2.86,sec_edgar:companyfacts
TGT,us,2009-05-02,2010-05-28T00:00:00,14833000000.0,,,459000000.0,,,,752000000.0,0.69,sec_edgar:companyfacts
TGT,us,2009-08-01,2009-08-28T00:00:00,29900000000.0,,,1009000000.0,,,,751900000.0,1.48,sec_edgar:companyfacts
TGT,us,2009-10-31,2009-12-04T00:00:00,45176000000.0,,,1587000000.0,,,,752200000.0,2.06,sec_edgar:companyfacts
TGT,us,2010-01-30,2011-11-23T00:00:00,65357000000.0,,,4152000000.0,,15347000000.0,,744644454.0,3.3,sec_edgar:companyfacts
TGT,us,2010-05-01,2010-05-28T00:00:00,15593000000.0,,,751000000.0,,,,738900000.0,0.9,sec_edgar:companyfacts
TGT,us,2010-07-31,2010-08-27T00:00:00,31124000000.0,,,837000000.0,,,,722600000.0,1.82,sec_edgar:companyfacts
TGT,us,2010-10-30,2011-11-23T00:00:00,46729000000.0,,,1245000000.0,,14879000000.0,,707900000.0,2.57,sec_edgar:companyfacts
TGT,us,2011-01-29,2011-11-23T00:00:00,67390000000.0,,,3142000000.0,,15487000000.0,15241000000.0,704038218.0,4.0,sec_edgar:companyfacts
TGT,us,2011-04-30,2012-05-23T00:00:00,15935000000.0,,,420000000.0,,15230000000.0,,689000000.0,0.99,sec_edgar:companyfacts
TGT,us,2011-07-30,2012-08-23T00:00:00,32175000000.0,,,-43000000.0,,15106000000.0,850000000.0,675200000.0,2.02,sec_edgar:companyfacts
TGT,us,2011-10-29,2011-11-23T00:00:00,48577000000.0,,,,,15264000000.0,1211000000.0,671400000.0,2.84,sec_edgar:companyfacts
TGT,us,2012-01-28,2012-03-15T00:00:00,69865000000.0,,,,,15821000000.0,15680000000.0,669292929.0,4.28,sec_edgar:companyfacts
TGT,us,2012-04-28,2012-05-23T00:00:00,16867000000.0,,,,,15863000000.0,,661000000.0,1.04,sec_edgar:companyfacts
TGT,us,2012-07-28,2012-08-23T00:00:00,33646000000.0,,,,,15897000000.0,,653900000.0,2.1,sec_edgar:companyfacts
TGT,us,2012-10-27,2012-11-21T00:00:00,50575000000.0,,,,,16352000000.0,,654500000.0,3.06,sec_edgar:companyfacts
TGT,us,2013-02-02,2015-03-13T00:00:00,73301000000.0,,,2048000000.0,,16558000000.0,15618000000.0,645294423.0,4.52,sec_edgar:companyfacts
TGT,us,2013-05-04,2013-05-30T00:00:00,16706000000.0,,,,,16520000000.0,,641253199.0,0.77,sec_edgar:companyfacts
TGT,us,2013-08-03,2013-08-28T00:00:00,33823000000.0,,,,,16020000000.0,,630924647.0,1.72,sec_edgar:companyfacts
TGT,us,2013-11-02,2013-11-27T00:00:00,51081000000.0,,,,,16156000000.0,,631759510.0,2.26,sec_edgar:companyfacts
TGT,us,2014-02-01,2015-03-13T00:00:00,72596000000.0,,,3067000000.0,,16231000000.0,11678000000.0,632930740.0,3.07,sec_edgar:companyfacts
TGT,us,2014-05-03,2015-05-28T00:00:00,,,,-41000000.0,,16486000000.0,,633613396.0,0.66,sec_edgar:companyfacts
TGT,us,2014-08-02,2015-08-25T00:00:00,,,,462000000.0,,16433000000.0,,633644605.0,1.02,sec_edgar:companyfacts
TGT,us,2014-11-01,2015-11-25T00:00:00,,,,480000000.0,,16373000000.0,,634378337.0,1.57,sec_edgar:companyfacts
TGT,us,2015-01-31,2015-03-13T00:00:00,72618000000.0,,,2653000000.0,,13997000000.0,11946000000.0,640213987.0,-2.56,sec_edgar:companyfacts
TGT,us,2015-05-02,2015-05-28T00:00:00,,,,1199000000.0,,14174000000.0,,638408643.0,0.98,sec_edgar:companyfacts
TGT,us,2015-08-01,2015-08-25T00:00:00,,,,2079000000.0,,13942000000.0,,630446029.0,2.16,sec_edgar:companyfacts
TGT,us,2015-10-31,2015-11-25T00:00:00,,,,2631000000.0,,13256000000.0,,618604168.0,3.03,sec_edgar:companyfacts
TGT,us,2016-01-30,2016-03-11T00:00:00,,,,4406000000.0,,12957000000.0,11859000000.0,602226517.0,5.31,sec_edgar:companyfacts
TGT,us,2016-04-30,2016-05-25T00:00:00,,,,-38000000.0,,12545000000.0,,593583619.0,1.05,sec_edgar:companyfacts
TGT,us,2016-07-30,2016-08-24T00:00:00,,,,804000000.0,,11577000000.0,,574801225.0,2.2,sec_edgar:companyfacts
TGT,us,2016-10-29,2016-11-23T00:00:00,,,,1697000000.0,,11069000000.0,,563676785.0,3.26,sec_edgar:companyfacts
TGT,us,2017-01-28,2017-03-08T00:00:00,,,,3889000000.0,,10953000000.0,11715000000.0,556156228.0,4.7,sec_edgar:companyfacts
TGT,us,2017-04-29,2017-05-22T00:00:00,,,,817000000.0,,11021000000.0,,551657501.0,1.23,sec_edgar:companyfacts
TGT,us,2017-07-29,2017-08-21T00:00:00,,,,1720000000.0,,11098000000.0,,546183291.0,2.44,sec_edgar:companyfacts
TGT,us,2017-10-28,2017-11-20T00:00:00,,,,2440000000.0,,11137000000.0,,543913318.0,3.32,sec_edgar:companyfacts
TGT,us,2018-02-03,2018-03-14T00:00:00,,,,4390000000.0,,11709000000.0,10440000000.0,541681670.0,5.33,sec_edgar:companyfacts
TGT,us,2018-05-05,2019-11-27T00:00:00,,,718000000.0,-313000000.0,,11158000000.0,,532916612.0,1.33,sec_edgar:companyfacts
TGT,us,2018-08-04,2019-11-27T00:00:00,,,799000000.0,868000000.0,,11167000000.0,,526112846.0,2.82,sec_edgar:companyfacts
TGT,us,2018-11-03,2019-11-27T00:00:00,,,2139000000.0,751000000.0,,11080000000.0,,521810597.0,3.99,sec_edgar:companyfacts
TGT,us,2019-02-02,2019-11-27T00:00:00,,,799000000.0,2457000000.0,,11297000000.0,10247000000.0,517761600.0,5.51,sec_edgar:companyfacts
TGT,us,2019-05-04,2019-11-27T00:00:00,,,795000000.0,-332000000.0,,11117000000.0,,512312434.0,1.53,sec_edgar:companyfacts
TGT,us,2019-08-03,2019-11-27T00:00:00,,,938000000.0,1418000000.0,,11836000000.0,,511335375.0,3.35,sec_edgar:companyfacts
TGT,us,2019-11-02,2019-11-27T00:00:00,,,2447000000.0,1756000000.0,,11545000000.0,,506677740.0,4.74,sec_edgar:companyfacts
TGT,us,2020-02-01,2020-05-29T00:00:00,,,834000000.0,4090000000.0,,11833000000.0,9992000000.0,504198962.0,6.36,sec_edgar:companyfacts
TGT,us,2020-05-02,2020-05-29T00:00:00,,,284000000.0,533000000.0,,11169000000.0,,499919691.0,0.56,sec_edgar:companyfacts
TGT,us,2020-08-01,2020-08-28T00:00:00,,,1974000000.0,3702000000.0,,12578000000.0,,500252831.0,3.91,sec_edgar:companyfacts
TGT,us,2020-10-31,2020-11-25T00:00:00,,,2988000000.0,5035000000.0,,13319000000.0,,500754729.0,5.91,sec_edgar:companyfacts
TGT,us,2021-01-30,2021-05-28T00:00:00,,,1380000000.0,7876000000.0,,14440000000.0,10643000000.0,500877129.0,8.64,sec_edgar:companyfacts
TGT,us,2021-05-01,2021-05-28T00:00:00,,,2097000000.0,599000000.0,,14959000000.0,,496093160.0,4.17,sec_edgar:companyfacts
TGT,us,2021-07-31,2021-08-27T00:00:00,,,3914000000.0,2084000000.0,,14860000000.0,,489651196.0,7.82,sec_edgar:companyfacts
TGT,us,2021-10-30,2021-11-24T00:00:00,,,5402000000.0,3114000000.0,,13803000000.0,,480905493.0,10.87,sec_edgar:companyfacts
TGT,us,2022-01-29,2022-05-27T00:00:00,,,1544000000.0,5081000000.0,,12827000000.0,11568000000.0,471274073.0,14.1,sec_edgar:companyfacts
TGT,us,2022-04-30,2022-05-27T00:00:00,,,1009000000.0,-2346000000.0,,10774000000.0,,463683711.0,2.16,sec_edgar:companyfacts
TGT,us,2022-07-30,2022-08-26T00:00:00,,,1192000000.0,-2570000000.0,,10592000000.0,,460236393.0,2.55,sec_edgar:companyfacts
TGT,us,2022-10-29,2022-11-23T00:00:00,,,1904000000.0,-3771000000.0,,11019000000.0,,460297654.0,4.09,sec_edgar:companyfacts
TGT,us,2023-01-28,2023-03-08T00:00:00,,,2780000000.0,-1510000000.0,,11232000000.0,14141000000.0,460346947.0,5.98,sec_edgar:companyfacts
TGT,us,2023-04-29,2023-05-26T00:00:00,,,950000000.0,-340000000.0,,11605000000.0,,461552843.0,2.05,sec_edgar:companyfacts
TGT,us,2023-07-29,2023-08-25T00:00:00,,,1785000000.0,573000000.0,,11990000000.0,,461600640.0,3.86,sec_edgar:companyfacts
TGT,us,2023-10-28,2023-11-22T00:00:00,,,2756000000.0,1380000000.0,,12514000000.0,,461651176.0,5.96,sec_edgar:companyfacts
TGT,us,2024-02-03,2024-03-13T00:00:00,,,4138000000.0,3815000000.0,,13432000000.0,14151000000.0,461675441.0,8.94,sec_edgar:companyfacts
TGT,us,2024-05-04,2024-05-31T00:00:00,,,942000000.0,427000000.0,,13840000000.0,,462635539.0,2.03,sec_edgar:companyfacts
TGT,us,2024-08-03,2024-08-30T00:00:00,,,2134000000.0,2026000000.0,,14429000000.0,,461600215.0,4.6,sec_edgar:companyfacts
TGT,us,2024-11-02,2024-11-27T00:00:00,,,2988000000.0,2110000000.0,,14489000000.0,,459244995.0,6.45,sec_edgar:companyfacts
TGT,us,2025-02-01,2025-03-12T00:00:00,,,4091000000.0,4476000000.0,,14666000000.0,13904000000.0,455566995.0,8.86,sec_edgar:companyfacts
TGT,us,2025-05-03,2025-05-30T00:00:00,,,1036000000.0,-515000000.0,,14947000000.0,,454364799.0,2.27,sec_edgar:companyfacts
TGT,us,2025-08-02,2025-08-29T00:00:00,,,1971000000.0,494000000.0,,15420000000.0,,454396092.0,4.32,sec_edgar:companyfacts
TGT,us,2025-11-01,2025-11-26T00:00:00,,,2660000000.0,643000000.0,,15501000000.0,,452796520.0,5.84,sec_edgar:companyfacts
TGT,us,2026-01-31,2026-03-11T00:00:00,,,3705000000.0,2835000000.0,,16165000000.0,14398000000.0,452840187.0,8.13,sec_edgar:companyfacts
TMO,us,2007-12-31,2010-02-26T00:00:00,9746400000.0,,748400000.0,1308000000.0,,14463600000.0,,,1.69,sec_edgar:companyfacts
TMO,us,2008-06-28,2009-07-31T00:00:00,5263600000.0,,475800000.0,480200000.0,,,,,1.09,sec_edgar:companyfacts
TMO,us,2008-09-27,2009-10-30T00:00:00,7851700000.0,,693900000.0,800100000.0,,,,,1580000.0,sec_edgar:companyfacts
TMO,us,2008-12-31,2010-02-26T00:00:00,10498000000.0,,980900000.0,1155800000.0,,14926500000.0,,,2.25,sec_edgar:companyfacts
TMO,us,2009-03-28,2010-05-06T00:00:00,2255100000.0,,148900000.0,307500000.0,,,,,0.35,sec_edgar:companyfacts
TMO,us,2009-06-27,2009-07-31T00:00:00,4739200000.0,,355800000.0,651000000.0,,15076400000.0,,408152517.0,0.84,sec_edgar:companyfacts
TMO,us,2009-09-26,2009-10-30T00:00:00,7270300000.0,,577000000.0,994800000.0,,15399400000.0,,408314630.0,1360000.0,sec_edgar:companyfacts
TMO,us,2009-12-31,2010-02-26T00:00:00,10109700000.0,,850300000.0,1451700000.0,,15430900000.0,,,2.01,sec_edgar:companyfacts
TMO,us,2010-04-03,2010-05-06T00:00:00,2675100000.0,,232300000.0,292500000.0,,15480000000.0,,410405951.0,0.56,sec_edgar:companyfacts
TMO,us,2010-07-03,2010-08-04T00:00:00,5324100000.0,,469600000.0,517800000.0,,15345100000.0,,407430585.0,1.13,sec_edgar:companyfacts
TMO,us,2010-10-02,2010-11-05T00:00:00,8007600000.0,,738100000.0,886000000.0,,15396600000.0,,397477634.0,1.79,sec_edgar:companyfacts
TMO,us,2010-12-31,2011-02-24T00:00:00,10788700000.0,,1035600000.0,1232300000.0,,15361000000.0,,,2.53,sec_edgar:companyfacts
TMO,us,2011-04-02,2011-05-06T00:00:00,2721400000.0,,252200000.0,274900000.0,,15254700000.0,,383259036.0,0.64,sec_edgar:companyfacts
TMO,us,2011-07-02,2011-08-05T00:00:00,5618800000.0,,775600000.0,570400000.0,,15665700000.0,,381873011.0,1.99,sec_edgar:companyfacts
TMO,us,2011-10-01,2011-11-04T00:00:00,8592300000.0,,1041000000.0,868500000.0,,15195900000.0,,378279984.0,2.68,sec_edgar:companyfacts
TMO,us,2011-12-31,2012-02-29T00:00:00,11725900000.0,,1329900000.0,1424500000.0,,15038100000.0,,,3.46,sec_edgar:companyfacts
TMO,us,2012-03-31,2012-05-04T00:00:00,3100300000.0,,277300000.0,322600000.0,,15289000000.0,,367303351.0,0.75,sec_edgar:companyfacts
TMO,us,2012-06-30,2012-08-03T00:00:00,6164900000.0,,511100000.0,764800000.0,,15094400000.0,,365551976.0,1.38,sec_edgar:companyfacts
TMO,us,2012-09-29,2012-11-02T00:00:00,9250600000.0,,801500000.0,1168700000.0,,15290500000.0,,360214897.0,2.18,sec_edgar:companyfacts
TMO,us,2012-12-31,2013-02-27T00:00:00,12509900000.0,,1177900000.0,1724400000.0,,15464700000.0,,,3.21,sec_edgar:companyfacts
TMO,us,2013-03-30,2013-05-03T00:00:00,3191500000.0,,336200000.0,232300000.0,,15599500000.0,,358921241.0,0.93,sec_edgar:companyfacts
TMO,us,2013-06-29,2013-08-02T00:00:00,6431600000.0,,613600000.0,645100000.0,,15802800000.0,,360515888.0,1.69,sec_edgar:companyfacts
TMO,us,2013-09-28,2013-11-01T00:00:00,9623400000.0,,931200000.0,1094300000.0,,16437300000.0,,361367293.0,2.56,sec_edgar:companyfacts
TMO,us,2013-12-31,2014-02-27T00:00:00,13090300000.0,,1273300000.0,1728300000.0,,16856100000.0,280000000.0,,3.48,sec_edgar:companyfacts
TMO,us,2014-03-29,2014-05-02T00:00:00,3903500000.0,,543100000.0,-3500000.0,,20430600000.0,,398938297.0,1.36,sec_edgar:companyfacts
TMO,us,2014-06-28,2014-08-01T00:00:00,8225400000.0,,,809700000.0,,20658600000.0,,399354992.0,2.05,sec_edgar:companyfacts
TMO,us,2014-09-27,2014-10-31T00:00:00,12396800000.0,,,1395000000.0,,20510600000.0,,400025475.0,3.22,sec_edgar:companyfacts
TMO,us,2014-12-31,2015-02-26T00:00:00,16889600000.0,,,2192000000.0,,20548100000.0,0.0,,4.71,sec_edgar:companyfacts
TMO,us,2015-03-28,2015-05-01T00:00:00,3918800000.0,,,-17200000.0,,19914800000.0,,398056940.0,0.96,sec_edgar:companyfacts
TMO,us,2015-06-27,2015-07-31T00:00:00,8189700000.0,,,652400000.0,,20679800000.0,,398487656.0,2.23,sec_edgar:companyfacts
TMO,us,2015-09-26,2015-10-30T00:00:00,12312900000.0,,,1295300000.0,,20850200000.0,,399097699.0,3.42,sec_edgar:companyfacts
TMO,us,2015-12-31,2016-02-25T00:00:00,16965400000.0,,,2394000000.0,,21350200000.0,50000000.0,,4.92,sec_edgar:companyfacts
TMO,us,2016-04-02,2016-05-06T00:00:00,4294800000.0,,,174000000.0,,20924400000.0,,393512230.0,1.01,sec_edgar:companyfacts
TMO,us,2016-07-02,2016-08-05T00:00:00,8830000000.0,,,948700000.0,,21263900000.0,,394262866.0,2.31,sec_edgar:companyfacts
TMO,us,2016-10-01,2016-11-04T00:00:00,13320900000.0,,,1639500000.0,,21658600000.0,,395025225.0,3.5,sec_edgar:companyfacts
TMO,us,2016-12-31,2017-02-28T00:00:00,18274100000.0,,,2711900000.0,,21539300000.0,953000000.0,,5.09,sec_edgar:companyfacts
TMO,us,2017-04-01,2017-05-05T00:00:00,4765000000.0,,,268100000.0,,21795200000.0,,391219918.0,1.4,sec_edgar:companyfacts
TMO,us,2017-07-01,2017-08-04T00:00:00,9755000000.0,,,1028500000.0,,22391600000.0,,390119503.0,2.95,sec_edgar:companyfacts
TMO,us,2017-09-30,2017-11-03T00:00:00,14871200000.0,,,1845700000.0,,24701800000.0,,400995357.0,4.29,sec_edgar:companyfacts
TMO,us,2017-12-31,2018-02-28T00:00:00,20918000000.0,,,3497000000.0,,25413000000.0,960000000.0,,5.59,sec_edgar:companyfacts
TMO,us,2018-03-31,2018-05-04T00:00:00,5853000000.0,,,-40000000.0,,26123000000.0,,402323310.0,1.43,sec_edgar:companyfacts
TMO,us,2018-06-30,2018-08-03T00:00:00,,,,1221000000.0,,26445000000.0,,402796251.0,3.28,sec_edgar:companyfacts
TMO,us,2018-09-29,2018-11-02T00:00:00,,,,2268000000.0,,26890000000.0,,402576382.0,5.03,sec_edgar:companyfacts
TMO,us,2018-12-31,2019-02-27T00:00:00,,,,3785000000.0,,27586000000.0,19683000000.0,,7.24,sec_edgar:companyfacts
TMO,us,2019-03-30,2019-05-03T00:00:00,,,,448000000.0,,27693000000.0,,399981140.0,2.02,sec_edgar:companyfacts
TMO,us,2019-06-29,2019-08-02T00:00:00,,,,1522000000.0,,28729000000.0,,400475744.0,4.8,sec_edgar:companyfacts
TMO,us,2019-09-28,2019-11-01T00:00:00,,,,2423000000.0,,29355000000.0,17053000000.0,400991227.0,6.68,sec_edgar:companyfacts
TMO,us,2019-12-31,2020-02-26T00:00:00,,,,4047000000.0,,29675000000.0,17752000000.0,,9.17,sec_edgar:companyfacts
TMO,us,2020-03-28,2020-05-01T00:00:00,,,,103000000.0,,28559000000.0,19969000000.0,394951104.0,1.97,sec_edgar:companyfacts
TMO,us,2020-06-27,2020-07-31T00:00:00,,,,1720000000.0,,29875000000.0,21313000000.0,395589400.0,4.87,sec_edgar:companyfacts
TMO,us,2020-09-26,2020-10-30T00:00:00,,,,4062000000.0,,31824000000.0,21093000000.0,396335191.0,9.71,sec_edgar:companyfacts
TMO,us,2020-12-31,2021-02-25T00:00:00,,,,6815000000.0,,34507000000.0,21735000000.0,,15.96,sec_edgar:companyfacts
TMO,us,2021-04-03,2021-05-07T00:00:00,,,,1350000000.0,,35058000000.0,18645000000.0,393027886.0,5.88,sec_edgar:companyfacts
TMO,us,2021-07-03,2021-08-06T00:00:00,,,,3037000000.0,,36854000000.0,18777000000.0,393418899.0,10.5,sec_edgar:companyfacts
TMO,us,2021-10-02,2021-11-04T00:00:00,,,,5163000000.0,,38710000000.0,21598000000.0,394048087.0,15.29,sec_edgar:companyfacts
TMO,us,2021-12-31,2022-02-24T00:00:00,,,,6789000000.0,,40793000000.0,34670000000.0,,19.46,sec_edgar:companyfacts
TMO,us,2022-04-02,2022-05-06T00:00:00,,,,1562000000.0,,40956000000.0,33060000000.0,391462000.0,5.61,sec_edgar:companyfacts
TMO,us,2022-07-02,2022-08-05T00:00:00,,,,2584000000.0,,42293000000.0,30060000000.0,391788962.0,9.83,sec_edgar:companyfacts
TMO,us,2022-10-01,2022-11-04T00:00:00,,,,3974000000.0,,43549000000.0,28941000000.0,392195557.0,13.62,sec_edgar:companyfacts
TMO,us,2022-12-31,2023-02-23T00:00:00,,,,6911000000.0,,43978000000.0,34278000000.0,,17.63,sec_edgar:companyfacts
TMO,us,2023-04-01,2023-05-05T00:00:00,,,,271000000.0,,42257000000.0,35051000000.0,385721286.0,3.32,sec_edgar:companyfacts
TMO,us,2023-07-01,2023-08-04T00:00:00,,,,1527000000.0,,43752000000.0,33806000000.0,385949773.0,6.83,sec_edgar:companyfacts
TMO,us,2023-09-30,2023-11-03T00:00:00,,,,3609000000.0,,45328000000.0,35084000000.0,386372321.0,11.25,sec_edgar:companyfacts
TMO,us,2023-12-31,2026-02-26T00:00:00,,,5995000000.0,6927000000.0,,46735000000.0,34727000000.0,,15.45,sec_edgar:companyfacts
TMO,us,2024-03-30,2024-05-03T00:00:00,,,,904000000.0,,45516000000.0,35393000000.0,381716323.0,3.46,sec_edgar:companyfacts
TMO,us,2024-06-29,2025-08-01T00:00:00,,,2875000000.0,2563000000.0,,47432000000.0,35197000000.0,381995566.0,7.5,sec_edgar:companyfacts
TMO,us,2024-09-28,2025-10-31T00:00:00,,,4505000000.0,4457000000.0,,48992000000.0,35113000000.0,382500265.0,11.75,sec_edgar:companyfacts
TMO,us,2024-12-31,2026-02-26T00:00:00,,,6335000000.0,7267000000.0,,49584000000.0,31072000000.0,,16.53,sec_edgar:companyfacts
TMO,us,2025-03-29,2026-05-01T00:00:00,,,1507000000.0,361000000.0,,49390000000.0,33989000000.0,377493912.0,3.98,sec_edgar:companyfacts
TMO,us,2025-06-28,2025-08-01T00:00:00,,,3124000000.0,1466000000.0,,50512000000.0,35033000000.0,377612121.0,8.26,sec_edgar:companyfacts
TMO,us,2025-09-27,2025-10-31T00:00:00,,,4740000000.0,3301000000.0,,51018000000.0,35484000000.0,375708059.0,12.53,sec_edgar:companyfacts
TMO,us,2025-12-31,2026-02-26T00:00:00,,,6704000000.0,6293000000.0,,53407000000.0,39172000000.0,,17.74,sec_edgar:companyfacts
TMO,us,2026-03-28,2026-05-01T00:00:00,,,1651000000.0,816000000.0,,51934000000.0,42947000000.0,371621465.0,4.43,sec_edgar:companyfacts
TMUS,us,2007-12-31,2011-03-01T00:00:00,,,,,,1848746000.0,,,,sec_edgar:companyfacts
TMUS,us,2008-12-31,2011-03-01T00:00:00,2751516000.0,,149438000.0,-507122000.0,,2034323000.0,,,0.42,sec_edgar:companyfacts
TMUS,us,2009-06-30,2010-08-09T00:00:00,1654941000.0,,70169000.0,10883000.0,,,,,0.2,sec_edgar:companyfacts
TMUS,us,2009-09-30,2010-11-05T00:00:00,2550534000.0,,143719000.0,142892000.0,,,,,0.4,sec_edgar:companyfacts
TMUS,us,2009-12-31,2011-03-01T00:00:00,3480515000.0,,176844000.0,67675000.0,,2288142000.0,,352711263.0,0.49,sec_edgar:companyfacts
TMUS,us,2010-03-31,2011-05-06T00:00:00,970503000.0,,22661000.0,85737000.0,,,,,0.06,sec_edgar:companyfacts
TMUS,us,2010-06-30,2010-08-09T00:00:00,1983039000.0,,102576000.0,22114000.0,,2416544000.0,,353603839.0,0.29,sec_edgar:companyfacts
TMUS,us,2010-09-30,2010-11-05T00:00:00,3003827000.0,,179864000.0,131448000.0,,2506665000.0,,354362405.0,0.5,sec_edgar:companyfacts
TMUS,us,2010-12-31,2011-03-01T00:00:00,4069353000.0,,193415000.0,204115000.0,,2541576000.0,3779283000.0,355318666.0,0.54,sec_edgar:companyfacts
TMUS,us,2011-03-31,2011-05-06T00:00:00,1194377000.0,,56378000.0,-48719000.0,,2632553000.0,,358192717.0,0.15,sec_edgar:companyfacts
TMUS,us,2011-06-30,2011-08-03T00:00:00,,,140714000.0,30527000.0,,2749718000.0,4746928000.0,361574806.0,0.38,sec_edgar:companyfacts
TMUS,us,2011-09-30,2011-11-01T00:00:00,,,210040000.0,54035000.0,,2825470000.0,4743852000.0,362219229.0,0.57,sec_edgar:companyfacts
TMUS,us,2011-12-31,2014-02-25T00:00:00,20618000000.0,,301310000.0,172039000.0,,2927600000.0,4471916000.0,362460395.0,0.82,sec_edgar:companyfacts
TMUS,us,2012-03-31,2014-02-25T00:00:00,5034000000.0,,21004000.0,-7112000.0,,2957776000.0,,363128204.0,0.06,sec_edgar:companyfacts
TMUS,us,2012-06-30,2013-08-08T00:00:00,9917000000.0,,169839000.0,130355000.0,,3116290000.0,,363402032.0,0.46,sec_edgar:companyfacts
TMUS,us,2012-09-30,2013-11-07T00:00:00,14810000000.0,,362507000.0,260136000.0,,3322447000.0,,363875489.0,0.99,sec_edgar:companyfacts
TMUS,us,2012-12-31,2014-02-25T00:00:00,19719000000.0,,394172000.0,335601000.0,,3358907000.0,4446526000.0,364492637.0,1.07,sec_edgar:companyfacts
TMUS,us,2013-03-31,2014-02-25T00:00:00,4677000000.0,,19396000.0,68843000.0,,3391941000.0,,365644106.0,0.05,sec_edgar:companyfacts
TMUS,us,2013-06-30,2013-08-08T00:00:00,10905000000.0,,91000000.0,-411000000.0,,12359000000.0,6293000000.0,726019309.0,0.15,sec_edgar:companyfacts
TMUS,us,2013-09-30,2013-11-07T00:00:00,17593000000.0,,55000000.0,-602000000.0,,12415000000.0,6778000000.0,728144401.0,0.09,sec_edgar:companyfacts
TMUS,us,2013-12-31,2014-05-01T00:00:00,24420000000.0,,35000000.0,-480000000.0,,14245000000.0,,801879804.0,0.05,sec_edgar:companyfacts
TMUS,us,2014-03-31,2014-05-01T00:00:00,6875000000.0,,-151000000.0,-188000000.0,,14156000000.0,,802805297.0,-0.19,sec_edgar:companyfacts
TMUS,us,2014-06-30,2014-07-31T00:00:00,14060000000.0,,240000000.0,-158000000.0,,14563000000.0,,807126024.0,0.3,sec_edgar:companyfacts
TMUS,us,2014-09-30,2014-10-28T00:00:00,21410000000.0,,146000000.0,-227000000.0,,14525000000.0,,807297844.0,0.18,sec_edgar:companyfacts
TMUS,us,2014-12-31,2015-04-28T00:00:00,29564000000.0,,247000000.0,-171000000.0,,15663000000.0,,807468603.0,0.3,sec_edgar:companyfacts
TMUS,us,2015-03-31,2015-04-28T00:00:00,7778000000.0,,-63000000.0,-493000000.0,,15650000000.0,,810284271.0,-0.09,sec_edgar:companyfacts
TMUS,us,2015-06-30,2015-07-30T00:00:00,15957000000.0,,298000000.0,-523000000.0,,16053000000.0,,814813568.0,0.33,sec_edgar:companyfacts
TMUS,us,2015-09-30,2015-10-27T00:00:00,23806000000.0,,436000000.0,-112000000.0,,16252000000.0,,816023646.0,0.48,sec_edgar:companyfacts
TMUS,us,2015-12-31,2016-02-17T00:00:00,32053000000.0,,733000000.0,690000000.0,,16557000000.0,,818391219.0,0.82,sec_edgar:companyfacts
TMUS,us,2016-03-31,2016-04-26T00:00:00,8599000000.0,,479000000.0,-310000000.0,,17104000000.0,,822101014.0,0.56,sec_edgar:companyfacts
TMUS,us,2016-06-30,2016-07-27T00:00:00,17821000000.0,,704000000.0,109000000.0,,17395000000.0,,822704856.0,0.81,sec_edgar:companyfacts
TMUS,us,2016-09-30,2016-10-24T00:00:00,27067000000.0,,1070000000.0,690000000.0,,17853000000.0,,824010863.0,1.24,sec_edgar:companyfacts
TMUS,us,2016-12-31,2017-02-14T00:00:00,37242000000.0,,1460000000.0,1433000000.0,,18236000000.0,27786000000.0,826357331.0,1.69,sec_edgar:companyfacts
TMUS,us,2017-03-31,2017-04-24T00:00:00,9613000000.0,,698000000.0,185000000.0,,18963000000.0,30247000000.0,830804268.0,0.8,sec_edgar:companyfacts
TMUS,us,2017-06-30,2017-07-20T00:00:00,19826000000.0,,1279000000.0,667000000.0,,19614000000.0,28494000000.0,831021302.0,1.47,sec_edgar:companyfacts
TMUS,us,2017-09-30,2017-10-23T00:00:00,29845000000.0,,1829000000.0,1588000000.0,,20277000000.0,28307000000.0,831963343.0,2.1,sec_edgar:companyfacts
TMUS,us,2017-12-31,2018-02-08T00:00:00,40604000000.0,,4536000000.0,2725000000.0,,22559000000.0,28319000000.0,859406651.0,5.2,sec_edgar:companyfacts
TMUS,us,2018-03-31,2018-05-01T00:00:00,10455000000.0,,671000000.0,-596000000.0,,22876000000.0,30478000000.0,853066229.0,0.78,sec_edgar:companyfacts
TMUS,us,2018-06-30,2018-08-01T00:00:00,21026000000.0,,1453000000.0,-964000000.0,,23390000000.0,27970000000.0,847225746.0,1.69,sec_edgar:companyfacts
TMUS,us,2018-09-30,2018-10-30T00:00:00,,,2248000000.0,-1412000000.0,,24355000000.0,27357000000.0,848380679.0,2.62,sec_edgar:companyfacts
TMUS,us,2018-12-31,2019-02-07T00:00:00,,,2888000000.0,-1642000000.0,,24718000000.0,,850180317.0,3.36,sec_edgar:companyfacts
TMUS,us,2019-03-31,2019-04-25T00:00:00,,,908000000.0,-539000000.0,,26181000000.0,,854380118.0,1.06,sec_edgar:companyfacts
TMUS,us,2019-06-30,2019-07-26T00:00:00,,,1847000000.0,-181000000.0,,26967000000.0,,854452642.0,2.14,sec_edgar:companyfacts
TMUS,us,2019-09-30,2019-10-28T00:00:00,,,2717000000.0,53000000.0,,27771000000.0,,855557671.0,3.15,sec_edgar:companyfacts
TMUS,us,2019-12-31,2020-02-06T00:00:00,,,3468000000.0,433000000.0,,28789000000.0,24994000000.0,856905400.0,4.02,sec_edgar:companyfacts
TMUS,us,2020-03-31,2020-05-06T00:00:00,,,951000000.0,-136000000.0,,28977000000.0,0.0,861128106.0,1.1,sec_edgar:companyfacts
TMUS,us,2020-06-30,2020-08-06T00:00:00,,,1061000000.0,-1616000000.0,,62996000000.0,3818000000.0,1237338994.0,1.0,sec_edgar:companyfacts
TMUS,us,2020-09-30,2020-11-05T00:00:00,,,2314000000.0,-2061000000.0,,64487000000.0,3713000000.0,1240458618.0,2.06,sec_edgar:companyfacts
TMUS,us,2020-12-31,2021-02-23T00:00:00,,,3064000000.0,-2394000000.0,,65344000000.0,75704000000.0,1241805706.0,2.65,sec_edgar:companyfacts
TMUS,us,2021-03-31,2021-05-04T00:00:00,,,933000000.0,478000000.0,,66377000000.0,4423000000.0,1246773175.0,0.74,sec_edgar:companyfacts
TMUS,us,2021-06-30,2021-08-03T00:00:00,,,1911000000.0,987000000.0,,67470000000.0,4648000000.0,1247920536.0,1.52,sec_edgar:companyfacts
TMUS,us,2021-09-30,2021-11-02T00:00:00,,,2602000000.0,1520000000.0,,68427000000.0,2096000000.0,1249035065.0,2.07,sec_edgar:companyfacts
TMUS,us,2021-12-31,2022-02-11T00:00:00,,,3024000000.0,1591000000.0,,69102000000.0,77571000000.0,1249213681.0,2.41,sec_edgar:companyfacts
TMUS,us,2022-03-31,2022-05-06T00:00:00,,,713000000.0,464000000.0,,69976000000.0,2865000000.0,1253352700.0,0.57,sec_edgar:companyfacts
TMUS,us,2022-06-30,2022-07-29T00:00:00,,,605000000.0,1101000000.0,,70034000000.0,2942000000.0,1254010072.0,0.48,sec_edgar:companyfacts
TMUS,us,2022-09-30,2022-10-27T00:00:00,,,1113000000.0,1858000000.0,,70150000000.0,7398000000.0,1250104426.0,0.88,sec_edgar:companyfacts
TMUS,us,2022-12-31,2023-02-14T00:00:00,,,2590000000.0,2811000000.0,,69656000000.0,77124000000.0,1233960078.0,2.06,sec_edgar:companyfacts
TMUS,us,2023-03-31,2023-04-27T00:00:00,,,1940000000.0,1050000000.0,,66925000000.0,5215000000.0,1204696325.0,1.58,sec_edgar:companyfacts
TMUS,us,2023-06-30,2023-07-27T00:00:00,,,4161000000.0,2616000000.0,,65750000000.0,85603000000.0,1180398748.0,3.44,sec_edgar:companyfacts
TMUS,us,2023-09-30,2023-10-25T00:00:00,,,6303000000.0,5486000000.0,,64698000000.0,78735000000.0,1161979708.0,5.26,sec_edgar:companyfacts
TMUS,us,2023-12-31,2024-02-02T00:00:00,,,8317000000.0,8758000000.0,,64715000000.0,78637000000.0,1195807331.0,6.93,sec_edgar:companyfacts
TMUS,us,2024-03-31,2024-04-26T00:00:00,,,2374000000.0,2457000000.0,,62074000000.0,5356000000.0,1177240110.0,2.0,sec_edgar:companyfacts
TMUS,us,2024-06-30,2024-07-31T00:00:00,,,5299000000.0,5938000000.0,,62636000000.0,5867000000.0,1166772891.0,4.49,sec_edgar:companyfacts
TMUS,us,2024-09-30,2024-10-23T00:00:00,,,8358000000.0,10116000000.0,,64250000000.0,5851000000.0,1164613922.0,7.1,sec_edgar:companyfacts
TMUS,us,2024-12-31,2025-01-31T00:00:00,,,11339000000.0,13453000000.0,,61741000000.0,82333000000.0,1144579681.0,9.66,sec_edgar:companyfacts
TMUS,us,2025-03-31,2025-04-24T00:00:00,,,2953000000.0,4396000000.0,,61105000000.0,8214000000.0,1137339578.0,2.58,sec_edgar:companyfacts
TMUS,us,2025-06-30,2025-07-23T00:00:00,,,6175000000.0,8992000000.0,,61107000000.0,6408000000.0,1127450618.0,5.42,sec_edgar:companyfacts
TMUS,us,2025-09-30,2025-10-23T00:00:00,,,8889000000.0,13810000000.0,,60477000000.0,6333000000.0,1118506240.0,7.82,sec_edgar:companyfacts
TMUS,us,2025-12-31,2026-02-11T00:00:00,,,10992000000.0,17995000000.0,,59203000000.0,91417000000.0,1106930661.0,9.72,sec_edgar:companyfacts
TMUS,us,2026-03-31,2026-04-28T00:00:00,,,2504000000.0,4599000000.0,,55879000000.0,2238000000.0,1085872037.0,2.27,sec_edgar:companyfacts
TSLA,us,2008-12-31,2012-02-27T00:00:00,,,,,,-199714000.0,,,,sec_edgar:companyfacts
TSLA,us,2009-12-31,2012-02-27T00:00:00,111943000.0,,-55740000.0,-92709000.0,,-253523000.0,,,,sec_edgar:companyfacts
TSLA,us,2010-03-31,2012-03-28T00:00:00,20812000.0,,-29519000.0,,,,,,,sec_edgar:companyfacts
TSLA,us,2010-06-30,2011-08-12T00:00:00,49217000.0,,-68036000.0,-62863000.0,,,,,,sec_edgar:companyfacts
TSLA,us,2010-09-30,2011-11-14T00:00:00,80458000.0,,-102970000.0,-116588000.0,,,,,,sec_edgar:companyfacts
TSLA,us,2010-12-31,2012-02-27T00:00:00,116744000.0,,-154328000.0,-168020000.0,,207048000.0,,94908370.0,,sec_edgar:companyfacts
TSLA,us,2011-03-31,2012-05-10T00:00:00,49030000.0,,-48941000.0,-63773000.0,,,,,,sec_edgar:companyfacts
TSLA,us,2011-06-30,2011-08-12T00:00:00,107201000.0,,-107844000.0,-140575000.0,,348452000.0,,103980989.0,,sec_edgar:companyfacts
TSLA,us,2011-09-30,2011-11-14T00:00:00,164867000.0,,-172922000.0,-230910000.0,,294118000.0,,104188831.0,,sec_edgar:companyfacts
TSLA,us,2011-12-31,2012-02-27T00:00:00,204242000.0,,-254411000.0,-312260000.0,,224045000.0,276251000.0,104530305.0,,sec_edgar:companyfacts
TSLA,us,2012-03-31,2013-05-10T00:00:00,30167000.0,,-89873000.0,-118074000.0,,153874000.0,,105164770.0,-0.86,sec_edgar:companyfacts
TSLA,us,2012-06-30,2012-08-02T00:00:00,56820000.0,,-195476000.0,-240341000.0,,62215000.0,,105323351.0,,sec_edgar:companyfacts
TSLA,us,2012-09-30,2012-11-07T00:00:00,106924000.0,,-306282000.0,-403765000.0,,-27875000.0,,105772431.0,,sec_edgar:companyfacts
TSLA,us,2012-12-31,2013-03-07T00:00:00,413256000.0,,-396213000.0,-505309000.0,,124700000.0,452336000.0,114214274.0,,sec_edgar:companyfacts
TSLA,us,2013-03-31,2013-05-10T00:00:00,561792000.0,,11248000.0,6352000.0,,168583000.0,,115161040.0,0.0,sec_edgar:companyfacts
TSLA,us,2013-06-30,2013-08-09T00:00:00,966931000.0,,-19254000.0,-72356000.0,,629426000.0,,121429665.0,,sec_edgar:companyfacts
TSLA,us,2013-09-30,2013-11-08T00:00:00,1398277000.0,,-57750000.0,-46558000.0,,564165000.0,,122566098.0,,sec_edgar:companyfacts
TSLA,us,2013-12-31,2014-02-26T00:00:00,2013496000.0,,-74014000.0,-6230000.0,,667120000.0,,123090990.0,,sec_edgar:companyfacts
TSLA,us,2014-03-31,2014-05-09T00:00:00,620542000.0,,-49800000.0,-80724000.0,,912056000.0,,124040756.0,-0.4,sec_edgar:companyfacts
TSLA,us,2014-06-30,2014-08-08T00:00:00,1389891000.0,,-111702000.0,,,952333000.0,,124588213.0,,sec_edgar:companyfacts
TSLA,us,2014-09-30,2014-11-07T00:00:00,2241695000.0,,-186411000.0,,,958094000.0,,125366171.0,,sec_edgar:companyfacts
TSLA,us,2014-12-31,2015-02-26T00:00:00,3198356000.0,,-294040000.0,,,911710000.0,2959795000.0,125687607.0,,sec_edgar:companyfacts
TSLA,us,2015-03-31,2015-05-11T00:00:00,939880000.0,,-154181000.0,,,825997000.0,,126362303.0,,sec_edgar:companyfacts
TSLA,us,2015-06-30,2015-08-07T00:00:00,1894856000.0,,-338408000.0,,,715934000.0,,127100947.0,,sec_edgar:companyfacts
TSLA,us,2015-09-30,2016-11-02T00:00:00,2831645000.0,,-568266000.0,,,1314656000.0,,130901000.0,-4.47,sec_edgar:companyfacts
TSLA,us,2015-12-31,2018-02-23T00:00:00,4046025000.0,,-888663000.0,,,1088944000.0,,131425000.0,-6.93,sec_edgar:companyfacts
TSLA,us,2016-03-31,2016-05-10T00:00:00,1147048000.0,,-282267000.0,,,970365000.0,,133858000.0,,sec_edgar:companyfacts
TSLA,us,2016-06-30,2016-08-05T00:00:00,2417065000.0,,-575455000.0,,,2520294000.0,,148015000.0,,sec_edgar:companyfacts
TSLA,us,2016-09-30,2016-11-02T00:00:00,4715501000.0,,-553577000.0,,,2680488000.0,,149825000.0,-3.94,sec_edgar:companyfacts
TSLA,us,2016-12-31,2019-02-19T00:00:00,7000132000.0,,-674914000.0,-1404631000.0,,4752911000.0,7006668.0,161561000.0,-4.68,sec_edgar:companyfacts
TSLA,us,2017-03-31,2018-05-07T00:00:00,2696270000.0,,-330277000.0,,,4987719000.0,7891674000.0,164164000.0,-2.04,sec_edgar:companyfacts
TSLA,us,2017-06-30,2018-08-06T00:00:00,5485827000.0,,-666674000.0,-1781675000.0,,5105752000.0,7515847000.0,166863000.0,-4.07,sec_edgar:companyfacts
TSLA,us,2017-09-30,2018-11-02T00:00:00,8470502000.0,,-1286050000.0,-3198671000.0,,4711480000.0,9425235000.0,168017000.0,-7.8,sec_edgar:companyfacts
TSLA,us,2017-12-31,2019-02-19T00:00:00,11758751000.0,,-1961400000.0,-3475468000.0,,4237242000.0,9628834000.0,168797000.0,-11.83,sec_edgar:companyfacts
TSLA,us,2018-03-31,2019-04-29T00:00:00,3408751000.0,,-709551000.0,-1054038000.0,,4450695000.0,9975211000.0,169750000.0,-4.19,sec_edgar:companyfacts
TSLA,us,2018-06-30,2018-08-06T00:00:00,7410982000.0,,-1427090000.0,-1793515000.0,,3906421000.0,10465023000.0,170516000.0,-8.42,sec_edgar:companyfacts
TSLA,us,2018-09-30,2018-11-02T00:00:00,14235395000.0,,-1115574000.0,-912505000.0,,4508838000.0,10498638000.0,171578000.0,-6.56,sec_edgar:companyfacts
TSLA,us,2018-12-31,2019-02-19T00:00:00,21461268000.0,,-976091000.0,-2922000.0,,4923243000.0,10632475000.0,172603000.0,-5.72,sec_edgar:companyfacts
TSLA,us,2019-03-31,2019-04-29T00:00:00,4541464000.0,,-702135000.0,-919538000.0,,4605596000.0,10002619000.0,173682000.0,-4.1,sec_edgar:companyfacts
TSLA,us,2019-06-30,2019-07-29T00:00:00,10891140000.0,,-1110469000.0,-305609000.0,,5715393000.0,11365675000.0,179118000.0,-6.4,sec_edgar:companyfacts
TSLA,us,2019-09-30,2019-10-29T00:00:00,17194000000.0,,-967000000.0,65000000.0,,6040000000.0,11739000000.0,180000000.0,-5.54,sec_edgar:companyfacts
TSLA,us,2019-12-31,2020-02-13T00:00:00,24578000000.0,,-862000000.0,1078000000.0,,6618000000.0,11801000000.0,181000000.0,-4.92,sec_edgar:companyfacts
TSLA,us,2020-03-31,2020-04-30T00:00:00,5985000000.0,,16000000.0,-895000000.0,,9173000000.0,12330000000.0,185000000.0,0.08,sec_edgar:companyfacts
TSLA,us,2020-06-30,2020-07-28T00:00:00,12021000000.0,,120000000.0,-477000000.0,,9855000000.0,12564000000.0,186000000.0,0.59,sec_edgar:companyfacts
TSLA,us,2020-09-30,2020-10-26T00:00:00,20792000000.0,,451000000.0,918000000.0,,16031000000.0,12194000000.0,948000000.0,0.4,sec_edgar:companyfacts
TSLA,us,2020-12-31,2021-02-08T00:00:00,31536000000.0,,721000000.0,2786000000.0,,22225000000.0,10220000000.0,960000000.0,0.64,sec_edgar:companyfacts
TSLA,us,2021-03-31,2021-04-28T00:00:00,10389000000.0,,438000000.0,293000000.0,,23017000000.0,9434000000.0,963000000.0,0.39,sec_edgar:companyfacts
TSLA,us,2021-06-30,2021-07-27T00:00:00,22347000000.0,,1580000000.0,912000000.0,,24804000000.0,7960000000.0,984000000.0,1.41,sec_edgar:companyfacts
TSLA,us,2021-09-30,2021-10-25T00:00:00,36104000000.0,,3198000000.0,2240000000.0,,27053000000.0,6646000000.0,1004000000.0,2.84,sec_edgar:companyfacts
TSLA,us,2021-12-31,2022-04-25T00:00:00,53823000000.0,,5519000000.0,5015000000.0,,30189000000.0,5342000000.0,1033000000.0,4.9,sec_edgar:companyfacts
TSLA,us,2022-03-31,2022-04-25T00:00:00,18756000000.0,,3318000000.0,2228000000.0,,34085000000.0,3421000000.0,1036000000.0,2.86,sec_edgar:companyfacts
TSLA,us,2022-06-30,2022-07-25T00:00:00,35690000000.0,,5577000000.0,2849000000.0,,36376000000.0,3152000000.0,1041000000.0,4.82,sec_edgar:companyfacts
TSLA,us,2022-09-30,2022-10-24T00:00:00,57144000000.0,,8869000000.0,6146000000.0,,39851000000.0,2397000000.0,3158000000.0,2.55,sec_edgar:companyfacts
TSLA,us,2022-12-31,2023-01-31T00:00:00,81462000000.0,,12556000000.0,7566000000.0,,44704000000.0,2045000000.0,3164000000.0,3.62,sec_edgar:companyfacts
TSLA,us,2023-03-31,2023-04-24T00:00:00,23329000000.0,,2513000000.0,441000000.0,,48054000000.0,1752000000.0,3169000000.0,0.73,sec_edgar:companyfacts
TSLA,us,2023-06-30,2023-07-24T00:00:00,48256000000.0,,5216000000.0,1446000000.0,,51130000000.0,1519000000.0,3174000000.0,1.5,sec_edgar:companyfacts
TSLA,us,2023-09-30,2023-10-23T00:00:00,71606000000.0,,7069000000.0,2294000000.0,,53466000000.0,3704000000.0,3179000000.0,2.03,sec_edgar:companyfacts
TSLA,us,2023-12-31,2024-01-29T00:00:00,96773000000.0,,14997000000.0,4358000000.0,,62634000000.0,4657000000.0,3185000000.0,4.3,sec_edgar:companyfacts
TSLA,us,2024-03-31,2024-04-24T00:00:00,21301000000.0,,1129000000.0,-2531000000.0,,64378000000.0,4874000000.0,3189000000.0,0.34,sec_edgar:companyfacts
TSLA,us,2024-06-30,2024-07-24T00:00:00,46801000000.0,,2607000000.0,-1189000000.0,,66468000000.0,7362000000.0,3194000000.0,0.76,sec_edgar:companyfacts
TSLA,us,2024-09-30,2024-10-24T00:00:00,71983000000.0,,4774000000.0,1553000000.0,,69931000000.0,7390000000.0,3207000000.0,1.38,sec_edgar:companyfacts
TSLA,us,2024-12-31,2025-01-30T00:00:00,97690000000.0,,7091000000.0,3584000000.0,,72913000000.0,7878000000.0,3216000000.0,2.04,sec_edgar:companyfacts
TSLA,us,2025-03-31,2025-04-23T00:00:00,19335000000.0,,409000000.0,664000000.0,,74653000000.0,7244000000.0,3220000000.0,0.12,sec_edgar:companyfacts
TSLA,us,2025-06-30,2025-07-24T00:00:00,41831000000.0,,1581000000.0,810000000.0,,77314000000.0,6956000000.0,3224000000.0,0.45,sec_edgar:companyfacts
TSLA,us,2025-09-30,2025-10-23T00:00:00,69926000000.0,,2954000000.0,4800000000.0,,79970000000.0,7461000000.0,3324000000.0,0.84,sec_edgar:companyfacts
TSLA,us,2025-12-31,2026-01-29T00:00:00,94827000000.0,,3794000000.0,6220000000.0,,82137000000.0,8153000000.0,3751000000.0,1.08,sec_edgar:companyfacts
TSLA,us,2026-03-31,2026-04-23T00:00:00,22387000000.0,,477000000.0,1444000000.0,,84116000000.0,9019000000.0,3755000000.0,0.13,sec_edgar:companyfacts
TXN,us,2007-12-31,2010-02-23T00:00:00,,,2657000000.0,,,,,,1.83,sec_edgar:companyfacts
TXN,us,2008-12-31,2010-02-23T00:00:00,,,1920000000.0,,,9326000000.0,,,1.44,sec_edgar:companyfacts
TXN,us,2009-03-31,2010-04-30T00:00:00,,,17000000.0,,,,,,0.01,sec_edgar:companyfacts
TXN,us,2009-06-30,2010-07-30T00:00:00,,,277000000.0,899000000.0,,,,1261424435.0,0.22,sec_edgar:companyfacts
TXN,us,2009-09-30,2010-11-04T00:00:00,,,815000000.0,1959000000.0,,,,1252873398.0,0.63,sec_edgar:companyfacts
TXN,us,2009-12-31,2010-02-23T00:00:00,,,1470000000.0,,,9722000000.0,,,1.15,sec_edgar:companyfacts
TXN,us,2010-03-31,2010-04-30T00:00:00,,,658000000.0,,,9805000000.0,,1222226383.0,0.52,sec_edgar:companyfacts
TXN,us,2010-06-30,2010-07-30T00:00:00,,,1427000000.0,,,9755000000.0,,1195195435.0,1.14,sec_edgar:companyfacts
TXN,us,2010-09-30,2010-11-04T00:00:00,,,2286000000.0,,,9962000000.0,,1174157492.0,1.85,sec_edgar:companyfacts
TXN,us,2010-12-31,2011-02-25T00:00:00,,,3228000000.0,,,10437000000.0,0.0,1172051474.0,2.62,sec_edgar:companyfacts
TXN,us,2011-03-31,2011-05-05T00:00:00,,,666000000.0,,,10574000000.0,,1161168787.0,0.55,sec_edgar:companyfacts
TXN,us,2011-06-30,2011-08-05T00:00:00,,,1338000000.0,,,10903000000.0,3498000000.0,1155320663.0,1.11,sec_edgar:companyfacts
TXN,us,2011-09-30,2011-11-04T00:00:00,,,1938000000.0,,,11026000000.0,5801000000.0,1142649874.0,1.62,sec_edgar:companyfacts
TXN,us,2011-12-31,2012-02-24T00:00:00,,,2236000000.0,,,10952000000.0,4211000000.0,,1.88,sec_edgar:companyfacts
TXN,us,2012-03-31,2012-05-04T00:00:00,,,265000000.0,,,11071000000.0,,1144353291.0,0.22,sec_edgar:companyfacts
TXN,us,2012-06-30,2012-08-03T00:00:00,,,711000000.0,,,11158000000.0,,1137757862.0,0.6,sec_edgar:companyfacts
TXN,us,2012-09-30,2012-11-02T00:00:00,,,1495000000.0,,,11403000000.0,,1120802980.0,1.27,sec_edgar:companyfacts
TXN,us,2012-12-31,2013-02-22T00:00:00,,,1759000000.0,,,10961000000.0,4186000000.0,,1.51,sec_edgar:companyfacts
TXN,us,2013-03-31,2013-05-03T00:00:00,,,362000000.0,,,10952000000.0,,1109154388.0,0.32,sec_edgar:companyfacts
TXN,us,2013-06-30,2013-08-02T00:00:00,,,1022000000.0,,,11068000000.0,,1101172804.0,0.9,sec_edgar:companyfacts
TXN,us,2013-09-30,2013-11-01T00:00:00,,,1651000000.0,,,11051000000.0,,1094563114.0,1.45,sec_edgar:companyfacts
TXN,us,2013-12-31,2014-02-24T00:00:00,,,2162000000.0,,,10807000000.0,,,1.91,sec_edgar:companyfacts
TXN,us,2014-03-31,2014-05-02T00:00:00,,,487000000.0,,,10620000000.0,,1079351194.0,0.44,sec_edgar:companyfacts
TXN,us,2014-06-30,2014-07-31T00:00:00,,,1170000000.0,,,10466000000.0,,1067555579.0,1.06,sec_edgar:companyfacts
TXN,us,2014-09-30,2014-10-31T00:00:00,,,1996000000.0,,,10471000000.0,,1056299947.0,1.81,sec_edgar:companyfacts
TXN,us,2014-12-31,2015-02-24T00:00:00,,,2821000000.0,,,10390000000.0,4642000000.0,,2.57,sec_edgar:companyfacts
TXN,us,2015-03-31,2015-05-05T00:00:00,,,656000000.0,,,10369000000.0,,,0.61,sec_edgar:companyfacts
TXN,us,2015-06-30,2015-08-04T00:00:00,,,1352000000.0,,,10205000000.0,4884000000.0,,1.26,sec_edgar:companyfacts
TXN,us,2015-09-30,2015-11-05T00:00:00,,,2150000000.0,,,9970000000.0,4132000000.0,,2.02,sec_edgar:companyfacts
TXN,us,2015-12-31,2016-02-24T00:00:00,,,2986000000.0,,,9946000000.0,4120000000.0,,2.82,sec_edgar:companyfacts
TXN,us,2016-03-31,2016-05-04T00:00:00,,,668000000.0,,,9782000000.0,4118000000.0,,0.65,sec_edgar:companyfacts
TXN,us,2016-06-30,2016-08-04T00:00:00,,,1447000000.0,,,9962000000.0,3612000000.0,,1.4,sec_edgar:companyfacts
TXN,us,2016-09-30,2016-11-03T00:00:00,,,2415000000.0,,,10286000000.0,3611000000.0,,2.34,sec_edgar:companyfacts
TXN,us,2016-12-31,2019-02-22T00:00:00,13370000000.0,,3595000000.0,4083000000.0,,10473000000.0,3609000000.0,,3.48,sec_edgar:companyfacts
TXN,us,2017-03-31,2019-02-22T00:00:00,3402000000.0,,997000000.0,,,10639000000.0,3358000000.0,,0.97,sec_edgar:companyfacts
TXN,us,2017-06-30,2018-08-02T00:00:00,7095000000.0,,2053000000.0,1434000000.0,,10708000000.0,3583000000.0,,2.0,sec_edgar:companyfacts
TXN,us,2017-09-30,2018-11-02T00:00:00,11211000000.0,,3338000000.0,2970000000.0,,10988000000.0,3583000000.0,,3.26,sec_edgar:companyfacts
TXN,us,2017-12-31,2019-02-22T00:00:00,14961000000.0,,3682000000.0,4668000000.0,,10337000000.0,4077000000.0,,3.61,sec_edgar:companyfacts
TXN,us,2018-03-31,2019-04-30T00:00:00,3789000000.0,,1366000000.0,923000000.0,,10642000000.0,4078000000.0,,1.35,sec_edgar:companyfacts
TXN,us,2018-06-30,2018-08-02T00:00:00,7806000000.0,,2771000000.0,2500000000.0,,10634000000.0,5066000000.0,,2.75,sec_edgar:companyfacts
TXN,us,2018-09-30,2018-11-02T00:00:00,12067000000.0,,4341000000.0,4236000000.0,,10516000000.0,5067000000.0,,4.32,sec_edgar:companyfacts
TXN,us,2018-12-31,2019-02-22T00:00:00,15784000000.0,,5580000000.0,6058000000.0,,8994000000.0,5068000000.0,,5.59,sec_edgar:companyfacts
TXN,us,2019-03-31,2019-04-30T00:00:00,3594000000.0,,1217000000.0,856000000.0,,8519000000.0,5807000000.0,,1.26,sec_edgar:companyfacts
TXN,us,2019-06-30,2019-07-31T00:00:00,7262000000.0,,2522000000.0,2368000000.0,,8486000000.0,5807000000.0,,2.63,sec_edgar:companyfacts
TXN,us,2019-09-30,2019-10-31T00:00:00,11033000000.0,,3947000000.0,4211000000.0,,8985000000.0,5801000000.0,,4.12,sec_edgar:companyfacts
TXN,us,2019-12-31,2020-02-20T00:00:00,14383000000.0,,5017000000.0,5802000000.0,,8907000000.0,5803000000.0,,5.24,sec_edgar:companyfacts
TXN,us,2020-03-31,2020-04-22T00:00:00,3329000000.0,,1174000000.0,690000000.0,,7734000000.0,6550000000.0,,1.24,sec_edgar:companyfacts
TXN,us,2020-06-30,2020-07-22T00:00:00,6568000000.0,,2554000000.0,2280000000.0,,7644000000.0,6796000000.0,,2.72,sec_edgar:companyfacts
TXN,us,2020-09-30,2020-10-21T00:00:00,10385000000.0,,3907000000.0,3577000000.0,,8325000000.0,6797000000.0,,4.17,sec_edgar:companyfacts
TXN,us,2020-12-31,2021-02-05T00:00:00,14461000000.0,,5595000000.0,5490000000.0,,9187000000.0,6798000000.0,,5.97,sec_edgar:companyfacts
TXN,us,2021-03-31,2021-04-28T00:00:00,4289000000.0,,1753000000.0,1542000000.0,,10166000000.0,6250000000.0,,1.87,sec_edgar:companyfacts
TXN,us,2021-06-30,2021-07-22T00:00:00,8869000000.0,,3684000000.0,3277000000.0,,11153000000.0,6251000000.0,,3.92,sec_edgar:companyfacts
TXN,us,2021-09-30,2021-10-27T00:00:00,13512000000.0,,5631000000.0,5219000000.0,,12151000000.0,7739000000.0,,5.99,sec_edgar:companyfacts
TXN,us,2021-12-31,2022-02-04T00:00:00,18344000000.0,,7769000000.0,6294000000.0,,13333000000.0,7741000000.0,,8.26,sec_edgar:companyfacts
TXN,us,2022-03-31,2022-04-27T00:00:00,4905000000.0,,2201000000.0,1701000000.0,,14017000000.0,7742000000.0,,2.35,sec_edgar:companyfacts
TXN,us,2022-06-30,2022-07-27T00:00:00,10117000000.0,,4492000000.0,2872000000.0,,14092000000.0,7244000000.0,,4.8,sec_edgar:companyfacts
TXN,us,2022-09-30,2022-10-26T00:00:00,15358000000.0,,6787000000.0,4848000000.0,,14507000000.0,7937000000.0,,7.27,sec_edgar:companyfacts
TXN,us,2022-12-31,2023-02-03T00:00:00,20028000000.0,,8749000000.0,5923000000.0,,14577000000.0,8735000000.0,,9.41,sec_edgar:companyfacts
TXN,us,2023-03-31,2023-04-26T00:00:00,4379000000.0,,1708000000.0,178000000.0,,15243000000.0,10126000000.0,,1.85,sec_edgar:companyfacts
TXN,us,2023-06-30,2023-07-26T00:00:00,8910000000.0,,3430000000.0,131000000.0,,15940000000.0,11219000000.0,,3.72,sec_edgar:companyfacts
TXN,us,2023-09-30,2023-10-25T00:00:00,13442000000.0,,5139000000.0,573000000.0,,16631000000.0,11222000000.0,,5.58,sec_edgar:companyfacts
TXN,us,2023-12-31,2024-02-02T00:00:00,17519000000.0,,6510000000.0,1349000000.0,,16897000000.0,11223000000.0,,7.07,sec_edgar:companyfacts
TXN,us,2024-03-31,2024-04-24T00:00:00,3661000000.0,,1105000000.0,-231000000.0,,16983000000.0,14189000000.0,,1.2,sec_edgar:companyfacts
TXN,us,2024-06-30,2024-07-24T00:00:00,7483000000.0,,2232000000.0,276000000.0,,17214000000.0,13891000000.0,,2.42,sec_edgar:companyfacts
TXN,us,2024-09-30,2024-10-23T00:00:00,11634000000.0,,3594000000.0,692000000.0,,17268000000.0,13893000000.0,,3.89,sec_edgar:companyfacts
TXN,us,2024-12-31,2025-02-14T00:00:00,15641000000.0,,4799000000.0,1498000000.0,,16903000000.0,13596000000.0,,5.2,sec_edgar:companyfacts
TXN,us,2025-03-31,2025-04-24T00:00:00,4069000000.0,,1179000000.0,-274000000.0,,16406000000.0,12848000000.0,,1.28,sec_edgar:companyfacts
TXN,us,2025-06-30,2025-07-29T00:00:00,8517000000.0,,2474000000.0,281000000.0,,16403000000.0,14043000000.0,,2.69,sec_edgar:companyfacts
TXN,us,2025-09-30,2025-10-23T00:00:00,13259000000.0,,3838000000.0,1274000000.0,,16627000000.0,14046000000.0,,4.18,sec_edgar:companyfacts
TXN,us,2025-12-31,2026-02-06T00:00:00,17682000000.0,,5001000000.0,2603000000.0,,16273000000.0,14048000000.0,,5.45,sec_edgar:companyfacts
TXN,us,2026-03-31,2026-04-24T00:00:00,4825000000.0,,1545000000.0,844000000.0,,16778000000.0,14050000000.0,,1.68,sec_edgar:companyfacts
UBER,us,2017-12-31,2020-03-02T00:00:00,7932000000.0,,-4033000000.0,-2239000000.0,,-8557000000.0,,,-9.46,sec_edgar:companyfacts
UBER,us,2018-03-31,2019-06-04T00:00:00,2584000000.0,,3748000000.0,-387000000.0,,-4726000000.0,,,1.84,sec_edgar:companyfacts
UBER,us,2018-06-30,2019-08-09T00:00:00,5352000000.0,,2870000000.0,-659000000.0,,-5508000000.0,,,1.2,sec_edgar:companyfacts
UBER,us,2018-09-30,2019-11-05T00:00:00,8296000000.0,,1884000000.0,-1222000000.0,,,,,0.52,sec_edgar:companyfacts
UBER,us,2018-12-31,2020-03-02T00:00:00,11270000000.0,,997000000.0,-2099000000.0,,-7385000000.0,,457189000.0,0.0,sec_edgar:companyfacts
UBER,us,2019-03-31,2019-06-04T00:00:00,3099000000.0,,-1012000000.0,-851000000.0,,-8432000000.0,,457833000.0,-2.26,sec_edgar:companyfacts
UBER,us,2019-06-30,2019-08-09T00:00:00,6265000000.0,,-6248000000.0,-1921000000.0,,15922000000.0,,1697614000.0,-7.98,sec_edgar:companyfacts
UBER,us,2019-09-30,2019-11-05T00:00:00,10078000000.0,,-7410000000.0,-2928000000.0,,15062000000.0,,1703630000.0,-6.79,sec_edgar:companyfacts
UBER,us,2019-12-31,2020-03-02T00:00:00,14147000000.0,,-8506000000.0,-4909000000.0,,14190000000.0,5791000000.0,1716681000.0,-6.81,sec_edgar:companyfacts
UBER,us,2020-03-31,2020-05-08T00:00:00,3543000000.0,,-2936000000.0,-661000000.0,,11342000000.0,,1729850000.0,-1.7,sec_edgar:companyfacts
UBER,us,2020-06-30,2020-08-07T00:00:00,5784000000.0,,-4711000000.0,-1896000000.0,,9550000000.0,,1745957000.0,-2.72,sec_edgar:companyfacts
UBER,us,2020-09-30,2020-11-06T00:00:00,8913000000.0,,-5799000000.0,-2433000000.0,,8942000000.0,,1760817000.0,-3.33,sec_edgar:companyfacts
UBER,us,2020-12-31,2021-03-01T00:00:00,11139000000.0,,-6768000000.0,-3361000000.0,,12266000000.0,7914000000.0,1849794000.0,-3.86,sec_edgar:companyfacts
UBER,us,2021-03-31,2021-05-06T00:00:00,2903000000.0,,-108000000.0,-682000000.0,,13598000000.0,,1867369000.0,-0.06,sec_edgar:companyfacts
UBER,us,2021-06-30,2021-08-05T00:00:00,6832000000.0,,1036000000.0,-1080000000.0,,14175000000.0,,1880310000.0,0.52,sec_edgar:companyfacts
UBER,us,2021-09-30,2021-11-09T00:00:00,11677000000.0,,-1388000000.0,-556000000.0,,13931000000.0,,1918591000.0,-0.75,sec_edgar:companyfacts
UBER,us,2021-12-31,2022-02-24T00:00:00,17455000000.0,,-496000000.0,-743000000.0,,14458000000.0,9388000000.0,1949316000.0,-0.29,sec_edgar:companyfacts
UBER,us,2022-03-31,2022-05-05T00:00:00,6854000000.0,,-5930000000.0,-47000000.0,,8916000000.0,,1959794000.0,-3.04,sec_edgar:companyfacts
UBER,us,2022-06-30,2022-08-04T00:00:00,14927000000.0,,-8530000000.0,335000000.0,,6661000000.0,,1976225000.0,-4.37,sec_edgar:companyfacts
UBER,us,2022-09-30,2022-11-02T00:00:00,23270000000.0,,-9736000000.0,693000000.0,,6247000000.0,,1990396000.0,-4.97,sec_edgar:companyfacts
UBER,us,2022-12-31,2023-02-21T00:00:00,31877000000.0,,-9141000000.0,390000000.0,,7340000000.0,9361000000.0,2005486000.0,-4.65,sec_edgar:companyfacts
UBER,us,2023-03-31,2023-05-03T00:00:00,8823000000.0,,-157000000.0,549000000.0,,7508000000.0,,2019194000.0,-0.08,sec_edgar:companyfacts
UBER,us,2023-06-30,2023-08-02T00:00:00,18053000000.0,,237000000.0,1689000000.0,,8664000000.0,,2038892000.0,0.1,sec_edgar:companyfacts
UBER,us,2023-09-30,2023-11-07T00:00:00,27345000000.0,,458000000.0,2594000000.0,,9358000000.0,,2053437000.0,0.2,sec_edgar:companyfacts
UBER,us,2023-12-31,2024-02-15T00:00:00,37281000000.0,,1887000000.0,3362000000.0,,11249000000.0,9560000000.0,2071144000.0,0.87,sec_edgar:companyfacts
UBER,us,2024-03-31,2024-05-08T00:00:00,10131000000.0,,-654000000.0,1359000000.0,,11058000000.0,,2086247000.0,-0.32,sec_edgar:companyfacts
UBER,us,2024-06-30,2024-08-06T00:00:00,20831000000.0,,361000000.0,3080000000.0,,12350000000.0,,2097951000.0,0.15,sec_edgar:companyfacts
UBER,us,2024-09-30,2024-10-31T00:00:00,32019000000.0,,2973000000.0,5189000000.0,,14780000000.0,,2104178000.0,1.36,sec_edgar:companyfacts
UBER,us,2024-12-31,2025-02-14T00:00:00,43978000000.0,,9856000000.0,6895000000.0,,21558000000.0,9575000000.0,2107953000.0,4.56,sec_edgar:companyfacts
UBER,us,2025-03-31,2025-05-07T00:00:00,11533000000.0,,1776000000.0,2250000000.0,,21975000000.0,,2091856000.0,0.83,sec_edgar:companyfacts
UBER,us,2025-06-30,2025-08-06T00:00:00,24184000000.0,,3131000000.0,4725000000.0,,22598000000.0,,2086768000.0,1.46,sec_edgar:companyfacts
UBER,us,2025-09-30,2025-11-04T00:00:00,37651000000.0,,9757000000.0,6955000000.0,,28134000000.0,,2079769000.0,4.57,sec_edgar:companyfacts
UBER,us,2025-12-31,2026-02-13T00:00:00,52017000000.0,,10053000000.0,9763000000.0,,27041000000.0,10600000000.0,2067905000.0,4.73,sec_edgar:companyfacts
UBER,us,2026-03-31,2026-05-06T00:00:00,13203000000.0,,263000000.0,2286000000.0,,24751000000.0,,2036424000.0,0.13,sec_edgar:companyfacts
UNH,us,2006-12-31,2010-02-10T00:00:00,,,,,,20810000000.0,,,,sec_edgar:companyfacts
UNH,us,2007-12-31,2010-02-10T00:00:00,75431000000.0,,4654000000.0,5006000000.0,,20063000000.0,,,3.42,sec_edgar:companyfacts
UNH,us,2008-06-30,2009-08-06T00:00:00,40576000000.0,,1331000000.0,465000000.0,,,,,1.05,sec_edgar:companyfacts
UNH,us,2008-09-30,2009-11-03T00:00:00,60732000000.0,,2251000000.0,2039000000.0,,,,,1.8,sec_edgar:companyfacts
UNH,us,2008-12-31,2010-02-10T00:00:00,81186000000.0,,2977000000.0,3447000000.0,,20780000000.0,12794000000.0,1201000000.0,2.4,sec_edgar:companyfacts
UNH,us,2009-03-31,2010-05-05T00:00:00,22004000000.0,,984000000.0,952000000.0,,21375000000.0,,,0.81,sec_edgar:companyfacts
UNH,us,2009-06-30,2009-08-06T00:00:00,43659000000.0,,1843000000.0,1293000000.0,,21545000000.0,11719000000.0,1151000000.0,1.54,sec_edgar:companyfacts
UNH,us,2009-09-30,2009-11-03T00:00:00,65354000000.0,,2878000000.0,3862000000.0,,22898000000.0,10690000000.0,1153000000.0,2.43,sec_edgar:companyfacts
UNH,us,2009-12-31,2010-02-10T00:00:00,87138000000.0,,3822000000.0,4886000000.0,,23606000000.0,9009000000.0,1147000000.0,3.24,sec_edgar:companyfacts
UNH,us,2010-03-31,2010-05-05T00:00:00,23193000000.0,,1191000000.0,1073000000.0,,24319000000.0,8001000000.0,1133000000.0,1.03,sec_edgar:companyfacts
UNH,us,2010-06-30,2010-08-05T00:00:00,46457000000.0,,2314000000.0,1585000000.0,,24829000000.0,8036000000.0,1115000000.0,2.02,sec_edgar:companyfacts
UNH,us,2010-09-30,2010-11-03T00:00:00,70125000000.0,,3591000000.0,4284000000.0,,25611000000.0,8076000000.0,1099000000.0,3.15,sec_edgar:companyfacts
UNH,us,2010-12-31,2011-02-10T00:00:00,94155000000.0,,4634000000.0,5395000000.0,,25825000000.0,8662000000.0,1086000000.0,4.1,sec_edgar:companyfacts
UNH,us,2011-03-31,2012-05-03T00:00:00,25432000000.0,,1346000000.0,1011000000.0,,26571000000.0,9359000000.0,1077000000.0,1.22,sec_edgar:companyfacts
UNH,us,2011-06-30,2012-08-07T00:00:00,50666000000.0,,2613000000.0,1903000000.0,,27363000000.0,9442000000.0,1069000000.0,2.38,sec_edgar:companyfacts
UNH,us,2011-09-30,2011-11-04T00:00:00,75946000000.0,,3884000000.0,6577000000.0,,27872000000.0,9555000000.0,1054000000.0,3.56,sec_edgar:companyfacts
UNH,us,2011-12-31,2012-02-09T00:00:00,101862000000.0,,5142000000.0,5901000000.0,,28292000000.0,10656000000.0,1039000000.0,4.73,sec_edgar:companyfacts
UNH,us,2012-03-31,2012-05-03T00:00:00,27282000000.0,,1388000000.0,3317000000.0,,28856000000.0,11083000000.0,1033000000.0,1.31,sec_edgar:companyfacts
UNH,us,2012-06-30,2012-08-07T00:00:00,54547000000.0,,2725000000.0,5306000000.0,,29375000000.0,11156000000.0,1024000000.0,2.59,sec_edgar:companyfacts
UNH,us,2012-09-30,2012-10-30T00:00:00,81849000000.0,,4282000000.0,4687000000.0,,30223000000.0,11146000000.0,1012000000.0,4.08,sec_edgar:companyfacts
UNH,us,2012-12-31,2013-02-07T00:00:00,110618000000.0,,5526000000.0,6085000000.0,,31178000000.0,14041000000.0,1019000000.0,5.28,sec_edgar:companyfacts
UNH,us,2013-03-31,2013-05-06T00:00:00,30340000000.0,,1192000000.0,730000000.0,,31757000000.0,15659000000.0,1013000000.0,1.16,sec_edgar:companyfacts
UNH,us,2013-06-30,2013-08-05T00:00:00,60748000000.0,,2628000000.0,1902000000.0,,31381000000.0,15543000000.0,1006000000.0,2.56,sec_edgar:companyfacts
UNH,us,2013-09-30,2013-11-07T00:00:00,91372000000.0,,4198000000.0,4937000000.0,,32016000000.0,14888000000.0,998000000.0,4.09,sec_edgar:companyfacts
UNH,us,2013-12-31,2014-02-12T00:00:00,122489000000.0,,5625000000.0,5684000000.0,,32149000000.0,14891000000.0,988000000.0,5.5,sec_edgar:companyfacts
UNH,us,2014-03-31,2014-05-06T00:00:00,31708000000.0,,1099000000.0,1055000000.0,,32549000000.0,14524000000.0,984000000.0,1.1,sec_edgar:companyfacts
UNH,us,2014-06-30,2014-08-04T00:00:00,64282000000.0,,2507000000.0,1706000000.0,,32935000000.0,14630000000.0,973000000.0,2.52,sec_edgar:companyfacts
UNH,us,2014-09-30,2014-11-10T00:00:00,97041000000.0,,4109000000.0,4501000000.0,,32604000000.0,14592000000.0,962000000.0,4.15,sec_edgar:companyfacts
UNH,us,2014-12-31,2015-02-10T00:00:00,130474000000.0,,5619000000.0,6526000000.0,,32454000000.0,16007000000.0,954000000.0,5.7,sec_edgar:companyfacts
UNH,us,2015-03-31,2015-05-06T00:00:00,35756000000.0,,1413000000.0,1896000000.0,,31878000000.0,15577000000.0,952000000.0,1.46,sec_edgar:companyfacts
UNH,us,2015-06-30,2015-07-29T00:00:00,72019000000.0,,2998000000.0,2716000000.0,,33020000000.0,15378000000.0,952000000.0,3.1,sec_edgar:companyfacts
UNH,us,2015-09-30,2015-11-05T00:00:00,113508000000.0,,4595000000.0,5157000000.0,,,26015000000.0,953000000.0,4.75,sec_edgar:companyfacts
UNH,us,2015-12-31,2016-02-09T00:00:00,157107000000.0,,5813000000.0,8184000000.0,,,25460000000.0,953000000.0,6.01,sec_edgar:companyfacts
UNH,us,2016-03-31,2016-05-04T00:00:00,44527000000.0,,1611000000.0,1893000000.0,,,27218000000.0,954000000.0,1.67,sec_edgar:companyfacts
UNH,us,2016-06-30,2016-08-02T00:00:00,91012000000.0,,3365000000.0,3188000000.0,,,26834000000.0,951000000.0,3.48,sec_edgar:companyfacts
UNH,us,2016-09-30,2016-11-08T00:00:00,137305000000.0,,5333000000.0,9984000000.0,,,26022000000.0,952000000.0,5.51,sec_edgar:companyfacts
UNH,us,2016-12-31,2017-02-08T00:00:00,184840000000.0,,7017000000.0,8090000000.0,,,32970000000.0,952000000.0,7.25,sec_edgar:companyfacts
UNH,us,2017-03-31,2017-05-08T00:00:00,48723000000.0,,2172000000.0,5949000000.0,,,26154000000.0,965000000.0,2.23,sec_edgar:companyfacts
UNH,us,2017-06-30,2017-08-04T00:00:00,98776000000.0,,4456000000.0,7702000000.0,,,31936000000.0,965000000.0,4.55,sec_edgar:companyfacts
UNH,us,2017-09-30,2017-11-07T00:00:00,149098000000.0,,6941000000.0,14782000000.0,,,29262000000.0,969000000.0,7.06,sec_edgar:companyfacts
UNH,us,2017-12-31,2018-02-13T00:00:00,201159000000.0,,10558000000.0,11573000000.0,,,31692000000.0,969000000.0,10.72,sec_edgar:companyfacts
UNH,us,2018-03-31,2018-05-07T00:00:00,55188000000.0,,2836000000.0,7892000000.0,,,35585000000.0,962000000.0,2.87,sec_edgar:companyfacts
UNH,us,2018-06-30,2018-08-07T00:00:00,111274000000.0,,5758000000.0,11416000000.0,,,35055000000.0,962000000.0,5.85,sec_edgar:companyfacts
UNH,us,2018-09-30,2018-11-08T00:00:00,167830000000.0,,8946000000.0,11812000000.0,,,33553000000.0,962000000.0,9.09,sec_edgar:companyfacts
UNH,us,2018-12-31,2019-02-12T00:00:00,226247000000.0,,11986000000.0,13650000000.0,,,36554000000.0,960000000.0,12.19,sec_edgar:companyfacts
UNH,us,2019-03-31,2019-05-07T00:00:00,60308000000.0,,3467000000.0,2672000000.0,,,38338000000.0,953000000.0,3.56,sec_edgar:companyfacts
UNH,us,2019-06-30,2019-08-07T00:00:00,120903000000.0,,6760000000.0,8131000000.0,,,42273000000.0,948000000.0,6.97,sec_edgar:companyfacts
UNH,us,2019-09-30,2019-11-06T00:00:00,181254000000.0,,10298000000.0,10837000000.0,,,44894000000.0,947000000.0,10.65,sec_edgar:companyfacts
UNH,us,2019-12-31,2020-02-14T00:00:00,242155000000.0,,13839000000.0,16392000000.0,,,40678000000.0,948000000.0,14.33,sec_edgar:companyfacts
UNH,us,2020-03-31,2020-05-06T00:00:00,64421000000.0,,3382000000.0,2474000000.0,,,51607000000.0,947000000.0,3.52,sec_edgar:companyfacts
UNH,us,2020-06-30,2020-08-03T00:00:00,126559000000.0,,10019000000.0,12026000000.0,,,46057000000.0,950000000.0,10.43,sec_edgar:companyfacts
UNH,us,2020-09-30,2020-11-02T00:00:00,191674000000.0,,13191000000.0,14596000000.0,,,43794000000.0,949000000.0,13.73,sec_edgar:companyfacts
UNH,us,2020-12-31,2021-03-01T00:00:00,257141000000.0,,15403000000.0,20123000000.0,,,43467000000.0,946000000.0,16.03,sec_edgar:companyfacts
UNH,us,2021-03-31,2021-05-05T00:00:00,70196000000.0,,4862000000.0,5437000000.0,,,46258000000.0,944000000.0,5.08,sec_edgar:companyfacts
UNH,us,2021-06-30,2021-08-03T00:00:00,141517000000.0,,9128000000.0,10415000000.0,,,48216000000.0,943000000.0,9.55,sec_edgar:companyfacts
UNH,us,2021-09-30,2021-11-03T00:00:00,213854000000.0,,13214000000.0,17366000000.0,,,46965000000.0,942000000.0,13.82,sec_edgar:companyfacts
UNH,us,2021-12-31,2022-02-15T00:00:00,287597000000.0,,17285000000.0,19889000000.0,,,46003000000.0,941000000.0,18.08,sec_edgar:companyfacts
UNH,us,2022-03-31,2022-05-04T00:00:00,80149000000.0,,5027000000.0,4764000000.0,,,47493000000.0,939000000.0,5.27,sec_edgar:companyfacts
UNH,us,2022-06-30,2022-08-03T00:00:00,160481000000.0,,10097000000.0,10978000000.0,,,51391000000.0,935000000.0,10.61,sec_edgar:companyfacts
UNH,us,2022-09-30,2022-11-02T00:00:00,241375000000.0,,15359000000.0,28803000000.0,,,48667000000.0,935000000.0,16.15,sec_edgar:companyfacts
UNH,us,2022-12-31,2023-02-24T00:00:00,324162000000.0,,20120000000.0,23404000000.0,,,57623000000.0,934000000.0,21.18,sec_edgar:companyfacts
UNH,us,2023-03-31,2023-05-03T00:00:00,91931000000.0,,5611000000.0,15567000000.0,,,70588000000.0,932000000.0,5.95,sec_edgar:companyfacts
UNH,us,2023-06-30,2023-08-02T00:00:00,184834000000.0,,11085000000.0,25770000000.0,,,65589000000.0,927000000.0,11.77,sec_edgar:companyfacts
UNH,us,2023-09-30,2023-11-06T00:00:00,277195000000.0,,16926000000.0,31834000000.0,,,63369000000.0,925000000.0,18.01,sec_edgar:companyfacts
UNH,us,2023-12-31,2024-02-28T00:00:00,371622000000.0,,22381000000.0,25682000000.0,,,62537000000.0,924000000.0,23.86,sec_edgar:companyfacts
UNH,us,2024-03-31,2024-05-09T00:00:00,99796000000.0,,-1409000000.0,401000000.0,,,73637000000.0,920000000.0,-1.53,sec_edgar:companyfacts
UNH,us,2024-06-30,2024-08-09T00:00:00,198651000000.0,,2807000000.0,6294000000.0,,,75098000000.0,921000000.0,3.02,sec_edgar:companyfacts
UNH,us,2024-09-30,2024-11-04T00:00:00,299471000000.0,,8862000000.0,19248000000.0,,,78010000000.0,923000000.0,9.53,sec_edgar:companyfacts
UNH,us,2024-12-31,2025-02-27T00:00:00,400278000000.0,,14405000000.0,20705000000.0,,,76904000000.0,915000000.0,15.51,sec_edgar:companyfacts
UNH,us,2025-03-31,2025-05-07T00:00:00,109575000000.0,,6292000000.0,4558000000.0,,,81271000000.0,910000000.0,6.85,sec_edgar:companyfacts
UNH,us,2025-06-30,2025-08-11T00:00:00,221191000000.0,,9698000000.0,10860000000.0,,,79193000000.0,905000000.0,10.61,sec_edgar:companyfacts
UNH,us,2025-09-30,2025-10-28T00:00:00,334352000000.0,,12046000000.0,15915000000.0,,,80136000000.0,906000000.0,13.21,sec_edgar:companyfacts
UNH,us,2025-12-31,2026-03-02T00:00:00,447567000000.0,,12056000000.0,16075000000.0,,,78389000000.0,906000000.0,13.23,sec_edgar:companyfacts
UNH,us,2026-03-31,2026-05-05T00:00:00,111721000000.0,,6280000000.0,8149000000.0,,,77917000000.0,908000000.0,6.9,sec_edgar:companyfacts
UNP,us,2007-12-31,2010-02-05T00:00:00,16283000000.0,,1855000000.0,781000000.0,,,,,3.46,sec_edgar:companyfacts
UNP,us,2008-06-30,2009-07-24T00:00:00,8838000000.0,,974000000.0,512000000.0,,,,,1.87,sec_edgar:companyfacts
UNP,us,2008-09-30,2009-10-22T00:00:00,13684000000.0,,1677000000.0,1021000000.0,,,,,3.24,sec_edgar:companyfacts
UNP,us,2008-12-31,2010-02-05T00:00:00,17970000000.0,,2338000000.0,1290000000.0,,15447000000.0,,503225705.0,4.54,sec_edgar:companyfacts
UNP,us,2009-03-31,2010-04-23T00:00:00,3415000000.0,,362000000.0,197000000.0,,,,,0.72,sec_edgar:companyfacts
UNP,us,2009-06-30,2009-07-24T00:00:00,6718000000.0,,830000000.0,442000000.0,,16019000000.0,,504274996.0,1.64,sec_edgar:companyfacts
UNP,us,2009-09-30,2009-10-22T00:00:00,10389000000.0,,1347000000.0,391000000.0,,16429000000.0,,504534252.0,2.67,sec_edgar:companyfacts
UNP,us,2009-12-31,2010-02-05T00:00:00,14143000000.0,,1898000000.0,850000000.0,,16941000000.0,9848000000.0,505039952.0,3.75,sec_edgar:companyfacts
UNP,us,2010-03-31,2010-04-23T00:00:00,3965000000.0,,516000000.0,195000000.0,,17213000000.0,,506104823.0,1.01,sec_edgar:companyfacts
UNP,us,2010-06-30,2010-07-23T00:00:00,8147000000.0,,1227000000.0,639000000.0,,17323000000.0,,499794656.0,2.42,sec_edgar:companyfacts
UNP,us,2010-09-30,2010-10-22T00:00:00,12555000000.0,,2005000000.0,1034000000.0,,17436000000.0,,493053819.0,3.98,sec_edgar:companyfacts
UNP,us,2010-12-31,2011-02-04T00:00:00,16965000000.0,,2780000000.0,1623000000.0,,17763000000.0,9242000000.0,491565880.0,5.53,sec_edgar:companyfacts
UNP,us,2011-03-31,2011-04-21T00:00:00,4490000000.0,,639000000.0,692000000.0,,18046000000.0,,490574164.0,1.29,sec_edgar:companyfacts
UNP,us,2011-06-30,2011-07-22T00:00:00,9348000000.0,,1424000000.0,1313000000.0,,18306000000.0,,487935652.0,2.89,sec_edgar:companyfacts
UNP,us,2011-09-30,2011-10-21T00:00:00,14449000000.0,,2328000000.0,2116000000.0,,18565000000.0,,483366930.0,4.74,sec_edgar:companyfacts
UNP,us,2011-12-31,2012-02-03T00:00:00,19557000000.0,,3292000000.0,2697000000.0,,18578000000.0,8906000000.0,479929530.0,6.72,sec_edgar:companyfacts
UNP,us,2012-03-31,2012-04-19T00:00:00,5112000000.0,,863000000.0,600000000.0,,18755000000.0,,476914329.0,1.79,sec_edgar:companyfacts
UNP,us,2012-06-30,2012-07-20T00:00:00,10333000000.0,,1865000000.0,960000000.0,,19087000000.0,,473569397.0,3.89,sec_edgar:companyfacts
UNP,us,2012-09-30,2012-10-18T00:00:00,15676000000.0,,2907000000.0,1490000000.0,,19549000000.0,,471131047.0,6.08,sec_edgar:companyfacts
UNP,us,2012-12-31,2013-02-08T00:00:00,20926000000.0,,3943000000.0,2423000000.0,,19877000000.0,8997000000.0,469465273.0,8.27,sec_edgar:companyfacts
UNP,us,2013-03-31,2013-04-18T00:00:00,5290000000.0,,957000000.0,742000000.0,,20144000000.0,,467137922.0,2.03,sec_edgar:companyfacts
UNP,us,2013-06-30,2013-07-19T00:00:00,10760000000.0,,2063000000.0,1488000000.0,,20524000000.0,,464363763.0,4.4,sec_edgar:companyfacts
UNP,us,2013-09-30,2013-10-17T00:00:00,16333000000.0,,3214000000.0,,,20774000000.0,,460791613.0,6.88,sec_edgar:companyfacts
UNP,us,2013-12-31,2014-02-07T00:00:00,21963000000.0,,4388000000.0,,,21225000000.0,9577000000.0,456000998.0,9.42,sec_edgar:companyfacts
UNP,us,2014-03-31,2014-04-17T00:00:00,5638000000.0,,1088000000.0,,,21272000000.0,,453006906.0,2.38,sec_edgar:companyfacts
UNP,us,2014-06-30,2014-07-25T00:00:00,11653000000.0,,2379000000.0,,,21440000000.0,,899019384.0,2.62,sec_edgar:companyfacts
UNP,us,2014-09-30,2014-10-23T00:00:00,17835000000.0,,3749000000.0,,,21553000000.0,,890883634.0,4.14,sec_edgar:companyfacts
UNP,us,2014-12-31,2015-02-06T00:00:00,23988000000.0,,5180000000.0,,,21189000000.0,11480000000.0,883366476.0,5.75,sec_edgar:companyfacts
UNP,us,2015-03-31,2015-04-23T00:00:00,5614000000.0,,1151000000.0,,,21057000000.0,,877373800.0,1.3,sec_edgar:companyfacts
UNP,us,2015-06-30,2015-07-24T00:00:00,11043000000.0,,2355000000.0,,,20990000000.0,,869482511.0,2.68,sec_edgar:companyfacts
UNP,us,2015-09-30,2015-10-22T00:00:00,16605000000.0,,3655000000.0,,,20599000000.0,,855717446.0,4.18,sec_edgar:companyfacts
UNP,us,2015-12-31,2016-02-05T00:00:00,21813000000.0,,4772000000.0,,,20702000000.0,14201000000.0,849211436.0,5.49,sec_edgar:companyfacts
UNP,us,2016-03-31,2016-04-21T00:00:00,4829000000.0,,979000000.0,,,20475000000.0,,840938941.0,1.16,sec_edgar:companyfacts
UNP,us,2016-06-30,2016-07-21T00:00:00,9599000000.0,,1958000000.0,,,20422000000.0,,834070465.0,2.32,sec_edgar:companyfacts
UNP,us,2016-09-30,2016-10-20T00:00:00,14773000000.0,,3089000000.0,,,20284000000.0,,825198874.0,3.68,sec_edgar:companyfacts
UNP,us,2016-12-31,2017-02-03T00:00:00,19941000000.0,,4233000000.0,,,19932000000.0,15007000000.0,815824413.0,5.07,sec_edgar:companyfacts
UNP,us,2017-03-31,2017-04-27T00:00:00,5132000000.0,,1072000000.0,,,19723000000.0,,809169124.0,1.32,sec_edgar:companyfacts
UNP,us,2017-06-30,2017-07-20T00:00:00,10382000000.0,,2240000000.0,,,19615000000.0,,801484015.0,2.76,sec_edgar:companyfacts
UNP,us,2017-09-30,2017-10-26T00:00:00,15790000000.0,,3434000000.0,,,19151000000.0,,789834578.0,4.26,sec_edgar:companyfacts
UNP,us,2017-12-31,2020-02-07T00:00:00,21240000000.0,,10712000000.0,3992000000.0,,24856000000.0,16944000000.0,780917756.0,13.36,sec_edgar:companyfacts
UNP,us,2018-03-31,2018-04-26T00:00:00,5475000000.0,,1310000000.0,,,24389000000.0,,772517399.0,1.68,sec_edgar:companyfacts
UNP,us,2018-06-30,2019-07-18T00:00:00,11147000000.0,,2819000000.0,2419000000.0,,19909000000.0,,739460041.0,3.65,sec_edgar:companyfacts
UNP,us,2018-09-30,2019-10-17T00:00:00,17075000000.0,,4412000000.0,3946000000.0,,20645000000.0,,737518106.0,5.79,sec_edgar:companyfacts
UNP,us,2018-12-31,2020-02-07T00:00:00,22832000000.0,,5966000000.0,5249000000.0,,20423000000.0,22391000000.0,725056690.0,7.91,sec_edgar:companyfacts
UNP,us,2019-03-31,2020-04-23T00:00:00,5384000000.0,,1391000000.0,1207000000.0,,17742000000.0,,708456092.0,1.93,sec_edgar:companyfacts
UNP,us,2019-06-30,2019-07-18T00:00:00,10980000000.0,,2961000000.0,2340000000.0,,18171000000.0,,704942478.0,4.15,sec_edgar:companyfacts
UNP,us,2019-09-30,2019-10-17T00:00:00,16496000000.0,,4516000000.0,3769000000.0,,18016000000.0,,695495657.0,6.36,sec_edgar:companyfacts
UNP,us,2019-12-31,2020-02-07T00:00:00,21708000000.0,,5919000000.0,5156000000.0,,18128000000.0,25200000000.0,692100651.0,8.38,sec_edgar:companyfacts
UNP,us,2020-03-31,2020-04-23T00:00:00,5229000000.0,,1474000000.0,1348000000.0,,15991000000.0,,678558571.0,2.15,sec_edgar:companyfacts
UNP,us,2020-06-30,2020-07-23T00:00:00,9473000000.0,,2606000000.0,2793000000.0,,16452000000.0,,678710739.0,3.82,sec_edgar:companyfacts
UNP,us,2020-09-30,2020-10-22T00:00:00,14392000000.0,,3969000000.0,3699000000.0,,17199000000.0,,675033254.0,5.83,sec_edgar:companyfacts
UNP,us,2020-12-31,2021-02-05T00:00:00,19533000000.0,,5349000000.0,5613000000.0,,16958000000.0,26729000000.0,671351360.0,7.88,sec_edgar:companyfacts
UNP,us,2021-03-31,2021-04-22T00:00:00,5001000000.0,,1341000000.0,1422000000.0,,16254000000.0,,665134519.0,2.0,sec_edgar:companyfacts
UNP,us,2021-06-30,2021-07-22T00:00:00,10505000000.0,,3139000000.0,3029000000.0,,14303000000.0,,652954892.0,4.72,sec_edgar:companyfacts
UNP,us,2021-09-30,2021-10-21T00:00:00,16071000000.0,,4812000000.0,4558000000.0,,13917000000.0,,644407285.0,7.29,sec_edgar:companyfacts
UNP,us,2021-12-31,2022-02-04T00:00:00,,,6523000000.0,6096000000.0,,14161000000.0,29729000000.0,638841656.0,9.95,sec_edgar:companyfacts
UNP,us,2022-03-31,2022-04-21T00:00:00,,,1630000000.0,1388000000.0,,11897000000.0,,628202430.0,2.57,sec_edgar:companyfacts
UNP,us,2022-06-30,2022-07-21T00:00:00,,,3465000000.0,2522000000.0,,12710000000.0,,625168003.0,5.5,sec_edgar:companyfacts
UNP,us,2022-09-30,2022-10-20T00:00:00,,,5360000000.0,4380000000.0,,11743000000.0,,615789169.0,8.54,sec_edgar:companyfacts
UNP,us,2022-12-31,2023-02-10T00:00:00,,,6998000000.0,5742000000.0,,12163000000.0,33326000000.0,612393321.0,11.21,sec_edgar:companyfacts
UNP,us,2023-03-31,2023-04-20T00:00:00,,,1630000000.0,1068000000.0,,12454000000.0,,609884944.0,2.67,sec_edgar:companyfacts
UNP,us,2023-06-30,2023-07-26T00:00:00,,,3199000000.0,2251000000.0,,13194000000.0,,609398738.0,5.24,sec_edgar:companyfacts
UNP,us,2023-09-30,2023-10-19T00:00:00,,,4727000000.0,3402000000.0,,14004000000.0,,,7.75,sec_edgar:companyfacts
UNP,us,2023-12-31,2024-02-09T00:00:00,,,6379000000.0,4773000000.0,,14788000000.0,32579000000.0,609703814.0,10.45,sec_edgar:companyfacts
UNP,us,2024-03-31,2024-04-25T00:00:00,,,1641000000.0,1325000000.0,,15665000000.0,,610088307.0,2.69,sec_edgar:companyfacts
UNP,us,2024-06-30,2024-07-25T00:00:00,,,3314000000.0,2334000000.0,,16489000000.0,,609727377.0,5.43,sec_edgar:companyfacts
UNP,us,2024-09-30,2024-10-24T00:00:00,,,4985000000.0,4154000000.0,,16584000000.0,,606908876.0,8.18,sec_edgar:companyfacts
UNP,us,2024-12-31,2025-02-07T00:00:00,,,6747000000.0,5894000000.0,,16890000000.0,31192000000.0,604241260.0,11.09,sec_edgar:companyfacts
UNP,us,2025-03-31,2025-04-24T00:00:00,,,1626000000.0,1304000000.0,,16039000000.0,,598992024.0,2.7,sec_edgar:companyfacts
UNP,us,2025-06-30,2025-07-24T00:00:00,,,3502000000.0,2701000000.0,,16258000000.0,,593009409.0,5.85,sec_edgar:companyfacts
UNP,us,2025-09-30,2025-10-23T00:00:00,,,5290000000.0,4273000000.0,,17304000000.0,,593127096.0,8.87,sec_edgar:companyfacts
UNP,us,2025-12-31,2026-02-06T00:00:00,,,7138000000.0,5499000000.0,,18467000000.0,31814000000.0,593245884.0,11.98,sec_edgar:companyfacts
UNP,us,2026-03-31,2026-04-23T00:00:00,,,1701000000.0,1503000000.0,,19418000000.0,,593675922.0,2.87,sec_edgar:companyfacts
UPS,us,2007-12-31,2010-02-26T00:00:00,49692000000.0,,382000000.0,-1697000000.0,,,,,0.36,sec_edgar:companyfacts
UPS,us,2008-06-30,2009-08-07T00:00:00,25676000000.0,,1779000000.0,3641000000.0,,,,,1.72,sec_edgar:companyfacts
UPS,us,2008-09-30,2009-11-06T00:00:00,38789000000.0,,2749000000.0,4840000000.0,,,,,2.67,sec_edgar:companyfacts
UPS,us,2008-12-31,2010-02-26T00:00:00,51486000000.0,,3003000000.0,5790000000.0,,6780000000.0,,,2.94,sec_edgar:companyfacts
UPS,us,2009-03-31,2010-05-07T00:00:00,10938000000.0,,401000000.0,1814000000.0,,,,,0.4,sec_edgar:companyfacts
UPS,us,2009-06-30,2009-08-07T00:00:00,21767000000.0,,846000000.0,2484000000.0,,6793000000.0,,,0.84,sec_edgar:companyfacts
UPS,us,2009-09-30,2009-11-06T00:00:00,32920000000.0,,1395000000.0,3048000000.0,,6981000000.0,,,1.39,sec_edgar:companyfacts
UPS,us,2009-12-31,2010-02-26T00:00:00,45297000000.0,,2152000000.0,3683000000.0,,7630000000.0,9521000000.0,,2.14,sec_edgar:companyfacts
UPS,us,2010-03-31,2010-05-07T00:00:00,11728000000.0,,533000000.0,1266000000.0,,7547000000.0,,,0.53,sec_edgar:companyfacts
UPS,us,2010-06-30,2010-08-09T00:00:00,23932000000.0,,1378000000.0,2348000000.0,,7865000000.0,10251000000.0,,1.37,sec_edgar:companyfacts
UPS,us,2010-09-30,2010-11-05T00:00:00,36124000000.0,,2369000000.0,2912000000.0,,8460000000.0,9642000000.0,,2.36,sec_edgar:companyfacts
UPS,us,2010-12-31,2011-02-28T00:00:00,49545000000.0,,3488000000.0,2446000000.0,,7979000000.0,10846000000.0,,3.48,sec_edgar:companyfacts
UPS,us,2011-03-31,2011-05-05T00:00:00,12582000000.0,,885000000.0,879000000.0,,8164000000.0,12058000000.0,,0.88,sec_edgar:companyfacts
UPS,us,2011-06-30,2011-08-05T00:00:00,25773000000.0,,1948000000.0,2363000000.0,,8254000000.0,12161000000.0,,1.95,sec_edgar:companyfacts
UPS,us,2011-09-30,2011-11-04T00:00:00,38939000000.0,,2990000000.0,3805000000.0,,7798000000.0,12402000000.0,,3.0,sec_edgar:companyfacts
UPS,us,2011-12-31,2012-02-27T00:00:00,53105000000.0,,3804000000.0,5068000000.0,,7035000000.0,11128000000.0,,3.84,sec_edgar:companyfacts
UPS,us,2012-03-31,2012-05-07T00:00:00,13136000000.0,,970000000.0,1852000000.0,,7423000000.0,11998000000.0,,1.0,sec_edgar:companyfacts
UPS,us,2012-06-30,2012-08-03T00:00:00,26485000000.0,,2086000000.0,2901000000.0,,7645000000.0,13023000000.0,,2.15,sec_edgar:companyfacts
UPS,us,2012-09-30,2012-11-02T00:00:00,39556000000.0,,2555000000.0,3500000000.0,,7529000000.0,15007000000.0,,2.63,sec_edgar:companyfacts
UPS,us,2012-12-31,2013-02-28T00:00:00,54127000000.0,,807000000.0,5063000000.0,,4653000000.0,11992000000.0,,0.83,sec_edgar:companyfacts
UPS,us,2013-03-31,2013-05-03T00:00:00,13434000000.0,,1037000000.0,1305000000.0,,4028000000.0,,,1.08,sec_edgar:companyfacts
UPS,us,2013-06-30,2013-08-02T00:00:00,26941000000.0,,2108000000.0,2441000000.0,,3617000000.0,,,2.21,sec_edgar:companyfacts
UPS,us,2013-09-30,2013-11-05T00:00:00,40462000000.0,,3205000000.0,3455000000.0,,3642000000.0,,,3.37,sec_edgar:companyfacts
UPS,us,2013-12-31,2014-02-28T00:00:00,55438000000.0,,4372000000.0,5239000000.0,,6474000000.0,10279000000.0,,4.61,sec_edgar:companyfacts
UPS,us,2014-03-31,2014-05-08T00:00:00,13779000000.0,,911000000.0,1945000000.0,,6247000000.0,,,0.98,sec_edgar:companyfacts
UPS,us,2014-06-30,2014-08-06T00:00:00,28047000000.0,,1365000000.0,1019000000.0,,5568000000.0,,,1.47,sec_edgar:companyfacts
UPS,us,2014-09-30,2014-11-06T00:00:00,42337000000.0,,2579000000.0,2747000000.0,,5627000000.0,,,2.78,sec_edgar:companyfacts
UPS,us,2014-12-31,2015-02-27T00:00:00,58232000000.0,,3032000000.0,3398000000.0,,2141000000.0,10081000000.0,,3.28,sec_edgar:companyfacts
UPS,us,2015-03-31,2015-05-07T00:00:00,13977000000.0,,1026000000.0,2386000000.0,,1829000000.0,,,1.12,sec_edgar:companyfacts
UPS,us,2015-06-30,2015-08-07T00:00:00,28072000000.0,,2256000000.0,3281000000.0,,1950000000.0,,,2.48,sec_edgar:companyfacts
UPS,us,2015-09-30,2015-11-05T00:00:00,42309000000.0,,3513000000.0,4767000000.0,,1929000000.0,,,3.87,sec_edgar:companyfacts
UPS,us,2015-12-31,2016-02-25T00:00:00,58363000000.0,,4844000000.0,5051000000.0,,2470000000.0,13692000000.0,,5.35,sec_edgar:companyfacts
UPS,us,2016-03-31,2016-05-10T00:00:00,14418000000.0,,1131000000.0,2243000000.0,,2457000000.0,,,1.27,sec_edgar:companyfacts
UPS,us,2016-06-30,2016-08-05T00:00:00,29047000000.0,,2400000000.0,3730000000.0,,2626000000.0,,,2.69,sec_edgar:companyfacts
UPS,us,2016-09-30,2016-11-03T00:00:00,43975000000.0,,3670000000.0,3526000000.0,,2743000000.0,,,4.13,sec_edgar:companyfacts
UPS,us,2016-12-31,2017-02-21T00:00:00,60906000000.0,,3431000000.0,3508000000.0,,405000000.0,15557000000.0,,3.87,sec_edgar:companyfacts
UPS,us,2017-03-31,2017-05-04T00:00:00,15315000000.0,,1158000000.0,-699000000.0,,535000000.0,,,1.32,sec_edgar:companyfacts
UPS,us,2017-06-30,2017-08-03T00:00:00,31065000000.0,,2542000000.0,612000000.0,,1244000000.0,,,2.9,sec_edgar:companyfacts
UPS,us,2017-09-30,2017-11-02T00:00:00,47043000000.0,,3806000000.0,710000000.0,,1509000000.0,,,4.34,sec_edgar:companyfacts
UPS,us,2017-12-31,2018-02-21T00:00:00,65872000000.0,,4910000000.0,-3748000000.0,,1000000000.0,23886000000.0,,5.61,sec_edgar:companyfacts
UPS,us,2018-03-31,2018-05-03T00:00:00,17113000000.0,,1345000000.0,2530000000.0,,1344000000.0,,,1.55,sec_edgar:companyfacts
UPS,us,2018-06-30,2018-08-02T00:00:00,34569000000.0,,2830000000.0,4351000000.0,,2328000000.0,,,3.25,sec_edgar:companyfacts
UPS,us,2018-09-30,2018-10-30T00:00:00,52013000000.0,,4338000000.0,4932000000.0,,3098000000.0,,,4.99,sec_edgar:companyfacts
UPS,us,2018-12-31,2019-02-21T00:00:00,,,4791000000.0,6428000000.0,,3021000000.0,22349000000.0,,5.51,sec_edgar:companyfacts
UPS,us,2019-03-31,2019-04-30T00:00:00,17160000000.0,,1111000000.0,763000000.0,,3467000000.0,,,1.28,sec_edgar:companyfacts
UPS,us,2019-06-30,2019-07-30T00:00:00,35208000000.0,,2796000000.0,1346000000.0,,4405000000.0,,,3.22,sec_edgar:companyfacts
UPS,us,2019-09-30,2019-10-29T00:00:00,53526000000.0,,4546000000.0,1357000000.0,,5558000000.0,,,5.23,sec_edgar:companyfacts
UPS,us,2019-12-31,2020-02-20T00:00:00,,,4440000000.0,2259000000.0,,3267000000.0,28311000000.0,,5.11,sec_edgar:companyfacts
UPS,us,2020-03-31,2020-05-08T00:00:00,18035000000.0,,965000000.0,1617000000.0,,3299000000.0,4405000000.0,,1.11,sec_edgar:companyfacts
UPS,us,2020-06-30,2020-08-04T00:00:00,38494000000.0,,2733000000.0,3882000000.0,,4363000000.0,3749000000.0,,3.14,sec_edgar:companyfacts
UPS,us,2020-09-30,2020-11-02T00:00:00,59732000000.0,,4690000000.0,6064000000.0,,5592000000.0,2382000000.0,,5.39,sec_edgar:companyfacts
UPS,us,2020-12-31,2021-02-22T00:00:00,,,1343000000.0,5047000000.0,,657000000.0,24472000000.0,,1.54,sec_edgar:companyfacts
UPS,us,2021-03-31,2021-05-05T00:00:00,22908000000.0,,4792000000.0,3697000000.0,,7147000000.0,,,5.47,sec_edgar:companyfacts
UPS,us,2021-06-30,2021-08-06T00:00:00,46332000000.0,,7468000000.0,6784000000.0,,10805000000.0,,,8.51,sec_edgar:companyfacts
UPS,us,2021-09-30,2021-11-04T00:00:00,69516000000.0,,9797000000.0,9191000000.0,,12041000000.0,,,11.16,sec_edgar:companyfacts
UPS,us,2021-12-31,2022-02-22T00:00:00,,,12890000000.0,10813000000.0,,14253000000.0,21677000000.0,,14.68,sec_edgar:companyfacts
UPS,us,2022-03-31,2022-05-04T00:00:00,,,2662000000.0,3932000000.0,,15416000000.0,,,3.03,sec_edgar:companyfacts
UPS,us,2022-06-30,2022-08-03T00:00:00,,,5511000000.0,6905000000.0,,16289000000.0,,,6.28,sec_edgar:companyfacts
UPS,us,2022-09-30,2022-11-02T00:00:00,,,8095000000.0,8494000000.0,,16968000000.0,,,9.24,sec_edgar:companyfacts
UPS,us,2022-12-31,2023-02-21T00:00:00,,,11548000000.0,9335000000.0,,19786000000.0,19436000000.0,,13.2,sec_edgar:companyfacts
UPS,us,2023-03-31,2023-05-03T00:00:00,,,1895000000.0,1748000000.0,,20038000000.0,,,2.19,sec_edgar:companyfacts
UPS,us,2023-06-30,2023-08-08T00:00:00,,,3976000000.0,3774000000.0,,20019000000.0,,,4.61,sec_edgar:companyfacts
UPS,us,2023-09-30,2023-11-01T00:00:00,,,5103000000.0,4718000000.0,,19168000000.0,,,5.92,sec_edgar:companyfacts
UPS,us,2023-12-31,2024-02-20T00:00:00,,,6708000000.0,5080000000.0,,17306000000.0,21998000000.0,,7.8,sec_edgar:companyfacts
UPS,us,2024-03-31,2024-05-03T00:00:00,,,1113000000.0,2281000000.0,,16909000000.0,,,1.3,sec_edgar:companyfacts
UPS,us,2024-06-30,2024-08-07T00:00:00,,,2522000000.0,3341000000.0,,17030000000.0,,,2.94,sec_edgar:companyfacts
UPS,us,2024-09-30,2024-11-06T00:00:00,,,4061000000.0,3996000000.0,,16857000000.0,,,4.74,sec_edgar:companyfacts
UPS,us,2024-12-31,2025-02-18T00:00:00,,,5782000000.0,6213000000.0,,16718000000.0,21030000000.0,,6.75,sec_edgar:companyfacts
UPS,us,2025-03-31,2025-05-07T00:00:00,,,1187000000.0,1442000000.0,,15660000000.0,,,1.4,sec_edgar:companyfacts
UPS,us,2025-06-30,2025-08-06T00:00:00,,,2470000000.0,667000000.0,,15750000000.0,,,2.91,sec_edgar:companyfacts
UPS,us,2025-09-30,2025-11-05T00:00:00,,,3781000000.0,2179000000.0,,15823000000.0,,,4.46,sec_edgar:companyfacts
UPS,us,2025-12-31,2026-02-17T00:00:00,,,5572000000.0,4765000000.0,,16227000000.0,23585000000.0,,6.56,sec_edgar:companyfacts
UPS,us,2026-03-31,2026-05-06T00:00:00,,,864000000.0,1193000000.0,,15763000000.0,,,1.02,sec_edgar:companyfacts
USB,us,2007-12-31,2010-02-26T00:00:00,,,4324000000.0,,,,,,2.42,sec_edgar:companyfacts
USB,us,2008-06-30,2009-08-10T00:00:00,,,2040000000.0,,,,,,1.14,sec_edgar:companyfacts
USB,us,2008-09-30,2009-11-06T00:00:00,,,2616000000.0,,,,,,1.46,sec_edgar:companyfacts
USB,us,2008-12-31,2010-02-26T00:00:00,,,2946000000.0,,,26300000000.0,72342000000.0,,1.61,sec_edgar:companyfacts
USB,us,2009-03-31,2010-05-07T00:00:00,,,529000000.0,,,,,,0.24,sec_edgar:companyfacts
USB,us,2009-06-30,2009-08-10T00:00:00,,,1000000000.0,,,24171000000.0,68894000000.0,,0.36,sec_edgar:companyfacts
USB,us,2009-09-30,2009-11-06T00:00:00,,,1603000000.0,,,25171000000.0,61415000000.0,,0.66,sec_edgar:companyfacts
USB,us,2009-12-31,2011-02-28T00:00:00,,,2205000000.0,,,25963000000.0,63892000000.0,1900000000.0,0.97,sec_edgar:companyfacts
USB,us,2010-03-31,2010-05-07T00:00:00,,,669000000.0,,,26709000000.0,63595000000.0,,0.34,sec_edgar:companyfacts
USB,us,2010-06-30,2010-08-06T00:00:00,,,1435000000.0,,,28169000000.0,62934000000.0,,0.79,sec_edgar:companyfacts
USB,us,2010-09-30,2010-11-08T00:00:00,,,2343000000.0,,,29151000000.0,64694000000.0,,1.24,sec_edgar:companyfacts
USB,us,2010-12-31,2011-02-28T00:00:00,,,3317000000.0,,,29519000000.0,64094000000.0,1900000000.0,1.73,sec_edgar:companyfacts
USB,us,2011-03-31,2011-05-06T00:00:00,,,1046000000.0,,,30507000000.0,62796000000.0,,0.52,sec_edgar:companyfacts
USB,us,2011-06-30,2011-08-08T00:00:00,,,2249000000.0,,,32452000000.0,62484000000.0,,1.12,sec_edgar:companyfacts
USB,us,2011-09-30,2011-11-04T00:00:00,,,3522000000.0,,,33230000000.0,62653000000.0,,1.77,sec_edgar:companyfacts
USB,us,2011-12-31,2012-02-23T00:00:00,,,4872000000.0,,,33978000000.0,62421000000.0,1900000000.0,2.46,sec_edgar:companyfacts
USB,us,2012-03-31,2012-05-07T00:00:00,,,1338000000.0,,,35900000000.0,57849000000.0,,0.67,sec_edgar:companyfacts
USB,us,2012-06-30,2012-08-03T00:00:00,,,2753000000.0,,,37792000000.0,59505000000.0,,1.38,sec_edgar:companyfacts
USB,us,2012-09-30,2013-11-01T00:00:00,15176000000.0,,4227000000.0,,,38661000000.0,54117000000.0,,2.12,sec_edgar:companyfacts
USB,us,2012-12-31,2014-02-21T00:00:00,20288000000.0,,5647000000.0,,,38998000000.0,51818000000.0,1900000000.0,2.84,sec_edgar:companyfacts
USB,us,2013-03-31,2014-05-07T00:00:00,4874000000.0,,1428000000.0,,,39531000000.0,52365000000.0,,0.73,sec_edgar:companyfacts
USB,us,2013-06-30,2014-08-06T00:00:00,9822000000.0,,2912000000.0,,,39683000000.0,45903000000.0,,1.49,sec_edgar:companyfacts
USB,us,2013-09-30,2013-11-01T00:00:00,14713000000.0,,4380000000.0,,,40132000000.0,44878000000.0,,2.25,sec_edgar:companyfacts
USB,us,2013-12-31,2014-02-21T00:00:00,19602000000.0,,5836000000.0,,,41113000000.0,47657000000.0,1800000000.0,3.0,sec_edgar:companyfacts
USB,us,2014-03-31,2014-05-07T00:00:00,4814000000.0,,1397000000.0,,,42054000000.0,54555000000.0,,0.73,sec_edgar:companyfacts
USB,us,2014-06-30,2014-08-06T00:00:00,10002000000.0,,2892000000.0,,,42700000000.0,54992000000.0,,1.51,sec_edgar:companyfacts
USB,us,2014-09-30,2014-11-06T00:00:00,14992000000.0,,4363000000.0,,,43141000000.0,60813000000.0,,2.29,sec_edgar:companyfacts
USB,us,2014-12-31,2015-02-27T00:00:00,20161000000.0,,5851000000.0,,,43479000000.0,62153000000.0,1800000000.0,3.08,sec_edgar:companyfacts
USB,us,2015-03-31,2015-05-06T00:00:00,4906000000.0,,1431000000.0,,,44277000000.0,63330000000.0,,0.76,sec_edgar:companyfacts
USB,us,2015-06-30,2015-08-05T00:00:00,9948000000.0,,2914000000.0,,,44537000000.0,61925000000.0,,1.56,sec_edgar:companyfacts
USB,us,2015-09-30,2015-11-04T00:00:00,15095000000.0,,4403000000.0,,,45075000000.0,59419000000.0,,2.36,sec_edgar:companyfacts
USB,us,2015-12-31,2016-02-25T00:00:00,20306000000.0,,5879000000.0,,,46131000000.0,59955000000.0,1700000000.0,3.16,sec_edgar:companyfacts
USB,us,2016-03-31,2016-05-06T00:00:00,5037000000.0,,1386000000.0,,,46755000000.0,58649000000.0,,0.76,sec_edgar:companyfacts
USB,us,2016-06-30,2016-08-05T00:00:00,10485000000.0,,2908000000.0,,,47390000000.0,55374000000.0,,1.59,sec_edgar:companyfacts
USB,us,2016-09-30,2016-11-04T00:00:00,15873000000.0,,4410000000.0,,,47759000000.0,53673000000.0,,2.43,sec_edgar:companyfacts
USB,us,2016-12-31,2019-02-22T00:00:00,21308000000.0,,5888000000.0,,,47298000000.0,47286000000.0,1700000000.0,3.24,sec_edgar:companyfacts
USB,us,2017-03-31,2017-05-05T00:00:00,5324000000.0,,1473000000.0,,,47798000000.0,48131000000.0,,0.82,sec_edgar:companyfacts
USB,us,2017-06-30,2018-08-02T00:00:00,10811000000.0,,2973000000.0,,,48320000000.0,52226000000.0,,1.66,sec_edgar:companyfacts
USB,us,2017-09-30,2018-11-02T00:00:00,16419000000.0,,4536000000.0,,,48723000000.0,50371000000.0,,2.55,sec_edgar:companyfacts
USB,us,2017-12-31,2019-02-22T00:00:00,22057000000.0,,6218000000.0,,,49040000000.0,48910000000.0,1700000000.0,3.51,sec_edgar:companyfacts
USB,us,2018-03-31,2019-05-09T00:00:00,5469000000.0,,1675000000.0,,,49187000000.0,50904000000.0,,0.96,sec_edgar:companyfacts
USB,us,2018-06-30,2018-08-02T00:00:00,11109000000.0,,3425000000.0,,,49628000000.0,55308000000.0,,1.98,sec_edgar:companyfacts
USB,us,2018-09-30,2018-11-02T00:00:00,16808000000.0,,5240000000.0,,,50375000000.0,64762000000.0,,3.04,sec_edgar:companyfacts
USB,us,2018-12-31,2019-02-22T00:00:00,22637000000.0,,7096000000.0,,,51029000000.0,55479000000.0,1600000000.0,4.14,sec_edgar:companyfacts
USB,us,2019-03-31,2019-05-09T00:00:00,5577000000.0,,1699000000.0,,,52057000000.0,56076000000.0,,1.0,sec_edgar:companyfacts
USB,us,2019-06-30,2019-08-01T00:00:00,11399000000.0,,3520000000.0,,,52913000000.0,56040000000.0,,2.1,sec_edgar:companyfacts
USB,us,2019-09-30,2019-11-08T00:00:00,17319000000.0,,5428000000.0,,,53517000000.0,55853000000.0,,3.25,sec_edgar:companyfacts
USB,us,2019-12-31,2020-02-20T00:00:00,,,6914000000.0,,,51853000000.0,63890000000.0,1500000000.0,4.16,sec_edgar:companyfacts
USB,us,2020-03-31,2020-05-07T00:00:00,,,1171000000.0,,,51532000000.0,78642000000.0,,0.72,sec_edgar:companyfacts
USB,us,2020-06-30,2020-08-06T00:00:00,,,1860000000.0,,,51850000000.0,63174000000.0,,1.12,sec_edgar:companyfacts
USB,us,2020-09-30,2020-11-05T00:00:00,,,3440000000.0,,,52565000000.0,56166000000.0,,2.11,sec_edgar:companyfacts
USB,us,2020-12-31,2021-02-23T00:00:00,,,4959000000.0,,,53095000000.0,53063000000.0,1500000000.0,3.06,sec_edgar:companyfacts
USB,us,2021-03-31,2021-05-04T00:00:00,,,2280000000.0,,,51678000000.0,49517000000.0,,1.45,sec_edgar:companyfacts
USB,us,2021-06-30,2021-08-03T00:00:00,,,4262000000.0,,,53039000000.0,49773000000.0,,2.73,sec_edgar:companyfacts
USB,us,2021-09-30,2021-11-02T00:00:00,,,6290000000.0,,,53743000000.0,51759000000.0,,4.04,sec_edgar:companyfacts
USB,us,2021-12-31,2022-02-22T00:00:00,,,7963000000.0,,,54918000000.0,43921000000.0,1500000000.0,5.1,sec_edgar:companyfacts
USB,us,2022-03-31,2022-05-03T00:00:00,,,1557000000.0,,,51200000000.0,53973000000.0,,0.99,sec_edgar:companyfacts
USB,us,2022-06-30,2022-08-04T00:00:00,,,3088000000.0,,,48605000000.0,54371000000.0,,1.97,sec_edgar:companyfacts
USB,us,2022-09-30,2023-11-01T00:00:00,17934000000.0,,4900000000.0,,,47513000000.0,57294000000.0,,3.13,sec_edgar:companyfacts
USB,us,2022-12-31,2024-02-20T00:00:00,24302000000.0,,5825000000.0,,,50766000000.0,71045000000.0,1500000000.0,3.69,sec_edgar:companyfacts
USB,us,2023-03-31,2024-05-01T00:00:00,7175000000.0,,1698000000.0,,,52989000000.0,98920000000.0,,1.04,sec_edgar:companyfacts
USB,us,2023-06-30,2024-08-06T00:00:00,14350000000.0,,3059000000.0,,,53019000000.0,77617000000.0,,1.87,sec_edgar:companyfacts
USB,us,2023-09-30,2023-11-01T00:00:00,21382000000.0,,4582000000.0,,,53113000000.0,64974000000.0,,2.79,sec_edgar:companyfacts
USB,us,2023-12-31,2024-02-20T00:00:00,28144000000.0,,5429000000.0,,,55306000000.0,15279000000.0,1600000000.0,3.27,sec_edgar:companyfacts
USB,us,2024-03-31,2024-05-01T00:00:00,6715000000.0,,1319000000.0,,,55568000000.0,17102000000.0,,0.78,sec_edgar:companyfacts
USB,us,2024-06-30,2024-08-06T00:00:00,13582000000.0,,2922000000.0,,,56420000000.0,16557000000.0,,1.75,sec_edgar:companyfacts
USB,us,2024-09-30,2024-11-05T00:00:00,20446000000.0,,4636000000.0,,,58859000000.0,23708000000.0,,2.77,sec_edgar:companyfacts
USB,us,2024-12-31,2025-02-21T00:00:00,27455000000.0,,6299000000.0,,,58578000000.0,15518000000.0,1600000000.0,3.79,sec_edgar:companyfacts
USB,us,2025-03-31,2025-05-06T00:00:00,6958000000.0,,1709000000.0,,,60096000000.0,17158000000.0,,1.03,sec_edgar:companyfacts
USB,us,2025-06-30,2025-08-07T00:00:00,13962000000.0,,3524000000.0,,,61438000000.0,15039000000.0,,2.14,sec_edgar:companyfacts
USB,us,2025-09-30,2025-11-05T00:00:00,21291000000.0,,5525000000.0,,,63340000000.0,15449000000.0,,3.35,sec_edgar:companyfacts
USB,us,2025-12-31,2026-02-23T00:00:00,28656000000.0,,7570000000.0,,,65193000000.0,17162000000.0,1600000000.0,4.62,sec_edgar:companyfacts
USB,us,2026-03-31,2026-05-04T00:00:00,7288000000.0,,1945000000.0,,,65786000000.0,17859000000.0,,1.18,sec_edgar:companyfacts
V,us,2006-09-30,2009-11-20T00:00:00,,,,,,583000000.0,,,,sec_edgar:companyfacts
V,us,2007-09-30,2009-11-20T00:00:00,3590000000.0,,-1076000000.0,345000000.0,,-501000000.0,,,,sec_edgar:companyfacts
V,us,2008-06-30,2009-07-30T00:00:00,4554000000.0,,1160000000.0,-66000000.0,,,,,,sec_edgar:companyfacts
V,us,2008-09-30,2009-11-20T00:00:00,6263000000.0,,804000000.0,116000000.0,,21141000000.0,,,,sec_edgar:companyfacts
V,us,2008-12-31,2010-02-03T00:00:00,1739000000.0,,574000000.0,117000000.0,,,,,,sec_edgar:companyfacts
V,us,2009-03-31,2010-05-03T00:00:00,3386000000.0,,1110000000.0,282000000.0,,,,,,sec_edgar:companyfacts
V,us,2009-06-30,2009-07-30T00:00:00,5032000000.0,,1839000000.0,562000000.0,,22794000000.0,,,,sec_edgar:companyfacts
V,us,2009-09-30,2009-11-20T00:00:00,6911000000.0,,2353000000.0,252000000.0,,23189000000.0,56000000.0,,,sec_edgar:companyfacts
V,us,2009-12-31,2010-02-03T00:00:00,1960000000.0,,763000000.0,-66000000.0,,23472000000.0,,,,sec_edgar:companyfacts
V,us,2010-03-31,2010-05-03T00:00:00,3919000000.0,,1476000000.0,501000000.0,,23983000000.0,,,,sec_edgar:companyfacts
V,us,2010-06-30,2010-08-02T00:00:00,5948000000.0,,2192000000.0,1654000000.0,,24676000000.0,,,,sec_edgar:companyfacts
V,us,2010-09-30,2010-11-19T00:00:00,8065000000.0,,2966000000.0,2450000000.0,,25011000000.0,44000000.0,,,sec_edgar:companyfacts
V,us,2010-12-31,2011-02-02T00:00:00,2238000000.0,,884000000.0,931000000.0,,25541000000.0,,,,sec_edgar:companyfacts
V,us,2011-03-31,2011-05-05T00:00:00,4483000000.0,,1765000000.0,1462000000.0,,26151000000.0,,,,sec_edgar:companyfacts
V,us,2011-06-30,2011-07-29T00:00:00,6805000000.0,,2770000000.0,2768000000.0,,26050000000.0,,,,sec_edgar:companyfacts
V,us,2011-09-30,2011-11-18T00:00:00,9188000000.0,,3650000000.0,3519000000.0,,26437000000.0,,,,sec_edgar:companyfacts
V,us,2011-12-31,2012-02-08T00:00:00,2547000000.0,,1029000000.0,1220000000.0,,,,,,sec_edgar:companyfacts
V,us,2012-03-31,2012-05-02T00:00:00,5125000000.0,,2321000000.0,2256000000.0,,,,,,sec_edgar:companyfacts
V,us,2012-06-30,2012-07-27T00:00:00,7690000000.0,,482000000.0,3405000000.0,,,,,,sec_edgar:companyfacts
V,us,2012-09-30,2012-11-16T00:00:00,10421000000.0,,2144000000.0,4633000000.0,,,,,,sec_edgar:companyfacts
V,us,2012-12-31,2013-02-06T00:00:00,2846000000.0,,1293000000.0,-2924000000.0,,,,,,sec_edgar:companyfacts
V,us,2013-03-31,2013-05-01T00:00:00,5804000000.0,,2563000000.0,-1391000000.0,,,,,,sec_edgar:companyfacts
V,us,2013-06-30,2013-07-24T00:00:00,8805000000.0,,3788000000.0,644000000.0,,,,,,sec_edgar:companyfacts
V,us,2013-09-30,2013-11-22T00:00:00,11778000000.0,,4980000000.0,2551000000.0,,,,,,sec_edgar:companyfacts
V,us,2013-12-31,2014-01-30T00:00:00,3155000000.0,,1407000000.0,1421000000.0,,,,,,sec_edgar:companyfacts
V,us,2014-03-31,2014-04-24T00:00:00,6318000000.0,,3005000000.0,3253000000.0,,,,,,sec_edgar:companyfacts
V,us,2014-06-30,2014-07-24T00:00:00,9473000000.0,,4365000000.0,5086000000.0,,,,,,sec_edgar:companyfacts
V,us,2014-09-30,2014-11-21T00:00:00,12702000000.0,,5438000000.0,6652000000.0,,,,,,sec_edgar:companyfacts
V,us,2014-12-31,2015-01-29T00:00:00,3382000000.0,,1569000000.0,1657000000.0,,,,,,sec_edgar:companyfacts
V,us,2015-03-31,2015-04-30T00:00:00,6791000000.0,,3119000000.0,2537000000.0,,,,,,sec_edgar:companyfacts
V,us,2015-06-30,2015-07-23T00:00:00,10309000000.0,,4816000000.0,4574000000.0,,,,,,sec_edgar:companyfacts
V,us,2015-09-30,2015-11-20T00:00:00,13880000000.0,,6328000000.0,6170000000.0,,,0.0,,,sec_edgar:companyfacts
V,us,2015-12-31,2016-01-28T00:00:00,3565000000.0,,1941000000.0,1853000000.0,,,15877000000.0,,,sec_edgar:companyfacts
V,us,2016-03-31,2016-04-25T00:00:00,7191000000.0,,3648000000.0,2569000000.0,,,15876000000.0,,,sec_edgar:companyfacts
V,us,2016-06-30,2016-07-25T00:00:00,10821000000.0,,4060000000.0,2740000000.0,,,15879000000.0,,,sec_edgar:companyfacts
V,us,2016-09-30,2016-11-15T00:00:00,15082000000.0,,5991000000.0,5051000000.0,,,15882000000.0,,,sec_edgar:companyfacts
V,us,2016-12-31,2017-02-02T00:00:00,4461000000.0,,2070000000.0,2337000000.0,,,16455000000.0,,,sec_edgar:companyfacts
V,us,2017-03-31,2017-04-21T00:00:00,8938000000.0,,2500000000.0,2587000000.0,,,15890000000.0,,,sec_edgar:companyfacts
V,us,2017-06-30,2017-07-20T00:00:00,13503000000.0,,4559000000.0,5929000000.0,,,15892000000.0,,,sec_edgar:companyfacts
V,us,2017-09-30,2017-11-17T00:00:00,18358000000.0,,6699000000.0,8501000000.0,,,16618000000.0,,,sec_edgar:companyfacts
V,us,2017-12-31,2018-02-01T00:00:00,4862000000.0,,2522000000.0,2621000000.0,,,,,,sec_edgar:companyfacts
V,us,2018-03-31,2018-04-27T00:00:00,9935000000.0,,5127000000.0,5228000000.0,,,,,,sec_edgar:companyfacts
V,us,2018-06-30,2018-07-27T00:00:00,15175000000.0,,7456000000.0,8696000000.0,,,,,,sec_edgar:companyfacts
V,us,2018-09-30,2018-11-16T00:00:00,20609000000.0,,10301000000.0,11995000000.0,,,16630000000.0,,,sec_edgar:companyfacts
V,us,2018-12-31,2019-01-31T00:00:00,5506000000.0,,2977000000.0,3137000000.0,,,16633000000.0,,,sec_edgar:companyfacts
V,us,2019-03-31,2019-04-26T00:00:00,11000000000.0,,5954000000.0,5045000000.0,,,16630000000.0,,,sec_edgar:companyfacts
V,us,2019-06-30,2019-07-26T00:00:00,16840000000.0,,9055000000.0,8235000000.0,,,,,,sec_edgar:companyfacts
V,us,2019-09-30,2019-11-14T00:00:00,22977000000.0,,12080000000.0,12028000000.0,,,16729000000.0,,,sec_edgar:companyfacts
V,us,2019-12-31,2020-01-31T00:00:00,,,3272000000.0,3684000000.0,,,,,,sec_edgar:companyfacts
V,us,2020-03-31,2020-05-04T00:00:00,,,6356000000.0,4935000000.0,,,17892000000.0,,,sec_edgar:companyfacts
V,us,2020-06-30,2020-07-31T00:00:00,,,8729000000.0,7776000000.0,,,20879000000.0,,,sec_edgar:companyfacts
V,us,2020-09-30,2020-11-19T00:00:00,21846000000.0,,10866000000.0,9704000000.0,,,24070000000.0,,,sec_edgar:companyfacts
V,us,2020-12-31,2021-01-29T00:00:00,,,3126000000.0,3353000000.0,,,21055000000.0,,,sec_edgar:companyfacts
V,us,2021-03-31,2021-04-29T00:00:00,,,6152000000.0,6524000000.0,,,20974000000.0,,,sec_edgar:companyfacts
V,us,2021-06-30,2021-07-29T00:00:00,,,8727000000.0,10759000000.0,,,20996000000.0,,,sec_edgar:companyfacts
V,us,2021-09-30,2021-11-18T00:00:00,,,12311000000.0,14522000000.0,,,20977000000.0,,,sec_edgar:companyfacts
V,us,2021-12-31,2022-01-28T00:00:00,,,3959000000.0,4059000000.0,,,20920000000.0,,,sec_edgar:companyfacts
V,us,2022-03-31,2022-04-28T00:00:00,,,7606000000.0,7281000000.0,,,,,,sec_edgar:companyfacts
V,us,2022-06-30,2022-07-28T00:00:00,,,11017000000.0,12298000000.0,,,,,,sec_edgar:companyfacts
V,us,2022-09-30,2022-11-16T00:00:00,,,14957000000.0,17879000000.0,,,,,,sec_edgar:companyfacts
V,us,2022-12-31,2023-01-27T00:00:00,,,4179000000.0,3922000000.0,,,,,,sec_edgar:companyfacts
V,us,2023-03-31,2023-04-27T00:00:00,,,8436000000.0,7572000000.0,,,,,,sec_edgar:companyfacts
V,us,2023-06-30,2023-07-26T00:00:00,,,12592000000.0,13074000000.0,,,,,,sec_edgar:companyfacts
V,us,2023-09-30,2023-11-15T00:00:00,,,17273000000.0,19696000000.0,,,,,,sec_edgar:companyfacts
V,us,2023-12-31,2024-01-26T00:00:00,,,4890000000.0,3347000000.0,,,,,,sec_edgar:companyfacts
V,us,2024-03-31,2024-04-24T00:00:00,,,9553000000.0,7604000000.0,,,,,,sec_edgar:companyfacts
V,us,2024-06-30,2024-07-24T00:00:00,,,14425000000.0,12338000000.0,,,,,,sec_edgar:companyfacts
V,us,2024-09-30,2024-11-13T00:00:00,,,19743000000.0,18693000000.0,,,,,,sec_edgar:companyfacts
V,us,2024-12-31,2025-01-31T00:00:00,,,5119000000.0,5051000000.0,,,,,,sec_edgar:companyfacts
V,us,2025-03-31,2025-04-30T00:00:00,,,9696000000.0,9419000000.0,,,,,,sec_edgar:companyfacts
V,us,2025-06-30,2025-07-30T00:00:00,,,14968000000.0,15728000000.0,,,,,,sec_edgar:companyfacts
V,us,2025-09-30,2025-11-06T00:00:00,,,20058000000.0,21577000000.0,,,,,,sec_edgar:companyfacts
V,us,2025-12-31,2026-01-30T00:00:00,,,5853000000.0,6402000000.0,,,,,,sec_edgar:companyfacts
V,us,2026-03-31,2026-04-29T00:00:00,,,11874000000.0,9027000000.0,,,,,,sec_edgar:companyfacts
VZ,us,2007-12-31,2010-02-26T00:00:00,93469000000.0,,5521000000.0,9301000000.0,,82869000000.0,,,1.9,sec_edgar:companyfacts
VZ,us,2008-06-30,2009-07-30T00:00:00,47957000000.0,,3524000000.0,4238000000.0,,,,,1.23,sec_edgar:companyfacts
VZ,us,2008-09-30,2009-10-29T00:00:00,72709000000.0,,5193000000.0,7359000000.0,,,,,1.82,sec_edgar:companyfacts
VZ,us,2008-12-31,2010-02-26T00:00:00,97354000000.0,,6428000000.0,10319000000.0,,78905000000.0,,,2.26,sec_edgar:companyfacts
VZ,us,2009-03-31,2010-04-28T00:00:00,26591000000.0,,1645000000.0,2915000000.0,,,,,0.58,sec_edgar:companyfacts
VZ,us,2009-06-30,2009-07-30T00:00:00,53452000000.0,,3128000000.0,6043000000.0,,82821000000.0,,2840613457.0,1.1,sec_edgar:companyfacts
VZ,us,2009-09-30,2009-10-29T00:00:00,80717000000.0,,4304000000.0,10668000000.0,,84582000000.0,,2840648086.0,1.51,sec_edgar:companyfacts
VZ,us,2009-12-31,2010-02-26T00:00:00,107808000000.0,,3651000000.0,14518000000.0,,84367000000.0,61156000000.0,,1.29,sec_edgar:companyfacts
VZ,us,2010-03-31,2010-04-28T00:00:00,26913000000.0,,409000000.0,3661000000.0,,84652000000.0,,2826732438.0,0.14,sec_edgar:companyfacts
VZ,us,2010-06-30,2010-07-29T00:00:00,53686000000.0,,211000000.0,9188000000.0,,84473000000.0,,2826741689.0,0.07,sec_edgar:companyfacts
VZ,us,2010-09-30,2010-10-28T00:00:00,80170000000.0,,1092000000.0,13370000000.0,,84624000000.0,,2826782631.0,0.39,sec_edgar:companyfacts
VZ,us,2010-12-31,2011-02-28T00:00:00,106565000000.0,,2549000000.0,16905000000.0,,86912000000.0,52794000000.0,,0.9,sec_edgar:companyfacts
VZ,us,2011-03-31,2011-04-28T00:00:00,26990000000.0,,1439000000.0,672000000.0,,88864000000.0,,2829078226.0,0.51,sec_edgar:companyfacts
VZ,us,2011-06-30,2011-07-28T00:00:00,54526000000.0,,3048000000.0,3874000000.0,,90712000000.0,,2830580870.0,1.07,sec_edgar:companyfacts
VZ,us,2011-09-30,2011-10-25T00:00:00,82439000000.0,,4427000000.0,8966000000.0,,87515000000.0,,2831090656.0,1.56,sec_edgar:companyfacts
VZ,us,2011-12-31,2012-02-24T00:00:00,110875000000.0,,2404000000.0,13536000000.0,,85908000000.0,53218000000.0,,0.85,sec_edgar:companyfacts
VZ,us,2012-03-31,2012-04-26T00:00:00,28242000000.0,,1686000000.0,2392000000.0,,88421000000.0,,,0.59,sec_edgar:companyfacts
VZ,us,2012-06-30,2012-07-30T00:00:00,56794000000.0,,3511000000.0,7841000000.0,,90428000000.0,,,1.23,sec_edgar:companyfacts
VZ,us,2012-09-30,2012-10-25T00:00:00,85801000000.0,,5104000000.0,13443000000.0,,92628000000.0,,,1.79,sec_edgar:companyfacts
VZ,us,2012-12-31,2013-02-26T00:00:00,115846000000.0,,875000000.0,15311000000.0,,85533000000.0,51487000000.0,,0.31,sec_edgar:companyfacts
VZ,us,2013-03-31,2013-04-25T00:00:00,29420000000.0,,1952000000.0,3929000000.0,,87588000000.0,,,0.68,sec_edgar:companyfacts
VZ,us,2013-06-30,2013-07-25T00:00:00,59206000000.0,,4198000000.0,9532000000.0,,87156000000.0,,,1.46,sec_edgar:companyfacts
VZ,us,2013-09-30,2013-10-24T00:00:00,89485000000.0,,6430000000.0,16580000000.0,,90265000000.0,,2861750762.0,2.24,sec_edgar:companyfacts
VZ,us,2013-12-31,2014-02-27T00:00:00,120550000000.0,,11497000000.0,22214000000.0,,95416000000.0,93591000000.0,,4.0,sec_edgar:companyfacts
VZ,us,2014-03-31,2014-04-29T00:00:00,30818000000.0,,3947000000.0,2989000000.0,,13851000000.0,,4141148976.0,1.15,sec_edgar:companyfacts
VZ,us,2014-06-30,2014-07-29T00:00:00,62301000000.0,,8161000000.0,6310000000.0,,16012000000.0,,4145232133.0,2.15,sec_edgar:companyfacts
VZ,us,2014-09-30,2014-10-28T00:00:00,93887000000.0,,11856000000.0,10533000000.0,,17968000000.0,,4149723706.0,3.03,sec_edgar:companyfacts
VZ,us,2014-12-31,2015-02-23T00:00:00,127079000000.0,,9625000000.0,13440000000.0,,13676000000.0,19000000.0,,2.42,sec_edgar:companyfacts
VZ,us,2015-03-31,2015-04-28T00:00:00,31984000000.0,,4219000000.0,6504000000.0,,10759000000.0,,4078487075.0,1.02,sec_edgar:companyfacts
VZ,us,2015-06-30,2015-07-28T00:00:00,64208000000.0,,8450000000.0,10753000000.0,,12874000000.0,,4065691468.0,2.06,sec_edgar:companyfacts
VZ,us,2015-09-30,2015-10-27T00:00:00,97366000000.0,,12488000000.0,15886000000.0,,14542000000.0,,4068873137.0,3.05,sec_edgar:companyfacts
VZ,us,2015-12-31,2016-02-23T00:00:00,131620000000.0,,17879000000.0,21155000000.0,,17842000000.0,6000000.0,,4.37,sec_edgar:companyfacts
VZ,us,2016-03-31,2016-04-28T00:00:00,32171000000.0,,4310000000.0,4032000000.0,,20103000000.0,,4076288055.0,1.06,sec_edgar:companyfacts
VZ,us,2016-06-30,2016-07-29T00:00:00,62703000000.0,,5012000000.0,5557000000.0,,20744000000.0,,4076301833.0,1.23,sec_edgar:companyfacts
VZ,us,2016-09-30,2016-10-26T00:00:00,93640000000.0,,8632000000.0,6231000000.0,,21983000000.0,,4076633952.0,2.11,sec_edgar:companyfacts
VZ,us,2016-12-31,2017-02-21T00:00:00,125980000000.0,,13127000000.0,5656000000.0,,24032000000.0,,,3.21,sec_edgar:companyfacts
VZ,us,2017-03-31,2017-04-27T00:00:00,29814000000.0,,3450000000.0,-1386000000.0,,25037000000.0,,4079369367.0,0.84,sec_edgar:companyfacts
VZ,us,2017-06-30,2017-08-03T00:00:00,60362000000.0,,7812000000.0,2907000000.0,,26761000000.0,,4079407956.0,1.91,sec_edgar:companyfacts
VZ,us,2017-09-30,2017-10-26T00:00:00,92079000000.0,,11432000000.0,5939000000.0,,28451000000.0,,4079440836.0,2.8,sec_edgar:companyfacts
VZ,us,2017-12-31,2018-02-23T00:00:00,126034000000.0,,30101000000.0,8058000000.0,,44687000000.0,150000000.0,,7.36,sec_edgar:companyfacts
VZ,us,2018-03-31,2018-05-01T00:00:00,31772000000.0,,4545000000.0,2096000000.0,,52345000000.0,,4131896508.0,1.11,sec_edgar:companyfacts
VZ,us,2018-06-30,2018-07-31T00:00:00,63975000000.0,,8665000000.0,8595000000.0,,53575000000.0,,4131935606.0,2.1,sec_edgar:companyfacts
VZ,us,2018-09-30,2018-10-30T00:00:00,96582000000.0,,13589000000.0,14218000000.0,,56087000000.0,,4132015101.0,3.29,sec_edgar:companyfacts
VZ,us,2018-12-31,2019-02-15T00:00:00,130863000000.0,,15528000000.0,17681000000.0,,54710000000.0,150000000.0,,3.76,sec_edgar:companyfacts
VZ,us,2019-03-31,2019-04-26T00:00:00,32128000000.0,,5032000000.0,2813000000.0,,57460000000.0,,4135706646.0,1.22,sec_edgar:companyfacts
VZ,us,2019-06-30,2019-08-08T00:00:00,64199000000.0,,8976000000.0,7869000000.0,,57947000000.0,,4135764809.0,2.17,sec_edgar:companyfacts
VZ,us,2019-09-30,2019-10-30T00:00:00,97093000000.0,,14170000000.0,14416000000.0,,60312000000.0,,4135784209.0,3.42,sec_edgar:companyfacts
VZ,us,2019-12-31,2020-02-21T00:00:00,131868000000.0,,19265000000.0,,,62835000000.0,0.0,,4.65,sec_edgar:companyfacts
VZ,us,2020-03-31,2020-04-27T00:00:00,31610000000.0,,4156000000.0,,,61653000000.0,,4137995405.0,1.0,sec_edgar:companyfacts
VZ,us,2020-06-30,2020-07-28T00:00:00,62057000000.0,,8856000000.0,,,64113000000.0,,4138053870.0,2.14,sec_edgar:companyfacts
VZ,us,2020-09-30,2020-10-27T00:00:00,93600000000.0,,13213000000.0,,,66530000000.0,,4138094367.0,3.19,sec_edgar:companyfacts
VZ,us,2020-12-31,2021-02-25T00:00:00,128292000000.0,,17801000000.0,,,69272000000.0,320000000.0,,4.3,sec_edgar:companyfacts
VZ,us,2021-03-31,2021-04-27T00:00:00,32867000000.0,,5245000000.0,,,72683000000.0,,4140067633.0,1.27,sec_edgar:companyfacts
VZ,us,2021-06-30,2021-07-28T00:00:00,66631000000.0,,11045000000.0,,,75112000000.0,,4140116007.0,2.67,sec_edgar:companyfacts
VZ,us,2021-09-30,2021-10-26T00:00:00,99546000000.0,,17452000000.0,,,78489000000.0,,4140163896.0,4.21,sec_edgar:companyfacts
VZ,us,2021-12-31,2022-02-11T00:00:00,133613000000.0,,22065000000.0,,,83200000000.0,0.0,,5.32,sec_edgar:companyfacts
VZ,us,2022-03-31,2022-04-27T00:00:00,33554000000.0,,4580000000.0,,,85175000000.0,,4199643701.0,1.09,sec_edgar:companyfacts
VZ,us,2022-06-30,2022-07-28T00:00:00,67343000000.0,,9779000000.0,,,87357000000.0,,4199714676.0,2.33,sec_edgar:companyfacts
VZ,us,2022-09-30,2022-10-25T00:00:00,101584000000.0,,14679000000.0,,,88783000000.0,,4199817447.0,3.49,sec_edgar:companyfacts
VZ,us,2022-12-31,2023-02-10T00:00:00,136835000000.0,,21256000000.0,,,92463000000.0,150000000.0,,5.06,sec_edgar:companyfacts
VZ,us,2023-03-31,2023-04-27T00:00:00,32912000000.0,,4909000000.0,,,94219000000.0,,4203991483.0,1.17,sec_edgar:companyfacts
VZ,us,2023-06-30,2023-07-28T00:00:00,65508000000.0,,9557000000.0,,,96502000000.0,,4204039985.0,2.27,sec_edgar:companyfacts
VZ,us,2023-09-30,2023-10-26T00:00:00,98844000000.0,,14319000000.0,,,99088000000.0,,4204101659.0,3.4,sec_edgar:companyfacts
VZ,us,2023-12-31,2024-02-09T00:00:00,133974000000.0,,11614000000.0,,,93799000000.0,0.0,,2.75,sec_edgar:companyfacts
VZ,us,2024-03-31,2024-04-25T00:00:00,32981000000.0,,4602000000.0,,,95726000000.0,,4209254894.0,1.09,sec_edgar:companyfacts
VZ,us,2024-06-30,2024-07-25T00:00:00,65777000000.0,,9195000000.0,,,97539000000.0,,4209519996.0,2.18,sec_edgar:companyfacts
VZ,us,2024-09-30,2024-10-25T00:00:00,99107000000.0,,12501000000.0,,,97668000000.0,,4209626270.0,2.96,sec_edgar:companyfacts
VZ,us,2024-12-31,2025-02-12T00:00:00,134788000000.0,,17506000000.0,,,100575000000.0,65000000.0,,4.14,sec_edgar:companyfacts
VZ,us,2025-03-31,2025-04-25T00:00:00,33485000000.0,,4879000000.0,,,102037000000.0,,4216254914.0,1.15,sec_edgar:companyfacts
VZ,us,2025-06-30,2025-07-25T00:00:00,67989000000.0,,9882000000.0,,,104361000000.0,,4216324808.0,2.34,sec_edgar:companyfacts
VZ,us,2025-09-30,2025-10-29T00:00:00,101810000000.0,,14832000000.0,,,106345000000.0,,4216425489.0,3.51,sec_edgar:companyfacts
VZ,us,2025-12-31,2026-02-17T00:00:00,138191000000.0,,17174000000.0,,,105741000000.0,441000000.0,,4.06,sec_edgar:companyfacts
VZ,us,2026-03-31,2026-05-01T00:00:00,34440000000.0,,5045000000.0,,,104622000000.0,,4175558910.0,1.2,sec_edgar:companyfacts
WFC,us,2007-12-31,2010-02-26T00:00:00,,,8057000000.0,,,,,,2.38,sec_edgar:companyfacts
WFC,us,2008-06-30,2009-08-07T00:00:00,,,3752000000.0,,,,,,1.13,sec_edgar:companyfacts
WFC,us,2008-09-30,2009-11-06T00:00:00,,,5389000000.0,,,,,,1.62,sec_edgar:companyfacts
WFC,us,2008-12-31,2010-02-26T00:00:00,,,2655000000.0,,,99084000000.0,375232000000.0,,0.7,sec_edgar:companyfacts
WFC,us,2009-03-31,2010-05-07T00:00:00,,,3045000000.0,,,,,,0.56,sec_edgar:companyfacts
WFC,us,2009-06-30,2009-08-07T00:00:00,,,6217000000.0,,,114623000000.0,284899000000.0,,1.13,sec_edgar:companyfacts
WFC,us,2009-09-30,2009-11-06T00:00:00,,,9452000000.0,,,122150000000.0,245092000000.0,,1.69,sec_edgar:companyfacts
WFC,us,2009-12-31,2010-02-26T00:00:00,,,12275000000.0,,,111786000000.0,242827000000.0,,1.75,sec_edgar:companyfacts
WFC,us,2010-03-31,2010-05-07T00:00:00,,,2547000000.0,,,116142000000.0,246212000000.0,,0.45,sec_edgar:companyfacts
WFC,us,2010-06-30,2010-08-09T00:00:00,,,5609000000.0,,,119772000000.0,230259000000.0,,1.0,sec_edgar:companyfacts
WFC,us,2010-09-30,2010-11-05T00:00:00,,,8948000000.0,,,123658000000.0,213858000000.0,,1.6,sec_edgar:companyfacts
WFC,us,2010-12-31,2011-02-25T00:00:00,,,12362000000.0,,,126408000000.0,212384000000.0,,2.21,sec_edgar:companyfacts
WFC,us,2011-03-31,2011-05-06T00:00:00,,,3759000000.0,,,133471000000.0,203340000000.0,,0.67,sec_edgar:companyfacts
WFC,us,2011-06-30,2011-08-05T00:00:00,,,7707000000.0,,,136401000000.0,196753000000.0,,1.37,sec_edgar:companyfacts
WFC,us,2011-09-30,2011-11-08T00:00:00,,,11762000000.0,,,137768000000.0,183989000000.0,,2.09,sec_edgar:companyfacts
WFC,us,2011-12-31,2012-02-28T00:00:00,,,15869000000.0,,,140241000000.0,174445000000.0,,2.82,sec_edgar:companyfacts
WFC,us,2012-03-31,2012-05-08T00:00:00,,,4248000000.0,,,145516000000.0,180716000000.0,,0.75,sec_edgar:companyfacts
WFC,us,2012-06-30,2012-08-07T00:00:00,,,8870000000.0,,,148070000000.0,181007000000.0,,1.57,sec_edgar:companyfacts
WFC,us,2012-09-30,2012-11-06T00:00:00,,,13807000000.0,,,154679000000.0,182758000000.0,,2.45,sec_edgar:companyfacts
WFC,us,2012-12-31,2013-02-27T00:00:00,,,18897000000.0,,,157554000000.0,184554000000.0,,3.36,sec_edgar:companyfacts
WFC,us,2013-03-31,2013-05-08T00:00:00,,,5171000000.0,,,162086000000.0,186884000000.0,,0.92,sec_edgar:companyfacts
WFC,us,2013-06-30,2013-08-07T00:00:00,,,10690000000.0,,,162421000000.0,180358000000.0,,1.9,sec_edgar:companyfacts
WFC,us,2013-09-30,2013-11-06T00:00:00,,,16268000000.0,,,167165000000.0,205063000000.0,,2.89,sec_edgar:companyfacts
WFC,us,2013-12-31,2014-02-26T00:00:00,,,21878000000.0,,,170142000000.0,206881000000.0,,3.89,sec_edgar:companyfacts
WFC,us,2014-03-31,2014-05-07T00:00:00,,,5893000000.0,,,175654000000.0,210483000000.0,,1.05,sec_edgar:companyfacts
WFC,us,2014-06-30,2014-08-06T00:00:00,,,11619000000.0,,,180859000000.0,229727000000.0,,2.06,sec_edgar:companyfacts
WFC,us,2014-09-30,2014-11-05T00:00:00,,,17348000000.0,,,182481000000.0,247513000000.0,,3.08,sec_edgar:companyfacts
WFC,us,2014-12-31,2015-02-25T00:00:00,,,23057000000.0,,,184394000000.0,247461000000.0,,4.1,sec_edgar:companyfacts
WFC,us,2015-03-31,2015-05-06T00:00:00,,,5804000000.0,,,188796000000.0,260989000000.0,,1.04,sec_edgar:companyfacts
WFC,us,2015-06-30,2015-08-05T00:00:00,,,11523000000.0,,,189558000000.0,262714000000.0,,2.07,sec_edgar:companyfacts
WFC,us,2015-09-30,2015-11-04T00:00:00,,,17319000000.0,,,193051000000.0,273343000000.0,,3.12,sec_edgar:companyfacts
WFC,us,2015-12-31,2016-02-24T00:00:00,,,22894000000.0,,,192998000000.0,297064000000.0,,4.12,sec_edgar:companyfacts
WFC,us,2016-03-31,2016-05-04T00:00:00,,,5462000000.0,,,197496000000.0,335591000000.0,,0.99,sec_edgar:companyfacts
WFC,us,2016-06-30,2016-08-03T00:00:00,,,11020000000.0,,,201745000000.0,364185000000.0,,2.0,sec_edgar:companyfacts
WFC,us,2016-09-30,2016-11-03T00:00:00,,,16664000000.0,,,203028000000.0,379503000000.0,,3.03,sec_edgar:companyfacts
WFC,us,2016-12-31,2019-02-27T00:00:00,88267000000.0,,21938000000.0,,,199581000000.0,351858000000.0,,3.99,sec_edgar:companyfacts
WFC,us,2017-03-31,2018-05-04T00:00:00,22255000000.0,,5457000000.0,,,201500000000.0,351339000000.0,,1.0,sec_edgar:companyfacts
WFC,us,2017-06-30,2018-08-03T00:00:00,44490000000.0,,11267000000.0,,,205230000000.0,334225000000.0,,2.07,sec_edgar:companyfacts
WFC,us,2017-09-30,2018-11-06T00:00:00,66339000000.0,,15863000000.0,,,205929000000.0,332704000000.0,,2.91,sec_edgar:companyfacts
WFC,us,2017-12-31,2020-02-27T00:00:00,88389000000.0,,22183000000.0,,,206936000000.0,328276000000.0,,4.1,sec_edgar:companyfacts
WFC,us,2018-03-31,2018-05-04T00:00:00,21934000000.0,,5136000000.0,,,204952000000.0,324509000000.0,,0.96,sec_edgar:companyfacts
WFC,us,2018-06-30,2018-08-03T00:00:00,43487000000.0,,10322000000.0,,,205188000000.0,323780000000.0,,1.94,sec_edgar:companyfacts
WFC,us,2018-09-30,2019-11-01T00:00:00,65428000000.0,,16329000000.0,,,198741000000.0,326774000000.0,,3.07,sec_edgar:companyfacts
WFC,us,2018-12-31,2020-02-27T00:00:00,86408000000.0,,22393000000.0,,,196166000000.0,334831000000.0,,4.28,sec_edgar:companyfacts
WFC,us,2019-03-31,2020-05-05T00:00:00,21609000000.0,,5860000000.0,,,197832000000.0,342936000000.0,,1.2,sec_edgar:companyfacts
WFC,us,2019-06-30,2020-08-04T00:00:00,43193000000.0,,12066000000.0,,,199042000000.0,356820000000.0,,2.5,sec_edgar:companyfacts
WFC,us,2019-09-30,2019-11-01T00:00:00,65203000000.0,,16676000000.0,,,193304000000.0,354559000000.0,,3.43,sec_edgar:companyfacts
WFC,us,2019-12-31,2020-02-27T00:00:00,85063000000.0,,19549000000.0,,,187146000000.0,332703000000.0,,4.05,sec_edgar:companyfacts
WFC,us,2020-03-31,2020-05-05T00:00:00,17717000000.0,,653000000.0,,,182718000000.0,329631000000.0,,0.01,sec_edgar:companyfacts
WFC,us,2020-06-30,2020-08-04T00:00:00,35553000000.0,,-1726000000.0,,,179386000000.0,291406000000.0,,-0.65,sec_edgar:companyfacts
WFC,us,2020-09-30,2020-11-02T00:00:00,54415000000.0,,309000000.0,,,181173000000.0,270935000000.0,,-0.23,sec_edgar:companyfacts
WFC,us,2020-12-31,2021-02-23T00:00:00,,,3301000000.0,,,184887000000.0,271949000000.0,,0.41,sec_edgar:companyfacts
WFC,us,2021-03-31,2021-05-05T00:00:00,,,4742000000.0,,,187218000000.0,242232000000.0,,1.05,sec_edgar:companyfacts
WFC,us,2021-06-30,2021-07-28T00:00:00,,,10676000000.0,,,191262000000.0,225291000000.0,,2.4,sec_edgar:companyfacts
WFC,us,2021-09-30,2021-11-01T00:00:00,,,15798000000.0,,,189028000000.0,204962000000.0,,3.57,sec_edgar:companyfacts
WFC,us,2021-12-31,2022-02-22T00:00:00,,,21548000000.0,,,187606000000.0,195098000000.0,,4.95,sec_edgar:companyfacts
WFC,us,2022-03-31,2022-05-03T00:00:00,,,3671000000.0,,,179243000000.0,186938000000.0,,0.88,sec_edgar:companyfacts
WFC,us,2022-06-30,2022-08-01T00:00:00,,,6790000000.0,,,177532000000.0,187366000000.0,,1.62,sec_edgar:companyfacts
WFC,us,2022-09-30,2022-10-31T00:00:00,,,10318000000.0,,,176189000000.0,204794000000.0,,2.47,sec_edgar:companyfacts
WFC,us,2022-12-31,2026-02-24T00:00:00,,,13182000000.0,,,179889000000.0,226015000000.0,3833800000.0,3.14,sec_edgar:companyfacts
WFC,us,2023-03-31,2023-05-02T00:00:00,,,4991000000.0,,,181168000000.0,254473000000.0,,1.23,sec_edgar:companyfacts
WFC,us,2023-06-30,2023-08-01T00:00:00,,,9929000000.0,,,180191000000.0,254887000000.0,,2.48,sec_edgar:companyfacts
WFC,us,2023-09-30,2023-10-31T00:00:00,,,15696000000.0,,,180715000000.0,283365000000.0,,3.96,sec_edgar:companyfacts
WFC,us,2023-12-31,2025-04-29T00:00:00,,,19142000000.0,,,185735000000.0,297147000000.0,3598900000.0,4.83,sec_edgar:companyfacts
WFC,us,2024-03-31,2025-04-29T00:00:00,,,4619000000.0,,,180943000000.0,296778000000.0,3501700000.0,1.2,sec_edgar:companyfacts
WFC,us,2024-06-30,2025-08-05T00:00:00,,,9529000000.0,,,176430000000.0,297970000000.0,3402700000.0,2.53,sec_edgar:companyfacts
WFC,us,2024-09-30,2025-10-31T00:00:00,,,14643000000.0,,,183265000000.0,293909000000.0,3345500000.0,3.94,sec_edgar:companyfacts
WFC,us,2024-12-31,2025-04-29T00:00:00,,,19722000000.0,,,179120000000.0,281884000000.0,3288900000.0,5.37,sec_edgar:companyfacts
WFC,us,2025-03-31,2025-04-29T00:00:00,,,4894000000.0,,,181090000000.0,313436000000.0,3261700000.0,1.39,sec_edgar:companyfacts
WFC,us,2025-06-30,2025-08-05T00:00:00,,,10388000000.0,,,181111000000.0,364232000000.0,3220400000.0,2.98,sec_edgar:companyfacts
WFC,us,2025-09-30,2025-10-31T00:00:00,,,15977000000.0,,,181154000000.0,408422000000.0,3148900000.0,4.64,sec_edgar:companyfacts
WFC,us,2025-12-31,2026-02-24T00:00:00,,,21338000000.0,,,181117000000.0,193035000000.0,3092600000.0,6.26,sec_edgar:companyfacts
WFC,us,2026-03-31,2026-04-29T00:00:00,,,5253000000.0,,,178396000000.0,216223000000.0,3064300000.0,1.6,sec_edgar:companyfacts
WMT,us,2008-01-31,2010-03-30T00:00:00,377023000000.0,,12731000000.0,5705000000.0,,,,,3.13,sec_edgar:companyfacts
WMT,us,2008-07-31,2009-09-09T00:00:00,197282000000.0,,6471000000.0,5090000000.0,,66793000000.0,,,1.63,sec_edgar:companyfacts
WMT,us,2008-10-31,2009-12-08T00:00:00,295627000000.0,,9608000000.0,2252000000.0,,65539000000.0,,,2.43,sec_edgar:companyfacts
WMT,us,2009-01-31,2010-03-30T00:00:00,404374000000.0,,13400000000.0,11648000000.0,,65285000000.0,1506000000.0,3925000000.0,3.39,sec_edgar:companyfacts
WMT,us,2009-04-30,2010-06-04T00:00:00,94242000000.0,,3022000000.0,964000000.0,,62231000000.0,1457000000.0,,0.77,sec_edgar:companyfacts
WMT,us,2009-07-31,2009-09-09T00:00:00,195152000000.0,,6464000000.0,4151000000.0,,67008000000.0,1122000000.0,,1.65,sec_edgar:companyfacts
WMT,us,2009-10-31,2009-12-08T00:00:00,294563000000.0,,9703000000.0,3555000000.0,,67688000000.0,5239000000.0,,2.49,sec_edgar:companyfacts
WMT,us,2010-01-31,2010-03-30T00:00:00,408214000000.0,,14335000000.0,14065000000.0,,70749000000.0,37804000000.0,3786000000.0,3.7,sec_edgar:companyfacts
WMT,us,2010-04-30,2010-06-04T00:00:00,99848000000.0,,3324000000.0,-1590000000.0,,66329000000.0,4812000000.0,,0.88,sec_edgar:companyfacts
WMT,us,2010-07-31,2010-09-01T00:00:00,203537000000.0,,6897000000.0,4465000000.0,,64646000000.0,45814000000.0,,0.97,sec_edgar:companyfacts
WMT,us,2010-10-31,2010-12-06T00:00:00,305489000000.0,,10333000000.0,2946000000.0,,65525000000.0,53351000000.0,,2.79,sec_edgar:companyfacts
WMT,us,2011-01-31,2011-03-30T00:00:00,421849000000.0,,16389000000.0,10944000000.0,,68542000000.0,46378000000.0,3516000000.0,4.47,sec_edgar:companyfacts
WMT,us,2011-04-30,2011-06-03T00:00:00,104189000000.0,,3399000000.0,-415000000.0,,65006000000.0,52110000000.0,,0.97,sec_edgar:companyfacts
WMT,us,2011-07-31,2011-09-01T00:00:00,213555000000.0,,7200000000.0,4037000000.0,,67941000000.0,53460000000.0,,2.06,sec_edgar:companyfacts
WMT,us,2011-10-31,2011-12-08T00:00:00,323781000000.0,,10536000000.0,3371000000.0,,67163000000.0,55936000000.0,,3.02,sec_edgar:companyfacts
WMT,us,2012-01-31,2012-03-27T00:00:00,446950000000.0,,15699000000.0,10745000000.0,,71315000000.0,50092000000.0,3418000000.0,4.52,sec_edgar:companyfacts
WMT,us,2012-04-30,2012-06-01T00:00:00,113018000000.0,,3742000000.0,3059000000.0,,68964000000.0,5799000000.0,,1.09,sec_edgar:companyfacts
WMT,us,2012-07-31,2012-09-06T00:00:00,227314000000.0,,7758000000.0,6073000000.0,,70278000000.0,6091000000.0,,2.27,sec_edgar:companyfacts
WMT,us,2012-10-31,2012-12-04T00:00:00,341243000000.0,,11393000000.0,6986000000.0,,73891000000.0,8740000000.0,,3.35,sec_edgar:companyfacts
WMT,us,2013-01-31,2013-03-26T00:00:00,469162000000.0,,16999000000.0,12693000000.0,,76343000000.0,50786000000.0,,5.02,sec_edgar:companyfacts
WMT,us,2013-04-30,2013-06-07T00:00:00,114187000000.0,,3784000000.0,1926000000.0,,70249000000.0,6255000000.0,,1.14,sec_edgar:companyfacts
WMT,us,2013-07-31,2013-09-05T00:00:00,231132000000.0,,7853000000.0,5185000000.0,,71661000000.0,8639000000.0,,2.38,sec_edgar:companyfacts
WMT,us,2013-10-31,2013-12-06T00:00:00,346588000000.0,,11591000000.0,3814000000.0,,73393000000.0,12817000000.0,,3.52,sec_edgar:companyfacts
WMT,us,2014-01-31,2014-03-21T00:00:00,476294000000.0,,16022000000.0,10142000000.0,,76255000000.0,53544000000.0,,4.88,sec_edgar:companyfacts
WMT,us,2014-04-30,2014-06-06T00:00:00,114960000000.0,,3593000000.0,3782000000.0,,73088000000.0,3517000000.0,,1.11,sec_edgar:companyfacts
WMT,us,2014-07-31,2014-09-05T00:00:00,235085000000.0,,7686000000.0,6787000000.0,,77746000000.0,3516000000.0,,2.37,sec_edgar:companyfacts
WMT,us,2014-10-31,2014-12-01T00:00:00,354086000000.0,,11397000000.0,7227000000.0,,79109000000.0,6019000000.0,,3.51,sec_edgar:companyfacts
WMT,us,2015-01-31,2015-04-01T00:00:00,485651000000.0,,16363000000.0,16390000000.0,,81394000000.0,47488000000.0,,5.05,sec_edgar:companyfacts
WMT,us,2015-04-30,2015-06-05T00:00:00,114826000000.0,,3341000000.0,2243000000.0,,76574000000.0,799000000.0,,1.03,sec_edgar:companyfacts
WMT,us,2015-07-31,2015-09-09T00:00:00,235055000000.0,,6816000000.0,5058000000.0,,78871000000.0,1725000000.0,,2.11,sec_edgar:companyfacts
WMT,us,2015-10-31,2015-12-02T00:00:00,352463000000.0,,10120000000.0,6782000000.0,,79571000000.0,4960000000.0,,3.13,sec_edgar:companyfacts
WMT,us,2016-01-31,2016-03-30T00:00:00,482130000000.0,,14694000000.0,15912000000.0,,80546000000.0,43667000000.0,,4.57,sec_edgar:companyfacts
WMT,us,2016-04-30,2016-06-03T00:00:00,115904000000.0,,3079000000.0,3984000000.0,,75183000000.0,3813000000.0,,0.98,sec_edgar:companyfacts
WMT,us,2016-07-31,2016-08-31T00:00:00,236758000000.0,,6852000000.0,10312000000.0,,76525000000.0,1932000000.0,,2.18,sec_edgar:companyfacts
WMT,us,2016-10-31,2016-12-01T00:00:00,354937000000.0,,9886000000.0,12185000000.0,,77693000000.0,5082000000.0,,3.16,sec_edgar:companyfacts
WMT,us,2017-01-31,2017-03-31T00:00:00,485873000000.0,,13643000000.0,20911000000.0,,77798000000.0,39370000000.0,,4.38,sec_edgar:companyfacts
WMT,us,2017-04-30,2017-06-02T00:00:00,117542000000.0,,3039000000.0,3395000000.0,,73691000000.0,2617000000.0,,1.0,sec_edgar:companyfacts
WMT,us,2017-07-31,2017-08-31T00:00:00,240897000000.0,,5938000000.0,6937000000.0,,76389000000.0,3262000000.0,,1.96,sec_edgar:companyfacts
WMT,us,2017-10-31,2017-12-01T00:00:00,364076000000.0,,7687000000.0,10152000000.0,,76145000000.0,5114000000.0,,2.54,sec_edgar:companyfacts
WMT,us,2018-01-31,2018-03-30T00:00:00,500343000000.0,,9862000000.0,18286000000.0,,77869000000.0,39040000000.0,,3.28,sec_edgar:companyfacts
WMT,us,2018-04-30,2018-06-04T00:00:00,122690000000.0,,2134000000.0,3343000000.0,,75552000000.0,7762000000.0,,0.72,sec_edgar:companyfacts
WMT,us,2018-07-31,2018-09-06T00:00:00,250718000000.0,,1273000000.0,6813000000.0,,71185000000.0,444000000.0,,0.43,sec_edgar:companyfacts
WMT,us,2018-10-31,2018-11-30T00:00:00,375612000000.0,,2983000000.0,10294000000.0,,71996000000.0,7795000000.0,,1.01,sec_edgar:companyfacts
WMT,us,2019-01-31,2019-03-28T00:00:00,514405000000.0,,6670000000.0,17409000000.0,,72496000000.0,50621000000.0,,2.26,sec_edgar:companyfacts
WMT,us,2019-04-30,2019-06-07T00:00:00,123925000000.0,,3842000000.0,1358000000.0,,68205000000.0,4828000000.0,,1.33,sec_edgar:companyfacts
WMT,us,2019-07-31,2019-09-06T00:00:00,254302000000.0,,7452000000.0,6314000000.0,,70327000000.0,52481000000.0,,2.59,sec_edgar:companyfacts
WMT,us,2019-10-31,2019-12-04T00:00:00,382293000000.0,,10740000000.0,6774000000.0,,71649000000.0,53931000000.0,,3.74,sec_edgar:companyfacts
WMT,us,2020-01-31,2020-03-20T00:00:00,523964000000.0,,14881000000.0,14550000000.0,,74669000000.0,49651000000.0,,5.19,sec_edgar:companyfacts
WMT,us,2020-04-30,2020-06-03T00:00:00,134622000000.0,,3990000000.0,5265000000.0,,68240000000.0,53037000000.0,,1.4,sec_edgar:companyfacts
WMT,us,2020-07-31,2020-09-02T00:00:00,272364000000.0,,10466000000.0,15387000000.0,,75310000000.0,46869000000.0,,3.67,sec_edgar:companyfacts
WMT,us,2020-10-31,2020-12-02T00:00:00,407072000000.0,,15601000000.0,16442000000.0,,81431000000.0,45447000000.0,,5.48,sec_edgar:companyfacts
WMT,us,2021-01-31,2021-03-19T00:00:00,559151000000.0,,13510000000.0,25810000000.0,,80925000000.0,44533000000.0,,4.75,sec_edgar:companyfacts
WMT,us,2021-04-30,2021-06-04T00:00:00,138310000000.0,,2730000000.0,644000000.0,,78335000000.0,362000000.0,,0.97,sec_edgar:companyfacts
WMT,us,2021-07-31,2021-09-02T00:00:00,279358000000.0,,7006000000.0,7404000000.0,,80529000000.0,671000000.0,,2.48,sec_edgar:companyfacts
WMT,us,2021-10-31,2021-12-01T00:00:00,419883000000.0,,10111000000.0,7703000000.0,,82274000000.0,447000000.0,,3.59,sec_edgar:companyfacts
WMT,us,2022-01-31,2022-03-18T00:00:00,572754000000.0,,13673000000.0,11075000000.0,,83253000000.0,38077000000.0,,4.87,sec_edgar:companyfacts
WMT,us,2022-04-30,2022-06-03T00:00:00,141569000000.0,,2054000000.0,-7297000000.0,,76896000000.0,11432000000.0,,0.74,sec_edgar:companyfacts
WMT,us,2022-07-31,2022-09-02T00:00:00,294428000000.0,,7203000000.0,1748000000.0,,77569000000.0,10634000000.0,,2.61,sec_edgar:companyfacts
WMT,us,2022-10-31,2022-12-01T00:00:00,447241000000.0,,5405000000.0,3637000000.0,,72253000000.0,6811000000.0,,1.97,sec_edgar:companyfacts
WMT,us,2023-01-31,2023-03-17T00:00:00,611289000000.0,,11680000000.0,11984000000.0,,76693000000.0,39212000000.0,,4.27,sec_edgar:companyfacts
WMT,us,2023-04-30,2023-06-02T00:00:00,152301000000.0,,1673000000.0,204000000.0,,72405000000.0,1711000000.0,,0.62,sec_edgar:companyfacts
WMT,us,2023-07-31,2023-09-01T00:00:00,313933000000.0,,9564000000.0,8985000000.0,,79556000000.0,4546000000.0,,3.54,sec_edgar:companyfacts
WMT,us,2023-10-31,2023-11-30T00:00:00,474737000000.0,,10017000000.0,4340000000.0,,79456000000.0,9942000000.0,,3.71,sec_edgar:companyfacts
WMT,us,2024-01-31,2024-03-15T00:00:00,648125000000.0,,15511000000.0,15120000000.0,,83861000000.0,40457000000.0,,1.91,sec_edgar:companyfacts
WMT,us,2024-04-30,2024-06-07T00:00:00,161508000000.0,,5104000000.0,-427000000.0,,81293000000.0,5457000000.0,,0.63,sec_edgar:companyfacts
WMT,us,2024-07-31,2024-08-30T00:00:00,330843000000.0,,9605000000.0,5850000000.0,,84423000000.0,3195000000.0,,1.19,sec_edgar:companyfacts
WMT,us,2024-10-31,2024-12-06T00:00:00,500431000000.0,,14182000000.0,6222000000.0,,88108000000.0,3579000000.0,,1.75,sec_edgar:companyfacts
WMT,us,2025-01-31,2025-03-14T00:00:00,680985000000.0,,19436000000.0,12660000000.0,,91013000000.0,39067000000.0,,2.41,sec_edgar:companyfacts
WMT,us,2025-04-30,2025-06-06T00:00:00,165609000000.0,,4487000000.0,425000000.0,,83793000000.0,5595000000.0,,0.56,sec_edgar:companyfacts
WMT,us,2025-07-31,2025-08-29T00:00:00,343011000000.0,,11513000000.0,6943000000.0,,90110000000.0,3837000000.0,,1.43,sec_edgar:companyfacts
WMT,us,2025-10-31,2025-12-03T00:00:00,522507000000.0,,17656000000.0,8825000000.0,,96094000000.0,8401000000.0,,2.2,sec_edgar:companyfacts
WMT,us,2026-01-31,2026-03-13T00:00:00,713163000000.0,,21893000000.0,14923000000.0,,99617000000.0,44762000000.0,,2.73,sec_edgar:companyfacts
XOM,us,2007-12-31,2010-02-26T00:00:00,,,40610000000.0,36615000000.0,,,,,7.26,sec_edgar:companyfacts
XOM,us,2008-06-30,2009-08-05T00:00:00,,,22570000000.0,25987000000.0,,,,,4.24,sec_edgar:companyfacts
XOM,us,2008-09-30,2009-11-05T00:00:00,,,37400000000.0,35248000000.0,,,,,7.09,sec_edgar:companyfacts
XOM,us,2008-12-31,2010-02-26T00:00:00,,,45220000000.0,40407000000.0,,112965000000.0,2400000000.0,,8.66,sec_edgar:companyfacts
XOM,us,2009-03-31,2010-05-06T00:00:00,,,4550000000.0,4237000000.0,,,,,0.92,sec_edgar:companyfacts
XOM,us,2009-06-30,2009-08-05T00:00:00,,,8500000000.0,869000000.0,,106592000000.0,2157000000.0,,1.73,sec_edgar:companyfacts
XOM,us,2009-09-30,2009-11-05T00:00:00,,,13230000000.0,4206000000.0,,107265000000.0,2418000000.0,,2.71,sec_edgar:companyfacts
XOM,us,2009-12-31,2012-02-24T00:00:00,301500000000.0,,19280000000.0,5947000000.0,,110569000000.0,2476000000.0,4726922580.0,3.98,sec_edgar:companyfacts
XOM,us,2010-03-31,2010-05-06T00:00:00,,,6300000000.0,7290000000.0,,112541000000.0,2396000000.0,4698053742.0,1.33,sec_edgar:companyfacts
XOM,us,2010-06-30,2010-08-04T00:00:00,,,13860000000.0,10881000000.0,,140172000000.0,2946000000.0,5091804265.0,2.93,sec_edgar:companyfacts
XOM,us,2010-09-30,2010-11-03T00:00:00,,,21210000000.0,16157000000.0,,145031000000.0,3046000000.0,5042556546.0,4.37,sec_edgar:companyfacts
XOM,us,2010-12-31,2012-02-24T00:00:00,370125000000.0,,30460000000.0,21542000000.0,,146839000000.0,2787000000.0,4978538898.0,6.22,sec_edgar:companyfacts
XOM,us,2011-03-31,2011-05-05T00:00:00,,,10650000000.0,9805000000.0,,151480000000.0,3560000000.0,4926085717.0,2.14,sec_edgar:companyfacts
XOM,us,2011-06-30,2011-08-04T00:00:00,,,21330000000.0,14882000000.0,,155551000000.0,4365000000.0,4862114833.0,4.32,sec_edgar:companyfacts
XOM,us,2011-09-30,2011-11-03T00:00:00,,,31660000000.0,22253000000.0,,155939000000.0,7431000000.0,4793207715.0,6.45,sec_edgar:companyfacts
XOM,us,2011-12-31,2012-05-03T00:00:00,467029000000.0,,41060000000.0,24370000000.0,,154396000000.0,7711000000.0,4733948268.0,8.42,sec_edgar:companyfacts
XOM,us,2012-03-31,2012-05-03T00:00:00,,,9450000000.0,11444000000.0,,157012000000.0,6419000000.0,4676165291.0,2.0,sec_edgar:companyfacts
XOM,us,2012-06-01,2012-11-06T00:00:00,,,,,,-256000000.0,,,,sec_edgar:companyfacts
XOM,us,2012-06-30,2012-08-02T00:00:00,,,25360000000.0,13316000000.0,,162811000000.0,6704000000.0,4615939496.0,5.41,sec_edgar:companyfacts
XOM,us,2012-09-30,2012-11-06T00:00:00,,,34930000000.0,18732000000.0,,166713000000.0,3496000000.0,4559342639.0,7.5,sec_edgar:companyfacts
XOM,us,2012-12-31,2016-02-24T00:00:00,453123000000.0,,44880000000.0,21899000000.0,,165863000000.0,11150000000.0,4502000000.0,9.7,sec_edgar:companyfacts
XOM,us,2013-03-31,2013-05-02T00:00:00,,,9500000000.0,6098000000.0,,167001000000.0,12998000000.0,,2.12,sec_edgar:companyfacts
XOM,us,2013-06-30,2013-08-06T00:00:00,,,16360000000.0,5130000000.0,,165647000000.0,18959000000.0,,3.67,sec_edgar:companyfacts
XOM,us,2013-09-30,2013-11-05T00:00:00,,,24230000000.0,,,169245000000.0,20903000000.0,,5.46,sec_edgar:companyfacts
XOM,us,2013-12-31,2015-08-05T00:00:00,420836000000.0,,32580000000.0,,,174003000000.0,22308000000.0,4335000000.0,7.37,sec_edgar:companyfacts
XOM,us,2014-03-31,2014-05-07T00:00:00,,,9100000000.0,,,176398000000.0,21009000000.0,,2.1,sec_edgar:companyfacts
XOM,us,2014-06-30,2015-08-05T00:00:00,,,17880000000.0,,,181155000000.0,21396000000.0,4265000000.0,4.15,sec_edgar:companyfacts
XOM,us,2014-09-30,2015-11-04T00:00:00,,,25950000000.0,,,180587000000.0,21481000000.0,4235000000.0,6.04,sec_edgar:companyfacts
XOM,us,2014-12-31,2015-08-05T00:00:00,394105000000.0,,32520000000.0,,,174399000000.0,28768000000.0,4201000000.0,7.6,sec_edgar:companyfacts
XOM,us,2015-03-31,2016-05-04T00:00:00,,,4940000000.0,,,171227000000.0,32432000000.0,4181000000.0,1.17,sec_edgar:companyfacts
XOM,us,2015-06-30,2015-08-05T00:00:00,,,9130000000.0,,,172668000000.0,33266000000.0,4169000000.0,2.17,sec_edgar:companyfacts
XOM,us,2015-09-30,2015-11-04T00:00:00,,,13370000000.0,,,170723000000.0,33263000000.0,4163000000.0,3.18,sec_edgar:companyfacts
XOM,us,2015-12-31,2018-02-28T00:00:00,259488000000.0,,16150000000.0,3854000000.0,,170811000000.0,37462000000.0,4156000000.0,3.85,sec_edgar:companyfacts
XOM,us,2016-03-31,2016-05-04T00:00:00,,,1810000000.0,,,172187000000.0,41846000000.0,4147000000.0,0.43,sec_edgar:companyfacts
XOM,us,2016-06-30,2016-08-03T00:00:00,,,3510000000.0,,,170591000000.0,43219000000.0,4147000000.0,0.84,sec_edgar:companyfacts
XOM,us,2016-09-30,2017-11-01T00:00:00,,,6160000000.0,2410000000.0,,170597000000.0,44926000000.0,4147000000.0,1.47,sec_edgar:companyfacts
XOM,us,2016-12-31,2018-02-28T00:00:00,218608000000.0,,7840000000.0,5919000000.0,,167325000000.0,41530000000.0,4148000000.0,1.88,sec_edgar:companyfacts
XOM,us,2017-03-31,2018-05-03T00:00:00,56474000000.0,,4010000000.0,5283000000.0,,177151000000.0,42390000000.0,4237000000.0,0.95,sec_edgar:companyfacts
XOM,us,2017-06-30,2018-08-02T00:00:00,112500000000.0,,7360000000.0,9132000000.0,,179178000000.0,40716000000.0,4237000000.0,1.73,sec_edgar:companyfacts
XOM,us,2017-09-30,2018-11-07T00:00:00,171850000000.0,,11330000000.0,11754000000.0,,182276000000.0,39264000000.0,4237000000.0,2.66,sec_edgar:companyfacts
XOM,us,2017-12-31,2018-02-28T00:00:00,237162000000.0,,19710000000.0,14664000000.0,,187688000000.0,41030000000.0,4239000000.0,4.63,sec_edgar:companyfacts
XOM,us,2018-03-31,2018-05-03T00:00:00,65436000000.0,,4650000000.0,5170000000.0,,188195000000.0,19836000000.0,4234000000.0,1.09,sec_edgar:companyfacts
XOM,us,2018-06-30,2018-08-02T00:00:00,136892000000.0,,8600000000.0,8023000000.0,,187222000000.0,20500000000.0,4234000000.0,2.01,sec_edgar:companyfacts
XOM,us,2018-09-30,2018-11-07T00:00:00,211079000000.0,,14840000000.0,13927000000.0,,190365000000.0,19413000000.0,4234000000.0,3.47,sec_edgar:companyfacts
XOM,us,2018-12-31,2019-02-27T00:00:00,279332000000.0,,20840000000.0,16440000000.0,,191794000000.0,17258000000.0,4237000000.0,4.88,sec_edgar:companyfacts
XOM,us,2019-03-31,2019-05-02T00:00:00,61646000000.0,,2350000000.0,3139000000.0,,191222000000.0,21794000000.0,4231000000.0,0.55,sec_edgar:companyfacts
XOM,us,2019-06-30,2019-08-07T00:00:00,129137000000.0,,5480000000.0,2913000000.0,,191377000000.0,26195000000.0,4231000000.0,1.28,sec_edgar:companyfacts
XOM,us,2019-09-30,2019-11-06T00:00:00,197765000000.0,,8650000000.0,5707000000.0,,189915000000.0,21196000000.0,4231000000.0,2.03,sec_edgar:companyfacts
XOM,us,2019-12-31,2020-02-26T00:00:00,264938000000.0,,14340000000.0,5355000000.0,,191650000000.0,20578000000.0,4234000000.0,3.36,sec_edgar:companyfacts
XOM,us,2020-03-31,2020-05-06T00:00:00,56158000000.0,,-610000000.0,329000000.0,,182079000000.0,27755000000.0,4228000000.0,-0.14,sec_edgar:companyfacts
XOM,us,2020-06-30,2020-08-05T00:00:00,88763000000.0,,-1690000000.0,-4088000000.0,,180183000000.0,22952000000.0,4228000000.0,-0.4,sec_edgar:companyfacts
XOM,us,2020-09-30,2020-11-04T00:00:00,134962000000.0,,-2370000000.0,-2990000000.0,,177400000000.0,21911000000.0,4228000000.0,-0.55,sec_edgar:companyfacts
XOM,us,2020-12-31,2021-02-24T00:00:00,181502000000.0,,-22440000000.0,-2614000000.0,,157150000000.0,20458000000.0,4233000000.0,-5.25,sec_edgar:companyfacts
XOM,us,2021-03-31,2021-05-05T00:00:00,59147000000.0,,2730000000.0,6864000000.0,,156974000000.0,18185000000.0,4234000000.0,0.64,sec_edgar:companyfacts
XOM,us,2021-06-30,2021-08-04T00:00:00,126889000000.0,,7420000000.0,13767000000.0,,158571000000.0,15293000000.0,4234000000.0,1.74,sec_edgar:companyfacts
XOM,us,2021-09-30,2021-11-03T00:00:00,200675000000.0,,14170000000.0,23018000000.0,,160589000000.0,12966000000.0,4234000000.0,3.31,sec_edgar:companyfacts
XOM,us,2021-12-31,2022-02-23T00:00:00,285640000000.0,,23040000000.0,36053000000.0,,168577000000.0,4276000000.0,4239000000.0,5.39,sec_edgar:companyfacts
XOM,us,2022-03-31,2022-05-04T00:00:00,90500000000.0,,5480000000.0,10877000000.0,,169215000000.0,4886000000.0,4213000000.0,1.28,sec_edgar:companyfacts
XOM,us,2022-06-30,2022-08-03T00:00:00,206181000000.0,,23330000000.0,27003000000.0,,177316000000.0,7367000000.0,4168000000.0,5.49,sec_edgar:companyfacts
XOM,us,2022-09-30,2022-11-02T00:00:00,318251000000.0,,42990000000.0,46552000000.0,,186100000000.0,6182000000.0,4118000000.0,10.17,sec_edgar:companyfacts
XOM,us,2022-12-31,2023-02-22T00:00:00,413680000000.0,,55740000000.0,58390000000.0,,195049000000.0,634000000.0,4082000000.0,13.26,sec_edgar:companyfacts
XOM,us,2023-03-31,2023-05-02T00:00:00,86564000000.0,,11430000000.0,10929000000.0,,198685000000.0,2296000000.0,4043000000.0,2.79,sec_edgar:companyfacts
XOM,us,2023-06-30,2023-08-01T00:00:00,169478000000.0,,19310000000.0,14953000000.0,,199046000000.0,3929000000.0,4003000000.0,4.73,sec_edgar:companyfacts
XOM,us,2023-09-30,2023-10-31T00:00:00,260238000000.0,,28380000000.0,25996000000.0,,199703000000.0,4743000000.0,3963000000.0,6.98,sec_edgar:companyfacts
XOM,us,2023-12-31,2024-02-28T00:00:00,344582000000.0,,36010000000.0,33450000000.0,,204802000000.0,4090000000.0,3971000000.0,8.89,sec_edgar:companyfacts
XOM,us,2024-03-31,2024-04-29T00:00:00,83083000000.0,,8220000000.0,9590000000.0,,205250000000.0,8227000000.0,3943000000.0,2.06,sec_edgar:companyfacts
XOM,us,2024-06-30,2024-08-05T00:00:00,176143000000.0,,17460000000.0,13915000000.0,,268405000000.0,6621000000.0,4443000000.0,4.2,sec_edgar:companyfacts
XOM,us,2024-09-30,2024-11-04T00:00:00,266159000000.0,,26070000000.0,25324000000.0,,268592000000.0,5632000000.0,4395000000.0,6.12,sec_edgar:companyfacts
XOM,us,2024-12-31,2025-02-19T00:00:00,349585000000.0,,33680000000.0,30716000000.0,,263705000000.0,4955000000.0,4353000000.0,7.84,sec_edgar:companyfacts
XOM,us,2025-03-31,2025-05-05T00:00:00,83130000000.0,,7713000000.0,7055000000.0,,262720000000.0,4728000000.0,4310000000.0,1.76,sec_edgar:companyfacts
XOM,us,2025-06-30,2025-08-04T00:00:00,164636000000.0,,14795000000.0,12322000000.0,,262593000000.0,5419000000.0,4263000000.0,3.4,sec_edgar:companyfacts
XOM,us,2025-09-30,2025-11-03T00:00:00,249930000000.0,,22343000000.0,18383000000.0,,260561000000.0,9212000000.0,4217000000.0,5.16,sec_edgar:companyfacts
XOM,us,2025-12-31,2026-02-18T00:00:00,332238000000.0,,28844000000.0,23612000000.0,,259386000000.0,9296000000.0,4179000000.0,6.7,sec_edgar:companyfacts
XOM,us,2026-03-31,2026-05-04T00:00:00,85138000000.0,,4183000000.0,2235000000.0,,254381000000.0,14531000000.0,4145000000.0,1.0,sec_edgar:companyfacts
