symbol,date,close
SPY,2010-01-04,84.79640197753906
SPY,2010-01-05,85.02084350585938
SPY,2010-01-06,85.0807113647461
SPY,2010-01-07,85.43985748291016
SPY,2010-01-08,85.72416687011719
SPY,2010-01-11,85.84388732910156
SPY,2010-01-12,85.04328918457031
SPY,2010-01-13,85.7615966796875
SPY,2010-01-14,85.99353790283203
SPY,2010-01-15,85.02835083007812
SPY,2010-01-19,86.0907974243164
SPY,2010-01-20,85.21538543701172
SPY,2010-01-21,83.57674407958984
SPY,2010-01-22,81.71369171142578
SPY,2010-01-25,82.13270568847656
SPY,2010-01-26,81.78848266601562
SPY,2010-01-27,82.17759704589844
SPY,2010-01-28,81.23482513427734
SPY,2010-01-29,80.35191345214844
SPY,2010-02-01,81.60143280029297
SPY,2010-02-02,82.58910369873047
SPY,2010-02-03,82.17759704589844
SPY,2010-02-04,79.64112854003906
SPY,2010-02-05,79.80571746826172
SPY,2010-02-08,79.22956848144531
SPY,2010-02-09,80.2247314453125
SPY,2010-02-10,80.06756591796875
SPY,2010-02-11,80.90557861328125
SPY,2010-02-12,80.83824920654297
SPY,2010-02-16,82.1102294921875
SPY,2010-02-17,82.49930572509766
SPY,2010-02-18,82.98568725585938
SPY,2010-02-19,83.15775299072266
SPY,2010-02-22,83.17273712158203
SPY,2010-02-23,82.1626205444336
SPY,2010-02-24,82.9183349609375
SPY,2010-02-25,82.80607604980469
SPY,2010-02-26,82.85848999023438
SPY,2010-03-01,83.71891784667969
SPY,2010-03-02,83.95085144042969
SPY,2010-03-03,84.02568054199219
SPY,2010-03-04,84.28008270263672
SPY,2010-03-05,85.4847640991211
SPY,2010-03-08,85.49974060058594
SPY,2010-03-09,85.64186096191406
SPY,2010-03-10,86.0234603881836
SPY,2010-03-11,86.38261413574219
SPY,2010-03-12,86.39010620117188
SPY,2010-03-15,86.41255950927734
SPY,2010-03-16,87.10088348388672
SPY,2010-03-17,87.61717987060547
SPY,2010-03-18,87.57231140136719
SPY,2010-03-19,87.12903594970703
SPY,2010-03-22,87.59483337402344
SPY,2010-03-23,88.21087646484375
SPY,2010-03-24,87.78265380859375
SPY,2010-03-25,87.63990020751953
SPY,2010-03-26,87.58731842041016
SPY,2010-03-29,88.14326477050781
SPY,2010-03-30,88.203369140625
SPY,2010-03-31,87.90288543701172
SPY,2010-04-01,88.5039291381836
SPY,2010-04-05,89.22518157958984
SPY,2010-04-06,89.43553924560547
SPY,2010-04-07,88.9246597290039
SPY,2010-04-08,89.23271179199219
SPY,2010-04-09,89.8187026977539
SPY,2010-04-12,89.9614486694336
SPY,2010-04-13,90.02904510498047
SPY,2010-04-14,91.05084991455078
SPY,2010-04-15,91.1259994506836
SPY,2010-04-16,89.67597198486328
SPY,2010-04-19,90.0140380859375
SPY,2010-04-20,90.81790924072266
SPY,2010-04-21,90.65266418457031
SPY,2010-04-22,90.9231185913086
SPY,2010-04-23,91.51666259765625
SPY,2010-04-26,91.17105102539062
SPY,2010-04-27,89.01478576660156
SPY,2010-04-28,89.69100189208984
SPY,2010-04-29,90.80290222167969
SPY,2010-04-30,89.26273345947266
SPY,2010-05-03,90.41974639892578
SPY,2010-05-04,88.29356384277344
SPY,2010-05-05,87.76760864257812
SPY,2010-05-06,84.85257720947266
SPY,2010-05-07,83.59036254882812
SPY,2010-05-10,87.27178955078125
SPY,2010-05-11,87.0238265991211
SPY,2010-05-12,88.240966796875
SPY,2010-05-13,87.14405059814453
SPY,2010-05-14,85.5663070678711
SPY,2010-05-17,85.61138916015625
SPY,2010-05-18,84.44686889648438
SPY,2010-05-19,83.96601104736328
SPY,2010-05-20,80.79552459716797
SPY,2010-05-21,81.97506713867188
SPY,2010-05-24,80.9232177734375
SPY,2010-05-25,81.00585174560547
SPY,2010-05-26,80.51749420166016
SPY,2010-05-27,83.21469116210938
SPY,2010-05-28,82.17041778564453
SPY,2010-06-01,80.7879867553711
SPY,2010-06-02,82.89166259765625
SPY,2010-06-03,83.1771469116211
SPY,2010-06-04,80.25458526611328
SPY,2010-06-07,79.25533294677734
SPY,2010-06-08,80.10431671142578
SPY,2010-06-09,79.67605590820312
SPY,2010-06-10,82.00511169433594
SPY,2010-06-11,82.4033203125
SPY,2010-06-14,82.27556610107422
SPY,2010-06-15,84.14633178710938
SPY,2010-06-16,84.11627197265625
SPY,2010-06-17,84.25153350830078
SPY,2010-06-18,84.34281921386719
SPY,2010-06-21,84.1012954711914
SPY,2010-06-22,82.71231079101562
SPY,2010-06-23,82.45567321777344
SPY,2010-06-24,81.08930969238281
SPY,2010-06-25,81.4290542602539
SPY,2010-06-28,81.17237854003906
SPY,2010-06-29,78.66615295410156
SPY,2010-06-30,77.9188232421875
SPY,2010-07-01,77.57158660888672
SPY,2010-07-02,77.14884185791016
SPY,2010-07-06,77.65460205078125
SPY,2010-07-07,80.10041809082031
SPY,2010-07-08,80.89306640625
SPY,2010-07-09,81.49695587158203
SPY,2010-07-12,81.54981994628906
SPY,2010-07-13,82.78028106689453
SPY,2010-07-14,82.77271270751953
SPY,2010-07-15,82.79535675048828
SPY,2010-07-16,80.51561737060547
SPY,2010-07-19,80.99117279052734
SPY,2010-07-20,81.88951873779297
SPY,2010-07-21,80.82510375976562
SPY,2010-07-22,82.6292953491211
SPY,2010-07-23,83.34642791748047
SPY,2010-07-26,84.21454620361328
SPY,2010-07-27,84.20697021484375
SPY,2010-07-28,83.66342163085938
SPY,2010-07-29,83.25582885742188
SPY,2010-07-30,83.24073028564453
SPY,2010-08-02,85.12037658691406
SPY,2010-08-03,84.71273803710938
SPY,2010-08-04,85.27893829345703
SPY,2010-08-05,85.1883316040039
SPY,2010-08-06,84.8410873413086
SPY,2010-08-09,85.29401397705078
SPY,2010-08-10,84.83354949951172
SPY,2010-08-11,82.50849914550781
SPY,2010-08-12,82.0027084350586
SPY,2010-08-13,81.76116180419922
SPY,2010-08-16,81.72344970703125
SPY,2010-08-17,82.7274169921875
SPY,2010-08-18,82.87837982177734
SPY,2010-08-19,81.43653869628906
SPY,2010-08-20,81.17237854003906
SPY,2010-08-23,80.86285400390625
SPY,2010-08-24,79.66258239746094
SPY,2010-08-25,79.97212219238281
SPY,2010-08-26,79.43607330322266
SPY,2010-08-27,80.66661834716797
SPY,2010-08-30,79.49651336669922
SPY,2010-08-31,79.49651336669922
SPY,2010-09-01,81.87438201904297
SPY,2010-09-02,82.63681030273438
SPY,2010-09-03,83.70875549316406
SPY,2010-09-07,82.7651596069336
SPY,2010-09-08,83.34642791748047
SPY,2010-09-09,83.7314224243164
SPY,2010-09-10,84.15415954589844
SPY,2010-09-13,85.09019470214844
SPY,2010-09-14,85.03732299804688
SPY,2010-09-15,85.3619155883789
SPY,2010-09-16,85.33931732177734
SPY,2010-09-17,85.37118530273438
SPY,2010-09-20,86.67654418945312
SPY,2010-09-21,86.5019760131836
SPY,2010-09-22,86.07698059082031
SPY,2010-09-23,85.3787612915039
SPY,2010-09-24,87.13945007324219
SPY,2010-09-27,86.7220458984375
SPY,2010-09-28,87.025634765625
SPY,2010-09-29,86.87382507324219
SPY,2010-09-30,86.6158218383789
SPY,2010-10-01,86.98009490966797
SPY,2010-10-04,86.3274154663086
SPY,2010-10-05,88.06536102294922
SPY,2010-10-06,88.0577621459961
SPY,2010-10-07,87.9515151977539
SPY,2010-10-08,88.44481658935547
SPY,2010-10-11,88.52830505371094
SPY,2010-10-12,88.80152130126953
SPY,2010-10-13,89.49211883544922
SPY,2010-10-14,89.14302062988281
SPY,2010-10-15,89.32512664794922
SPY,2010-10-18,89.76533508300781
SPY,2010-10-19,88.58902740478516
SPY,2010-10-20,89.45418548583984
SPY,2010-10-21,89.65147399902344
SPY,2010-10-22,89.81845092773438
SPY,2010-10-25,90.08409881591797
SPY,2010-10-26,90.09925079345703
SPY,2010-10-27,89.84124755859375
SPY,2010-10-28,89.85640716552734
SPY,2010-10-29,89.92471313476562
SPY,2010-11-01,89.95509338378906
SPY,2010-11-02,90.66844940185547
SPY,2010-11-03,91.0327377319336
SPY,2010-11-04,92.78583526611328
SPY,2010-11-05,93.13497161865234
SPY,2010-11-08,92.96041107177734
SPY,2010-11-09,92.29253387451172
SPY,2010-11-10,92.6644058227539
SPY,2010-11-11,92.31531524658203
SPY,2010-11-12,91.22245025634766
SPY,2010-11-15,91.09343719482422
SPY,2010-11-16,89.67427825927734
SPY,2010-11-17,89.71980285644531
SPY,2010-11-18,91.04032897949219
SPY,2010-11-19,91.29076385498047
SPY,2010-11-22,91.21488189697266
SPY,2010-11-23,89.89434814453125
SPY,2010-11-24,91.22245025634766
SPY,2010-11-26,90.15998077392578
SPY,2010-11-29,90.4332046508789
SPY,2010-11-30,89.92471313476562
SPY,2010-12-01,91.83719635009766
SPY,2010-12-02,93.01351928710938
SPY,2010-12-03,93.26394653320312
SPY,2010-12-06,93.1653060913086
SPY,2010-12-07,93.21843719482422
SPY,2010-12-08,93.55996704101562
SPY,2010-12-09,93.92422485351562
SPY,2010-12-10,94.47067260742188
SPY,2010-12-13,94.53133392333984
SPY,2010-12-14,94.61483764648438
SPY,2010-12-15,94.18228149414062
SPY,2010-12-16,94.72870635986328
SPY,2010-12-17,94.8301773071289
SPY,2010-12-20,95.0590591430664
SPY,2010-12-21,95.66172790527344
SPY,2010-12-22,95.95928192138672
SPY,2010-12-23,95.82193756103516
SPY,2010-12-27,95.86009216308594
SPY,2010-12-28,95.99742889404297
SPY,2010-12-29,96.06607818603516
SPY,2010-12-30,95.91350555419922
SPY,2010-12-31,95.93639373779297
SPY,2011-01-03,96.92818450927734
SPY,2011-01-04,96.87478637695312
SPY,2011-01-05,97.37830352783203
SPY,2011-01-06,97.18754577636719
SPY,2011-01-07,96.99684143066406
SPY,2011-01-10,96.87478637695312
SPY,2011-01-11,97.21806335449219
SPY,2011-01-12,98.09542846679688
SPY,2011-01-13,97.93522644042969
SPY,2011-01-14,98.64473724365234
SPY,2011-01-18,98.81257629394531
SPY,2011-01-19,97.84365844726562
SPY,2011-01-20,97.71397399902344
SPY,2011-01-21,97.93522644042969
SPY,2011-01-24,98.49215698242188
SPY,2011-01-25,98.54553985595703
SPY,2011-01-26,98.92700958251953
SPY,2011-01-27,99.17115020751953
SPY,2011-01-28,97.43932342529297
SPY,2011-01-31,98.17168426513672
SPY,2011-02-01,99.74332427978516
SPY,2011-02-02,99.55261993408203
SPY,2011-02-03,99.77384185791016
SPY,2011-02-04,100.0561294555664
SPY,2011-02-07,100.68170166015625
SPY,2011-02-08,101.13946533203125
SPY,2011-02-09,100.91055297851562
SPY,2011-02-10,100.94871520996094
SPY,2011-02-11,101.55143737792969
SPY,2011-02-14,101.79557037353516
SPY,2011-02-15,101.47511291503906
SPY,2011-02-16,102.1159896850586
SPY,2011-02-17,102.42115783691406
SPY,2011-02-18,102.63475799560547
SPY,2011-02-22,100.57487487792969
SPY,2011-02-23,99.95695495605469
SPY,2011-02-24,99.8882827758789
SPY,2011-02-25,100.95636749267578
SPY,2011-02-28,101.58190155029297
SPY,2011-03-01,99.8882827758789
SPY,2011-03-02,100.10192108154297
SPY,2011-03-03,101.82608032226562
SPY,2011-03-04,101.0631103515625
SPY,2011-03-07,100.26972961425781
SPY,2011-03-08,101.14707946777344
SPY,2011-03-09,101.00212860107422
SPY,2011-03-10,99.13301086425781
SPY,2011-03-11,99.81962585449219
SPY,2011-03-14,99.2169189453125
SPY,2011-03-15,98.0801773071289
SPY,2011-03-16,96.26445007324219
SPY,2011-03-17,97.53849029541016
SPY,2011-03-18,97.8932876586914
SPY,2011-03-21,99.4104232788086
SPY,2011-03-22,99.06561279296875
SPY,2011-03-23,99.34912872314453
SPY,2011-03-24,100.29922485351562
SPY,2011-03-25,100.60570526123047
SPY,2011-03-28,100.36052703857422
SPY,2011-03-29,101.03478240966797
SPY,2011-03-30,101.73207092285156
SPY,2011-03-31,101.59416198730469
SPY,2011-04-01,102.023193359375
SPY,2011-04-04,102.1075210571289
SPY,2011-04-05,102.09219360351562
SPY,2011-04-06,102.41403198242188
SPY,2011-04-07,102.15349578857422
SPY,2011-04-08,101.80103302001953
SPY,2011-04-11,101.49452209472656
SPY,2011-04-12,100.7359619140625
SPY,2011-04-13,100.72832489013672
SPY,2011-04-14,100.80493927001953
SPY,2011-04-15,101.17271423339844
SPY,2011-04-18,100.03866577148438
SPY,2011-04-19,100.61336517333984
SPY,2011-04-20,101.98492431640625
SPY,2011-04-21,102.5059585571289
SPY,2011-04-25,102.39867401123047
SPY,2011-04-26,103.27984619140625
SPY,2011-04-27,103.9541244506836
SPY,2011-04-28,104.29129028320312
SPY,2011-04-29,104.5364761352539
SPY,2011-05-02,104.37554931640625
SPY,2011-05-03,104.00009155273438
SPY,2011-05-04,103.31047058105469
SPY,2011-05-05,102.37569427490234
SPY,2011-05-06,102.82777404785156
SPY,2011-05-09,103.22622680664062
SPY,2011-05-10,104.10739135742188
SPY,2011-05-11,103.01168060302734
SPY,2011-05-12,103.50208282470703
SPY,2011-05-13,102.70518493652344
SPY,2011-05-16,102.05386352539062
SPY,2011-05-17,102.03854370117188
SPY,2011-05-18,102.95040893554688
SPY,2011-05-19,103.19558715820312
SPY,2011-05-20,102.37569427490234
SPY,2011-05-23,101.18802642822266
SPY,2011-05-24,101.103759765625
SPY,2011-05-25,101.44090270996094
SPY,2011-05-26,101.90829467773438
SPY,2011-05-27,102.29902648925781
SPY,2011-05-31,103.3641128540039
SPY,2011-06-01,101.04247283935547
SPY,2011-06-02,100.93517303466797
SPY,2011-06-03,99.93144989013672
SPY,2011-06-06,98.87401580810547
SPY,2011-06-07,98.81272888183594
SPY,2011-06-08,98.39895629882812
SPY,2011-06-09,99.14985656738281
SPY,2011-06-10,97.7706527709961
SPY,2011-06-13,97.84729766845703
SPY,2011-06-14,99.0886001586914
SPY,2011-06-15,97.3262710571289
SPY,2011-06-16,97.54080200195312
SPY,2011-06-17,97.83187866210938
SPY,2011-06-20,98.3323974609375
SPY,2011-06-21,99.67992401123047
SPY,2011-06-22,99.07931518554688
SPY,2011-06-23,98.79437255859375
SPY,2011-06-24,97.64704132080078
SPY,2011-06-27,98.51716613769531
SPY,2011-06-28,99.80311584472656
SPY,2011-06-29,100.65786743164062
SPY,2011-06-30,101.62040710449219
SPY,2011-07-01,103.12193298339844
SPY,2011-07-05,103.0372543334961
SPY,2011-07-06,103.16047668457031
SPY,2011-07-07,104.2308120727539
SPY,2011-07-08,103.4915771484375
SPY,2011-07-11,101.62040710449219
SPY,2011-07-12,101.18150329589844
SPY,2011-07-13,101.52030944824219
SPY,2011-07-14,100.81959533691406
SPY,2011-07-15,101.40479278564453
SPY,2011-07-18,100.57317352294922
SPY,2011-07-19,102.20562744140625
SPY,2011-07-20,102.14404296875
SPY,2011-07-21,103.56088256835938
SPY,2011-07-22,103.63014221191406
SPY,2011-07-25,103.05265045166016
SPY,2011-07-26,102.66763305664062
SPY,2011-07-27,100.56547546386719
SPY,2011-07-28,100.27285766601562
SPY,2011-07-29,99.58750915527344
SPY,2011-08-01,99.16401672363281
SPY,2011-08-02,96.63064575195312
SPY,2011-08-03,97.15425872802734
SPY,2011-08-04,92.6033935546875
SPY,2011-08-05,92.46480560302734
SPY,2011-08-08,86.44318389892578
SPY,2011-08-09,90.46272277832031
SPY,2011-08-10,86.46627044677734
SPY,2011-08-11,90.34720611572266
SPY,2011-08-12,90.95553588867188
SPY,2011-08-15,92.88060760498047
SPY,2011-08-16,92.08748626708984
SPY,2011-08-17,92.14909362792969
SPY,2011-08-18,88.1757583618164
SPY,2011-08-19,86.73580932617188
SPY,2011-08-22,86.80509948730469
SPY,2011-08-23,89.66191864013672
SPY,2011-08-24,90.92472076416016
SPY,2011-08-25,89.53868865966797
SPY,2011-08-26,90.84004211425781
SPY,2011-08-29,93.45042419433594
SPY,2011-08-30,93.69683074951172
SPY,2011-08-31,94.11264038085938
SPY,2011-09-01,93.12702178955078
SPY,2011-09-02,90.74762725830078
SPY,2011-09-06,90.08544158935547
SPY,2011-09-07,92.62650299072266
SPY,2011-09-08,91.66394805908203
SPY,2011-09-09,89.26148986816406
SPY,2011-09-12,89.83898162841797
SPY,2011-09-13,90.66291809082031
SPY,2011-09-14,91.9180679321289
SPY,2011-09-15,93.50432586669922
SPY,2011-09-16,94.05773162841797
SPY,2011-09-19,93.12118530273438
SPY,2011-09-20,93.01280975341797
SPY,2011-09-21,90.2728271484375
SPY,2011-09-22,87.35481262207031
SPY,2011-09-23,87.8811264038086
SPY,2011-09-26,89.97096252441406
SPY,2011-09-27,90.97716522216797
SPY,2011-09-28,89.11955261230469
SPY,2011-09-29,89.82390594482422
SPY,2011-09-30,87.57929992675781
SPY,2011-10-03,85.08695983886719
SPY,2011-10-04,86.95235443115234
SPY,2011-10-05,88.56222534179688
SPY,2011-10-06,90.16448974609375
SPY,2011-10-07,89.5607681274414
SPY,2011-10-10,92.55615234375
SPY,2011-10-11,92.6490249633789
SPY,2011-10-12,93.46173858642578
SPY,2011-10-13,93.27599334716797
SPY,2011-10-14,94.87043762207031
SPY,2011-10-17,93.05926513671875
SPY,2011-10-18,94.87820434570312
SPY,2011-10-19,93.75585174560547
SPY,2011-10-20,94.16610717773438
SPY,2011-10-21,95.9540786743164
SPY,2011-10-24,97.13056945800781
SPY,2011-10-25,95.24198150634766
SPY,2011-10-26,96.20948791503906
SPY,2011-10-27,99.56097412109375
SPY,2011-10-28,99.53775787353516
SPY,2011-10-31,97.13827514648438
SPY,2011-11-01,94.42924499511719
SPY,2011-11-02,95.96953582763672
SPY,2011-11-03,97.71882629394531
SPY,2011-11-04,97.12281036376953
SPY,2011-11-07,97.72657012939453
SPY,2011-11-08,98.98043823242188
SPY,2011-11-09,95.32711029052734
SPY,2011-11-10,96.22496032714844
SPY,2011-11-11,98.03618621826172
SPY,2011-11-14,97.1073226928711
SPY,2011-11-15,97.58721923828125
SPY,2011-11-16,96.03921508789062
SPY,2011-11-17,94.514404296875
SPY,2011-11-18,94.41378021240234
SPY,2011-11-21,92.61808013916016
SPY,2011-11-22,92.25428771972656
SPY,2011-11-23,90.2186508178711
SPY,2011-11-25,90.04837799072266
SPY,2011-11-28,92.65677642822266
SPY,2011-11-29,92.91991424560547
SPY,2011-11-30,96.74357604980469
SPY,2011-12-01,96.72806549072266
SPY,2011-12-02,96.64293670654297
SPY,2011-12-05,97.69559478759766
SPY,2011-12-06,97.72657012939453
SPY,2011-12-07,98.09031677246094
SPY,2011-12-08,95.93859100341797
SPY,2011-12-09,97.56403350830078
SPY,2011-12-12,96.13981628417969
SPY,2011-12-13,95.24198150634766
SPY,2011-12-14,94.22801208496094
SPY,2011-12-15,94.568603515625
SPY,2011-12-16,94.70879364013672
SPY,2011-12-19,93.6961898803711
SPY,2011-12-20,96.53145599365234
SPY,2011-12-21,96.7183837890625
SPY,2011-12-22,97.57521057128906
SPY,2011-12-23,98.44758605957031
SPY,2011-12-27,98.5254898071289
SPY,2011-12-28,97.23249816894531
SPY,2011-12-29,98.23726654052734
SPY,2011-12-30,97.75435638427734
SPY,2012-01-03,99.31219482421875
SPY,2012-01-04,99.4679946899414
SPY,2012-01-05,99.73280334472656
SPY,2012-01-06,99.47577667236328
SPY,2012-01-09,99.71723175048828
SPY,2012-01-10,100.58186340332031
SPY,2012-01-11,100.63636779785156
SPY,2012-01-12,100.87781524658203
SPY,2012-01-13,100.35595703125
SPY,2012-01-17,100.74542999267578
SPY,2012-01-18,101.8592758178711
SPY,2012-01-19,102.39673614501953
SPY,2012-01-20,102.77838134765625
SPY,2012-01-23,102.51358032226562
SPY,2012-01-24,102.39673614501953
SPY,2012-01-25,103.25354766845703
SPY,2012-01-26,102.72388458251953
SPY,2012-01-27,102.67713928222656
SPY,2012-01-30,102.32659912109375
SPY,2012-01-31,102.28767395019531
SPY,2012-02-01,103.18341827392578
SPY,2012-02-02,103.34701538085938
SPY,2012-02-03,104.79579162597656
SPY,2012-02-06,104.72565460205078
SPY,2012-02-07,104.99053955078125
SPY,2012-02-08,105.30208587646484
SPY,2012-02-09,105.43450927734375
SPY,2012-02-10,104.65560913085938
SPY,2012-02-13,105.43450927734375
SPY,2012-02-14,105.30208587646484
SPY,2012-02-15,104.81139373779297
SPY,2012-02-16,105.97196197509766
SPY,2012-02-17,106.25236511230469
SPY,2012-02-21,106.29912567138672
SPY,2012-02-22,105.95639038085938
SPY,2012-02-23,106.42373657226562
SPY,2012-02-24,106.65746307373047
SPY,2012-02-27,106.83656311035156
SPY,2012-02-28,107.14813995361328
SPY,2012-02-29,106.7275161743164
SPY,2012-03-01,107.28054809570312
SPY,2012-03-02,106.9533920288086
SPY,2012-03-05,106.51718139648438
SPY,2012-03-06,104.95936584472656
SPY,2012-03-07,105.69154357910156
SPY,2012-03-08,106.74311828613281
SPY,2012-03-09,107.15596771240234
SPY,2012-03-12,107.1636962890625
SPY,2012-03-13,109.0954360961914
SPY,2012-03-14,108.97859191894531
SPY,2012-03-15,109.60951232910156
SPY,2012-03-16,109.76128387451172
SPY,2012-03-19,110.19159698486328
SPY,2012-03-20,109.8708267211914
SPY,2012-03-21,109.69088745117188
SPY,2012-03-22,108.90072631835938
SPY,2012-03-23,109.25279235839844
SPY,2012-03-26,110.78614807128906
SPY,2012-03-27,110.44190979003906
SPY,2012-03-28,109.89427185058594
SPY,2012-03-29,109.70653533935547
SPY,2012-03-30,110.1602783203125
SPY,2012-04-02,110.96604919433594
SPY,2012-04-03,110.5123291015625
SPY,2012-04-04,109.41706085205078
SPY,2012-04-05,109.36228942871094
SPY,2012-04-09,108.13406372070312
SPY,2012-04-10,106.31902313232422
SPY,2012-04-11,107.17961883544922
SPY,2012-04-12,108.57991790771484
SPY,2012-04-13,107.28910827636719
SPY,2012-04-16,107.21875
SPY,2012-04-17,108.80683135986328
SPY,2012-04-18,108.43914794921875
SPY,2012-04-19,107.74285888671875
SPY,2012-04-20,107.92279815673828
SPY,2012-04-23,107.01531982421875
SPY,2012-04-24,107.42208099365234
SPY,2012-04-25,108.89289855957031
SPY,2012-04-26,109.65180969238281
SPY,2012-04-27,109.83168029785156
SPY,2012-04-30,109.42488098144531
SPY,2012-05-01,110.10553741455078
SPY,2012-05-02,109.77692413330078
SPY,2012-05-03,108.9398193359375
SPY,2012-05-04,107.17961883544922
SPY,2012-05-07,107.25782775878906
SPY,2012-05-08,106.82754516601562
SPY,2012-05-09,106.1938705444336
SPY,2012-05-10,106.41292572021484
SPY,2012-05-11,106.09217071533203
SPY,2012-05-14,104.91864776611328
SPY,2012-05-15,104.31624603271484
SPY,2012-05-16,103.917236328125
SPY,2012-05-17,102.37608337402344
SPY,2012-05-18,101.4998779296875
SPY,2012-05-21,103.24443817138672
SPY,2012-05-22,103.42439270019531
SPY,2012-05-23,103.47914123535156
SPY,2012-05-24,103.68257141113281
SPY,2012-05-25,103.34616088867188
SPY,2012-05-29,104.59786224365234
SPY,2012-05-30,103.08014678955078
SPY,2012-05-31,102.85330200195312
SPY,2012-06-01,100.26374816894531
SPY,2012-06-04,100.21682739257812
SPY,2012-06-05,100.9757080078125
SPY,2012-06-06,103.24443817138672
SPY,2012-06-07,103.30703735351562
SPY,2012-06-08,104.12848663330078
SPY,2012-06-11,102.80635070800781
SPY,2012-06-12,103.98767852783203
SPY,2012-06-13,103.32268524169922
SPY,2012-06-14,104.41793823242188
SPY,2012-06-15,105.4858627319336
SPY,2012-06-18,105.69035339355469
SPY,2012-06-19,106.71260833740234
SPY,2012-06-20,106.53958892822266
SPY,2012-06-21,104.14900207519531
SPY,2012-06-22,104.95113372802734
SPY,2012-06-25,103.2682876586914
SPY,2012-06-26,103.78726196289062
SPY,2012-06-27,104.72305297851562
SPY,2012-06-28,104.42424011230469
SPY,2012-06-29,107.0272216796875
SPY,2012-07-02,107.34960174560547
SPY,2012-07-03,108.05735778808594
SPY,2012-07-05,107.56982421875
SPY,2012-07-06,106.54747772216797
SPY,2012-07-09,106.41378784179688
SPY,2012-07-10,105.4858627319336
SPY,2012-07-11,105.50159454345703
SPY,2012-07-12,104.99046325683594
SPY,2012-07-13,106.751953125
SPY,2012-07-16,106.50028991699219
SPY,2012-07-17,107.23163604736328
SPY,2012-07-18,108.02586364746094
SPY,2012-07-19,108.3089828491211
SPY,2012-07-20,107.3181381225586
SPY,2012-07-23,106.23294830322266
SPY,2012-07-24,105.32071685791016
SPY,2012-07-25,105.34434509277344
SPY,2012-07-26,107.082275390625
SPY,2012-07-27,109.05603790283203
SPY,2012-07-30,109.05603790283203
SPY,2012-07-31,108.29328155517578
SPY,2012-08-01,108.19892883300781
SPY,2012-08-02,107.4518051147461
SPY,2012-08-03,109.58294677734375
SPY,2012-08-06,109.79525756835938
SPY,2012-08-07,110.3457260131836
SPY,2012-08-08,110.47945404052734
SPY,2012-08-09,110.57379913330078
SPY,2012-08-10,110.75465393066406
SPY,2012-08-13,110.69962310791016
SPY,2012-08-14,110.71532440185547
SPY,2012-08-15,110.84115600585938
SPY,2012-08-16,111.65901184082031
SPY,2012-08-17,111.80846405029297
SPY,2012-08-20,111.81629180908203
SPY,2012-08-21,111.47811126708984
SPY,2012-08-22,111.52532958984375
SPY,2012-08-23,110.61314392089844
SPY,2012-08-24,111.28153991699219
SPY,2012-08-27,111.30516052246094
SPY,2012-08-28,111.1950454711914
SPY,2012-08-29,111.28153991699219
SPY,2012-08-30,110.47945404052734
SPY,2012-08-31,111.00630950927734
SPY,2012-09-04,110.90410614013672
SPY,2012-09-05,110.8096923828125
SPY,2012-09-06,113.05877685546875
SPY,2012-09-07,113.4991683959961
SPY,2012-09-10,112.85431671142578
SPY,2012-09-11,113.16889190673828
SPY,2012-09-12,113.54634094238281
SPY,2012-09-13,115.27637481689453
SPY,2012-09-14,115.78756713867188
SPY,2012-09-17,115.39437866210938
SPY,2012-09-18,115.30000305175781
SPY,2012-09-19,115.3628921508789
SPY,2012-09-20,115.37075805664062
SPY,2012-09-21,115.32256317138672
SPY,2012-09-24,115.14859771728516
SPY,2012-09-25,113.92318725585938
SPY,2012-09-26,113.28284454345703
SPY,2012-09-27,114.3501205444336
SPY,2012-09-28,113.8204116821289
SPY,2012-10-01,114.12086486816406
SPY,2012-10-02,114.2394027709961
SPY,2012-10-03,114.70584869384766
SPY,2012-10-04,115.52804565429688
SPY,2012-10-05,115.5359878540039
SPY,2012-10-08,115.14067840576172
SPY,2012-10-09,114.00227355957031
SPY,2012-10-10,113.27489471435547
SPY,2012-10-11,113.33815002441406
SPY,2012-10-12,112.9665756225586
SPY,2012-10-15,113.9073486328125
SPY,2012-10-16,115.06160736083984
SPY,2012-10-17,115.58336639404297
SPY,2012-10-18,115.28300476074219
SPY,2012-10-19,113.36186981201172
SPY,2012-10-22,113.37769317626953
SPY,2012-10-23,111.80445098876953
SPY,2012-10-24,111.4881820678711
SPY,2012-10-25,111.81230926513672
SPY,2012-10-26,111.74907684326172
SPY,2012-10-31,111.74907684326172
SPY,2012-11-01,112.9191665649414
SPY,2012-11-02,111.9150619506836
SPY,2012-11-05,112.14437866210938
SPY,2012-11-06,113.02191162109375
SPY,2012-11-07,110.46043395996094
SPY,2012-11-08,109.13226318359375
SPY,2012-11-09,109.22711181640625
SPY,2012-11-12,109.31407928466797
SPY,2012-11-13,108.9345703125
SPY,2012-11-14,107.464111328125
SPY,2012-11-15,107.28226470947266
SPY,2012-11-16,107.81196594238281
SPY,2012-11-19,109.99396514892578
SPY,2012-11-20,110.04141235351562
SPY,2012-11-21,110.24698638916016
SPY,2012-11-23,111.74907684326172
SPY,2012-11-26,111.51190948486328
SPY,2012-11-27,110.94269561767578
SPY,2012-11-28,111.83604431152344
SPY,2012-11-29,112.35782623291016
SPY,2012-11-30,112.3815689086914
SPY,2012-12-03,111.82811737060547
SPY,2012-12-04,111.67000579833984
SPY,2012-12-05,111.8676528930664
SPY,2012-12-06,112.24713897705078
SPY,2012-12-07,112.58710479736328
SPY,2012-12-10,112.6345443725586
SPY,2012-12-11,113.40140533447266
SPY,2012-12-12,113.45677947998047
SPY,2012-12-13,112.76103210449219
SPY,2012-12-14,112.34202575683594
SPY,2012-12-17,113.66231536865234
SPY,2012-12-18,114.92728424072266
SPY,2012-12-19,114.0733871459961
SPY,2012-12-20,114.72959899902344
SPY,2012-12-21,113.68817901611328
SPY,2012-12-24,113.33782958984375
SPY,2012-12-26,112.860107421875
SPY,2012-12-27,112.70884704589844
SPY,2012-12-28,111.49071502685547
SPY,2012-12-31,113.3856430053711
SPY,2013-01-02,116.29171752929688
SPY,2013-01-03,116.02902221679688
SPY,2013-01-04,116.53856658935547
SPY,2013-01-07,116.22002410888672
SPY,2013-01-08,115.88566589355469
SPY,2013-01-09,116.18026733398438
SPY,2013-01-10,117.10379791259766
SPY,2013-01-11,117.09589385986328
SPY,2013-01-14,117.01625061035156
SPY,2013-01-15,117.09589385986328
SPY,2013-01-16,117.07994079589844
SPY,2013-01-17,117.83634948730469
SPY,2013-01-18,118.09907531738281
SPY,2013-01-22,118.73599243164062
SPY,2013-01-23,118.92708587646484
SPY,2013-01-24,118.95899963378906
SPY,2013-01-25,119.6277084350586
SPY,2013-01-28,119.4844741821289
SPY,2013-01-29,119.95426177978516
SPY,2013-01-30,119.4844741821289
SPY,2013-01-31,119.18982696533203
SPY,2013-02-01,120.416015625
SPY,2013-02-04,119.06246185302734
SPY,2013-02-05,120.26467895507812
SPY,2013-02-06,120.35228729248047
SPY,2013-02-07,120.19303894042969
SPY,2013-02-08,120.86188507080078
SPY,2013-02-11,120.83800506591797
SPY,2013-02-12,121.03704833984375
SPY,2013-02-13,121.14059448242188
SPY,2013-02-14,121.25200653076172
SPY,2013-02-15,121.10870361328125
SPY,2013-02-19,122.01628875732422
SPY,2013-02-20,120.49563598632812
SPY,2013-02-21,119.76314544677734
SPY,2013-02-22,120.93352508544922
SPY,2013-02-25,118.63253021240234
SPY,2013-02-26,119.44464874267578
SPY,2013-02-27,120.94939422607422
SPY,2013-02-28,120.71062469482422
SPY,2013-03-01,121.10870361328125
SPY,2013-03-04,121.75357055664062
SPY,2013-03-05,122.84434509277344
SPY,2013-03-06,123.01161193847656
SPY,2013-03-07,123.23450469970703
SPY,2013-03-08,123.7600326538086
SPY,2013-03-11,124.2297134399414
SPY,2013-03-12,123.95108032226562
SPY,2013-03-13,124.12625885009766
SPY,2013-03-14,124.78704071044922
SPY,2013-03-15,124.62236022949219
SPY,2013-03-18,123.93456268310547
SPY,2013-03-19,123.64668273925781
SPY,2013-03-20,124.5103759765625
SPY,2013-03-21,123.44672393798828
SPY,2013-03-22,124.4383773803711
SPY,2013-03-25,123.91856384277344
SPY,2013-03-26,124.91020202636719
SPY,2013-03-27,124.91020202636719
SPY,2013-03-28,125.29405975341797
SPY,2013-04-01,124.79827117919922
SPY,2013-04-02,125.41405487060547
SPY,2013-04-03,124.14249420166016
SPY,2013-04-04,124.64632415771484
SPY,2013-04-05,124.08649444580078
SPY,2013-04-08,124.92626953125
SPY,2013-04-09,125.35810089111328
SPY,2013-04-10,126.89356994628906
SPY,2013-04-11,127.30945587158203
SPY,2013-04-12,126.9975357055664
SPY,2013-04-15,124.05451965332031
SPY,2013-04-16,125.88590240478516
SPY,2013-04-17,124.04656219482422
SPY,2013-04-18,123.270751953125
SPY,2013-04-19,124.34246826171875
SPY,2013-04-22,124.8941879272461
SPY,2013-04-23,126.18181610107422
SPY,2013-04-24,126.26178741455078
SPY,2013-04-25,126.7736587524414
SPY,2013-04-26,126.54973602294922
SPY,2013-04-29,127.39739990234375
SPY,2013-04-30,127.70130920410156
SPY,2013-05-01,126.58171081542969
SPY,2013-05-02,127.75724792480469
SPY,2013-05-03,129.05287170410156
SPY,2013-05-06,129.3807373046875
SPY,2013-05-07,130.03646850585938
SPY,2013-05-08,130.62828063964844
SPY,2013-05-09,130.260498046875
SPY,2013-05-10,130.68426513671875
SPY,2013-05-13,130.78826904296875
SPY,2013-05-14,132.1398162841797
SPY,2013-05-15,132.8515625
SPY,2013-05-16,132.22775268554688
SPY,2013-05-17,133.50732421875
SPY,2013-05-20,133.49935913085938
SPY,2013-05-21,133.6912841796875
SPY,2013-05-22,132.69964599609375
SPY,2013-05-23,132.31568908691406
SPY,2013-05-24,132.20376586914062
SPY,2013-05-28,132.9955291748047
SPY,2013-05-29,132.13174438476562
SPY,2013-05-30,132.6196746826172
SPY,2013-05-31,130.71633911132812
SPY,2013-06-03,131.4361114501953
SPY,2013-06-04,130.8042449951172
SPY,2013-06-05,128.9728546142578
SPY,2013-06-06,130.14047241210938
SPY,2013-06-07,131.7958984375
SPY,2013-06-10,131.7958984375
SPY,2013-06-11,130.4364013671875
SPY,2013-06-12,129.3567352294922
SPY,2013-06-13,131.32406616210938
SPY,2013-06-14,130.50039672851562
SPY,2013-06-17,131.50796508789062
SPY,2013-06-18,132.5476837158203
SPY,2013-06-19,130.71633911132812
SPY,2013-06-20,127.47734832763672
SPY,2013-06-21,127.88661193847656
SPY,2013-06-24,126.27059936523438
SPY,2013-06-25,127.48464965820312
SPY,2013-06-26,128.7468719482422
SPY,2013-06-27,129.50253295898438
SPY,2013-06-28,128.97195434570312
SPY,2013-07-01,129.72767639160156
SPY,2013-07-02,129.6071014404297
SPY,2013-07-03,129.66339111328125
SPY,2013-07-05,131.06228637695312
SPY,2013-07-08,131.80996704101562
SPY,2013-07-09,132.75860595703125
SPY,2013-07-10,132.80679321289062
SPY,2013-07-11,134.61578369140625
SPY,2013-07-12,134.67208862304688
SPY,2013-07-15,135.1865997314453
SPY,2013-07-16,134.68011474609375
SPY,2013-07-17,135.0258026123047
SPY,2013-07-18,135.7654266357422
SPY,2013-07-19,136.00662231445312
SPY,2013-07-22,136.27195739746094
SPY,2013-07-23,135.98248291015625
SPY,2013-07-24,135.4840850830078
SPY,2013-07-25,135.8136444091797
SPY,2013-07-26,135.95840454101562
SPY,2013-07-29,135.54031372070312
SPY,2013-07-30,135.54031372070312
SPY,2013-07-31,135.63677978515625
SPY,2013-08-01,137.20455932617188
SPY,2013-08-02,137.43775939941406
SPY,2013-08-05,137.23670959472656
SPY,2013-08-06,136.4568634033203
SPY,2013-08-07,136.01467895507812
SPY,2013-08-08,136.51315307617188
SPY,2013-08-09,136.1192169189453
SPY,2013-08-12,135.95840454101562
SPY,2013-08-13,136.3603973388672
SPY,2013-08-14,135.6609649658203
SPY,2013-08-15,133.76356506347656
SPY,2013-08-16,133.32138061523438
SPY,2013-08-19,132.46923828125
SPY,2013-08-20,133.12037658691406
SPY,2013-08-21,132.30039978027344
SPY,2013-08-22,133.50628662109375
SPY,2013-08-23,133.95648193359375
SPY,2013-08-26,133.4580535888672
SPY,2013-08-27,131.31149291992188
SPY,2013-08-28,131.7777557373047
SPY,2013-08-29,131.98683166503906
SPY,2013-08-30,131.5688018798828
SPY,2013-09-03,132.16371154785156
SPY,2013-09-04,133.25709533691406
SPY,2013-09-05,133.42588806152344
SPY,2013-09-06,133.49020385742188
SPY,2013-09-09,134.76846313476562
SPY,2013-09-10,135.7654266357422
SPY,2013-09-11,136.19155883789062
SPY,2013-09-12,135.82972717285156
SPY,2013-09-13,136.13526916503906
SPY,2013-09-16,136.9231414794922
SPY,2013-09-17,137.53419494628906
SPY,2013-09-18,139.12606811523438
SPY,2013-09-19,138.8928680419922
SPY,2013-09-20,137.92181396484375
SPY,2013-09-23,137.28355407714844
SPY,2013-09-24,136.96046447753906
SPY,2013-09-25,136.5645294189453
SPY,2013-09-26,137.0896759033203
SPY,2013-09-27,136.45953369140625
SPY,2013-09-30,135.73240661621094
SPY,2013-10-01,136.806884765625
SPY,2013-10-02,136.6776580810547
SPY,2013-10-03,135.41734313964844
SPY,2013-10-04,136.44334411621094
SPY,2013-10-07,135.26390075683594
SPY,2013-10-08,133.6884765625
SPY,2013-10-09,133.78546142578125
SPY,2013-10-10,136.6695556640625
SPY,2013-10-11,137.55023193359375
SPY,2013-10-14,138.09954833984375
SPY,2013-10-15,137.09774780273438
SPY,2013-10-16,139.01239013671875
SPY,2013-10-17,139.9414825439453
SPY,2013-10-18,140.88671875
SPY,2013-10-21,140.89474487304688
SPY,2013-10-22,141.71078491210938
SPY,2013-10-23,141.03221130371094
SPY,2013-10-24,141.50070190429688
SPY,2013-10-25,142.14703369140625
SPY,2013-10-28,142.37326049804688
SPY,2013-10-29,143.13265991210938
SPY,2013-10-30,142.4217071533203
SPY,2013-10-31,142.0177764892578
SPY,2013-11-01,142.35708618164062
SPY,2013-11-04,142.85794067382812
SPY,2013-11-05,142.4055633544922
SPY,2013-11-06,143.13265991210938
SPY,2013-11-07,141.3229522705078
SPY,2013-11-08,143.2296142578125
SPY,2013-11-11,143.25379943847656
SPY,2013-11-12,142.96298217773438
SPY,2013-11-13,144.11013793945312
SPY,2013-11-14,144.8292236328125
SPY,2013-11-15,145.4593505859375
SPY,2013-11-18,144.95040893554688
SPY,2013-11-19,144.63528442382812
SPY,2013-11-20,144.1829071044922
SPY,2013-11-21,145.3462371826172
SPY,2013-11-22,146.0733642578125
SPY,2013-11-25,145.92788696289062
SPY,2013-11-26,145.9683380126953
SPY,2013-11-27,146.32383728027344
SPY,2013-11-29,146.2268524169922
SPY,2013-12-02,145.8472137451172
SPY,2013-12-03,145.2169647216797
SPY,2013-12-04,145.2008514404297
SPY,2013-12-05,144.56265258789062
SPY,2013-12-06,146.17837524414062
SPY,2013-12-09,146.5500030517578
SPY,2013-12-10,146.02487182617188
SPY,2013-12-11,144.38487243652344
SPY,2013-12-12,143.90821838378906
SPY,2013-12-13,143.89202880859375
SPY,2013-12-16,144.788818359375
SPY,2013-12-17,144.32827758789062
SPY,2013-12-18,146.79234313964844
SPY,2013-12-19,146.62269592285156
SPY,2013-12-20,147.47557067871094
SPY,2013-12-23,148.26345825195312
SPY,2013-12-24,148.5884246826172
SPY,2013-12-26,149.34385681152344
SPY,2013-12-27,149.33567810058594
SPY,2013-12-30,149.31129455566406
SPY,2013-12-31,150.0179901123047
SPY,2014-01-02,148.58023071289062
SPY,2014-01-03,148.55587768554688
SPY,2014-01-06,148.1253662109375
SPY,2014-01-07,149.03517150878906
SPY,2014-01-08,149.067626953125
SPY,2014-01-09,149.1651153564453
SPY,2014-01-10,149.5712432861328
SPY,2014-01-13,147.58119201660156
SPY,2014-01-14,149.18942260742188
SPY,2014-01-15,149.99363708496094
SPY,2014-01-16,149.79861450195312
SPY,2014-01-17,149.1651153564453
SPY,2014-01-21,149.60374450683594
SPY,2014-01-22,149.70120239257812
SPY,2014-01-23,148.47463989257812
SPY,2014-01-24,145.30685424804688
SPY,2014-01-27,144.59201049804688
SPY,2014-01-28,145.4530029296875
SPY,2014-01-29,144.055908203125
SPY,2014-01-30,145.58299255371094
SPY,2014-01-31,144.7301483154297
SPY,2014-02-03,141.47291564941406
SPY,2014-02-04,142.46389770507812
SPY,2014-02-05,142.28515625
SPY,2014-02-06,144.1614990234375
SPY,2014-02-07,145.9485321044922
SPY,2014-02-10,146.21658325195312
SPY,2014-02-11,147.81671142578125
SPY,2014-02-12,147.88983154296875
SPY,2014-02-13,148.6533660888672
SPY,2014-02-14,149.47372436523438
SPY,2014-02-18,149.65245056152344
SPY,2014-02-19,148.66151428222656
SPY,2014-02-20,149.53875732421875
SPY,2014-02-21,149.36817932128906
SPY,2014-02-24,150.19667053222656
SPY,2014-02-25,150.13978576660156
SPY,2014-02-26,150.14788818359375
SPY,2014-02-27,150.93588256835938
SPY,2014-02-28,151.31761169433594
SPY,2014-03-03,150.25355529785156
SPY,2014-03-04,152.36541748046875
SPY,2014-03-05,152.50350952148438
SPY,2014-03-06,152.85281372070312
SPY,2014-03-07,152.9178009033203
SPY,2014-03-10,152.8365478515625
SPY,2014-03-11,152.08114624023438
SPY,2014-03-12,152.12176513671875
SPY,2014-03-13,150.41595458984375
SPY,2014-03-14,149.99363708496094
SPY,2014-03-17,151.35009765625
SPY,2014-03-18,152.43043518066406
SPY,2014-03-19,151.6180877685547
SPY,2014-03-20,152.50350952148438
SPY,2014-03-21,151.91204833984375
SPY,2014-03-24,151.28382873535156
SPY,2014-03-25,152.00180053710938
SPY,2014-03-26,150.9085235595703
SPY,2014-03-27,150.59036254882812
SPY,2014-03-28,151.33273315429688
SPY,2014-03-31,152.57286071777344
SPY,2014-04-01,153.58456420898438
SPY,2014-04-02,154.09852600097656
SPY,2014-04-03,153.89454650878906
SPY,2014-04-04,152.0751953125
SPY,2014-04-07,150.39451599121094
SPY,2014-04-08,151.01458740234375
SPY,2014-04-09,152.6381378173828
SPY,2014-04-10,149.43185424804688
SPY,2014-04-11,148.085693359375
SPY,2014-04-14,149.2523651123047
SPY,2014-04-15,150.2803192138672
SPY,2014-04-16,151.85487365722656
SPY,2014-04-17,152.06700134277344
SPY,2014-04-21,152.59727478027344
SPY,2014-04-22,153.29083251953125
SPY,2014-04-23,152.9318084716797
SPY,2014-04-24,153.2418670654297
SPY,2014-04-25,151.98544311523438
SPY,2014-04-28,152.466796875
SPY,2014-04-29,153.1765899658203
SPY,2014-04-30,153.63345336914062
SPY,2014-05-01,153.64984130859375
SPY,2014-05-02,153.4295196533203
SPY,2014-05-05,153.72323608398438
SPY,2014-05-06,152.38522338867188
SPY,2014-05-07,153.28265380859375
SPY,2014-05-08,153.11949157714844
SPY,2014-05-09,153.3479461669922
SPY,2014-05-12,154.84092712402344
SPY,2014-05-13,154.97962951660156
SPY,2014-05-14,154.2454071044922
SPY,2014-05-15,152.8910369873047
SPY,2014-05-16,153.42141723632812
SPY,2014-05-19,153.98428344726562
SPY,2014-05-20,153.01344299316406
SPY,2014-05-21,154.30247497558594
SPY,2014-05-22,154.6777801513672
SPY,2014-05-23,155.2978515625
SPY,2014-05-27,156.25238037109375
SPY,2014-05-28,156.13816833496094
SPY,2014-05-29,156.9458465576172
SPY,2014-05-30,157.1987762451172
SPY,2014-06-02,157.37828063964844
SPY,2014-06-03,157.29664611816406
SPY,2014-06-04,157.61489868164062
SPY,2014-06-05,158.64280700683594
SPY,2014-06-06,159.4015655517578
SPY,2014-06-09,159.56475830078125
SPY,2014-06-10,159.58106994628906
SPY,2014-06-11,159.0263214111328
SPY,2014-06-12,157.90036010742188
SPY,2014-06-13,158.38180541992188
SPY,2014-06-16,158.51231384277344
SPY,2014-06-17,158.95286560058594
SPY,2014-06-18,160.11952209472656
SPY,2014-06-19,160.29896545410156
SPY,2014-06-20,160.62451171875
SPY,2014-06-23,160.5752716064453
SPY,2014-06-24,159.60797119140625
SPY,2014-06-25,160.32933044433594
SPY,2014-06-26,160.214599609375
SPY,2014-06-27,160.5260772705078
SPY,2014-06-30,160.44406127929688
SPY,2014-07-01,161.51795959472656
SPY,2014-07-02,161.6819610595703
SPY,2014-07-03,162.47708129882812
SPY,2014-07-07,161.91148376464844
SPY,2014-07-08,160.87042236328125
SPY,2014-07-09,161.59182739257812
SPY,2014-07-10,160.9523468017578
SPY,2014-07-11,161.17369079589844
SPY,2014-07-14,161.98524475097656
SPY,2014-07-15,161.6819610595703
SPY,2014-07-16,162.28038024902344
SPY,2014-07-17,160.43589782714844
SPY,2014-07-18,162.07545471191406
SPY,2014-07-21,161.77203369140625
SPY,2014-07-22,162.47708129882812
SPY,2014-07-23,162.8378448486328
SPY,2014-07-24,162.84603881835938
SPY,2014-07-25,162.0835723876953
SPY,2014-07-28,162.14920043945312
SPY,2014-07-29,161.45240783691406
SPY,2014-07-30,161.4769744873047
SPY,2014-07-31,158.28811645507812
SPY,2014-08-01,157.80445861816406
SPY,2014-08-04,158.94400024414062
SPY,2014-08-05,157.40274047851562
SPY,2014-08-06,157.4519805908203
SPY,2014-08-07,156.59938049316406
SPY,2014-08-08,158.41110229492188
SPY,2014-08-11,158.87017822265625
SPY,2014-08-12,158.6488494873047
SPY,2014-08-13,159.72265625
SPY,2014-08-14,160.4768829345703
SPY,2014-08-15,160.44406127929688
SPY,2014-08-18,161.7884979248047
SPY,2014-08-19,162.63290405273438
SPY,2014-08-20,163.06735229492188
SPY,2014-08-21,163.54281616210938
SPY,2014-08-22,163.28866577148438
SPY,2014-08-25,164.11666870117188
SPY,2014-08-26,164.22323608398438
SPY,2014-08-27,164.1576385498047
SPY,2014-08-28,164.06741333007812
SPY,2014-08-29,164.5347442626953
SPY,2014-09-02,164.4527587890625
SPY,2014-09-03,164.36257934570312
SPY,2014-09-04,164.12481689453125
SPY,2014-09-05,164.8626251220703
SPY,2014-09-08,164.43634033203125
SPY,2014-09-09,163.39523315429688
SPY,2014-09-10,164.0100860595703
SPY,2014-09-11,164.1986541748047
SPY,2014-09-12,163.23944091796875
SPY,2014-09-15,163.11654663085938
SPY,2014-09-16,164.34619140625
SPY,2014-09-17,164.56753540039062
SPY,2014-09-18,165.44468688964844
SPY,2014-09-19,165.2956085205078
SPY,2014-09-22,164.01898193359375
SPY,2014-09-23,163.08013916015625
SPY,2014-09-24,164.35665893554688
SPY,2014-09-25,161.70474243164062
SPY,2014-09-26,162.98948669433594
SPY,2014-09-29,162.69302368164062
SPY,2014-09-30,162.26473999023438
SPY,2014-10-01,160.0657196044922
SPY,2014-10-02,160.09051513671875
SPY,2014-10-03,161.8529815673828
SPY,2014-10-06,161.66355895996094
SPY,2014-10-07,159.1680450439453
SPY,2014-10-08,161.95184326171875
SPY,2014-10-09,158.73977661132812
SPY,2014-10-10,156.92787170410156
SPY,2014-10-13,154.35008239746094
SPY,2014-10-14,154.5888671875
SPY,2014-10-15,153.54286193847656
SPY,2014-10-16,153.41107177734375
SPY,2014-10-17,155.22300720214844
SPY,2014-10-20,156.73020935058594
SPY,2014-10-21,159.83518981933594
SPY,2014-10-22,158.6985321044922
SPY,2014-10-23,160.54339599609375
SPY,2014-10-24,161.77883911132812
SPY,2014-10-27,161.55650329589844
SPY,2014-10-28,163.4096221923828
SPY,2014-10-29,163.16249084472656
SPY,2014-10-30,164.2084503173828
SPY,2014-10-31,166.08624267578125
SPY,2014-11-03,166.17684936523438
SPY,2014-11-04,165.60032653808594
SPY,2014-11-05,166.64627075195312
SPY,2014-11-06,167.3134002685547
SPY,2014-11-07,167.46986389160156
SPY,2014-11-10,167.99697875976562
SPY,2014-11-11,168.1616973876953
SPY,2014-11-12,167.98048400878906
SPY,2014-11-13,168.16989135742188
SPY,2014-11-14,168.2111053466797
SPY,2014-11-17,168.31822204589844
SPY,2014-11-18,169.2899932861328
SPY,2014-11-19,169.0182342529297
SPY,2014-11-20,169.314697265625
SPY,2014-11-21,170.220703125
SPY,2014-11-24,170.69837951660156
SPY,2014-11-25,170.57481384277344
SPY,2014-11-26,171.0113525390625
SPY,2014-11-28,170.64895629882812
SPY,2014-12-01,169.4629669189453
SPY,2014-12-02,170.558349609375
SPY,2014-12-03,171.21726989746094
SPY,2014-12-04,171.02780151367188
SPY,2014-12-05,171.307861328125
SPY,2014-12-08,170.16302490234375
SPY,2014-12-09,170.0477752685547
SPY,2014-12-10,167.32164001464844
SPY,2014-12-11,168.16989135742188
SPY,2014-12-12,165.45204162597656
SPY,2014-12-15,164.31544494628906
SPY,2014-12-16,162.99771118164062
SPY,2014-12-17,166.193359375
SPY,2014-12-18,170.30307006835938
SPY,2014-12-19,171.02767944335938
SPY,2014-12-22,171.81439208984375
SPY,2014-12-23,172.0463104248047
SPY,2014-12-24,172.0628662109375
SPY,2014-12-26,172.6177215576172
SPY,2014-12-29,172.849609375
SPY,2014-12-30,171.92205810546875
SPY,2014-12-31,170.21607971191406
SPY,2015-01-02,170.125
SPY,2015-01-05,167.05259704589844
SPY,2015-01-06,165.4790802001953
SPY,2015-01-07,167.5412139892578
SPY,2015-01-08,170.5142364501953
SPY,2015-01-09,169.1478271484375
SPY,2015-01-12,167.82273864746094
SPY,2015-01-13,167.3507537841797
SPY,2015-01-14,166.34042358398438
SPY,2015-01-15,164.81663513183594
SPY,2015-01-16,166.97805786132812
SPY,2015-01-20,167.33416748046875
SPY,2015-01-21,168.17884826660156
SPY,2015-01-22,170.67987060546875
SPY,2015-01-23,169.74403381347656
SPY,2015-01-26,170.1415557861328
SPY,2015-01-27,167.89730834960938
SPY,2015-01-28,165.7440948486328
SPY,2015-01-29,167.27621459960938
SPY,2015-01-30,165.17276000976562
SPY,2015-02-02,167.21820068359375
SPY,2015-02-03,169.6363983154297
SPY,2015-02-04,168.99046325683594
SPY,2015-02-05,170.69644165039062
SPY,2015-02-06,170.22433471679688
SPY,2015-02-09,169.46249389648438
SPY,2015-02-10,171.26788330078125
SPY,2015-02-11,171.3672637939453
SPY,2015-02-12,173.01522827148438
SPY,2015-02-13,173.72743225097656
SPY,2015-02-17,174.00070190429688
SPY,2015-02-18,174.017333984375
SPY,2015-02-19,173.89305114746094
SPY,2015-02-20,174.93650817871094
SPY,2015-02-23,174.91163635253906
SPY,2015-02-24,175.40855407714844
SPY,2015-02-25,175.2594757080078
SPY,2015-02-26,175.052490234375
SPY,2015-02-27,174.4561767578125
SPY,2015-03-02,175.5576171875
SPY,2015-03-03,174.83717346191406
SPY,2015-03-04,174.10006713867188
SPY,2015-03-05,174.29055786132812
SPY,2015-03-06,171.83929443359375
SPY,2015-03-09,172.5514678955078
SPY,2015-03-10,169.75230407714844
SPY,2015-03-11,169.3548583984375
SPY,2015-03-12,171.50799560546875
SPY,2015-03-13,170.4562530517578
SPY,2015-03-16,172.73365783691406
SPY,2015-03-17,172.22019958496094
SPY,2015-03-18,174.29055786132812
SPY,2015-03-19,173.4955291748047
SPY,2015-03-20,175.02696228027344
SPY,2015-03-23,174.6859588623047
SPY,2015-03-24,173.704345703125
SPY,2015-03-25,171.1588897705078
SPY,2015-03-26,170.75135803222656
SPY,2015-03-27,171.1422576904297
SPY,2015-03-30,173.230224609375
SPY,2015-03-31,171.7162322998047
SPY,2015-04-01,171.10897827148438
SPY,2015-04-02,171.72454833984375
SPY,2015-04-06,172.88082885742188
SPY,2015-04-07,172.42324829101562
SPY,2015-04-08,173.00563049316406
SPY,2015-04-09,173.77084350585938
SPY,2015-04-10,174.7191619873047
SPY,2015-04-13,173.92886352539062
SPY,2015-04-14,174.2616424560547
SPY,2015-04-15,175.0435333251953
SPY,2015-04-16,174.99366760253906
SPY,2015-04-17,172.98068237304688
SPY,2015-04-20,174.5611572265625
SPY,2015-04-21,174.35321044921875
SPY,2015-04-22,175.20997619628906
SPY,2015-04-23,175.6508331298828
SPY,2015-04-24,176.0584716796875
SPY,2015-04-27,175.32643127441406
SPY,2015-04-28,175.88372802734375
SPY,2015-04-29,175.16004943847656
SPY,2015-04-30,173.40484619140625
SPY,2015-05-01,175.2848663330078
SPY,2015-05-04,175.78390502929688
SPY,2015-05-05,173.77084350585938
SPY,2015-05-06,173.05552673339844
SPY,2015-05-07,173.7458953857422
SPY,2015-05-08,176.0334930419922
SPY,2015-05-11,175.1932830810547
SPY,2015-05-12,174.66925048828125
SPY,2015-05-13,174.70257568359375
SPY,2015-05-14,176.5242462158203
SPY,2015-05-15,176.7156219482422
SPY,2015-05-18,177.2646026611328
SPY,2015-05-19,177.20639038085938
SPY,2015-05-20,177.0816192626953
SPY,2015-05-21,177.59727478027344
SPY,2015-05-22,177.17311096191406
SPY,2015-05-26,175.2681884765625
SPY,2015-05-27,176.93190002441406
SPY,2015-05-28,176.7322540283203
SPY,2015-05-29,175.6342315673828
SPY,2015-06-01,175.991943359375
SPY,2015-06-02,175.8171844482422
SPY,2015-06-03,176.28302001953125
SPY,2015-06-04,174.79405212402344
SPY,2015-06-05,174.49453735351562
SPY,2015-06-08,173.4214630126953
SPY,2015-06-09,173.39654541015625
SPY,2015-06-10,175.4761505126953
SPY,2015-06-11,176.0418243408203
SPY,2015-06-12,174.69424438476562
SPY,2015-06-15,173.94557189941406
SPY,2015-06-16,174.89389038085938
SPY,2015-06-17,175.17669677734375
SPY,2015-06-18,176.99838256835938
SPY,2015-06-19,176.21267700195312
SPY,2015-06-22,177.1154022216797
SPY,2015-06-23,177.24078369140625
SPY,2015-06-24,175.9535369873047
SPY,2015-06-25,175.41856384277344
SPY,2015-06-26,175.38516235351562
SPY,2015-06-29,171.70729064941406
SPY,2015-06-30,172.0667266845703
SPY,2015-07-01,173.44593811035156
SPY,2015-07-02,173.287109375
SPY,2015-07-06,172.7938995361328
SPY,2015-07-07,173.88055419921875
SPY,2015-07-08,170.96331787109375
SPY,2015-07-09,171.27261352539062
SPY,2015-07-10,173.42919921875
SPY,2015-07-13,175.34336853027344
SPY,2015-07-14,176.10400390625
SPY,2015-07-15,176.04551696777344
SPY,2015-07-16,177.45816040039062
SPY,2015-07-17,177.6085968017578
SPY,2015-07-20,177.70057678222656
SPY,2015-07-21,176.99838256835938
SPY,2015-07-22,176.68081665039062
SPY,2015-07-23,175.68609619140625
SPY,2015-07-24,173.8638458251953
SPY,2015-07-27,172.85244750976562
SPY,2015-07-28,174.97561645507812
SPY,2015-07-29,176.17922973632812
SPY,2015-07-30,176.22100830078125
SPY,2015-07-31,175.9535369873047
SPY,2015-08-03,175.36004638671875
SPY,2015-08-04,175.01731872558594
SPY,2015-08-05,175.59414672851562
SPY,2015-08-06,174.15643310546875
SPY,2015-08-07,173.822021484375
SPY,2015-08-10,176.01205444335938
SPY,2015-08-11,174.4238739013672
SPY,2015-08-12,174.63290405273438
SPY,2015-08-13,174.41554260253906
SPY,2015-08-14,175.05078125
SPY,2015-08-17,176.02874755859375
SPY,2015-08-18,175.5189208984375
SPY,2015-08-19,174.1313018798828
SPY,2015-08-20,170.49520874023438
SPY,2015-08-21,165.3629150390625
SPY,2015-08-24,158.3999786376953
SPY,2015-08-25,156.53598022460938
SPY,2015-08-26,162.54598999023438
SPY,2015-08-27,166.5665740966797
SPY,2015-08-28,166.57492065429688
SPY,2015-08-31,165.2291717529297
SPY,2015-09-01,160.2974090576172
SPY,2015-09-02,163.340087890625
SPY,2015-09-03,163.45706176757812
SPY,2015-09-04,160.98289489746094
SPY,2015-09-08,165.02854919433594
SPY,2015-09-09,162.8218231201172
SPY,2015-09-10,163.70790100097656
SPY,2015-09-11,164.4517822265625
SPY,2015-09-14,163.841552734375
SPY,2015-09-15,165.8895263671875
SPY,2015-09-16,167.32723999023438
SPY,2015-09-17,166.9511260986328
SPY,2015-09-18,164.2228546142578
SPY,2015-09-21,165.0714569091797
SPY,2015-09-22,162.9288787841797
SPY,2015-09-23,162.66844177246094
SPY,2015-09-24,162.0802459716797
SPY,2015-09-25,162.0382537841797
SPY,2015-09-28,157.97154235839844
SPY,2015-09-29,158.06398010253906
SPY,2015-09-30,161.01318359375
SPY,2015-10-01,161.4332733154297
SPY,2015-10-02,163.84474182128906
SPY,2015-10-05,166.76036071777344
SPY,2015-10-06,166.18898010253906
SPY,2015-10-07,167.55020141601562
SPY,2015-10-08,169.06259155273438
SPY,2015-10-09,169.1633758544922
SPY,2015-10-12,169.32308959960938
SPY,2015-10-13,168.25596618652344
SPY,2015-10-14,167.44931030273438
SPY,2015-10-15,170.02044677734375
SPY,2015-10-16,170.79347229003906
SPY,2015-10-19,170.87750244140625
SPY,2015-10-20,170.65902709960938
SPY,2015-10-21,169.60031127929688
SPY,2015-10-22,172.4654998779297
SPY,2015-10-23,174.35598754882812
SPY,2015-10-26,173.92752075195312
SPY,2015-10-27,173.59140014648438
SPY,2015-10-28,175.5659637451172
SPY,2015-10-29,175.46511840820312
SPY,2015-10-30,174.7089385986328
SPY,2015-11-02,176.7758331298828
SPY,2015-11-03,177.28843688964844
SPY,2015-11-04,176.75071716308594
SPY,2015-11-05,176.57415771484375
SPY,2015-11-06,176.48178100585938
SPY,2015-11-09,174.8348846435547
SPY,2015-11-10,175.23826599121094
SPY,2015-11-11,174.5492706298828
SPY,2015-11-12,172.1125946044922
SPY,2015-11-13,170.18008422851562
SPY,2015-11-16,172.7680206298828
SPY,2015-11-17,172.64193725585938
SPY,2015-11-18,175.3810577392578
SPY,2015-11-19,175.22987365722656
SPY,2015-11-20,175.8684844970703
SPY,2015-11-23,175.66677856445312
SPY,2015-11-24,175.90208435058594
SPY,2015-11-25,175.87684631347656
SPY,2015-11-27,176.07850646972656
SPY,2015-11-30,175.34747314453125
SPY,2015-12-01,177.01956176757812
SPY,2015-12-02,175.2130584716797
SPY,2015-12-03,172.75958251953125
SPY,2015-12-04,176.12890625
SPY,2015-12-07,175.0618438720703
SPY,2015-12-08,173.88543701171875
SPY,2015-12-09,172.53271484375
SPY,2015-12-10,172.97799682617188
SPY,2015-12-11,169.62557983398438
SPY,2015-12-14,170.48251342773438
SPY,2015-12-15,172.2722625732422
SPY,2015-12-16,174.79295349121094
SPY,2015-12-17,172.12940979003906
SPY,2015-12-18,169.06297302246094
SPY,2015-12-21,170.45751953125
SPY,2015-12-22,172.00433349609375
SPY,2015-12-23,174.1343231201172
SPY,2015-12-24,173.84689331054688
SPY,2015-12-28,173.4496307373047
SPY,2015-12-29,175.3007354736328
SPY,2015-12-30,174.0582275390625
SPY,2015-12-31,172.31707763671875
SPY,2016-01-04,169.90818786621094
SPY,2016-01-05,170.19557189941406
SPY,2016-01-06,168.04864501953125
SPY,2016-01-07,164.0169219970703
SPY,2016-01-08,162.216552734375
SPY,2016-01-11,162.37713623046875
SPY,2016-01-12,163.68728637695312
SPY,2016-01-13,159.60479736328125
SPY,2016-01-14,162.22506713867188
SPY,2016-01-15,158.74266052246094
SPY,2016-01-19,158.95401000976562
SPY,2016-01-20,156.91693115234375
SPY,2016-01-21,157.7959747314453
SPY,2016-01-22,161.03321838378906
SPY,2016-01-25,158.59893798828125
SPY,2016-01-26,160.76275634765625
SPY,2016-01-27,159.01312255859375
SPY,2016-01-28,159.84146118164062
SPY,2016-01-29,163.7379913330078
SPY,2016-02-01,163.67877197265625
SPY,2016-02-02,160.72898864746094
SPY,2016-02-03,161.69256591796875
SPY,2016-02-04,161.94606018066406
SPY,2016-02-05,158.86099243164062
SPY,2016-02-08,156.7226104736328
SPY,2016-02-09,156.7310028076172
SPY,2016-02-10,156.59580993652344
SPY,2016-02-11,154.5587921142578
SPY,2016-02-12,157.7452850341797
SPY,2016-02-16,160.40774536132812
SPY,2016-02-17,163.0279998779297
SPY,2016-02-18,162.36024475097656
SPY,2016-02-19,162.28414916992188
SPY,2016-02-22,164.6339111328125
SPY,2016-02-23,162.5546112060547
SPY,2016-02-24,163.2984161376953
SPY,2016-02-25,165.27635192871094
SPY,2016-02-26,164.8959197998047
SPY,2016-02-29,163.6027374267578
SPY,2016-03-01,167.44851684570312
SPY,2016-03-02,168.2008056640625
SPY,2016-03-03,168.8600311279297
SPY,2016-03-04,169.40948486328125
SPY,2016-03-07,169.54469299316406
SPY,2016-03-08,167.6936492919922
SPY,2016-03-09,168.52198791503906
SPY,2016-03-10,168.65721130371094
SPY,2016-03-11,171.3788299560547
SPY,2016-03-14,171.15908813476562
SPY,2016-03-15,170.88015747070312
SPY,2016-03-16,171.86911010742188
SPY,2016-03-17,172.9593963623047
SPY,2016-03-18,173.63909912109375
SPY,2016-03-21,173.885498046875
SPY,2016-03-22,173.79202270507812
SPY,2016-03-23,172.64505004882812
SPY,2016-03-24,172.56857299804688
SPY,2016-03-28,172.67056274414062
SPY,2016-03-29,174.26776123046875
SPY,2016-03-30,175.0324249267578
SPY,2016-03-31,174.6075897216797
SPY,2016-04-01,175.7970733642578
SPY,2016-04-04,175.2278289794922
SPY,2016-04-05,173.47767639160156
SPY,2016-04-06,175.37228393554688
SPY,2016-04-07,173.2737579345703
SPY,2016-04-08,173.7410888671875
SPY,2016-04-11,173.33322143554688
SPY,2016-04-12,174.94744873046875
SPY,2016-04-13,176.71461486816406
SPY,2016-04-14,176.72308349609375
SPY,2016-04-15,176.52769470214844
SPY,2016-04-18,177.76809692382812
SPY,2016-04-19,178.32884216308594
SPY,2016-04-20,178.49879455566406
SPY,2016-04-21,177.53872680664062
SPY,2016-04-22,177.53872680664062
SPY,2016-04-25,177.23291015625
SPY,2016-04-26,177.49624633789062
SPY,2016-04-27,177.86158752441406
SPY,2016-04-28,176.247314453125
SPY,2016-04-29,175.2957763671875
SPY,2016-05-02,176.68911743164062
SPY,2016-05-03,175.15135192871094
SPY,2016-05-04,174.17431640625
SPY,2016-05-05,174.14039611816406
SPY,2016-05-06,174.77755737304688
SPY,2016-05-09,174.92201232910156
SPY,2016-05-10,177.09693908691406
SPY,2016-05-11,175.44024658203125
SPY,2016-05-12,175.4912109375
SPY,2016-05-13,173.96194458007812
SPY,2016-05-16,175.6781005859375
SPY,2016-05-17,174.03846740722656
SPY,2016-05-18,174.08937072753906
SPY,2016-05-19,173.48614501953125
SPY,2016-05-20,174.58216857910156
SPY,2016-05-23,174.34423828125
SPY,2016-05-24,176.60421752929688
SPY,2016-05-25,177.80210876464844
SPY,2016-05-26,177.85302734375
SPY,2016-05-27,178.61773681640625
SPY,2016-05-31,178.27786254882812
SPY,2016-06-01,178.64315795898438
SPY,2016-06-02,179.18695068359375
SPY,2016-06-03,178.65164184570312
SPY,2016-06-06,179.5607147216797
SPY,2016-06-07,179.84109497070312
SPY,2016-06-08,180.4272918701172
SPY,2016-06-09,180.18092346191406
SPY,2016-06-10,178.47323608398438
SPY,2016-06-13,177.09693908691406
SPY,2016-06-14,176.7485809326172
SPY,2016-06-15,176.5022735595703
SPY,2016-06-16,177.02894592285156
SPY,2016-06-17,176.36968994140625
SPY,2016-06-20,177.5054931640625
SPY,2016-06-21,178.0093994140625
SPY,2016-06-22,177.718994140625
SPY,2016-06-23,180.0334014892578
SPY,2016-06-24,173.5685272216797
SPY,2016-06-27,170.45989990234375
SPY,2016-06-28,173.5343780517578
SPY,2016-06-29,176.4892120361328
SPY,2016-06-30,178.89752197265625
SPY,2016-07-01,179.27328491210938
SPY,2016-07-05,177.9837188720703
SPY,2016-07-06,179.05125427246094
SPY,2016-07-07,178.9402313232422
SPY,2016-07-08,181.6046905517578
SPY,2016-07-11,182.24520874023438
SPY,2016-07-12,183.56893920898438
SPY,2016-07-13,183.5433349609375
SPY,2016-07-14,184.56814575195312
SPY,2016-07-15,184.3204803466797
SPY,2016-07-18,184.81582641601562
SPY,2016-07-19,184.62796020507812
SPY,2016-07-20,185.3965301513672
SPY,2016-07-21,184.69625854492188
SPY,2016-07-22,185.52467346191406
SPY,2016-07-25,185.0207977294922
SPY,2016-07-26,185.10618591308594
SPY,2016-07-27,184.90972900390625
SPY,2016-07-28,185.1232452392578
SPY,2016-07-29,185.422119140625
SPY,2016-08-01,185.2684326171875
SPY,2016-08-02,184.0813446044922
SPY,2016-08-03,184.61935424804688
SPY,2016-08-04,184.81582641601562
SPY,2016-08-05,186.32742309570312
SPY,2016-08-08,186.2163848876953
SPY,2016-08-09,186.32742309570312
SPY,2016-08-10,185.8662109375
SPY,2016-08-11,186.72874450683594
SPY,2016-08-12,186.56649780273438
SPY,2016-08-15,187.1045684814453
SPY,2016-08-16,186.13951110839844
SPY,2016-08-17,186.48963928222656
SPY,2016-08-18,186.9081268310547
SPY,2016-08-19,186.63487243652344
SPY,2016-08-22,186.62631225585938
SPY,2016-08-23,187.00209045410156
SPY,2016-08-24,186.0455780029297
SPY,2016-08-25,185.91744995117188
SPY,2016-08-26,185.56732177734375
SPY,2016-08-29,186.48110961914062
SPY,2016-08-30,186.17367553710938
SPY,2016-08-31,185.6442108154297
SPY,2016-09-01,185.65272521972656
SPY,2016-09-02,186.48963928222656
SPY,2016-09-06,187.05331420898438
SPY,2016-09-07,187.03619384765625
SPY,2016-09-08,186.6092071533203
SPY,2016-09-09,182.14276123046875
SPY,2016-09-12,184.75604248046875
SPY,2016-09-13,182.10006713867188
SPY,2016-09-14,182.03172302246094
SPY,2016-09-15,183.85076904296875
SPY,2016-09-16,183.14007568359375
SPY,2016-09-19,183.17440795898438
SPY,2016-09-20,183.1829833984375
SPY,2016-09-21,185.24295043945312
SPY,2016-09-22,186.41029357910156
SPY,2016-09-23,185.38885498046875
SPY,2016-09-26,183.8868408203125
SPY,2016-09-27,185.0283660888672
SPY,2016-09-28,185.9468231201172
SPY,2016-09-29,184.26446533203125
SPY,2016-09-30,185.65496826171875
SPY,2016-10-03,185.20863342285156
SPY,2016-10-04,184.26446533203125
SPY,2016-10-05,185.0799102783203
SPY,2016-10-06,185.20863342285156
SPY,2016-10-07,184.57345581054688
SPY,2016-10-10,185.5347442626953
SPY,2016-10-11,183.1915740966797
SPY,2016-10-12,183.431884765625
SPY,2016-10-13,182.83106994628906
SPY,2016-10-14,182.92547607421875
SPY,2016-10-17,182.29031372070312
SPY,2016-10-18,183.431884765625
SPY,2016-10-19,183.92117309570312
SPY,2016-10-20,183.5778350830078
SPY,2016-10-21,183.66363525390625
SPY,2016-10-24,184.44471740722656
SPY,2016-10-25,183.8267364501953
SPY,2016-10-26,183.45770263671875
SPY,2016-10-27,182.9684295654297
SPY,2016-10-28,182.42767333984375
SPY,2016-10-31,182.43624877929688
SPY,2016-11-01,181.1144561767578
SPY,2016-11-02,180.02435302734375
SPY,2016-11-03,179.2003936767578
SPY,2016-11-04,179.0029754638672
SPY,2016-11-07,182.9512481689453
SPY,2016-11-08,183.77523803710938
SPY,2016-11-09,185.72361755371094
SPY,2016-11-10,186.1871337890625
SPY,2016-11-11,185.75790405273438
SPY,2016-11-14,185.90390014648438
SPY,2016-11-15,187.3544158935547
SPY,2016-11-16,187.00253295898438
SPY,2016-11-17,187.9638671875
SPY,2016-11-18,187.54331970214844
SPY,2016-11-21,188.95953369140625
SPY,2016-11-22,189.32858276367188
SPY,2016-11-23,189.4315948486328
SPY,2016-11-25,190.13540649414062
SPY,2016-11-28,189.2427215576172
SPY,2016-11-29,189.61187744140625
SPY,2016-11-30,189.1569061279297
SPY,2016-12-01,188.461669921875
SPY,2016-12-02,188.5560760498047
SPY,2016-12-05,189.68910217285156
SPY,2016-12-06,190.2899169921875
SPY,2016-12-07,192.77903747558594
SPY,2016-12-08,193.25112915039062
SPY,2016-12-09,194.4184112548828
SPY,2016-12-12,194.19525146484375
SPY,2016-12-13,195.49130249023438
SPY,2016-12-14,193.87767028808594
SPY,2016-12-15,194.67591857910156
SPY,2016-12-16,194.295166015625
SPY,2016-12-19,194.71824645996094
SPY,2016-12-20,195.46932983398438
SPY,2016-12-21,194.9254608154297
SPY,2016-12-22,194.5887451171875
SPY,2016-12-23,194.87362670898438
SPY,2016-12-27,195.3571319580078
SPY,2016-12-28,193.7425537109375
SPY,2016-12-29,193.69944763183594
SPY,2016-12-30,192.99148559570312
SPY,2017-01-03,194.46788024902344
SPY,2017-01-04,195.62478637695312
SPY,2017-01-05,195.46932983398438
SPY,2017-01-06,196.16868591308594
SPY,2017-01-09,195.5211944580078
SPY,2017-01-10,195.5211944580078
SPY,2017-01-11,196.07376098632812
SPY,2017-01-12,195.58160400390625
SPY,2017-01-13,196.03057861328125
SPY,2017-01-17,195.33987426757812
SPY,2017-01-18,195.7715301513672
SPY,2017-01-19,195.04632568359375
SPY,2017-01-20,195.7628936767578
SPY,2017-01-23,195.25352478027344
SPY,2017-01-24,196.50546264648438
SPY,2017-01-25,198.2063446044922
SPY,2017-01-26,197.99911499023438
SPY,2017-01-27,197.68824768066406
SPY,2017-01-30,196.4622802734375
SPY,2017-01-31,196.4449920654297
SPY,2017-02-01,196.52268981933594
SPY,2017-02-02,196.65220642089844
SPY,2017-02-03,198.00770568847656
SPY,2017-02-06,197.6537628173828
SPY,2017-02-07,197.66233825683594
SPY,2017-02-08,197.92137145996094
SPY,2017-02-09,199.0955810546875
SPY,2017-02-10,199.88128662109375
SPY,2017-02-13,200.96908569335938
SPY,2017-02-14,201.77207946777344
SPY,2017-02-15,202.82540893554688
SPY,2017-02-16,202.6527099609375
SPY,2017-02-17,202.97210693359375
SPY,2017-02-21,204.18084716796875
SPY,2017-02-22,203.99960327148438
SPY,2017-02-23,204.13772583007812
SPY,2017-02-24,204.3968048095703
SPY,2017-02-27,204.7161865234375
SPY,2017-02-28,204.16355895996094
SPY,2017-03-01,207.0214385986328
SPY,2017-03-02,205.71771240234375
SPY,2017-03-03,205.84718322753906
SPY,2017-03-06,205.2341766357422
SPY,2017-03-07,204.6211700439453
SPY,2017-03-08,204.2412872314453
SPY,2017-03-09,204.50035095214844
SPY,2017-03-10,205.21690368652344
SPY,2017-03-13,205.320556640625
SPY,2017-03-14,204.5348663330078
SPY,2017-03-15,206.3047332763672
SPY,2017-03-16,205.8990020751953
SPY,2017-03-17,205.53741455078125
SPY,2017-03-20,205.3119659423828
SPY,2017-03-21,202.67587280273438
SPY,2017-03-22,203.15280151367188
SPY,2017-03-23,202.9359893798828
SPY,2017-03-24,202.78860473632812
SPY,2017-03-27,202.5804443359375
SPY,2017-03-28,204.05462646484375
SPY,2017-03-29,204.245361328125
SPY,2017-03-30,204.8957061767578
SPY,2017-03-31,204.41883850097656
SPY,2017-04-03,204.06326293945312
SPY,2017-04-04,204.19337463378906
SPY,2017-04-05,203.5863800048828
SPY,2017-04-06,204.15866088867188
SPY,2017-04-07,203.95054626464844
SPY,2017-04-10,204.0719757080078
SPY,2017-04-11,203.82919311523438
SPY,2017-04-12,202.9359893798828
SPY,2017-04-13,201.61798095703125
SPY,2017-04-17,203.4042510986328
SPY,2017-04-18,202.7972412109375
SPY,2017-04-19,202.4243927001953
SPY,2017-04-20,204.0719757080078
SPY,2017-04-21,203.4215850830078
SPY,2017-04-24,205.65882873535156
SPY,2017-04-25,206.85543823242188
SPY,2017-04-26,206.72537231445312
SPY,2017-04-27,206.89881896972656
SPY,2017-04-28,206.44790649414062
SPY,2017-05-01,206.96823120117188
SPY,2017-05-02,207.04623413085938
SPY,2017-05-03,206.7947540283203
SPY,2017-05-04,207.0375518798828
SPY,2017-05-05,207.8526611328125
SPY,2017-05-08,207.81797790527344
SPY,2017-05-09,207.627197265625
SPY,2017-05-10,208.00010681152344
SPY,2017-05-11,207.57521057128906
SPY,2017-05-12,207.2283477783203
SPY,2017-05-15,208.37295532226562
SPY,2017-05-16,208.1822052001953
SPY,2017-05-17,204.48818969726562
SPY,2017-05-18,205.3119659423828
SPY,2017-05-19,206.6473846435547
SPY,2017-05-22,207.6965789794922
SPY,2017-05-23,208.15611267089844
SPY,2017-05-24,208.64175415039062
SPY,2017-05-25,209.63897705078125
SPY,2017-05-26,209.59559631347656
SPY,2017-05-30,209.41351318359375
SPY,2017-05-31,209.3615264892578
SPY,2017-06-01,211.02638244628906
SPY,2017-06-02,211.72879028320312
SPY,2017-06-05,211.57272338867188
SPY,2017-06-06,210.8963165283203
SPY,2017-06-07,211.28651428222656
SPY,2017-06-08,211.39059448242188
SPY,2017-06-09,211.06973266601562
SPY,2017-06-12,211.02638244628906
SPY,2017-06-13,212.0583038330078
SPY,2017-06-14,211.78944396972656
SPY,2017-06-15,211.38189697265625
SPY,2017-06-16,211.42813110351562
SPY,2017-06-19,213.18824768066406
SPY,2017-06-20,211.75054931640625
SPY,2017-06-21,211.6982421875
SPY,2017-06-22,211.6023406982422
SPY,2017-06-23,211.85511779785156
SPY,2017-06-26,211.99452209472656
SPY,2017-06-27,210.2865753173828
SPY,2017-06-28,212.16879272460938
SPY,2017-06-29,210.30404663085938
SPY,2017-06-30,210.6961669921875
SPY,2017-07-03,211.05340576171875
SPY,2017-07-05,211.54135131835938
SPY,2017-07-06,209.60694885253906
SPY,2017-07-07,210.9662628173828
SPY,2017-07-10,211.19281005859375
SPY,2017-07-11,211.0360107421875
SPY,2017-07-12,212.62185668945312
SPY,2017-07-13,212.97911071777344
SPY,2017-07-14,213.97250366210938
SPY,2017-07-17,213.94639587402344
SPY,2017-07-18,214.05960083007812
SPY,2017-07-19,215.21852111816406
SPY,2017-07-20,215.31439208984375
SPY,2017-07-21,215.12271118164062
SPY,2017-07-24,215.07046508789062
SPY,2017-07-25,215.59327697753906
SPY,2017-07-26,215.60191345214844
SPY,2017-07-27,215.4015350341797
SPY,2017-07-28,215.14883422851562
SPY,2017-07-31,215.02684020996094
SPY,2017-08-01,215.50611877441406
SPY,2017-08-02,215.61065673828125
SPY,2017-08-03,215.19236755371094
SPY,2017-08-04,215.58450317382812
SPY,2017-08-07,215.98532104492188
SPY,2017-08-08,215.45382690429688
SPY,2017-08-09,215.44508361816406
SPY,2017-08-10,212.40403747558594
SPY,2017-08-11,212.7177276611328
SPY,2017-08-14,214.82640075683594
SPY,2017-08-15,214.80032348632812
SPY,2017-08-16,215.17491149902344
SPY,2017-08-17,211.82022094726562
SPY,2017-08-18,211.4890899658203
SPY,2017-08-21,211.6545867919922
SPY,2017-08-22,213.86793518066406
SPY,2017-08-23,213.1011199951172
SPY,2017-08-24,212.60447692871094
SPY,2017-08-25,213.1011199951172
SPY,2017-08-28,213.10987854003906
SPY,2017-08-29,213.35385131835938
SPY,2017-08-30,214.36463928222656
SPY,2017-08-31,215.65420532226562
SPY,2017-09-01,215.95919799804688
SPY,2017-09-05,214.40817260742188
SPY,2017-09-06,215.14007568359375
SPY,2017-09-07,215.11399841308594
SPY,2017-09-08,214.8612518310547
SPY,2017-09-11,217.15296936035156
SPY,2017-09-12,217.88494873046875
SPY,2017-09-13,217.98953247070312
SPY,2017-09-14,217.9197540283203
SPY,2017-09-15,218.21315002441406
SPY,2017-09-18,218.67721557617188
SPY,2017-09-19,218.8961181640625
SPY,2017-09-20,218.97499084472656
SPY,2017-09-21,218.38829040527344
SPY,2017-09-22,218.43206787109375
SPY,2017-09-25,217.9854736328125
SPY,2017-09-26,218.11676025390625
SPY,2017-09-27,218.96621704101562
SPY,2017-09-28,219.22891235351562
SPY,2017-09-29,219.9995574951172
SPY,2017-10-02,220.95408630371094
SPY,2017-10-03,221.42691040039062
SPY,2017-10-04,221.68963623046875
SPY,2017-10-05,223.003173828125
SPY,2017-10-06,222.74917602539062
SPY,2017-10-09,222.3814239501953
SPY,2017-10-10,222.96812438964844
SPY,2017-10-11,223.31838989257812
SPY,2017-10-12,222.9856719970703
SPY,2017-10-13,223.25711059570312
SPY,2017-10-16,223.5548553466797
SPY,2017-10-17,223.71243286132812
SPY,2017-10-18,223.931396484375
SPY,2017-10-19,223.99267578125
SPY,2017-10-20,225.1486053466797
SPY,2017-10-23,224.2729034423828
SPY,2017-10-24,224.66697692871094
SPY,2017-10-25,223.5548553466797
SPY,2017-10-26,223.8438262939453
SPY,2017-10-27,225.67398071289062
SPY,2017-10-30,224.83335876464844
SPY,2017-10-31,225.18360900878906
SPY,2017-11-01,225.4813690185547
SPY,2017-11-02,225.56890869140625
SPY,2017-11-03,226.32200622558594
SPY,2017-11-06,226.67230224609375
SPY,2017-11-07,226.5147247314453
SPY,2017-11-08,226.8999481201172
SPY,2017-11-09,226.0768585205078
SPY,2017-11-10,226.0067901611328
SPY,2017-11-13,226.21694946289062
SPY,2017-11-14,225.6915283203125
SPY,2017-11-15,224.5618896484375
SPY,2017-11-16,226.4708709716797
SPY,2017-11-17,225.80535888671875
SPY,2017-11-20,226.1906280517578
SPY,2017-11-21,227.6705322265625
SPY,2017-11-22,227.46917724609375
SPY,2017-11-24,227.99453735351562
SPY,2017-11-27,227.8808135986328
SPY,2017-11-28,230.1925506591797
SPY,2017-11-29,230.0524444580078
SPY,2017-11-30,232.06655883789062
SPY,2017-12-01,231.5849609375
SPY,2017-12-04,231.30467224121094
SPY,2017-12-05,230.47276306152344
SPY,2017-12-06,230.5165557861328
SPY,2017-12-07,231.24334716796875
SPY,2017-12-08,232.50445556640625
SPY,2017-12-11,233.20492553710938
SPY,2017-12-12,233.6165008544922
SPY,2017-12-13,233.59027099609375
SPY,2017-12-14,232.63571166992188
SPY,2017-12-15,234.57305908203125
SPY,2017-12-18,236.0605010986328
SPY,2017-12-19,235.15394592285156
SPY,2017-12-20,235.03062438964844
SPY,2017-12-21,235.5147705078125
SPY,2017-12-22,235.45323181152344
SPY,2017-12-26,235.17152404785156
SPY,2017-12-27,235.285888671875
SPY,2017-12-28,235.7699737548828
SPY,2017-12-29,234.88108825683594
SPY,2018-01-02,236.56219482421875
SPY,2018-01-03,238.05844116210938
SPY,2018-01-04,239.0618438720703
SPY,2018-01-05,240.6549072265625
SPY,2018-01-08,241.09503173828125
SPY,2018-01-09,241.6407012939453
SPY,2018-01-10,241.2711181640625
SPY,2018-01-11,243.0313720703125
SPY,2018-01-12,244.61566162109375
SPY,2018-01-16,243.77957153320312
SPY,2018-01-17,246.10321044921875
SPY,2018-01-18,245.6895294189453
SPY,2018-01-19,246.80731201171875
SPY,2018-01-22,248.81410217285156
SPY,2018-01-23,249.3422393798828
SPY,2018-01-24,249.245361328125
SPY,2018-01-25,249.3509521484375
SPY,2018-01-26,252.23789978027344
SPY,2018-01-29,250.5655517578125
SPY,2018-01-30,247.99554443359375
SPY,2018-01-31,248.1187286376953
SPY,2018-02-01,247.83709716796875
SPY,2018-02-02,242.44168090820312
SPY,2018-02-05,232.30215454101562
SPY,2018-02-06,236.87908935546875
SPY,2018-02-07,235.5940399169922
SPY,2018-02-08,226.75711059570312
SPY,2018-02-09,230.16334533691406
SPY,2018-02-12,233.543212890625
SPY,2018-02-13,234.12405395507812
SPY,2018-02-14,237.2838897705078
SPY,2018-02-15,240.31166076660156
SPY,2018-02-16,240.38209533691406
SPY,2018-02-20,238.87696838378906
SPY,2018-02-21,237.68878173828125
SPY,2018-02-22,237.99679565429688
SPY,2018-02-23,241.79034423828125
SPY,2018-02-26,244.5980224609375
SPY,2018-02-27,241.5438690185547
SPY,2018-02-28,239.0970916748047
SPY,2018-03-01,235.62045288085938
SPY,2018-03-02,236.83502197265625
SPY,2018-03-05,239.57232666015625
SPY,2018-03-06,240.1796112060547
SPY,2018-03-07,240.0916290283203
SPY,2018-03-08,241.2535400390625
SPY,2018-03-09,245.4518585205078
SPY,2018-03-12,245.14373779296875
SPY,2018-03-13,243.55947875976562
SPY,2018-03-14,242.3096466064453
SPY,2018-03-15,242.0456085205078
SPY,2018-03-16,242.30807495117188
SPY,2018-03-19,239.0295867919922
SPY,2018-03-20,239.4360809326172
SPY,2018-03-21,238.9765625
SPY,2018-03-22,233.0028076171875
SPY,2018-03-23,228.03643798828125
SPY,2018-03-26,234.2753448486328
SPY,2018-03-27,230.28985595703125
SPY,2018-03-28,229.60939025878906
SPY,2018-03-29,232.54327392578125
SPY,2018-04-02,227.5238494873047
SPY,2018-04-03,230.4401092529297
SPY,2018-04-04,232.90560913085938
SPY,2018-04-05,234.74368286132812
SPY,2018-04-06,229.5122528076172
SPY,2018-04-09,230.64337158203125
SPY,2018-04-10,234.3106231689453
SPY,2018-04-11,233.0823211669922
SPY,2018-04-12,234.99993896484375
SPY,2018-04-13,234.3106231689453
SPY,2018-04-16,236.2371063232422
SPY,2018-04-17,238.7644805908203
SPY,2018-04-18,238.9412384033203
SPY,2018-04-19,237.61566162109375
SPY,2018-04-20,235.60076904296875
SPY,2018-04-23,235.5655059814453
SPY,2018-04-24,232.39306640625
SPY,2018-04-25,232.96746826171875
SPY,2018-04-26,235.33570861816406
SPY,2018-04-27,235.55667114257812
SPY,2018-04-30,233.7451171875
SPY,2018-05-01,234.16049194335938
SPY,2018-05-02,232.58741760253906
SPY,2018-05-03,232.07493591308594
SPY,2018-05-04,235.0793914794922
SPY,2018-05-07,235.8748016357422
SPY,2018-05-08,235.8748016357422
SPY,2018-05-09,238.15472412109375
SPY,2018-05-10,240.381591796875
SPY,2018-05-11,241.11500549316406
SPY,2018-05-14,241.2300262451172
SPY,2018-05-15,239.56866455078125
SPY,2018-05-16,240.5760040283203
SPY,2018-05-17,240.37283325195312
SPY,2018-05-18,239.77178955078125
SPY,2018-05-21,241.5745849609375
SPY,2018-05-22,240.9029541015625
SPY,2018-05-23,241.5657196044922
SPY,2018-05-24,241.0708770751953
SPY,2018-05-25,240.49647521972656
SPY,2018-05-29,237.7305145263672
SPY,2018-05-30,240.9029541015625
SPY,2018-05-31,239.42721557617188
SPY,2018-06-01,241.7779083251953
SPY,2018-06-04,242.9266357421875
SPY,2018-06-05,243.10345458984375
SPY,2018-06-06,245.13589477539062
SPY,2018-06-07,245.10931396484375
SPY,2018-06-08,245.833984375
SPY,2018-06-11,246.16094970703125
SPY,2018-06-12,246.47911071777344
SPY,2018-06-13,245.6925811767578
SPY,2018-06-14,246.31117248535156
SPY,2018-06-15,245.9969940185547
SPY,2018-06-18,245.49102783203125
SPY,2018-06-19,244.55007934570312
SPY,2018-06-20,244.96725463867188
SPY,2018-06-21,243.43157958984375
SPY,2018-06-22,243.8754425048828
SPY,2018-06-25,240.5556640625
SPY,2018-06-26,241.08827209472656
SPY,2018-06-27,239.09092712402344
SPY,2018-06-28,240.45791625976562
SPY,2018-06-29,240.8040771484375
SPY,2018-07-02,241.31893920898438
SPY,2018-07-03,240.46681213378906
SPY,2018-07-05,242.42852783203125
SPY,2018-07-06,244.47898864746094
SPY,2018-07-09,246.68048095703125
SPY,2018-07-10,247.5681610107422
SPY,2018-07-11,245.75730895996094
SPY,2018-07-12,247.98524475097656
SPY,2018-07-13,248.18060302734375
SPY,2018-07-16,247.95864868164062
SPY,2018-07-17,248.9617156982422
SPY,2018-07-18,249.48545837402344
SPY,2018-07-19,248.54457092285156
SPY,2018-07-20,248.26048278808594
SPY,2018-07-23,248.72210693359375
SPY,2018-07-24,249.9736328125
SPY,2018-07-25,252.10411071777344
SPY,2018-07-26,251.50927734375
SPY,2018-07-27,249.80506896972656
SPY,2018-07-30,248.5001983642578
SPY,2018-07-31,249.72508239746094
SPY,2018-08-01,249.307861328125
SPY,2018-08-02,250.66603088378906
SPY,2018-08-03,251.7401580810547
SPY,2018-08-06,252.6632537841797
SPY,2018-08-07,253.49766540527344
SPY,2018-08-08,253.39112854003906
SPY,2018-08-09,253.0449676513672
SPY,2018-08-10,251.34947204589844
SPY,2018-08-13,250.4085693359375
SPY,2018-08-14,252.00648498535156
SPY,2018-08-15,250.12457275390625
SPY,2018-08-16,252.1484375
SPY,2018-08-17,253.03610229492188
SPY,2018-08-20,253.57757568359375
SPY,2018-08-21,254.17230224609375
SPY,2018-08-22,254.02137756347656
SPY,2018-08-23,253.68402099609375
SPY,2018-08-24,255.21092224121094
SPY,2018-08-27,257.2257995605469
SPY,2018-08-28,257.35015869140625
SPY,2018-08-29,258.7348327636719
SPY,2018-08-30,257.6874084472656
SPY,2018-08-31,257.6962890625
SPY,2018-09-04,257.2525329589844
SPY,2018-09-05,256.5601501464844
SPY,2018-09-06,255.787841796875
SPY,2018-09-07,255.29080200195312
SPY,2018-09-10,255.73460388183594
SPY,2018-09-11,256.5778503417969
SPY,2018-09-12,256.6400146484375
SPY,2018-09-13,258.15777587890625
SPY,2018-09-14,258.20220947265625
SPY,2018-09-17,256.8352966308594
SPY,2018-09-18,258.2288513183594
SPY,2018-09-19,258.5041198730469
SPY,2018-09-20,260.5989074707031
SPY,2018-09-21,260.3608093261719
SPY,2018-09-24,259.4959411621094
SPY,2018-09-25,259.2551574707031
SPY,2018-09-26,258.4794921875
SPY,2018-09-27,259.2016906738281
SPY,2018-09-28,259.2284240722656
SPY,2018-10-01,260.12896728515625
SPY,2018-10-02,259.97747802734375
SPY,2018-10-03,260.1200866699219
SPY,2018-10-04,258.08709716796875
SPY,2018-10-05,256.6426086425781
SPY,2018-10-08,256.6426086425781
SPY,2018-10-09,256.26806640625
SPY,2018-10-10,248.15374755859375
SPY,2018-10-11,242.68780517578125
SPY,2018-10-12,246.05841064453125
SPY,2018-10-15,244.6761932373047
SPY,2018-10-16,250.0263214111328
SPY,2018-10-17,250.0708465576172
SPY,2018-10-18,246.45962524414062
SPY,2018-10-19,246.32583618164062
SPY,2018-10-22,245.22018432617188
SPY,2018-10-23,243.9718475341797
SPY,2018-10-24,236.57981872558594
SPY,2018-10-25,240.8241729736328
SPY,2018-10-26,236.58876037597656
SPY,2018-10-29,235.27796936035156
SPY,2018-10-30,238.7644500732422
SPY,2018-10-31,241.31463623046875
SPY,2018-11-01,243.88275146484375
SPY,2018-11-02,242.43817138671875
SPY,2018-11-05,243.77566528320312
SPY,2018-11-06,245.3182373046875
SPY,2018-11-07,250.57028198242188
SPY,2018-11-08,250.11544799804688
SPY,2018-11-09,247.67230224609375
SPY,2018-11-12,243.04452514648438
SPY,2018-11-13,242.58966064453125
SPY,2018-11-14,240.9312286376953
SPY,2018-11-15,243.44569396972656
SPY,2018-11-16,244.07894897460938
SPY,2018-11-19,239.95037841796875
SPY,2018-11-20,235.509765625
SPY,2018-11-21,236.31227111816406
SPY,2018-11-23,234.7340545654297
SPY,2018-11-26,238.52369689941406
SPY,2018-11-27,239.32618713378906
SPY,2018-11-28,244.8367462158203
SPY,2018-11-29,244.30172729492188
SPY,2018-11-30,245.79092407226562
SPY,2018-12-03,249.04550170898438
SPY,2018-12-04,240.97576904296875
SPY,2018-12-06,240.61016845703125
SPY,2018-12-07,235.01934814453125
SPY,2018-12-10,235.46519470214844
SPY,2018-12-11,235.51873779296875
SPY,2018-12-12,236.70465087890625
SPY,2018-12-13,236.62440490722656
SPY,2018-12-14,232.2551727294922
SPY,2018-12-17,227.69873046875
SPY,2018-12-18,227.44906616210938
SPY,2018-12-19,224.04286193847656
SPY,2018-12-20,220.3958740234375
SPY,2018-12-21,215.88006591796875
SPY,2018-12-24,210.17588806152344
SPY,2018-12-26,220.79498291015625
SPY,2018-12-27,222.4901580810547
SPY,2018-12-28,222.203125
SPY,2018-12-31,224.14938354492188
SPY,2019-01-02,224.38253784179688
SPY,2019-01-03,219.0281219482422
SPY,2019-01-04,226.3646240234375
SPY,2019-01-07,228.14947509765625
SPY,2019-01-08,230.29299926757812
SPY,2019-01-09,231.3693084716797
SPY,2019-01-10,232.18545532226562
SPY,2019-01-11,232.2751922607422
SPY,2019-01-14,230.8579864501953
SPY,2019-01-15,233.5038604736328
SPY,2019-01-16,234.06887817382812
SPY,2019-01-17,235.8446502685547
SPY,2019-01-18,238.98382568359375
SPY,2019-01-22,235.7550506591797
SPY,2019-01-23,236.24832153320312
SPY,2019-01-24,236.3738555908203
SPY,2019-01-25,238.3739776611328
SPY,2019-01-28,236.56219482421875
SPY,2019-01-29,236.24832153320312
SPY,2019-01-30,239.9883575439453
SPY,2019-01-31,242.09597778320312
SPY,2019-02-01,242.2125701904297
SPY,2019-02-04,243.91668701171875
SPY,2019-02-05,244.93917846679688
SPY,2019-02-06,244.61622619628906
SPY,2019-02-07,242.28440856933594
SPY,2019-02-08,242.58030700683594
SPY,2019-02-11,242.71482849121094
SPY,2019-02-12,245.83604431152344
SPY,2019-02-13,246.6342010498047
SPY,2019-02-14,246.08709716796875
SPY,2019-02-15,248.768798828125
SPY,2019-02-19,249.19931030273438
SPY,2019-02-20,249.70156860351562
SPY,2019-02-21,248.81365966796875
SPY,2019-02-22,250.35633850097656
SPY,2019-02-25,250.6970977783203
SPY,2019-02-26,250.51776123046875
SPY,2019-02-27,250.41018676757812
SPY,2019-02-28,249.94374084472656
SPY,2019-03-01,251.50430297851562
SPY,2019-03-04,250.58950805664062
SPY,2019-03-05,250.24876403808594
SPY,2019-03-06,248.73284912109375
SPY,2019-03-07,246.65219116210938
SPY,2019-03-08,246.15890502929688
SPY,2019-03-11,249.728515625
SPY,2019-03-12,250.67025756835938
SPY,2019-03-13,252.32945251464844
SPY,2019-03-14,252.16798400878906
SPY,2019-03-15,253.41380310058594
SPY,2019-03-18,254.33273315429688
SPY,2019-03-19,254.39576721191406
SPY,2019-03-20,253.6300811767578
SPY,2019-03-21,256.4947204589844
SPY,2019-03-22,251.55819702148438
SPY,2019-03-25,251.3690185546875
SPY,2019-03-26,253.24264526367188
SPY,2019-03-27,251.9185028076172
SPY,2019-03-28,252.87330627441406
SPY,2019-03-29,254.46778869628906
SPY,2019-04-01,257.485595703125
SPY,2019-04-02,257.61175537109375
SPY,2019-04-03,258.0171203613281
SPY,2019-04-04,258.7017517089844
SPY,2019-04-05,259.95391845703125
SPY,2019-04-08,260.1521301269531
SPY,2019-04-09,258.8188781738281
SPY,2019-04-10,259.7017517089844
SPY,2019-04-11,259.6296691894531
SPY,2019-04-12,261.38629150390625
SPY,2019-04-15,261.21514892578125
SPY,2019-04-16,261.38629150390625
SPY,2019-04-17,260.7466735839844
SPY,2019-04-18,261.2601318359375
SPY,2019-04-22,261.4853820800781
SPY,2019-04-23,263.8365173339844
SPY,2019-04-24,263.2509460449219
SPY,2019-04-25,263.0887451171875
SPY,2019-04-26,264.3138427734375
SPY,2019-04-29,264.7283020019531
SPY,2019-04-30,264.8634338378906
SPY,2019-05-01,262.8725891113281
SPY,2019-05-02,262.30517578125
SPY,2019-05-03,264.8725280761719
SPY,2019-05-06,263.782470703125
SPY,2019-05-07,259.3773193359375
SPY,2019-05-08,259.01702880859375
SPY,2019-05-09,258.2333984375
SPY,2019-05-10,259.5306091308594
SPY,2019-05-13,253.0084686279297
SPY,2019-05-14,255.2966766357422
SPY,2019-05-15,256.79205322265625
SPY,2019-05-16,259.1701354980469
SPY,2019-05-17,257.4946594238281
SPY,2019-05-20,255.79212951660156
SPY,2019-05-21,258.0981750488281
SPY,2019-05-22,257.30548095703125
SPY,2019-05-23,254.16156005859375
SPY,2019-05-24,254.738037109375
SPY,2019-05-28,252.3689727783203
SPY,2019-05-29,250.67532348632812
SPY,2019-05-30,251.35995483398438
SPY,2019-05-31,247.97280883789062
SPY,2019-06-03,247.3422393798828
SPY,2019-06-04,252.71119689941406
SPY,2019-06-05,254.9003143310547
SPY,2019-06-06,256.5577392578125
SPY,2019-06-07,259.1251525878906
SPY,2019-06-10,260.3143005371094
SPY,2019-06-11,260.251220703125
SPY,2019-06-12,259.7917785644531
SPY,2019-06-13,260.86376953125
SPY,2019-06-14,260.57550048828125
SPY,2019-06-17,260.67462158203125
SPY,2019-06-18,263.4041748046875
SPY,2019-06-19,263.9986877441406
SPY,2019-06-20,266.52099609375
SPY,2019-06-21,266.13360595703125
SPY,2019-06-24,265.8077697753906
SPY,2019-06-25,263.20068359375
SPY,2019-06-26,262.93817138671875
SPY,2019-06-27,263.8705749511719
SPY,2019-06-28,265.2283935546875
SPY,2019-07-01,267.6362609863281
SPY,2019-07-02,268.33331298828125
SPY,2019-07-03,270.47857666015625
SPY,2019-07-05,270.1708679199219
SPY,2019-07-08,268.6863708496094
SPY,2019-07-09,269.02117919921875
SPY,2019-07-10,270.3066711425781
SPY,2019-07-11,270.94024658203125
SPY,2019-07-12,272.1533203125
SPY,2019-07-15,272.24383544921875
SPY,2019-07-16,271.3658447265625
SPY,2019-07-17,269.51904296875
SPY,2019-07-18,270.5057678222656
SPY,2019-07-19,269.00311279296875
SPY,2019-07-22,269.6639099121094
SPY,2019-07-23,271.592041015625
SPY,2019-07-24,272.8683166503906
SPY,2019-07-25,271.5648498535156
SPY,2019-07-26,273.3843994140625
SPY,2019-07-29,272.8864440917969
SPY,2019-07-30,272.2167053222656
SPY,2019-07-31,269.2384948730469
SPY,2019-08-01,266.8939208984375
SPY,2019-08-02,264.8843994140625
SPY,2019-08-05,256.91845703125
SPY,2019-08-06,260.5212707519531
SPY,2019-08-07,260.6751708984375
SPY,2019-08-08,265.78961181640625
SPY,2019-08-09,263.9792175292969
SPY,2019-08-12,260.76568603515625
SPY,2019-08-13,264.8210144042969
SPY,2019-08-14,256.9908752441406
SPY,2019-08-15,257.6698913574219
SPY,2019-08-16,261.4716796875
SPY,2019-08-19,264.62188720703125
SPY,2019-08-20,262.5941467285156
SPY,2019-08-21,264.73052978515625
SPY,2019-08-22,264.6490173339844
SPY,2019-08-23,257.85089111328125
SPY,2019-08-26,260.7022399902344
SPY,2019-08-27,259.6794128417969
SPY,2019-08-28,261.50799560546875
SPY,2019-08-29,264.8480529785156
SPY,2019-08-30,264.73052978515625
SPY,2019-09-03,263.18255615234375
SPY,2019-09-04,266.1697998046875
SPY,2019-09-05,269.59149169921875
SPY,2019-09-06,269.7997131347656
SPY,2019-09-09,269.9355163574219
SPY,2019-09-10,269.8721618652344
SPY,2019-09-11,271.7912292480469
SPY,2019-09-12,272.7325439453125
SPY,2019-09-13,272.55157470703125
SPY,2019-09-16,271.70977783203125
SPY,2019-09-17,272.397705078125
SPY,2019-09-18,272.5606689453125
SPY,2019-09-19,272.5425720214844
SPY,2019-09-20,271.25482177734375
SPY,2019-09-23,271.1911315917969
SPY,2019-09-24,269.0632629394531
SPY,2019-09-25,270.6545715332031
SPY,2019-09-26,270.0907897949219
SPY,2019-09-27,268.6357727050781
SPY,2019-09-30,269.8816223144531
SPY,2019-10-01,266.67144775390625
SPY,2019-10-02,261.96075439453125
SPY,2019-10-03,264.10693359375
SPY,2019-10-04,267.6809997558594
SPY,2019-10-07,266.52606201171875
SPY,2019-10-08,262.38818359375
SPY,2019-10-09,264.8799743652344
SPY,2019-10-10,266.67144775390625
SPY,2019-10-11,269.4360046386719
SPY,2019-10-14,269.13592529296875
SPY,2019-10-15,271.8004150390625
SPY,2019-10-16,271.3639831542969
SPY,2019-10-17,272.1641845703125
SPY,2019-10-18,270.9729919433594
SPY,2019-10-21,272.809814453125
SPY,2019-10-22,271.9186096191406
SPY,2019-10-23,272.70989990234375
SPY,2019-10-24,273.1555480957031
SPY,2019-10-25,274.2740173339844
SPY,2019-10-28,275.8199462890625
SPY,2019-10-29,275.7381286621094
SPY,2019-10-30,276.5838317871094
SPY,2019-10-31,275.84716796875
SPY,2019-11-01,278.40264892578125
SPY,2019-11-04,279.521240234375
SPY,2019-11-05,279.21197509765625
SPY,2019-11-06,279.27569580078125
SPY,2019-11-07,280.2578125
SPY,2019-11-08,280.948974609375
SPY,2019-11-11,280.4124755859375
SPY,2019-11-12,281.0035095214844
SPY,2019-11-13,281.09454345703125
SPY,2019-11-14,281.5037536621094
SPY,2019-11-15,283.540771484375
SPY,2019-11-18,283.7499694824219
SPY,2019-11-19,283.6681213378906
SPY,2019-11-20,282.6131896972656
SPY,2019-11-21,282.1585388183594
SPY,2019-11-22,282.7859191894531
SPY,2019-11-25,284.9776306152344
SPY,2019-11-26,285.623291015625
SPY,2019-11-27,286.8964538574219
SPY,2019-11-29,285.8324890136719
SPY,2019-12-02,283.4044189453125
SPY,2019-12-03,281.5037536621094
SPY,2019-12-04,283.24066162109375
SPY,2019-12-05,283.7499694824219
SPY,2019-12-06,286.3416442871094
SPY,2019-12-09,285.4413757324219
SPY,2019-12-10,285.1230773925781
SPY,2019-12-11,285.9324951171875
SPY,2019-12-12,288.39697265625
SPY,2019-12-13,288.56976318359375
SPY,2019-12-16,290.55218505859375
SPY,2019-12-17,290.6158447265625
SPY,2019-12-18,290.6340026855469
SPY,2019-12-19,291.8253173828125
SPY,2019-12-20,293.104736328125
SPY,2019-12-23,293.5525817871094
SPY,2019-12-24,293.56170654296875
SPY,2019-12-26,295.1244812011719
SPY,2019-12-27,295.05133056640625
SPY,2019-12-30,293.42462158203125
SPY,2019-12-31,294.1374206542969
SPY,2020-01-02,296.8881530761719
SPY,2020-01-03,294.6400451660156
SPY,2020-01-06,295.7641296386719
SPY,2020-01-07,294.9325256347656
SPY,2020-01-08,296.50439453125
SPY,2020-01-09,298.5148620605469
SPY,2020-01-10,297.6557922363281
SPY,2020-01-13,299.702880859375
SPY,2020-01-14,299.2459716796875
SPY,2020-01-15,299.92218017578125
SPY,2020-01-16,302.4171142578125
SPY,2020-01-17,303.3583984375
SPY,2020-01-21,302.7643737792969
SPY,2020-01-22,302.8009338378906
SPY,2020-01-23,303.1481628417969
SPY,2020-01-24,300.4523010253906
SPY,2020-01-27,295.6361999511719
SPY,2020-01-28,298.7342529296875
SPY,2020-01-29,298.4873962402344
SPY,2020-01-30,299.4561462402344
SPY,2020-01-31,294.0186462402344
SPY,2020-02-03,296.2027893066406
SPY,2020-02-04,300.7173156738281
SPY,2020-02-05,304.1899719238281
SPY,2020-02-06,305.2135009765625
SPY,2020-02-07,303.58685302734375
SPY,2020-02-10,305.8531494140625
SPY,2020-02-11,306.3832702636719
SPY,2020-02-12,308.35723876953125
SPY,2020-02-13,308.0281677246094
SPY,2020-02-14,308.5216979980469
SPY,2020-02-18,307.7266845703125
SPY,2020-02-19,309.1979675292969
SPY,2020-02-20,307.927734375
SPY,2020-02-21,304.7565612792969
SPY,2020-02-24,294.6492004394531
SPY,2020-02-25,285.72076416015625
SPY,2020-02-26,284.66973876953125
SPY,2020-02-27,271.8847961425781
SPY,2020-02-28,270.7424621582031
SPY,2020-03-02,282.46734619140625
SPY,2020-03-03,274.37969970703125
SPY,2020-03-04,285.91259765625
SPY,2020-03-05,276.4083557128906
SPY,2020-03-06,271.839111328125
SPY,2020-03-09,250.60992431640625
SPY,2020-03-10,263.5776672363281
SPY,2020-03-11,250.72874450683594
SPY,2020-03-12,226.73973083496094
SPY,2020-03-13,246.1228790283203
SPY,2020-03-16,219.19117736816406
SPY,2020-03-17,231.02577209472656
SPY,2020-03-18,219.32826232910156
SPY,2020-03-19,219.79434204101562
SPY,2020-03-20,210.32244873046875
SPY,2020-03-23,204.94488525390625
SPY,2020-03-24,223.5135498046875
SPY,2020-03-25,226.85958862304688
SPY,2020-03-26,240.10585021972656
SPY,2020-03-27,232.95416259765625
SPY,2020-03-30,240.51953125
SPY,2020-03-31,236.93446350097656
SPY,2020-04-01,226.2712860107422
SPY,2020-04-02,231.49258422851562
SPY,2020-04-03,228.1465301513672
SPY,2020-04-06,243.47027587890625
SPY,2020-04-07,243.71852111816406
SPY,2020-04-08,251.89971923828125
SPY,2020-04-09,255.73292541503906
SPY,2020-04-13,253.3981170654297
SPY,2020-04-14,260.87152099609375
SPY,2020-04-15,255.3284912109375
SPY,2020-04-16,256.5603332519531
SPY,2020-04-17,263.49139404296875
SPY,2020-04-20,258.8492431640625
SPY,2020-04-21,250.9897003173828
SPY,2020-04-22,256.5603332519531
SPY,2020-04-23,256.5419006347656
SPY,2020-04-24,260.11773681640625
SPY,2020-04-27,263.86822509765625
SPY,2020-04-28,262.65496826171875
SPY,2020-04-29,269.53076171875
SPY,2020-04-30,267.0212707519531
SPY,2020-05-01,259.9523010253906
SPY,2020-05-04,260.66925048828125
SPY,2020-05-05,263.07763671875
SPY,2020-05-06,261.2943115234375
SPY,2020-05-07,264.4473876953125
SPY,2020-05-08,268.822998046875
SPY,2020-05-11,268.8780517578125
SPY,2020-05-12,263.51898193359375
SPY,2020-05-13,258.8584289550781
SPY,2020-05-14,261.95611572265625
SPY,2020-05-15,263.16046142578125
SPY,2020-05-18,271.1762390136719
SPY,2020-05-19,268.39093017578125
SPY,2020-05-20,272.9503479003906
SPY,2020-05-21,271.0659484863281
SPY,2020-05-22,271.58074951171875
SPY,2020-05-26,274.92669677734375
SPY,2020-05-27,279.0173034667969
SPY,2020-05-28,278.5026550292969
SPY,2020-05-29,279.7435607910156
SPY,2020-06-01,280.8741760253906
SPY,2020-06-02,283.19989013671875
SPY,2020-06-03,286.96875
SPY,2020-06-04,286.21502685546875
SPY,2020-06-05,293.550537109375
SPY,2020-06-08,297.0987548828125
SPY,2020-06-09,294.8835144042969
SPY,2020-06-10,293.23809814453125
SPY,2020-06-11,276.33306884765625
SPY,2020-06-12,279.64239501953125
SPY,2020-06-15,282.2530517578125
SPY,2020-06-16,287.6857604980469
SPY,2020-06-17,286.4908142089844
SPY,2020-06-18,286.6010437011719
SPY,2020-06-19,284.963134765625
SPY,2020-06-22,286.79132080078125
SPY,2020-06-23,288.1116638183594
SPY,2020-06-24,280.7622375488281
SPY,2020-06-25,283.7721862792969
SPY,2020-06-26,277.03216552734375
SPY,2020-06-29,281.10382080078125
SPY,2020-06-30,284.7046813964844
SPY,2020-07-01,286.6989440917969
SPY,2020-07-02,288.2777404785156
SPY,2020-07-06,292.7280578613281
SPY,2020-07-07,289.7088928222656
SPY,2020-07-08,291.9248046875
SPY,2020-07-09,290.26287841796875
SPY,2020-07-10,293.2265625
SPY,2020-07-13,290.68756103515625
SPY,2020-07-14,294.45465087890625
SPY,2020-07-15,297.1598205566406
SPY,2020-07-16,296.1811828613281
SPY,2020-07-17,297.0396728515625
SPY,2020-07-20,299.4403076171875
SPY,2020-07-21,300.077392578125
SPY,2020-07-22,301.78546142578125
SPY,2020-07-23,298.1846923828125
SPY,2020-07-24,296.2641906738281
SPY,2020-07-27,298.4247131347656
SPY,2020-07-28,296.531982421875
SPY,2020-07-29,300.17901611328125
SPY,2020-07-30,299.10797119140625
SPY,2020-07-31,301.4715576171875
SPY,2020-08-03,303.56744384765625
SPY,2020-08-04,304.7399597167969
SPY,2020-08-05,306.6326904296875
SPY,2020-08-06,308.68243408203125
SPY,2020-08-07,308.9040222167969
SPY,2020-08-10,309.82733154296875
SPY,2020-08-11,307.269775390625
SPY,2020-08-12,311.5538330078125
SPY,2020-08-13,310.99066162109375
SPY,2020-08-14,310.99993896484375
SPY,2020-08-17,311.9877624511719
SPY,2020-08-18,312.66180419921875
SPY,2020-08-19,311.3598937988281
SPY,2020-08-20,312.32940673828125
SPY,2020-08-21,313.43731689453125
SPY,2020-08-24,316.6134948730469
SPY,2020-08-25,317.7213134765625
SPY,2020-08-26,320.9067687988281
SPY,2020-08-27,321.6084289550781
SPY,2020-08-28,323.685791015625
SPY,2020-08-31,322.51324462890625
SPY,2020-09-01,325.5509033203125
SPY,2020-09-02,330.2596130371094
SPY,2020-09-03,318.8940124511719
SPY,2020-09-04,316.2903137207031
SPY,2020-09-08,307.64837646484375
SPY,2020-09-09,313.7235412597656
SPY,2020-09-10,308.2761535644531
SPY,2020-09-11,308.4330749511719
SPY,2020-09-14,312.49560546875
SPY,2020-09-15,314.07440185546875
SPY,2020-09-16,312.8280029296875
SPY,2020-09-17,310.0765686035156
SPY,2020-09-18,306.5067443847656
SPY,2020-09-21,303.09552001953125
SPY,2020-09-22,306.1822814941406
SPY,2020-09-23,299.0816345214844
SPY,2020-09-24,299.8788757324219
SPY,2020-09-25,304.7270202636719
SPY,2020-09-28,309.78826904296875
SPY,2020-09-29,308.1011962890625
SPY,2020-09-30,310.4371337890625
SPY,2020-10-01,312.43023681640625
SPY,2020-10-02,309.4638977050781
SPY,2020-10-05,314.9515380859375
SPY,2020-10-06,310.4742126464844
SPY,2020-10-07,315.8785400390625
SPY,2020-10-08,318.67803955078125
SPY,2020-10-09,321.5240173339844
SPY,2020-10-12,326.6964111328125
SPY,2020-10-13,324.56439208984375
SPY,2020-10-14,322.5249938964844
SPY,2020-10-15,322.12646484375
SPY,2020-10-16,321.9318542480469
SPY,2020-10-19,317.03729248046875
SPY,2020-10-20,318.30712890625
SPY,2020-10-21,317.7047119140625
SPY,2020-10-22,319.4473571777344
SPY,2020-10-23,320.531982421875
SPY,2020-10-26,314.60858154296875
SPY,2020-10-27,313.5240478515625
SPY,2020-10-28,302.80810546875
SPY,2020-10-29,305.8856506347656
SPY,2020-10-30,302.6969299316406
SPY,2020-11-02,306.0895690917969
SPY,2020-11-03,311.4938659667969
SPY,2020-11-04,318.4555969238281
SPY,2020-11-05,324.6663513183594
SPY,2020-11-06,324.5922546386719
SPY,2020-11-09,328.67083740234375
SPY,2020-11-10,328.1888732910156
SPY,2020-11-11,330.626953125
SPY,2020-11-12,327.4194641113281
SPY,2020-11-13,331.9524841308594
SPY,2020-11-16,336.09600830078125
SPY,2020-11-17,334.28839111328125
SPY,2020-11-18,330.26531982421875
SPY,2020-11-19,331.6557922363281
SPY,2020-11-20,329.3846740722656
SPY,2020-11-23,331.359130859375
SPY,2020-11-24,336.6986083984375
SPY,2020-11-25,336.1795349121094
SPY,2020-11-27,337.11572265625
SPY,2020-11-30,335.62335205078125
SPY,2020-12-01,339.29412841796875
SPY,2020-12-02,340.00787353515625
SPY,2020-12-03,339.9152526855469
SPY,2020-12-04,342.844482421875
SPY,2020-12-07,342.1400146484375
SPY,2020-12-08,343.1412048339844
SPY,2020-12-09,340.0635070800781
SPY,2020-12-10,339.9523620605469
SPY,2020-12-11,339.5537109375
SPY,2020-12-14,338.0334167480469
SPY,2020-12-15,342.603515625
SPY,2020-12-16,343.1412048339844
SPY,2020-12-17,345.0599365234375
SPY,2020-12-18,343.68218994140625
SPY,2020-12-21,342.4533386230469
SPY,2020-12-22,341.87615966796875
SPY,2020-12-23,342.18341064453125
SPY,2020-12-24,343.5146179199219
SPY,2020-12-28,346.4657287597656
SPY,2020-12-29,345.8046875
SPY,2020-12-30,346.298095703125
SPY,2020-12-31,348.0575866699219
SPY,2021-01-04,343.3191223144531
SPY,2021-01-05,345.6836853027344
SPY,2021-01-06,347.7503356933594
SPY,2021-01-07,352.9170837402344
SPY,2021-01-08,354.9278869628906
SPY,2021-01-11,352.5354309082031
SPY,2021-01-12,352.6098327636719
SPY,2021-01-13,353.5594482421875
SPY,2021-01-14,352.3212585449219
SPY,2021-01-15,349.7519836425781
SPY,2021-01-19,352.4981384277344
SPY,2021-01-20,357.37628173828125
SPY,2021-01-21,357.7020568847656
SPY,2021-01-22,356.43597412109375
SPY,2021-01-25,357.8417663574219
SPY,2021-01-26,357.2831115722656
SPY,2021-01-27,348.5509338378906
SPY,2021-01-28,351.548583984375
SPY,2021-01-29,344.5107421875
SPY,2021-02-01,350.2452392578125
SPY,2021-02-02,355.1978454589844
SPY,2021-02-03,355.4772033691406
SPY,2021-02-04,359.5174255371094
SPY,2021-02-05,360.93243408203125
SPY,2021-02-08,363.5390625
SPY,2021-02-09,363.29693603515625
SPY,2021-02-10,363.1387023925781
SPY,2021-02-11,363.7252197265625
SPY,2021-02-12,365.52191162109375
SPY,2021-02-16,365.2054138183594
SPY,2021-02-17,365.2891540527344
SPY,2021-02-18,363.73455810546875
SPY,2021-02-19,363.0921630859375
SPY,2021-02-22,360.29937744140625
SPY,2021-02-23,360.73687744140625
SPY,2021-02-24,364.7119445800781
SPY,2021-02-25,355.9239807128906
SPY,2021-02-26,354.09002685546875
SPY,2021-03-01,362.67327880859375
SPY,2021-03-02,359.84320068359375
SPY,2021-03-03,355.0768737792969
SPY,2021-03-04,350.6828308105469
SPY,2021-03-05,357.1341247558594
SPY,2021-03-08,355.3560791015625
SPY,2021-03-09,360.4296875
SPY,2021-03-10,362.67327880859375
SPY,2021-03-11,366.35040283203125
SPY,2021-03-12,366.8438415527344
SPY,2021-03-15,369.03155517578125
SPY,2021-03-16,368.5660705566406
SPY,2021-03-17,369.8228454589844
SPY,2021-03-18,364.4420166015625
SPY,2021-03-19,363.7677307128906
SPY,2021-03-22,366.6723937988281
SPY,2021-03-23,363.786376953125
SPY,2021-03-24,361.9370422363281
SPY,2021-03-25,363.97320556640625
SPY,2021-03-26,369.83856201171875
SPY,2021-03-29,369.65179443359375
SPY,2021-03-30,368.6710205078125
SPY,2021-03-31,370.1654968261719
SPY,2021-04-01,374.1629638671875
SPY,2021-04-05,379.5333557128906
SPY,2021-04-06,379.3092041015625
SPY,2021-04-07,379.7480773925781
SPY,2021-04-08,381.55072021484375
SPY,2021-04-09,384.3245544433594
SPY,2021-04-12,384.46478271484375
SPY,2021-04-13,385.6041564941406
SPY,2021-04-14,384.28729248046875
SPY,2021-04-15,388.41552734375
SPY,2021-04-16,389.7137451171875
SPY,2021-04-19,387.79901123046875
SPY,2021-04-20,384.9598083496094
SPY,2021-04-21,388.602294921875
SPY,2021-04-22,385.0531921386719
SPY,2021-04-23,389.22808837890625
SPY,2021-04-26,390.0405578613281
SPY,2021-04-27,389.95654296875
SPY,2021-04-28,389.84442138671875
SPY,2021-04-29,392.3288879394531
SPY,2021-04-30,389.75103759765625
SPY,2021-05-03,390.5916748046875
SPY,2021-05-04,388.1819763183594
SPY,2021-05-05,388.30340576171875
SPY,2021-05-06,391.40423583984375
SPY,2021-05-07,394.25286865234375
SPY,2021-05-10,390.3487854003906
SPY,2021-05-11,386.86505126953125
SPY,2021-05-12,378.6460266113281
SPY,2021-05-13,383.19451904296875
SPY,2021-05-14,389.07861328125
SPY,2021-05-17,388.0886535644531
SPY,2021-05-18,384.7449035644531
SPY,2021-05-19,383.7362365722656
SPY,2021-05-20,387.86444091796875
SPY,2021-05-21,387.546875
SPY,2021-05-24,391.49761962890625
SPY,2021-05-25,390.62896728515625
SPY,2021-05-26,391.40423583984375
SPY,2021-05-27,391.6097106933594
SPY,2021-05-28,392.31024169921875
SPY,2021-06-01,391.96466064453125
SPY,2021-06-02,392.5810852050781
SPY,2021-06-03,391.1240539550781
SPY,2021-06-04,394.70123291015625
SPY,2021-06-07,394.3182373046875
SPY,2021-06-08,394.40228271484375
SPY,2021-06-09,393.81390380859375
SPY,2021-06-10,395.64453125
SPY,2021-06-11,396.2983093261719
SPY,2021-06-14,397.18560791015625
SPY,2021-06-15,396.4571838378906
SPY,2021-06-16,394.24346923828125
SPY,2021-06-17,394.11285400390625
SPY,2021-06-18,388.7960205078125
SPY,2021-06-21,394.36199951171875
SPY,2021-06-22,396.47039794921875
SPY,2021-06-23,395.9925231933594
SPY,2021-06-24,398.3350830078125
SPY,2021-06-25,399.75
SPY,2021-06-28,400.55584716796875
SPY,2021-06-29,400.7713928222656
SPY,2021-06-30,401.1086730957031
SPY,2021-07-01,403.3294982910156
SPY,2021-07-02,406.4123229980469
SPY,2021-07-06,405.672119140625
SPY,2021-07-07,407.1058044433594
SPY,2021-07-08,403.7886657714844
SPY,2021-07-09,408.0989990234375
SPY,2021-07-12,409.560791015625
SPY,2021-07-13,408.16461181640625
SPY,2021-07-14,408.7736511230469
SPY,2021-07-15,407.37750244140625
SPY,2021-07-16,404.18218994140625
SPY,2021-07-19,398.21331787109375
SPY,2021-07-20,403.9198303222656
SPY,2021-07-21,407.19012451171875
SPY,2021-07-22,408.0428466796875
SPY,2021-07-23,412.24072265625
SPY,2021-07-26,413.252685546875
SPY,2021-07-27,411.36932373046875
SPY,2021-07-28,411.20068359375
SPY,2021-07-29,412.90606689453125
SPY,2021-07-30,410.9007568359375
SPY,2021-08-02,410.0386657714844
SPY,2021-08-03,413.3745422363281
SPY,2021-08-04,411.34124755859375
SPY,2021-08-05,413.9461669921875
SPY,2021-08-06,414.6302185058594
SPY,2021-08-09,414.2928161621094
SPY,2021-08-10,414.8081970214844
SPY,2021-08-11,415.83892822265625
SPY,2021-08-12,417.0852355957031
SPY,2021-08-13,417.84423828125
SPY,2021-08-16,418.8281555175781
SPY,2021-08-17,416.0826416015625
SPY,2021-08-18,411.5285949707031
SPY,2021-08-19,412.1657409667969
SPY,2021-08-20,415.4454040527344
SPY,2021-08-23,419.0998840332031
SPY,2021-08-24,419.7651672363281
SPY,2021-08-25,420.64599609375
SPY,2021-08-26,418.1628112792969
SPY,2021-08-27,421.9016418457031
SPY,2021-08-30,423.7569274902344
SPY,2021-08-31,423.1291809082031
SPY,2021-09-01,423.35406494140625
SPY,2021-09-02,424.65655517578125
SPY,2021-09-03,424.55340576171875
SPY,2021-09-07,423.0354309082031
SPY,2021-09-08,422.52001953125
SPY,2021-09-09,420.7116394042969
SPY,2021-09-10,417.3945007324219
SPY,2021-09-13,418.46270751953125
SPY,2021-09-14,416.2044372558594
SPY,2021-09-15,419.6807861328125
SPY,2021-09-16,419.0155334472656
SPY,2021-09-17,414.93389892578125
SPY,2021-09-20,408.0152282714844
SPY,2021-09-21,407.6297302246094
SPY,2021-09-22,411.6061706542969
SPY,2021-09-23,416.6071472167969
SPY,2021-09-24,417.29339599609375
SPY,2021-09-27,416.0995788574219
SPY,2021-09-28,407.7143249511719
SPY,2021-09-29,408.400634765625
SPY,2021-09-30,403.408935546875
SPY,2021-10-01,408.20318603515625
SPY,2021-10-04,402.93896484375
SPY,2021-10-05,407.131591796875
SPY,2021-10-06,408.82366943359375
SPY,2021-10-07,412.3581848144531
SPY,2021-10-08,411.6061706542969
SPY,2021-10-11,408.62628173828125
SPY,2021-10-12,407.620361328125
SPY,2021-10-13,409.0869140625
SPY,2021-10-14,415.9679870605469
SPY,2021-10-15,419.1358337402344
SPY,2021-10-18,420.376708984375
SPY,2021-10-19,423.619873046875
SPY,2021-10-20,425.28375244140625
SPY,2021-10-21,426.3930358886719
SPY,2021-10-22,425.9512023925781
SPY,2021-10-25,428.2354736328125
SPY,2021-10-26,428.62091064453125
SPY,2021-10-27,426.72198486328125
SPY,2021-10-28,430.8393859863281
SPY,2021-10-29,431.713623046875
SPY,2021-11-01,432.456298828125
SPY,2021-11-02,434.2046813964844
SPY,2021-11-03,436.8556213378906
SPY,2021-11-04,438.9143371582031
SPY,2021-11-05,440.43719482421875
SPY,2021-11-08,440.8132019042969
SPY,2021-11-09,439.356201171875
SPY,2021-11-10,435.8215637207031
SPY,2021-11-11,435.9626159667969
SPY,2021-11-12,439.252685546875
SPY,2021-11-15,439.40313720703125
SPY,2021-11-16,441.1422119140625
SPY,2021-11-17,440.0706481933594
SPY,2021-11-18,441.56524658203125
SPY,2021-11-19,440.775634765625
SPY,2021-11-22,439.53472900390625
SPY,2021-11-23,440.1175231933594
SPY,2021-11-24,441.2926330566406
SPY,2021-11-26,431.450439453125
SPY,2021-11-29,436.7428283691406
SPY,2021-11-30,428.2448425292969
SPY,2021-12-01,423.48828125
SPY,2021-12-02,429.9744873046875
SPY,2021-12-03,426.2332763671875
SPY,2021-12-06,431.2812194824219
SPY,2021-12-07,440.20220947265625
SPY,2021-12-08,441.3678894042969
SPY,2021-12-09,438.3879089355469
SPY,2021-12-10,442.5146484375
SPY,2021-12-13,438.5946350097656
SPY,2021-12-14,435.5771789550781
SPY,2021-12-15,442.38311767578125
SPY,2021-12-16,438.4819641113281
SPY,2021-12-17,433.8152770996094
SPY,2021-12-20,429.20220947265625
SPY,2021-12-21,436.8244934082031
SPY,2021-12-22,441.192138671875
SPY,2021-12-23,443.9373779296875
SPY,2021-12-27,450.219970703125
SPY,2021-12-28,449.8520202636719
SPY,2021-12-29,450.427490234375
SPY,2021-12-30,449.1822814941406
SPY,2021-12-31,448.0502624511719
SPY,2022-01-03,450.6444396972656
SPY,2022-01-04,450.4934387207031
SPY,2022-01-05,441.8430480957031
SPY,2022-01-06,441.4280090332031
SPY,2022-01-07,439.6828308105469
SPY,2022-01-10,439.1357116699219
SPY,2022-01-11,443.135498046875
SPY,2022-01-12,444.3334045410156
SPY,2022-01-13,438.2111511230469
SPY,2022-01-14,438.3904113769531
SPY,2022-01-18,430.626708984375
SPY,2022-01-19,426.15521240234375
SPY,2022-01-20,421.43853759765625
SPY,2022-01-21,413.1654052734375
SPY,2022-01-24,414.9200439453125
SPY,2022-01-25,409.85430908203125
SPY,2022-01-26,408.8260498046875
SPY,2022-01-27,406.80731201171875
SPY,2022-01-28,416.9104919433594
SPY,2022-01-31,424.41949462890625
SPY,2022-02-01,427.2872619628906
SPY,2022-02-02,431.43798828125
SPY,2022-02-03,421.2970275878906
SPY,2022-02-04,423.2781066894531
SPY,2022-02-07,421.919677734375
SPY,2022-02-08,425.3911437988281
SPY,2022-02-09,431.6172180175781
SPY,2022-02-10,423.8629150390625
SPY,2022-02-11,415.50494384765625
SPY,2022-02-14,414.14654541015625
SPY,2022-02-15,420.82537841796875
SPY,2022-02-16,421.2970275878906
SPY,2022-02-17,412.2975769042969
SPY,2022-02-18,409.6279296875
SPY,2022-02-22,405.2319030761719
SPY,2022-02-23,398.0436096191406
SPY,2022-02-24,404.03387451171875
SPY,2022-02-25,412.94842529296875
SPY,2022-02-28,411.8919372558594
SPY,2022-03-01,405.61865234375
SPY,2022-03-02,413.08056640625
SPY,2022-03-03,411.0240173339844
SPY,2022-03-04,407.6846008300781
SPY,2022-03-07,395.6664123535156
SPY,2022-03-08,392.66656494140625
SPY,2022-03-09,403.1943054199219
SPY,2022-03-10,401.3735656738281
SPY,2022-03-11,396.27020263671875
SPY,2022-03-14,393.3741149902344
SPY,2022-03-15,402.0245361328125
SPY,2022-03-16,410.9390563964844
SPY,2022-03-17,416.08038330078125
SPY,2022-03-18,420.6375732421875
SPY,2022-03-21,420.51458740234375
SPY,2022-03-22,425.4351501464844
SPY,2022-03-23,419.9563293457031
SPY,2022-03-24,426.28680419921875
SPY,2022-03-25,428.36865234375
SPY,2022-03-28,431.4156799316406
SPY,2022-03-29,436.75262451171875
SPY,2022-03-30,434.0557861328125
SPY,2022-03-31,427.3750915527344
SPY,2022-04-01,428.5863342285156
SPY,2022-04-04,432.2578125
SPY,2022-04-05,426.7978210449219
SPY,2022-04-06,422.5301208496094
SPY,2022-04-07,424.65924072265625
SPY,2022-04-08,423.523681640625
SPY,2022-04-11,416.2847595214844
SPY,2022-04-12,414.7423095703125
SPY,2022-04-13,419.4925842285156
SPY,2022-04-14,414.2691955566406
SPY,2022-04-18,414.4394836425781
SPY,2022-04-19,421.129638671875
SPY,2022-04-20,420.8173828125
SPY,2022-04-21,414.5246887207031
SPY,2022-04-22,403.1504821777344
SPY,2022-04-25,405.4877624511719
SPY,2022-04-26,393.7445068359375
SPY,2022-04-27,394.85162353515625
SPY,2022-04-28,404.8254089355469
SPY,2022-04-29,389.8647155761719
SPY,2022-05-02,392.2115783691406
SPY,2022-05-03,394.0094299316406
SPY,2022-05-04,406.0082092285156
SPY,2022-05-05,391.5774841308594
SPY,2022-05-06,389.2402648925781
SPY,2022-05-09,376.77783203125
SPY,2022-05-10,377.6483154296875
SPY,2022-05-11,371.6490478515625
SPY,2022-05-12,371.2610778808594
SPY,2022-05-13,380.1370849609375
SPY,2022-05-16,378.5946350097656
SPY,2022-05-17,386.38250732421875
SPY,2022-05-18,370.8067932128906
SPY,2022-05-19,368.5357360839844
SPY,2022-05-20,368.6966552734375
SPY,2022-05-23,375.594970703125
SPY,2022-05-24,372.727783203125
SPY,2022-05-25,376.0207824707031
SPY,2022-05-26,383.5341796875
SPY,2022-05-27,392.9496765136719
SPY,2022-05-31,390.7448425292969
SPY,2022-06-01,387.584228515625
SPY,2022-06-02,394.9652404785156
SPY,2022-06-03,388.4831848144531
SPY,2022-06-06,389.66607666015625
SPY,2022-06-07,393.4038391113281
SPY,2022-06-08,389.1267395019531
SPY,2022-06-09,379.8721008300781
SPY,2022-06-10,368.8575439453125
SPY,2022-06-13,354.8526306152344
SPY,2022-06-14,353.7833251953125
SPY,2022-06-15,358.82696533203125
SPY,2022-06-16,346.9512634277344
SPY,2022-06-17,347.69921875
SPY,2022-06-21,356.4520263671875
SPY,2022-06-22,355.8058166503906
SPY,2022-06-23,359.2936706542969
SPY,2022-06-24,370.7169189453125
SPY,2022-06-27,369.3009338378906
SPY,2022-06-28,361.7550354003906
SPY,2022-06-29,361.4603576660156
SPY,2022-06-30,358.5238342285156
SPY,2022-07-01,362.3158264160156
SPY,2022-07-05,363.0000305175781
SPY,2022-07-06,364.2259826660156
SPY,2022-07-07,369.6810302734375
SPY,2022-07-08,369.376953125
SPY,2022-07-11,365.1573791503906
SPY,2022-07-12,361.9261169433594
SPY,2022-07-13,360.0253601074219
SPY,2022-07-14,359.1510314941406
SPY,2022-07-15,366.0126647949219
SPY,2022-07-18,362.9905090332031
SPY,2022-07-19,372.7982482910156
SPY,2022-07-20,375.1741638183594
SPY,2022-07-21,378.99456787109375
SPY,2022-07-22,375.478271484375
SPY,2022-07-25,375.9344177246094
SPY,2022-07-26,371.4867858886719
SPY,2022-07-27,381.13287353515625
SPY,2022-07-28,385.9132080078125
SPY,2022-07-29,391.5393371582031
SPY,2022-08-01,390.3799133300781
SPY,2022-08-02,387.80438232421875
SPY,2022-08-03,393.8772888183594
SPY,2022-08-04,393.6111755371094
SPY,2022-08-05,392.9458923339844
SPY,2022-08-08,392.4897155761719
SPY,2022-08-09,390.93115234375
SPY,2022-08-10,399.1422424316406
SPY,2022-08-11,399.1422424316406
SPY,2022-08-12,405.8992919921875
SPY,2022-08-15,407.57196044921875
SPY,2022-08-16,408.3702087402344
SPY,2022-08-17,405.47174072265625
SPY,2022-08-18,406.6501159667969
SPY,2022-08-19,401.1855163574219
SPY,2022-08-22,392.831787109375
SPY,2022-08-23,391.8814697265625
SPY,2022-08-24,393.1359558105469
SPY,2022-08-25,398.6861267089844
SPY,2022-08-26,385.19097900390625
SPY,2022-08-29,382.64398193359375
SPY,2022-08-30,378.443359375
SPY,2022-08-31,375.56378173828125
SPY,2022-09-01,376.74224853515625
SPY,2022-09-02,372.7698059082031
SPY,2022-09-06,371.36328125
SPY,2022-09-07,378.0347595214844
SPY,2022-09-08,380.5057067871094
SPY,2022-09-09,386.41693115234375
SPY,2022-09-12,390.57000732421875
SPY,2022-09-13,373.58709716796875
SPY,2022-09-14,375.0126037597656
SPY,2022-09-15,370.75494384765625
SPY,2022-09-16,367.9264831542969
SPY,2022-09-19,370.7798156738281
SPY,2022-09-20,366.5237731933594
SPY,2022-09-21,360.1302185058594
SPY,2022-09-22,357.1051025390625
SPY,2022-09-23,351.1219482421875
SPY,2022-09-26,347.6484069824219
SPY,2022-09-27,346.76092529296875
SPY,2022-09-28,353.5838623046875
SPY,2022-09-29,346.1978759765625
SPY,2022-09-30,340.8443908691406
SPY,2022-10-03,349.8431701660156
SPY,2022-10-04,360.6836242675781
SPY,2022-10-05,359.8439025878906
SPY,2022-10-06,356.1317443847656
SPY,2022-10-07,346.1978759765625
SPY,2022-10-10,343.5545349121094
SPY,2022-10-11,341.3788146972656
SPY,2022-10-12,340.2527770996094
SPY,2022-10-13,349.2325439453125
SPY,2022-10-14,341.27392578125
SPY,2022-10-17,350.04364013671875
SPY,2022-10-18,354.156494140625
SPY,2022-10-19,351.6467590332031
SPY,2022-10-20,348.6980895996094
SPY,2022-10-21,357.1719665527344
SPY,2022-10-24,361.54248046875
SPY,2022-10-25,367.3158264160156
SPY,2022-10-26,364.5484313964844
SPY,2022-10-27,362.60174560546875
SPY,2022-10-28,371.2282409667969
SPY,2022-10-31,368.5467834472656
SPY,2022-11-01,366.9340515136719
SPY,2022-11-02,357.7254333496094
SPY,2022-11-03,354.0419921875
SPY,2022-11-04,359.13775634765625
SPY,2022-11-07,362.5730895996094
SPY,2022-11-08,364.52935791015625
SPY,2022-11-09,357.019287109375
SPY,2022-11-10,376.63897705078125
SPY,2022-11-11,380.2842712402344
SPY,2022-11-14,377.0492858886719
SPY,2022-11-15,380.2651672363281
SPY,2022-11-16,377.36419677734375
SPY,2022-11-17,376.20953369140625
SPY,2022-11-18,377.9176330566406
SPY,2022-11-21,376.54351806640625
SPY,2022-11-22,381.61065673828125
SPY,2022-11-23,384.015380859375
SPY,2022-11-25,383.9295349121094
SPY,2022-11-28,377.8031311035156
SPY,2022-11-29,377.154296875
SPY,2022-11-30,389.03485107421875
SPY,2022-12-01,388.7485656738281
SPY,2022-12-02,388.30010986328125
SPY,2022-12-05,381.3148498535156
SPY,2022-12-06,375.8182373046875
SPY,2022-12-07,375.1789855957031
SPY,2022-12-08,378.11810302734375
SPY,2022-12-09,375.2934875488281
SPY,2022-12-12,380.7041320800781
SPY,2022-12-13,383.58599853515625
SPY,2022-12-14,381.1335754394531
SPY,2022-12-15,371.81036376953125
SPY,2022-12-16,367.4207458496094
SPY,2022-12-19,364.3051452636719
SPY,2022-12-20,364.80364990234375
SPY,2022-12-21,370.2583312988281
SPY,2022-12-22,364.9761657714844
SPY,2022-12-23,367.07568359375
SPY,2022-12-27,365.6280517578125
SPY,2022-12-28,361.0841064453125
SPY,2022-12-29,367.5837097167969
SPY,2022-12-30,366.6154479980469
SPY,2023-01-03,365.0720520019531
SPY,2023-01-04,367.8905029296875
SPY,2023-01-05,363.6916198730469
SPY,2023-01-06,372.0318298339844
SPY,2023-01-09,371.8209228515625
SPY,2023-01-10,374.4284362792969
SPY,2023-01-11,379.1641845703125
SPY,2023-01-12,380.5445861816406
SPY,2023-01-13,382.02093505859375
SPY,2023-01-17,381.3211669921875
SPY,2023-01-18,375.30084228515625
SPY,2023-01-19,372.56866455078125
SPY,2023-01-20,379.50927734375
SPY,2023-01-23,384.0628662109375
SPY,2023-01-24,383.65069580078125
SPY,2023-01-25,383.7944641113281
SPY,2023-01-26,388.0124816894531
SPY,2023-01-27,388.9040222167969
SPY,2023-01-30,384.0245666503906
SPY,2023-01-31,389.67095947265625
SPY,2023-02-01,393.8122863769531
SPY,2023-02-02,399.5450134277344
SPY,2023-02-03,395.2982482910156
SPY,2023-02-06,392.8824462890625
SPY,2023-02-07,398.020751953125
SPY,2023-02-08,393.66851806640625
SPY,2023-02-09,390.25567626953125
SPY,2023-02-10,391.16644287109375
SPY,2023-02-13,395.7583312988281
SPY,2023-02-14,395.5762634277344
SPY,2023-02-15,396.86077880859375
SPY,2023-02-16,391.3965148925781
SPY,2023-02-17,390.41876220703125
SPY,2023-02-21,382.5865173339844
SPY,2023-02-22,382.05926513671875
SPY,2023-02-23,384.0916442871094
SPY,2023-02-24,379.9885559082031
SPY,2023-02-27,381.28277587890625
SPY,2023-02-28,379.8735656738281
SPY,2023-03-01,378.4164123535156
SPY,2023-03-02,381.3594970703125
SPY,2023-03-03,387.4755859375
SPY,2023-03-06,387.74407958984375
SPY,2023-03-07,381.80047607421875
SPY,2023-03-08,382.4236145019531
SPY,2023-03-09,375.367919921875
SPY,2023-03-10,369.9515380859375
SPY,2023-03-13,369.42431640625
SPY,2023-03-14,375.5309143066406
SPY,2023-03-15,373.1822204589844
SPY,2023-03-16,379.7297668457031
SPY,2023-03-17,375.2897033691406
SPY,2023-03-20,378.8983459472656
SPY,2023-03-21,383.8735046386719
SPY,2023-03-22,377.3297424316406
SPY,2023-03-23,378.349853515625
SPY,2023-03-24,380.83251953125
SPY,2023-03-27,381.5447082519531
SPY,2023-03-28,380.688232421875
SPY,2023-03-29,386.2214660644531
SPY,2023-03-30,388.4829406738281
SPY,2023-03-31,393.95849609375
SPY,2023-04-03,395.4596252441406
SPY,2023-04-04,393.2655944824219
SPY,2023-04-05,392.2358703613281
SPY,2023-04-06,393.7659912109375
SPY,2023-04-10,394.1701965332031
SPY,2023-04-11,394.2760314941406
SPY,2023-04-12,392.6689453125
SPY,2023-04-13,397.8846130371094
SPY,2023-04-14,396.9126892089844
SPY,2023-04-17,398.3368835449219
SPY,2023-04-18,398.59674072265625
SPY,2023-04-19,398.5294189453125
SPY,2023-04-20,396.3546142578125
SPY,2023-04-21,396.6625061035156
SPY,2023-04-24,397.0763244628906
SPY,2023-04-25,390.77313232421875
SPY,2023-04-26,389.1180419921875
SPY,2023-04-27,396.8646545410156
SPY,2023-04-28,400.2519226074219
SPY,2023-05-01,399.8477478027344
SPY,2023-05-02,395.3537292480469
SPY,2023-05-03,392.6401062011719
SPY,2023-05-04,389.8589782714844
SPY,2023-05-05,397.0763244628906
SPY,2023-05-08,397.18212890625
SPY,2023-05-09,395.4403381347656
SPY,2023-05-10,397.2879943847656
SPY,2023-05-11,396.5951843261719
SPY,2023-05-12,396.0755310058594
SPY,2023-05-15,397.4420471191406
SPY,2023-05-16,394.7860412597656
SPY,2023-05-17,399.578369140625
SPY,2023-05-18,403.4275817871094
SPY,2023-05-19,402.84051513671875
SPY,2023-05-22,403.0041198730469
SPY,2023-05-23,398.4812927246094
SPY,2023-05-24,395.5943298339844
SPY,2023-05-25,399.0201721191406
SPY,2023-05-26,404.187744140625
SPY,2023-05-30,404.3417053222656
SPY,2023-05-31,402.09954833984375
SPY,2023-06-01,405.9198913574219
SPY,2023-06-02,411.78997802734375
SPY,2023-06-05,411.0008544921875
SPY,2023-06-06,411.89581298828125
SPY,2023-06-07,410.4715881347656
SPY,2023-06-08,412.954345703125
SPY,2023-06-09,413.6953430175781
SPY,2023-06-12,417.4482421875
SPY,2023-06-13,420.20050048828125
SPY,2023-06-14,420.700927734375
SPY,2023-06-15,425.91668701171875
SPY,2023-06-16,424.4658508300781
SPY,2023-06-20,422.2637023925781
SPY,2023-06-21,420.1000671386719
SPY,2023-06-22,421.61651611328125
SPY,2023-06-23,418.4290771484375
SPY,2023-06-26,416.7195129394531
SPY,2023-06-27,421.2880859375
SPY,2023-06-28,421.5006103515625
SPY,2023-06-29,423.16192626953125
SPY,2023-06-30,428.1555480957031
SPY,2023-07-03,428.6481628417969
SPY,2023-07-05,428.0106506347656
SPY,2023-07-06,424.6590881347656
SPY,2023-07-07,423.58685302734375
SPY,2023-07-10,424.6590881347656
SPY,2023-07-11,427.3634338378906
SPY,2023-07-12,430.802001953125
SPY,2023-07-13,434.2213134765625
SPY,2023-07-14,433.9508056640625
SPY,2023-07-17,435.45751953125
SPY,2023-07-18,438.69329833984375
SPY,2023-07-19,439.6688232421875
SPY,2023-07-20,436.7518615722656
SPY,2023-07-21,436.7518615722656
SPY,2023-07-24,438.7029113769531
SPY,2023-07-25,439.90057373046875
SPY,2023-07-26,439.9682312011719
SPY,2023-07-27,437.0513000488281
SPY,2023-07-28,441.3301696777344
SPY,2023-07-31,442.1704406738281
SPY,2023-08-01,440.9051513671875
SPY,2023-08-02,434.77178955078125
SPY,2023-08-03,433.5258483886719
SPY,2023-08-04,431.5650634765625
SPY,2023-08-07,435.3320007324219
SPY,2023-08-08,433.4389343261719
SPY,2023-08-09,430.5412292480469
SPY,2023-08-10,430.6958312988281
SPY,2023-08-11,430.4446105957031
SPY,2023-08-14,432.82073974609375
SPY,2023-08-15,427.77886962890625
SPY,2023-08-16,424.6397399902344
SPY,2023-08-17,421.4040222167969
SPY,2023-08-18,421.6068420410156
SPY,2023-08-21,424.3500061035156
SPY,2023-08-22,423.2005310058594
SPY,2023-08-23,427.9140625
SPY,2023-08-24,421.9835510253906
SPY,2023-08-25,424.9584655761719
SPY,2023-08-28,427.65325927734375
SPY,2023-08-29,433.83489990234375
SPY,2023-08-30,435.6217956542969
SPY,2023-08-31,434.9843444824219
SPY,2023-09-01,435.795654296875
SPY,2023-09-05,433.91217041015625
SPY,2023-09-06,430.99517822265625
SPY,2023-09-07,429.6719665527344
SPY,2023-09-08,430.3190612792969
SPY,2023-09-11,433.1491394042969
SPY,2023-09-12,430.7730407714844
SPY,2023-09-13,431.27532958984375
SPY,2023-09-14,434.9939270019531
SPY,2023-09-15,429.7530212402344
SPY,2023-09-18,430.0050354003906
SPY,2023-09-19,429.1132507324219
SPY,2023-09-20,425.1683044433594
SPY,2023-09-21,418.14093017578125
SPY,2023-09-22,417.20074462890625
SPY,2023-09-25,418.95513916015625
SPY,2023-09-26,412.8001708984375
SPY,2023-09-27,412.9649353027344
SPY,2023-09-28,415.3591003417969
SPY,2023-09-29,414.35107421875
SPY,2023-10-02,414.1861877441406
SPY,2023-10-03,408.64190673828125
SPY,2023-10-04,411.6176452636719
SPY,2023-10-05,411.46258544921875
SPY,2023-10-06,416.3478088378906
SPY,2023-10-09,419.0133361816406
SPY,2023-10-10,421.1942443847656
SPY,2023-10-11,422.9195251464844
SPY,2023-10-12,420.34124755859375
SPY,2023-10-13,418.24761962890625
SPY,2023-10-16,422.64813232421875
SPY,2023-10-17,422.6287536621094
SPY,2023-10-18,416.9971618652344
SPY,2023-10-19,413.3332824707031
SPY,2023-10-20,408.25421142578125
SPY,2023-10-23,407.5466613769531
SPY,2023-10-24,410.6192932128906
SPY,2023-10-25,404.72601318359375
SPY,2023-10-26,399.8795471191406
SPY,2023-10-27,398.0669250488281
SPY,2023-10-30,402.8262023925781
SPY,2023-10-31,405.3560791015625
SPY,2023-11-01,409.6790771484375
SPY,2023-11-02,417.5303039550781
SPY,2023-11-03,421.339599609375
SPY,2023-11-06,422.3088684082031
SPY,2023-11-07,423.5108337402344
SPY,2023-11-08,423.8209533691406
SPY,2023-11-09,420.5156555175781
SPY,2023-11-10,427.07769775390625
SPY,2023-11-13,426.670654296875
SPY,2023-11-14,434.94842529296875
SPY,2023-11-15,435.8692321777344
SPY,2023-11-16,436.4023742675781
SPY,2023-11-17,436.94512939453125
SPY,2023-11-20,440.30853271484375
SPY,2023-11-21,439.3489685058594
SPY,2023-11-22,441.045166015625
SPY,2023-11-24,441.31658935546875
SPY,2023-11-27,440.5218505859375
SPY,2023-11-28,440.95794677734375
SPY,2023-11-29,440.6477966308594
SPY,2023-11-30,442.3827819824219
SPY,2023-12-01,444.99993896484375
SPY,2023-12-04,442.6639404296875
SPY,2023-12-05,442.57672119140625
SPY,2023-12-06,440.7932434082031
SPY,2023-12-07,444.1566162109375
SPY,2023-12-08,446.0661315917969
SPY,2023-12-11,447.8011474609375
SPY,2023-12-12,449.84637451171875
SPY,2023-12-13,456.04974365234375
SPY,2023-12-14,457.5133972167969
SPY,2023-12-15,456.7601318359375
SPY,2023-12-18,459.32940673828125
SPY,2023-12-19,462.1225280761719
SPY,2023-12-20,455.71881103515625
SPY,2023-12-21,460.0398864746094
SPY,2023-12-22,460.9644470214844
SPY,2023-12-26,462.91082763671875
SPY,2023-12-27,463.74786376953125
SPY,2023-12-28,463.9230041503906
SPY,2023-12-29,462.5799560546875
SPY,2024-01-02,459.9912414550781
SPY,2024-01-03,456.234619140625
SPY,2024-01-04,454.76495361328125
SPY,2024-01-05,455.3879089355469
SPY,2024-01-08,461.88897705078125
SPY,2024-01-09,461.1883239746094
SPY,2024-01-10,463.7965087890625
SPY,2024-01-11,463.59210205078125
SPY,2024-01-12,463.91326904296875
SPY,2024-01-16,462.21014404296875
SPY,2024-01-17,459.6408996582031
SPY,2024-01-18,463.7283630371094
SPY,2024-01-19,469.5093078613281
SPY,2024-01-22,470.50201416015625
SPY,2024-01-23,471.87420654296875
SPY,2024-01-24,472.3900146484375
SPY,2024-01-25,474.9592590332031
SPY,2024-01-26,474.35589599609375
SPY,2024-01-29,478.11248779296875
SPY,2024-01-30,477.7427062988281
SPY,2024-01-31,469.94720458984375
SPY,2024-02-01,476.0979919433594
SPY,2024-02-02,481.1100769042969
SPY,2024-02-05,479.3582458496094
SPY,2024-02-06,480.7499084472656
SPY,2024-02-07,484.7596130371094
SPY,2024-02-08,484.97369384765625
SPY,2024-02-09,487.77655029296875
SPY,2024-02-12,487.5624084472656
SPY,2024-02-13,480.8473205566406
SPY,2024-02-14,485.217041015625
SPY,2024-02-15,488.5649108886719
SPY,2024-02-16,486.1318664550781
SPY,2024-02-20,483.45550537109375
SPY,2024-02-21,483.8934631347656
SPY,2024-02-22,493.9078369140625
SPY,2024-02-23,494.24847412109375
SPY,2024-02-26,492.43829345703125
SPY,2024-02-27,493.35308837890625
SPY,2024-02-28,492.7010498046875
SPY,2024-02-29,494.4723205566406
SPY,2024-03-01,499.11456298828125
SPY,2024-03-04,498.5792541503906
SPY,2024-03-05,493.596435546875
SPY,2024-03-06,496.0975646972656
SPY,2024-03-07,501.0220947265625
SPY,2024-03-08,498.0148620605469
SPY,2024-03-11,497.5866394042969
SPY,2024-03-12,502.93927001953125
SPY,2024-03-13,502.1510009765625
SPY,2024-03-14,501.1583557128906
SPY,2024-03-15,497.7170715332031
SPY,2024-03-18,500.675048828125
SPY,2024-03-19,503.4573974609375
SPY,2024-03-20,508.1140441894531
SPY,2024-03-21,509.793212890625
SPY,2024-03-22,508.82672119140625
SPY,2024-03-25,507.4208679199219
SPY,2024-03-26,506.48370361328125
SPY,2024-03-27,510.7400817871094
SPY,2024-03-28,510.642578125
SPY,2024-04-01,509.7539978027344
SPY,2024-04-02,506.5130920410156
SPY,2024-04-03,507.0694580078125
SPY,2024-04-04,500.880126953125
SPY,2024-04-05,506.11273193359375
SPY,2024-04-08,506.3958740234375
SPY,2024-04-09,506.9815673828125
SPY,2024-04-10,501.9051208496094
SPY,2024-04-11,505.6930236816406
SPY,2024-04-12,498.71282958984375
SPY,2024-04-15,492.4648742675781
SPY,2024-04-16,491.5668029785156
SPY,2024-04-17,488.65753173828125
SPY,2024-04-18,487.65203857421875
SPY,2024-04-19,483.3955993652344
SPY,2024-04-22,487.8472595214844
SPY,2024-04-23,493.6363830566406
SPY,2024-04-24,493.402099609375
SPY,2024-04-25,491.5277099609375
SPY,2024-04-26,496.18438720703125
SPY,2024-04-29,497.9416198730469
SPY,2024-04-30,490.0535888671875
SPY,2024-05-01,488.4623107910156
SPY,2024-05-02,493.0310974121094
SPY,2024-05-03,499.1423645019531
SPY,2024-05-06,504.2969970703125
SPY,2024-05-07,504.8534240722656
SPY,2024-05-08,504.90216064453125
SPY,2024-05-09,507.8113708496094
SPY,2024-05-10,508.46551513671875
SPY,2024-05-13,508.5337829589844
SPY,2024-05-14,510.8670349121094
SPY,2024-05-15,517.1930541992188
SPY,2024-05-16,516.1289672851562
SPY,2024-05-17,516.8709716796875
SPY,2024-05-20,517.4664916992188
SPY,2024-05-21,518.735595703125
SPY,2024-05-22,517.241943359375
SPY,2024-05-23,513.4639892578125
SPY,2024-05-24,516.8611450195312
SPY,2024-05-28,517.222412109375
SPY,2024-05-29,513.6004638671875
SPY,2024-05-30,510.1934814453125
SPY,2024-05-31,514.8402709960938
SPY,2024-06-03,515.2600708007812
SPY,2024-06-04,515.8360595703125
SPY,2024-06-05,521.9669189453125
SPY,2024-06-06,521.9571533203125
SPY,2024-06-07,521.3226318359375
SPY,2024-06-10,522.933349609375
SPY,2024-06-11,524.192626953125
SPY,2024-06-12,528.4979858398438
SPY,2024-06-13,529.5621337890625
SPY,2024-06-14,529.88427734375
SPY,2024-06-17,534.1015625
SPY,2024-06-18,535.45849609375
SPY,2024-06-20,534.0039672851562
SPY,2024-06-21,533.2879638671875
SPY,2024-06-24,531.5545043945312
SPY,2024-06-25,533.6014404296875
SPY,2024-06-26,534.2673950195312
SPY,2024-06-27,535.1096801757812
SPY,2024-06-28,533.00390625
SPY,2024-07-01,534.1008911132812
SPY,2024-07-02,537.6952514648438
SPY,2024-07-03,540.0948486328125
SPY,2024-07-05,543.2092895507812
SPY,2024-07-08,543.8360595703125
SPY,2024-07-09,544.364990234375
SPY,2024-07-10,549.7515869140625
SPY,2024-07-11,545.0112915039062
SPY,2024-07-12,548.4490356445312
SPY,2024-07-15,549.9573364257812
SPY,2024-07-16,553.2186279296875
SPY,2024-07-17,545.4618530273438
SPY,2024-07-18,541.27001953125
SPY,2024-07-19,537.6756591796875
SPY,2024-07-22,543.2190551757812
SPY,2024-07-23,542.366943359375
SPY,2024-07-24,530.0755615234375
SPY,2024-07-25,527.313720703125
SPY,2024-07-26,533.2194213867188
SPY,2024-07-29,533.5328369140625
SPY,2024-07-30,530.8297119140625
SPY,2024-07-31,539.4581909179688
SPY,2024-08-01,531.8190307617188
SPY,2024-08-02,521.9172973632812
SPY,2024-08-05,506.7171630859375
SPY,2024-08-06,511.38885498046875
SPY,2024-08-07,507.9708251953125
SPY,2024-08-08,519.7136840820312
SPY,2024-08-09,522.0054931640625
SPY,2024-08-12,522.2796630859375
SPY,2024-08-13,530.868896484375
SPY,2024-08-14,532.543701171875
SPY,2024-08-15,541.671630859375
SPY,2024-08-16,542.8861083984375
SPY,2024-08-19,548.0767822265625
SPY,2024-08-20,547.1856079101562
SPY,2024-08-21,549.0661010742188
SPY,2024-08-22,544.7566528320312
SPY,2024-08-23,550.5448608398438
SPY,2024-08-26,549.2324829101562
SPY,2024-08-27,549.9866943359375
SPY,2024-08-28,546.7938232421875
SPY,2024-08-29,546.8427734375
SPY,2024-08-30,552.0629272460938
SPY,2024-09-03,540.7019653320312
SPY,2024-09-04,539.5953369140625
SPY,2024-09-05,538.2828979492188
SPY,2024-09-06,529.2235717773438
SPY,2024-09-09,535.1488037109375
SPY,2024-09-10,537.4797973632812
SPY,2024-09-11,542.9937133789062
SPY,2024-09-12,547.567626953125
SPY,2024-09-13,550.4274291992188
SPY,2024-09-16,551.2403564453125
SPY,2024-09-17,551.465576171875
SPY,2024-09-18,549.8300170898438
SPY,2024-09-19,559.2125244140625
SPY,2024-09-20,558.245849609375
SPY,2024-09-23,559.6408081054688
SPY,2024-09-24,561.2420654296875
SPY,2024-09-25,560.0043334960938
SPY,2024-09-26,562.2245483398438
SPY,2024-09-27,561.4090576171875
SPY,2024-09-30,563.6588134765625
SPY,2024-10-01,558.6093139648438
SPY,2024-10-02,558.844970703125
SPY,2024-10-03,557.8234252929688
SPY,2024-10-04,562.8925170898438
SPY,2024-10-07,557.8037109375
SPY,2024-10-08,563.0791625976562
SPY,2024-10-09,566.9793090820312
SPY,2024-10-10,565.987060546875
SPY,2024-10-11,569.3763427734375
SPY,2024-10-14,574.0328369140625
SPY,2024-10-15,569.5728759765625
SPY,2024-10-16,572.0484619140625
SPY,2024-10-17,572.0975341796875
SPY,2024-10-18,574.2981567382812
SPY,2024-10-21,573.3550415039062
SPY,2024-10-22,573.050537109375
SPY,2024-10-23,567.8142700195312
SPY,2024-10-24,569.0423583984375
SPY,2024-10-25,568.8458251953125
SPY,2024-10-28,570.6043090820312
SPY,2024-10-29,571.52783203125
SPY,2024-10-30,569.798828125
SPY,2024-10-31,558.6289672851562
SPY,2024-11-01,560.9867553710938
SPY,2024-11-04,559.7783813476562
SPY,2024-11-05,566.5469970703125
SPY,2024-11-06,580.6346435546875
SPY,2024-11-07,585.1241455078125
SPY,2024-11-08,587.6587524414062
SPY,2024-11-11,588.2186279296875
SPY,2024-11-12,586.3914794921875
SPY,2024-11-13,586.6763305664062
SPY,2024-11-14,582.9039306640625
SPY,2024-11-15,575.437744140625
SPY,2024-11-18,577.7954711914062
SPY,2024-11-19,579.9076538085938
SPY,2024-11-20,580.1041870117188
SPY,2024-11-21,583.21826171875
SPY,2024-11-22,585.02587890625
SPY,2024-11-25,587.0104370117188
SPY,2024-11-26,590.075439453125
SPY,2024-11-27,588.2874755859375
SPY,2024-11-29,591.9419555664062
SPY,2024-12-02,593.0029296875
SPY,2024-12-03,593.2779541015625
SPY,2024-12-04,596.9619140625
SPY,2024-12-05,595.9796142578125
SPY,2024-12-06,597.1093139648438
SPY,2024-12-09,594.034423828125
SPY,2024-12-10,592.1875610351562
SPY,2024-12-11,596.7655029296875
SPY,2024-12-12,593.690673828125
SPY,2024-12-13,593.57275390625
SPY,2024-12-16,596.1072998046875
SPY,2024-12-17,593.6513671875
SPY,2024-12-18,575.95849609375
SPY,2024-12-19,575.7815551757812
SPY,2024-12-20,582.6973266601562
SPY,2024-12-23,586.1866455078125
SPY,2024-12-24,592.7020263671875
SPY,2024-12-26,592.7416381835938
SPY,2024-12-27,586.5020751953125
SPY,2024-12-30,579.8091430664062
SPY,2024-12-31,577.6997680664062
SPY,2025-01-02,576.2802734375
SPY,2025-01-03,583.4857788085938
SPY,2025-01-06,586.8469848632812
SPY,2025-01-07,580.2133178710938
SPY,2025-01-08,581.0609741210938
SPY,2025-01-10,572.189697265625
SPY,2025-01-13,573.0768432617188
SPY,2025-01-14,573.8652954101562
SPY,2025-01-15,584.303955078125
SPY,2025-01-16,583.1802368164062
SPY,2025-01-17,589.0352783203125
SPY,2025-01-21,594.4270629882812
SPY,2025-01-22,597.7685546875
SPY,2025-01-23,601.0313110351562
SPY,2025-01-24,599.2767333984375
SPY,2025-01-27,590.7997436523438
SPY,2025-01-28,595.8760986328125
SPY,2025-01-29,593.204833984375
SPY,2025-01-30,596.388671875
SPY,2025-01-31,593.2146606445312
SPY,2025-02-03,589.2225952148438
SPY,2025-02-04,593.1752319335938
SPY,2025-02-05,595.580322265625
SPY,2025-02-06,597.650390625
SPY,2025-02-07,592.1796875
SPY,2025-02-10,596.2012939453125
SPY,2025-02-11,596.6548461914062
SPY,2025-02-12,594.7326049804688
SPY,2025-02-13,601.0115356445312
SPY,2025-02-14,600.9819946289062
SPY,2025-02-18,602.746337890625
SPY,2025-02-19,604.1658325195312
SPY,2025-02-20,601.6522827148438
SPY,2025-02-21,591.361572265625
SPY,2025-02-24,588.670654296875
SPY,2025-02-25,585.7431030273438
SPY,2025-02-26,586.0386962890625
SPY,2025-02-27,576.6843872070312
SPY,2025-02-28,585.6838989257812
SPY,2025-03-03,575.4227905273438
SPY,2025-03-04,568.611572265625
SPY,2025-03-05,574.7229614257812
SPY,2025-03-06,564.52099609375
SPY,2025-03-07,567.6849365234375
SPY,2025-03-10,552.5643920898438
SPY,2025-03-11,547.9708862304688
SPY,2025-03-12,550.8788452148438
SPY,2025-03-13,543.5353393554688
SPY,2025-03-14,554.7625122070312
SPY,2025-03-17,559.0404052734375
SPY,2025-03-18,552.998046875
SPY,2025-03-19,559.0206909179688
SPY,2025-03-20,557.4041137695312
SPY,2025-03-21,557.5880737304688
SPY,2025-03-24,567.5736083984375
SPY,2025-03-25,568.93798828125
SPY,2025-03-26,562.1458129882812
SPY,2025-03-27,560.6529541015625
SPY,2025-03-28,549.3623657226562
SPY,2025-03-31,553.0501098632812
SPY,2025-04-01,554.6121826171875
SPY,2025-04-02,558.1220092773438
SPY,2025-04-03,530.6172485351562
SPY,2025-04-04,499.5533447265625
SPY,2025-04-07,498.6635437011719
SPY,2025-04-08,490.8531188964844
SPY,2025-04-09,542.4021606445312
SPY,2025-04-10,518.6346435546875
SPY,2025-04-11,527.888427734375
SPY,2025-04-14,533.0098266601562
SPY,2025-04-15,531.5169067382812
SPY,2025-04-16,519.7023315429688
SPY,2025-04-17,520.44384765625
SPY,2025-04-21,508.05584716796875
SPY,2025-04-22,521.2744140625
SPY,2025-04-23,529.3516845703125
SPY,2025-04-24,540.4940185546875
SPY,2025-04-25,544.3992919921875
SPY,2025-04-28,544.6068725585938
SPY,2025-04-29,548.0374755859375
SPY,2025-04-30,548.2550659179688
SPY,2025-05-01,552.1405029296875
SPY,2025-05-02,560.3365478515625
SPY,2025-05-05,557.1234130859375
SPY,2025-05-06,552.4667358398438
SPY,2025-05-07,554.7901611328125
SPY,2025-05-08,558.6558837890625
SPY,2025-05-09,557.9439697265625
SPY,2025-05-12,576.3826293945312
SPY,2025-05-13,580.1890258789062
SPY,2025-05-14,580.9304809570312
SPY,2025-05-15,583.7680053710938
SPY,2025-05-16,587.4655151367188
SPY,2025-05-19,588.108154296875
SPY,2025-05-20,586.130859375
SPY,2025-05-21,576.2540893554688
SPY,2025-05-22,576.4814453125
SPY,2025-05-23,572.5465698242188
SPY,2025-05-27,584.4501342773438
SPY,2025-05-28,581.0689086914062
SPY,2025-05-29,583.3626098632812
SPY,2025-05-30,582.7100830078125
SPY,2025-06-02,585.992431640625
SPY,2025-06-03,589.3341064453125
SPY,2025-06-04,589.1759643554688
SPY,2025-06-05,586.3285522460938
SPY,2025-06-06,592.3495483398438
SPY,2025-06-09,592.8834228515625
SPY,2025-06-10,596.2449340820312
SPY,2025-06-11,594.54443359375
SPY,2025-06-12,596.9072875976562
SPY,2025-06-13,590.23388671875
SPY,2025-06-16,595.8494262695312
SPY,2025-06-17,590.7578735351562
SPY,2025-06-18,590.6688842773438
SPY,2025-06-20,589.2816162109375
SPY,2025-06-23,595.1021728515625
SPY,2025-06-24,601.676513671875
SPY,2025-06-25,602.0135498046875
SPY,2025-06-26,606.7236328125
SPY,2025-06-27,609.7380981445312
SPY,2025-06-30,612.6533203125
SPY,2025-07-01,612.455078125
SPY,2025-07-02,615.2315063476562
SPY,2025-07-03,620.0803833007812
SPY,2025-07-07,615.4595336914062
SPY,2025-07-08,615.1224365234375
SPY,2025-07-09,618.8110961914062
SPY,2025-07-10,620.5563354492188
SPY,2025-07-11,618.3748168945312
SPY,2025-07-14,619.5548095703125
SPY,2025-07-15,616.9072875976562
SPY,2025-07-16,618.9697265625
SPY,2025-07-17,622.7576293945312
SPY,2025-07-18,622.301513671875
SPY,2025-07-21,623.4815063476562
SPY,2025-07-22,623.5706787109375
SPY,2025-07-23,628.8757934570312
SPY,2025-07-24,629.083984375
SPY,2025-07-25,631.741455078125
SPY,2025-07-28,631.582763671875
SPY,2025-07-29,629.9169311523438
SPY,2025-07-30,629.1236572265625
SPY,2025-07-31,626.763671875
SPY,2025-08-01,616.4907836914062
SPY,2025-08-04,625.8612670898438
SPY,2025-08-05,622.6881713867188
SPY,2025-08-06,627.4578247070312
SPY,2025-08-07,626.9322509765625
SPY,2025-08-08,631.82080078125
SPY,2025-08-11,630.5712890625
SPY,2025-08-12,637.284423828125
SPY,2025-08-13,639.4659423828125
SPY,2025-08-14,639.5254516601562
SPY,2025-08-15,638.0281372070312
SPY,2025-08-18,637.8892822265625
SPY,2025-08-19,634.4286499023438
SPY,2025-08-20,632.7429809570312
SPY,2025-08-21,630.2044677734375
SPY,2025-08-22,639.88232421875
SPY,2025-08-25,637.0662231445312
SPY,2025-08-26,639.733642578125
SPY,2025-08-27,641.1912841796875
SPY,2025-08-28,643.4620361328125
SPY,2025-08-29,639.6245727539062
SPY,2025-09-02,634.884765625
SPY,2025-09-03,638.3255615234375
SPY,2025-09-04,643.6603393554688
SPY,2025-09-05,641.7960815429688
SPY,2025-09-08,643.372802734375
SPY,2025-09-09,644.8601684570312
SPY,2025-09-10,646.724365234375
SPY,2025-09-11,652.0987548828125
SPY,2025-09-12,651.8805541992188
SPY,2025-09-15,655.3511352539062
SPY,2025-09-16,654.4488525390625
SPY,2025-09-17,653.6357421875
SPY,2025-09-18,656.6898193359375
SPY,2025-09-19,659.9423217773438
SPY,2025-09-22,663.0645751953125
SPY,2025-09-23,659.4551391601562
SPY,2025-09-24,657.3569946289062
SPY,2025-09-25,654.3242797851562
SPY,2025-09-26,658.072998046875
SPY,2025-09-29,659.9224243164062
SPY,2025-09-30,662.4082641601562
SPY,2025-10-01,664.6654052734375
SPY,2025-10-02,665.4309692382812
SPY,2025-10-03,665.421142578125
SPY,2025-10-06,667.8074951171875
SPY,2025-10-07,665.3316040039062
SPY,2025-10-08,669.2990112304688
SPY,2025-10-09,667.3600463867188
SPY,2025-10-10,649.32275390625
SPY,2025-10-13,659.2860107421875
SPY,2025-10-14,658.4805908203125
SPY,2025-10-15,661.4039306640625
SPY,2025-10-16,656.8995971679688
SPY,2025-10-17,660.62841796875
SPY,2025-10-20,667.499267578125
SPY,2025-10-21,667.4893188476562
SPY,2025-10-22,664.0191040039062
SPY,2025-10-23,667.9566650390625
SPY,2025-10-24,673.4155883789062
SPY,2025-10-27,681.3603515625
SPY,2025-10-28,683.1700439453125
SPY,2025-10-29,683.4982299804688
SPY,2025-10-30,675.9810180664062
SPY,2025-10-31,678.1983032226562
SPY,2025-11-03,679.4711303710938
SPY,2025-11-04,671.4169921875
SPY,2025-11-05,673.7437133789062
SPY,2025-11-06,666.514892578125
SPY,2025-11-07,667.1710815429688
SPY,2025-11-10,677.5818481445312
SPY,2025-11-11,679.1329956054688
SPY,2025-11-12,679.5109252929688
SPY,2025-11-13,668.235107421875
SPY,2025-11-14,668.1256713867188
SPY,2025-11-17,661.901123046875
SPY,2025-11-18,656.3427734375
SPY,2025-11-19,658.8783569335938
SPY,2025-11-20,648.8355712890625
SPY,2025-11-21,655.2987670898438
SPY,2025-11-24,664.9437866210938
SPY,2025-11-25,671.1982421875
SPY,2025-11-26,675.8318481445312
SPY,2025-11-28,679.5208129882812
SPY,2025-12-01,676.41845703125
SPY,2025-12-02,677.67138671875
SPY,2025-12-03,680.0180053710938
SPY,2025-12-04,680.51513671875
SPY,2025-12-05,681.8078002929688
SPY,2025-12-08,679.7594604492188
SPY,2025-12-09,679.1727905273438
SPY,2025-12-10,683.6771850585938
SPY,2025-12-11,685.26806640625
SPY,2025-12-12,677.9000854492188
SPY,2025-12-15,676.8758544921875
SPY,2025-12-16,675.0264282226562
SPY,2025-12-17,667.5986938476562
SPY,2025-12-18,672.6399536132812
SPY,2025-12-19,678.7363891601562
SPY,2025-12-22,682.96484375
SPY,2025-12-23,686.0863037109375
SPY,2025-12-24,688.4996948242188
SPY,2025-12-26,688.4298706054688
SPY,2025-12-29,685.9765625
SPY,2025-12-30,685.138916015625
SPY,2025-12-31,680.062744140625
SPY,2026-01-02,681.309326171875
SPY,2026-01-05,685.846923828125
SPY,2026-01-06,689.92578125
SPY,2026-01-07,687.701904296875
SPY,2026-01-08,687.632080078125
SPY,2026-01-09,692.1796264648438
SPY,2026-01-12,693.2666625976562
SPY,2026-01-13,691.8804931640625
SPY,2026-01-14,688.479736328125
SPY,2026-01-15,690.3546142578125
SPY,2026-01-16,689.7761840820312
SPY,2026-01-20,675.7345581054688
SPY,2026-01-21,683.5332641601562
SPY,2026-01-22,687.103515625
SPY,2026-01-23,687.352783203125
SPY,2026-01-26,690.84326171875
SPY,2026-01-27,693.5957641601562
SPY,2026-01-28,693.5259399414062
SPY,2026-01-29,692.1497192382812
SPY,2026-01-30,690.0853271484375
SPY,2026-02-02,693.5159912109375
SPY,2026-02-03,687.6520385742188
SPY,2026-02-04,684.3211059570312
SPY,2026-02-05,675.7744750976562
SPY,2026-02-06,688.739013671875
SPY,2026-02-09,692.0599975585938
SPY,2026-02-10,690.2349243164062
SPY,2026-02-11,690.075439453125
SPY,2026-02-12,679.41455078125
SPY,2026-02-13,679.8931884765625
SPY,2026-02-17,680.9901733398438
SPY,2026-02-18,684.4208374023438
SPY,2026-02-19,682.61572265625
SPY,2026-02-20,687.5523071289062
SPY,2026-02-23,680.531494140625
SPY,2026-02-24,685.4779052734375
SPY,2026-02-25,691.26220703125
SPY,2026-02-26,687.422607421875
SPY,2026-02-27,684.1216430664062
SPY,2026-03-02,684.5106201171875
SPY,2026-03-03,678.4771118164062
SPY,2026-03-04,683.2639770507812
SPY,2026-03-05,679.4544067382812
SPY,2026-03-06,670.5487060546875
SPY,2026-03-09,676.4227294921875
SPY,2026-03-10,675.3356323242188
SPY,2026-03-11,674.4879760742188
SPY,2026-03-12,664.2459106445312
SPY,2026-03-13,660.4862060546875
SPY,2026-03-16,667.2078857421875
SPY,2026-03-17,668.9630126953125
SPY,2026-03-18,659.6285400390625
SPY,2026-03-19,658.0029907226562
SPY,2026-03-20,648.5700073242188
SPY,2026-03-23,655.3800048828125
SPY,2026-03-24,653.1799926757812
SPY,2026-03-25,656.8200073242188
SPY,2026-03-26,645.0900268554688
SPY,2026-03-27,634.0900268554688
SPY,2026-03-30,631.969970703125
SPY,2026-03-31,650.3400268554688
SPY,2026-04-01,655.239990234375
SPY,2026-04-02,655.8300170898438
SPY,2026-04-06,658.9299926757812
SPY,2026-04-07,659.219970703125
SPY,2026-04-08,676.010009765625
SPY,2026-04-09,679.9099731445312
SPY,2026-04-10,679.4600219726562
SPY,2026-04-13,686.0999755859375
SPY,2026-04-14,694.4600219726562
SPY,2026-04-15,699.9400024414062
SPY,2026-04-16,701.6599731445312
SPY,2026-04-17,710.1400146484375
SPY,2026-04-20,708.719970703125
SPY,2026-04-21,704.0800170898438
SPY,2026-04-22,711.2100219726562
SPY,2026-04-23,708.4500122070312
SPY,2026-04-24,713.9400024414062
SPY,2026-04-27,715.1699829101562
SPY,2026-04-28,711.6900024414062
SPY,2026-04-29,711.5800170898438
SPY,2026-04-30,718.6599731445312
SPY,2026-05-01,720.6500244140625
SPY,2026-05-04,718.010009765625
SPY,2026-05-05,723.77001953125
SPY,2026-05-06,733.8300170898438
SPY,2026-05-07,731.5800170898438
SPY,2026-05-08,737.6199951171875
SPY,2026-05-11,739.2999877929688
SPY,2026-05-12,738.1799926757812
SPY,2026-05-13,742.3099975585938
SPY,2026-05-14,748.1699829101562
SPY,2026-05-15,739.1699829101562
SPY,2026-05-18,738.6500244140625
SPY,2026-05-19,733.72998046875
SPY,2026-05-20,741.25
SPY,2026-05-21,742.719970703125
SPY,2026-05-22,745.6400146484375
SPY,2026-05-26,750.5900268554688
SPY,2026-05-27,750.4600219726562
SPY,2026-05-28,754.5999755859375
SPY,2026-05-29,756.47998046875
SPY,2026-06-01,758.5399780273438
SPY,2026-06-02,759.5700073242188
SPY,2026-06-03,754.239990234375
SPY,2026-06-04,757.0900268554688
SPY,2026-06-05,737.5499877929688
SPY,2026-06-08,739.219970703125
SPY,2026-06-09,737.0499877929688
SPY,2026-06-10,725.4299926757812
SPY,2026-06-11,737.760009765625
SPY,2026-06-12,739.5549926757812
^VIX,2010-01-04,20.040000915527344
^VIX,2010-01-05,19.350000381469727
^VIX,2010-01-06,19.15999984741211
^VIX,2010-01-07,19.059999465942383
^VIX,2010-01-08,18.1299991607666
^VIX,2010-01-11,17.549999237060547
^VIX,2010-01-12,18.25
^VIX,2010-01-13,17.850000381469727
^VIX,2010-01-14,17.6299991607666
^VIX,2010-01-15,17.90999984741211
^VIX,2010-01-19,17.579999923706055
^VIX,2010-01-20,18.68000030517578
^VIX,2010-01-21,22.270000457763672
^VIX,2010-01-22,27.309999465942383
^VIX,2010-01-25,25.40999984741211
^VIX,2010-01-26,24.549999237060547
^VIX,2010-01-27,23.139999389648438
^VIX,2010-01-28,23.729999542236328
^VIX,2010-01-29,24.6200008392334
^VIX,2010-02-01,22.59000015258789
^VIX,2010-02-02,21.479999542236328
^VIX,2010-02-03,21.600000381469727
^VIX,2010-02-04,26.079999923706055
^VIX,2010-02-05,26.110000610351562
^VIX,2010-02-08,26.510000228881836
^VIX,2010-02-09,26.0
^VIX,2010-02-10,25.399999618530273
^VIX,2010-02-11,23.959999084472656
^VIX,2010-02-12,22.729999542236328
^VIX,2010-02-16,22.25
^VIX,2010-02-17,21.719999313354492
^VIX,2010-02-18,20.6299991607666
^VIX,2010-02-19,20.020000457763672
^VIX,2010-02-22,19.940000534057617
^VIX,2010-02-23,21.3700008392334
^VIX,2010-02-24,20.270000457763672
^VIX,2010-02-25,20.100000381469727
^VIX,2010-02-26,19.5
^VIX,2010-03-01,19.260000228881836
^VIX,2010-03-02,19.059999465942383
^VIX,2010-03-03,18.829999923706055
^VIX,2010-03-04,18.719999313354492
^VIX,2010-03-05,17.420000076293945
^VIX,2010-03-08,17.790000915527344
^VIX,2010-03-09,17.920000076293945
^VIX,2010-03-10,18.56999969482422
^VIX,2010-03-11,18.059999465942383
^VIX,2010-03-12,17.579999923706055
^VIX,2010-03-15,18.0
^VIX,2010-03-16,17.690000534057617
^VIX,2010-03-17,16.90999984741211
^VIX,2010-03-18,16.6200008392334
^VIX,2010-03-19,16.969999313354492
^VIX,2010-03-22,16.8700008392334
^VIX,2010-03-23,16.350000381469727
^VIX,2010-03-24,17.549999237060547
^VIX,2010-03-25,18.399999618530273
^VIX,2010-03-26,17.770000457763672
^VIX,2010-03-29,17.59000015258789
^VIX,2010-03-30,17.1299991607666
^VIX,2010-03-31,17.59000015258789
^VIX,2010-04-01,17.469999313354492
^VIX,2010-04-05,17.020000457763672
^VIX,2010-04-06,16.229999542236328
^VIX,2010-04-07,16.6200008392334
^VIX,2010-04-08,16.479999542236328
^VIX,2010-04-09,16.139999389648438
^VIX,2010-04-12,15.579999923706055
^VIX,2010-04-13,16.200000762939453
^VIX,2010-04-14,15.59000015258789
^VIX,2010-04-15,15.890000343322754
^VIX,2010-04-16,18.360000610351562
^VIX,2010-04-19,17.34000015258789
^VIX,2010-04-20,15.729999542236328
^VIX,2010-04-21,16.31999969482422
^VIX,2010-04-22,16.469999313354492
^VIX,2010-04-23,16.6200008392334
^VIX,2010-04-26,17.469999313354492
^VIX,2010-04-27,22.809999465942383
^VIX,2010-04-28,21.079999923706055
^VIX,2010-04-29,18.440000534057617
^VIX,2010-04-30,22.049999237060547
^VIX,2010-05-03,20.190000534057617
^VIX,2010-05-04,23.84000015258789
^VIX,2010-05-05,24.90999984741211
^VIX,2010-05-06,32.79999923706055
^VIX,2010-05-07,40.95000076293945
^VIX,2010-05-10,28.84000015258789
^VIX,2010-05-11,28.31999969482422
^VIX,2010-05-12,25.520000457763672
^VIX,2010-05-13,26.68000030517578
^VIX,2010-05-14,31.239999771118164
^VIX,2010-05-17,30.84000015258789
^VIX,2010-05-18,33.54999923706055
^VIX,2010-05-19,35.31999969482422
^VIX,2010-05-20,45.790000915527344
^VIX,2010-05-21,40.099998474121094
^VIX,2010-05-24,38.31999969482422
^VIX,2010-05-25,34.61000061035156
^VIX,2010-05-26,35.02000045776367
^VIX,2010-05-27,29.68000030517578
^VIX,2010-05-28,32.06999969482422
^VIX,2010-06-01,35.540000915527344
^VIX,2010-06-02,30.170000076293945
^VIX,2010-06-03,29.459999084472656
^VIX,2010-06-04,35.47999954223633
^VIX,2010-06-07,36.56999969482422
^VIX,2010-06-08,33.70000076293945
^VIX,2010-06-09,33.72999954223633
^VIX,2010-06-10,30.56999969482422
^VIX,2010-06-11,28.790000915527344
^VIX,2010-06-14,28.579999923706055
^VIX,2010-06-15,25.8700008392334
^VIX,2010-06-16,25.920000076293945
^VIX,2010-06-17,25.049999237060547
^VIX,2010-06-18,23.950000762939453
^VIX,2010-06-21,24.8799991607666
^VIX,2010-06-22,27.049999237060547
^VIX,2010-06-23,26.90999984741211
^VIX,2010-06-24,29.739999771118164
^VIX,2010-06-25,28.530000686645508
^VIX,2010-06-28,29.0
^VIX,2010-06-29,34.130001068115234
^VIX,2010-06-30,34.540000915527344
^VIX,2010-07-01,32.86000061035156
^VIX,2010-07-02,30.1200008392334
^VIX,2010-07-06,29.649999618530273
^VIX,2010-07-07,26.84000015258789
^VIX,2010-07-08,25.709999084472656
^VIX,2010-07-09,24.979999542236328
^VIX,2010-07-12,24.43000030517578
^VIX,2010-07-13,24.559999465942383
^VIX,2010-07-14,24.889999389648438
^VIX,2010-07-15,25.139999389648438
^VIX,2010-07-16,26.25
^VIX,2010-07-19,25.969999313354492
^VIX,2010-07-20,23.93000030517578
^VIX,2010-07-21,25.639999389648438
^VIX,2010-07-22,24.6299991607666
^VIX,2010-07-23,23.469999313354492
^VIX,2010-07-26,22.729999542236328
^VIX,2010-07-27,23.190000534057617
^VIX,2010-07-28,24.25
^VIX,2010-07-29,24.1299991607666
^VIX,2010-07-30,23.5
^VIX,2010-08-02,22.010000228881836
^VIX,2010-08-03,22.6299991607666
^VIX,2010-08-04,22.209999084472656
^VIX,2010-08-05,22.100000381469727
^VIX,2010-08-06,21.739999771118164
^VIX,2010-08-09,22.139999389648438
^VIX,2010-08-10,22.3700008392334
^VIX,2010-08-11,25.389999389648438
^VIX,2010-08-12,25.729999542236328
^VIX,2010-08-13,26.239999771118164
^VIX,2010-08-16,26.100000381469727
^VIX,2010-08-17,24.329999923706055
^VIX,2010-08-18,24.59000015258789
^VIX,2010-08-19,26.440000534057617
^VIX,2010-08-20,25.489999771118164
^VIX,2010-08-23,25.65999984741211
^VIX,2010-08-24,27.459999084472656
^VIX,2010-08-25,26.700000762939453
^VIX,2010-08-26,27.3700008392334
^VIX,2010-08-27,24.450000762939453
^VIX,2010-08-30,27.209999084472656
^VIX,2010-08-31,26.049999237060547
^VIX,2010-09-01,23.889999389648438
^VIX,2010-09-02,23.190000534057617
^VIX,2010-09-03,21.309999465942383
^VIX,2010-09-07,23.799999237060547
^VIX,2010-09-08,23.25
^VIX,2010-09-09,22.809999465942383
^VIX,2010-09-10,21.989999771118164
^VIX,2010-09-13,21.209999084472656
^VIX,2010-09-14,21.559999465942383
^VIX,2010-09-15,22.100000381469727
^VIX,2010-09-16,21.719999313354492
^VIX,2010-09-17,22.010000228881836
^VIX,2010-09-20,21.5
^VIX,2010-09-21,22.350000381469727
^VIX,2010-09-22,22.510000228881836
^VIX,2010-09-23,23.8700008392334
^VIX,2010-09-24,21.709999084472656
^VIX,2010-09-27,22.540000915527344
^VIX,2010-09-28,22.600000381469727
^VIX,2010-09-29,23.25
^VIX,2010-09-30,23.700000762939453
^VIX,2010-10-01,22.5
^VIX,2010-10-04,23.530000686645508
^VIX,2010-10-05,21.760000228881836
^VIX,2010-10-06,21.489999771118164
^VIX,2010-10-07,21.559999465942383
^VIX,2010-10-08,20.709999084472656
^VIX,2010-10-11,18.959999084472656
^VIX,2010-10-12,18.93000030517578
^VIX,2010-10-13,19.06999969482422
^VIX,2010-10-14,19.8799991607666
^VIX,2010-10-15,19.030000686645508
^VIX,2010-10-18,19.09000015258789
^VIX,2010-10-19,20.6299991607666
^VIX,2010-10-20,19.790000915527344
^VIX,2010-10-21,19.270000457763672
^VIX,2010-10-22,18.780000686645508
^VIX,2010-10-25,19.850000381469727
^VIX,2010-10-26,20.219999313354492
^VIX,2010-10-27,20.709999084472656
^VIX,2010-10-28,20.8799991607666
^VIX,2010-10-29,21.200000762939453
^VIX,2010-11-01,21.829999923706055
^VIX,2010-11-02,21.56999969482422
^VIX,2010-11-03,19.559999465942383
^VIX,2010-11-04,18.520000457763672
^VIX,2010-11-05,18.260000228881836
^VIX,2010-11-08,18.290000915527344
^VIX,2010-11-09,19.079999923706055
^VIX,2010-11-10,18.469999313354492
^VIX,2010-11-11,18.639999389648438
^VIX,2010-11-12,20.610000610351562
^VIX,2010-11-15,20.200000762939453
^VIX,2010-11-16,22.579999923706055
^VIX,2010-11-17,21.760000228881836
^VIX,2010-11-18,18.75
^VIX,2010-11-19,18.040000915527344
^VIX,2010-11-22,18.3700008392334
^VIX,2010-11-23,20.6299991607666
^VIX,2010-11-24,19.559999465942383
^VIX,2010-11-26,22.219999313354492
^VIX,2010-11-29,21.530000686645508
^VIX,2010-11-30,23.540000915527344
^VIX,2010-12-01,21.360000610351562
^VIX,2010-12-02,19.389999389648438
^VIX,2010-12-03,18.010000228881836
^VIX,2010-12-06,18.020000457763672
^VIX,2010-12-07,17.989999771118164
^VIX,2010-12-08,17.739999771118164
^VIX,2010-12-09,17.25
^VIX,2010-12-10,17.610000610351562
^VIX,2010-12-13,17.549999237060547
^VIX,2010-12-14,17.610000610351562
^VIX,2010-12-15,17.940000534057617
^VIX,2010-12-16,17.389999389648438
^VIX,2010-12-17,16.110000610351562
^VIX,2010-12-20,16.40999984741211
^VIX,2010-12-21,16.489999771118164
^VIX,2010-12-22,15.449999809265137
^VIX,2010-12-23,16.469999313354492
^VIX,2010-12-27,17.670000076293945
^VIX,2010-12-28,17.520000457763672
^VIX,2010-12-29,17.280000686645508
^VIX,2010-12-30,17.520000457763672
^VIX,2010-12-31,17.75
^VIX,2011-01-03,17.610000610351562
^VIX,2011-01-04,17.3799991607666
^VIX,2011-01-05,17.020000457763672
^VIX,2011-01-06,17.399999618530273
^VIX,2011-01-07,17.139999389648438
^VIX,2011-01-10,17.540000915527344
^VIX,2011-01-11,16.889999389648438
^VIX,2011-01-12,16.239999771118164
^VIX,2011-01-13,16.389999389648438
^VIX,2011-01-14,15.460000038146973
^VIX,2011-01-18,15.869999885559082
^VIX,2011-01-19,17.309999465942383
^VIX,2011-01-20,17.989999771118164
^VIX,2011-01-21,18.469999313354492
^VIX,2011-01-24,17.649999618530273
^VIX,2011-01-25,17.59000015258789
^VIX,2011-01-26,16.639999389648438
^VIX,2011-01-27,16.149999618530273
^VIX,2011-01-28,20.040000915527344
^VIX,2011-01-31,19.530000686645508
^VIX,2011-02-01,17.6299991607666
^VIX,2011-02-02,17.299999237060547
^VIX,2011-02-03,16.690000534057617
^VIX,2011-02-04,15.930000305175781
^VIX,2011-02-07,16.280000686645508
^VIX,2011-02-08,15.8100004196167
^VIX,2011-02-09,15.869999885559082
^VIX,2011-02-10,16.09000015258789
^VIX,2011-02-11,15.6899995803833
^VIX,2011-02-14,15.949999809265137
^VIX,2011-02-15,16.3700008392334
^VIX,2011-02-16,16.719999313354492
^VIX,2011-02-17,16.59000015258789
^VIX,2011-02-18,16.43000030517578
^VIX,2011-02-22,20.799999237060547
^VIX,2011-02-23,22.1299991607666
^VIX,2011-02-24,21.31999969482422
^VIX,2011-02-25,19.219999313354492
^VIX,2011-02-28,18.350000381469727
^VIX,2011-03-01,21.010000228881836
^VIX,2011-03-02,20.700000762939453
^VIX,2011-03-03,18.600000381469727
^VIX,2011-03-04,19.059999465942383
^VIX,2011-03-07,20.65999984741211
^VIX,2011-03-08,19.81999969482422
^VIX,2011-03-09,20.219999313354492
^VIX,2011-03-10,21.8799991607666
^VIX,2011-03-11,20.079999923706055
^VIX,2011-03-14,21.1299991607666
^VIX,2011-03-15,24.31999969482422
^VIX,2011-03-16,29.399999618530273
^VIX,2011-03-17,26.3700008392334
^VIX,2011-03-18,24.440000534057617
^VIX,2011-03-21,20.610000610351562
^VIX,2011-03-22,20.209999084472656
^VIX,2011-03-23,19.170000076293945
^VIX,2011-03-24,18.0
^VIX,2011-03-25,17.90999984741211
^VIX,2011-03-28,19.440000534057617
^VIX,2011-03-29,18.15999984741211
^VIX,2011-03-30,17.709999084472656
^VIX,2011-03-31,17.739999771118164
^VIX,2011-04-01,17.399999618530273
^VIX,2011-04-04,17.5
^VIX,2011-04-05,17.25
^VIX,2011-04-06,16.899999618530273
^VIX,2011-04-07,17.110000610351562
^VIX,2011-04-08,17.8700008392334
^VIX,2011-04-11,16.59000015258789
^VIX,2011-04-12,17.09000015258789
^VIX,2011-04-13,16.920000076293945
^VIX,2011-04-14,16.270000457763672
^VIX,2011-04-15,15.319999694824219
^VIX,2011-04-18,16.959999084472656
^VIX,2011-04-19,15.829999923706055
^VIX,2011-04-20,15.069999694824219
^VIX,2011-04-21,14.6899995803833
^VIX,2011-04-25,15.770000457763672
^VIX,2011-04-26,15.619999885559082
^VIX,2011-04-27,15.350000381469727
^VIX,2011-04-28,14.619999885559082
^VIX,2011-04-29,14.75
^VIX,2011-05-02,15.989999771118164
^VIX,2011-05-03,16.700000762939453
^VIX,2011-05-04,17.079999923706055
^VIX,2011-05-05,18.200000762939453
^VIX,2011-05-06,18.399999618530273
^VIX,2011-05-09,17.15999984741211
^VIX,2011-05-10,15.90999984741211
^VIX,2011-05-11,16.950000762939453
^VIX,2011-05-12,16.030000686645508
^VIX,2011-05-13,17.06999969482422
^VIX,2011-05-16,18.239999771118164
^VIX,2011-05-17,17.549999237060547
^VIX,2011-05-18,16.229999542236328
^VIX,2011-05-19,15.520000457763672
^VIX,2011-05-20,17.43000030517578
^VIX,2011-05-23,18.270000457763672
^VIX,2011-05-24,17.81999969482422
^VIX,2011-05-25,17.06999969482422
^VIX,2011-05-26,16.09000015258789
^VIX,2011-05-27,15.979999542236328
^VIX,2011-05-31,15.449999809265137
^VIX,2011-06-01,18.299999237060547
^VIX,2011-06-02,18.09000015258789
^VIX,2011-06-03,17.950000762939453
^VIX,2011-06-06,18.489999771118164
^VIX,2011-06-07,18.06999969482422
^VIX,2011-06-08,18.790000915527344
^VIX,2011-06-09,17.770000457763672
^VIX,2011-06-10,18.860000610351562
^VIX,2011-06-13,19.610000610351562
^VIX,2011-06-14,18.260000228881836
^VIX,2011-06-15,21.31999969482422
^VIX,2011-06-16,22.729999542236328
^VIX,2011-06-17,21.850000381469727
^VIX,2011-06-20,19.989999771118164
^VIX,2011-06-21,18.860000610351562
^VIX,2011-06-22,18.520000457763672
^VIX,2011-06-23,19.290000915527344
^VIX,2011-06-24,21.100000381469727
^VIX,2011-06-27,20.559999465942383
^VIX,2011-06-28,19.170000076293945
^VIX,2011-06-29,17.270000457763672
^VIX,2011-06-30,16.520000457763672
^VIX,2011-07-01,15.869999885559082
^VIX,2011-07-05,16.059999465942383
^VIX,2011-07-06,16.34000015258789
^VIX,2011-07-07,15.949999809265137
^VIX,2011-07-08,15.949999809265137
^VIX,2011-07-11,18.389999389648438
^VIX,2011-07-12,19.8700008392334
^VIX,2011-07-13,19.90999984741211
^VIX,2011-07-14,20.799999237060547
^VIX,2011-07-15,19.530000686645508
^VIX,2011-07-18,20.950000762939453
^VIX,2011-07-19,19.209999084472656
^VIX,2011-07-20,19.09000015258789
^VIX,2011-07-21,17.559999465942383
^VIX,2011-07-22,17.520000457763672
^VIX,2011-07-25,19.350000381469727
^VIX,2011-07-26,20.229999542236328
^VIX,2011-07-27,22.979999542236328
^VIX,2011-07-28,23.739999771118164
^VIX,2011-07-29,25.25
^VIX,2011-08-01,23.65999984741211
^VIX,2011-08-02,24.790000915527344
^VIX,2011-08-03,23.3799991607666
^VIX,2011-08-04,31.65999984741211
^VIX,2011-08-05,32.0
^VIX,2011-08-08,48.0
^VIX,2011-08-09,35.060001373291016
^VIX,2011-08-10,42.9900016784668
^VIX,2011-08-11,39.0
^VIX,2011-08-12,36.36000061035156
^VIX,2011-08-15,31.8700008392334
^VIX,2011-08-16,32.849998474121094
^VIX,2011-08-17,31.579999923706055
^VIX,2011-08-18,42.66999816894531
^VIX,2011-08-19,43.04999923706055
^VIX,2011-08-22,42.439998626708984
^VIX,2011-08-23,36.27000045776367
^VIX,2011-08-24,35.900001525878906
^VIX,2011-08-25,39.7599983215332
^VIX,2011-08-26,35.59000015258789
^VIX,2011-08-29,32.279998779296875
^VIX,2011-08-30,32.88999938964844
^VIX,2011-08-31,31.6200008392334
^VIX,2011-09-01,31.81999969482422
^VIX,2011-09-02,33.91999816894531
^VIX,2011-09-06,37.0
^VIX,2011-09-07,33.380001068115234
^VIX,2011-09-08,34.31999969482422
^VIX,2011-09-09,38.52000045776367
^VIX,2011-09-12,38.59000015258789
^VIX,2011-09-13,36.90999984741211
^VIX,2011-09-14,34.599998474121094
^VIX,2011-09-15,31.969999313354492
^VIX,2011-09-16,30.979999542236328
^VIX,2011-09-19,32.72999954223633
^VIX,2011-09-20,32.86000061035156
^VIX,2011-09-21,37.31999969482422
^VIX,2011-09-22,41.349998474121094
^VIX,2011-09-23,41.25
^VIX,2011-09-26,39.02000045776367
^VIX,2011-09-27,37.709999084472656
^VIX,2011-09-28,41.08000183105469
^VIX,2011-09-29,38.84000015258789
^VIX,2011-09-30,42.959999084472656
^VIX,2011-10-03,45.45000076293945
^VIX,2011-10-04,40.81999969482422
^VIX,2011-10-05,37.810001373291016
^VIX,2011-10-06,36.27000045776367
^VIX,2011-10-07,36.20000076293945
^VIX,2011-10-10,33.02000045776367
^VIX,2011-10-11,32.86000061035156
^VIX,2011-10-12,31.260000228881836
^VIX,2011-10-13,30.700000762939453
^VIX,2011-10-14,28.239999771118164
^VIX,2011-10-17,33.38999938964844
^VIX,2011-10-18,31.559999465942383
^VIX,2011-10-19,34.439998626708984
^VIX,2011-10-20,34.779998779296875
^VIX,2011-10-21,31.31999969482422
^VIX,2011-10-24,29.260000228881836
^VIX,2011-10-25,32.220001220703125
^VIX,2011-10-26,29.860000610351562
^VIX,2011-10-27,25.459999084472656
^VIX,2011-10-28,24.530000686645508
^VIX,2011-10-31,29.959999084472656
^VIX,2011-11-01,34.77000045776367
^VIX,2011-11-02,32.7400016784668
^VIX,2011-11-03,30.5
^VIX,2011-11-04,30.15999984741211
^VIX,2011-11-07,29.850000381469727
^VIX,2011-11-08,27.479999542236328
^VIX,2011-11-09,36.15999984741211
^VIX,2011-11-10,32.810001373291016
^VIX,2011-11-11,30.040000915527344
^VIX,2011-11-14,31.1299991607666
^VIX,2011-11-15,31.219999313354492
^VIX,2011-11-16,33.5099983215332
^VIX,2011-11-17,34.5099983215332
^VIX,2011-11-18,32.0
^VIX,2011-11-21,32.90999984741211
^VIX,2011-11-22,31.969999313354492
^VIX,2011-11-23,33.97999954223633
^VIX,2011-11-25,34.470001220703125
^VIX,2011-11-28,32.130001068115234
^VIX,2011-11-29,30.639999389648438
^VIX,2011-11-30,27.799999237060547
^VIX,2011-12-01,27.40999984741211
^VIX,2011-12-02,27.520000457763672
^VIX,2011-12-05,27.84000015258789
^VIX,2011-12-06,28.1299991607666
^VIX,2011-12-07,28.670000076293945
^VIX,2011-12-08,30.59000015258789
^VIX,2011-12-09,26.3799991607666
^VIX,2011-12-12,25.670000076293945
^VIX,2011-12-13,25.40999984741211
^VIX,2011-12-14,26.040000915527344
^VIX,2011-12-15,25.110000610351562
^VIX,2011-12-16,24.290000915527344
^VIX,2011-12-19,24.920000076293945
^VIX,2011-12-20,23.219999313354492
^VIX,2011-12-21,21.43000030517578
^VIX,2011-12-22,21.15999984741211
^VIX,2011-12-23,20.729999542236328
^VIX,2011-12-27,21.90999984741211
^VIX,2011-12-28,23.520000457763672
^VIX,2011-12-29,22.649999618530273
^VIX,2011-12-30,23.399999618530273
^VIX,2012-01-03,22.969999313354492
^VIX,2012-01-04,22.219999313354492
^VIX,2012-01-05,21.479999542236328
^VIX,2012-01-06,20.6299991607666
^VIX,2012-01-09,21.06999969482422
^VIX,2012-01-10,20.690000534057617
^VIX,2012-01-11,21.049999237060547
^VIX,2012-01-12,20.469999313354492
^VIX,2012-01-13,20.90999984741211
^VIX,2012-01-17,22.200000762939453
^VIX,2012-01-18,20.889999389648438
^VIX,2012-01-19,19.8700008392334
^VIX,2012-01-20,18.280000686645508
^VIX,2012-01-23,18.670000076293945
^VIX,2012-01-24,18.90999984741211
^VIX,2012-01-25,18.309999465942383
^VIX,2012-01-26,18.56999969482422
^VIX,2012-01-27,18.530000686645508
^VIX,2012-01-30,19.399999618530273
^VIX,2012-01-31,19.440000534057617
^VIX,2012-02-01,18.549999237060547
^VIX,2012-02-02,17.979999542236328
^VIX,2012-02-03,17.100000381469727
^VIX,2012-02-06,17.760000228881836
^VIX,2012-02-07,17.649999618530273
^VIX,2012-02-08,18.15999984741211
^VIX,2012-02-09,18.6299991607666
^VIX,2012-02-10,20.790000915527344
^VIX,2012-02-13,19.040000915527344
^VIX,2012-02-14,19.540000915527344
^VIX,2012-02-15,21.139999389648438
^VIX,2012-02-16,19.219999313354492
^VIX,2012-02-17,17.780000686645508
^VIX,2012-02-21,18.190000534057617
^VIX,2012-02-22,18.190000534057617
^VIX,2012-02-23,16.799999237060547
^VIX,2012-02-24,17.309999465942383
^VIX,2012-02-27,18.190000534057617
^VIX,2012-02-28,17.959999084472656
^VIX,2012-02-29,18.43000030517578
^VIX,2012-03-01,17.260000228881836
^VIX,2012-03-02,17.290000915527344
^VIX,2012-03-05,18.049999237060547
^VIX,2012-03-06,20.8700008392334
^VIX,2012-03-07,19.06999969482422
^VIX,2012-03-08,17.950000762939453
^VIX,2012-03-09,17.110000610351562
^VIX,2012-03-12,15.640000343322754
^VIX,2012-03-13,14.800000190734863
^VIX,2012-03-14,15.3100004196167
^VIX,2012-03-15,15.420000076293945
^VIX,2012-03-16,14.470000267028809
^VIX,2012-03-19,15.039999961853027
^VIX,2012-03-20,15.579999923706055
^VIX,2012-03-21,15.130000114440918
^VIX,2012-03-22,15.569999694824219
^VIX,2012-03-23,14.819999694824219
^VIX,2012-03-26,14.260000228881836
^VIX,2012-03-27,15.59000015258789
^VIX,2012-03-28,15.470000267028809
^VIX,2012-03-29,15.479999542236328
^VIX,2012-03-30,15.5
^VIX,2012-04-02,15.640000343322754
^VIX,2012-04-03,15.65999984741211
^VIX,2012-04-04,16.440000534057617
^VIX,2012-04-05,16.700000762939453
^VIX,2012-04-09,18.809999465942383
^VIX,2012-04-10,20.389999389648438
^VIX,2012-04-11,20.020000457763672
^VIX,2012-04-12,17.200000762939453
^VIX,2012-04-13,19.549999237060547
^VIX,2012-04-16,19.549999237060547
^VIX,2012-04-17,18.459999084472656
^VIX,2012-04-18,18.639999389648438
^VIX,2012-04-19,18.360000610351562
^VIX,2012-04-20,17.440000534057617
^VIX,2012-04-23,18.969999313354492
^VIX,2012-04-24,18.100000381469727
^VIX,2012-04-25,16.81999969482422
^VIX,2012-04-26,16.239999771118164
^VIX,2012-04-27,16.31999969482422
^VIX,2012-04-30,17.149999618530273
^VIX,2012-05-01,16.600000381469727
^VIX,2012-05-02,16.8799991607666
^VIX,2012-05-03,17.559999465942383
^VIX,2012-05-04,19.15999984741211
^VIX,2012-05-07,18.940000534057617
^VIX,2012-05-08,19.049999237060547
^VIX,2012-05-09,20.079999923706055
^VIX,2012-05-10,18.829999923706055
^VIX,2012-05-11,19.889999389648438
^VIX,2012-05-14,21.8700008392334
^VIX,2012-05-15,21.969999313354492
^VIX,2012-05-16,22.270000457763672
^VIX,2012-05-17,24.489999771118164
^VIX,2012-05-18,25.100000381469727
^VIX,2012-05-21,22.010000228881836
^VIX,2012-05-22,22.479999542236328
^VIX,2012-05-23,22.329999923706055
^VIX,2012-05-24,21.540000915527344
^VIX,2012-05-25,21.760000228881836
^VIX,2012-05-29,21.030000686645508
^VIX,2012-05-30,24.139999389648438
^VIX,2012-05-31,24.059999465942383
^VIX,2012-06-01,26.65999984741211
^VIX,2012-06-04,26.1200008392334
^VIX,2012-06-05,24.68000030517578
^VIX,2012-06-06,22.15999984741211
^VIX,2012-06-07,21.719999313354492
^VIX,2012-06-08,21.229999542236328
^VIX,2012-06-11,23.559999465942383
^VIX,2012-06-12,22.09000015258789
^VIX,2012-06-13,24.270000457763672
^VIX,2012-06-14,21.68000030517578
^VIX,2012-06-15,21.110000610351562
^VIX,2012-06-18,18.31999969482422
^VIX,2012-06-19,18.3799991607666
^VIX,2012-06-20,17.239999771118164
^VIX,2012-06-21,20.079999923706055
^VIX,2012-06-22,18.110000610351562
^VIX,2012-06-25,20.3799991607666
^VIX,2012-06-26,19.719999313354492
^VIX,2012-06-27,19.450000762939453
^VIX,2012-06-28,19.709999084472656
^VIX,2012-06-29,17.079999923706055
^VIX,2012-07-02,16.799999237060547
^VIX,2012-07-03,16.65999984741211
^VIX,2012-07-05,17.5
^VIX,2012-07-06,17.100000381469727
^VIX,2012-07-09,17.979999542236328
^VIX,2012-07-10,18.719999313354492
^VIX,2012-07-11,17.950000762939453
^VIX,2012-07-12,18.329999923706055
^VIX,2012-07-13,16.739999771118164
^VIX,2012-07-16,17.110000610351562
^VIX,2012-07-17,16.479999542236328
^VIX,2012-07-18,16.15999984741211
^VIX,2012-07-19,15.449999809265137
^VIX,2012-07-20,16.270000457763672
^VIX,2012-07-23,18.6200008392334
^VIX,2012-07-24,20.469999313354492
^VIX,2012-07-25,19.34000015258789
^VIX,2012-07-26,17.530000686645508
^VIX,2012-07-27,16.700000762939453
^VIX,2012-07-30,18.030000686645508
^VIX,2012-07-31,18.93000030517578
^VIX,2012-08-01,18.959999084472656
^VIX,2012-08-02,17.56999969482422
^VIX,2012-08-03,15.640000343322754
^VIX,2012-08-06,15.949999809265137
^VIX,2012-08-07,15.989999771118164
^VIX,2012-08-08,15.319999694824219
^VIX,2012-08-09,15.279999732971191
^VIX,2012-08-10,14.739999771118164
^VIX,2012-08-13,13.699999809265137
^VIX,2012-08-14,14.850000381469727
^VIX,2012-08-15,14.630000114440918
^VIX,2012-08-16,14.289999961853027
^VIX,2012-08-17,13.449999809265137
^VIX,2012-08-20,14.020000457763672
^VIX,2012-08-21,15.020000457763672
^VIX,2012-08-22,15.109999656677246
^VIX,2012-08-23,15.960000038146973
^VIX,2012-08-24,15.180000305175781
^VIX,2012-08-27,16.350000381469727
^VIX,2012-08-28,16.489999771118164
^VIX,2012-08-29,17.059999465942383
^VIX,2012-08-30,17.829999923706055
^VIX,2012-08-31,17.469999313354492
^VIX,2012-09-04,17.979999542236328
^VIX,2012-09-05,17.739999771118164
^VIX,2012-09-06,15.600000381469727
^VIX,2012-09-07,14.380000114440918
^VIX,2012-09-10,16.280000686645508
^VIX,2012-09-11,16.40999984741211
^VIX,2012-09-12,15.800000190734863
^VIX,2012-09-13,14.050000190734863
^VIX,2012-09-14,14.510000228881836
^VIX,2012-09-17,14.59000015258789
^VIX,2012-09-18,14.180000305175781
^VIX,2012-09-19,13.880000114440918
^VIX,2012-09-20,14.069999694824219
^VIX,2012-09-21,13.979999542236328
^VIX,2012-09-24,14.149999618530273
^VIX,2012-09-25,15.430000305175781
^VIX,2012-09-26,16.809999465942383
^VIX,2012-09-27,14.84000015258789
^VIX,2012-09-28,15.729999542236328
^VIX,2012-10-01,16.31999969482422
^VIX,2012-10-02,15.710000038146973
^VIX,2012-10-03,15.430000305175781
^VIX,2012-10-04,14.550000190734863
^VIX,2012-10-05,14.329999923706055
^VIX,2012-10-08,15.109999656677246
^VIX,2012-10-09,16.3700008392334
^VIX,2012-10-10,16.290000915527344
^VIX,2012-10-11,15.59000015258789
^VIX,2012-10-12,16.139999389648438
^VIX,2012-10-15,15.270000457763672
^VIX,2012-10-16,15.220000267028809
^VIX,2012-10-17,15.069999694824219
^VIX,2012-10-18,15.029999732971191
^VIX,2012-10-19,17.059999465942383
^VIX,2012-10-22,16.6200008392334
^VIX,2012-10-23,18.829999923706055
^VIX,2012-10-24,18.329999923706055
^VIX,2012-10-25,18.1200008392334
^VIX,2012-10-26,17.809999465942383
^VIX,2012-10-31,18.600000381469727
^VIX,2012-11-01,16.690000534057617
^VIX,2012-11-02,17.59000015258789
^VIX,2012-11-05,18.420000076293945
^VIX,2012-11-06,17.579999923706055
^VIX,2012-11-07,19.079999923706055
^VIX,2012-11-08,18.489999771118164
^VIX,2012-11-09,18.610000610351562
^VIX,2012-11-12,16.68000030517578
^VIX,2012-11-13,16.649999618530273
^VIX,2012-11-14,17.920000076293945
^VIX,2012-11-15,17.989999771118164
^VIX,2012-11-16,16.40999984741211
^VIX,2012-11-19,15.239999771118164
^VIX,2012-11-20,15.079999923706055
^VIX,2012-11-21,15.3100004196167
^VIX,2012-11-23,15.140000343322754
^VIX,2012-11-26,15.5
^VIX,2012-11-27,15.920000076293945
^VIX,2012-11-28,15.510000228881836
^VIX,2012-11-29,15.0600004196167
^VIX,2012-11-30,15.869999885559082
^VIX,2012-12-03,16.639999389648438
^VIX,2012-12-04,17.1200008392334
^VIX,2012-12-05,16.459999084472656
^VIX,2012-12-06,16.579999923706055
^VIX,2012-12-07,15.899999618530273
^VIX,2012-12-10,16.049999237060547
^VIX,2012-12-11,15.569999694824219
^VIX,2012-12-12,15.949999809265137
^VIX,2012-12-13,16.559999465942383
^VIX,2012-12-14,17.0
^VIX,2012-12-17,16.34000015258789
^VIX,2012-12-18,15.569999694824219
^VIX,2012-12-19,17.360000610351562
^VIX,2012-12-20,17.670000076293945
^VIX,2012-12-21,17.84000015258789
^VIX,2012-12-24,17.84000015258789
^VIX,2012-12-26,19.479999542236328
^VIX,2012-12-27,19.469999313354492
^VIX,2012-12-28,22.719999313354492
^VIX,2012-12-31,18.020000457763672
^VIX,2013-01-02,14.680000305175781
^VIX,2013-01-03,14.5600004196167
^VIX,2013-01-04,13.829999923706055
^VIX,2013-01-07,13.789999961853027
^VIX,2013-01-08,13.619999885559082
^VIX,2013-01-09,13.8100004196167
^VIX,2013-01-10,13.489999771118164
^VIX,2013-01-11,13.359999656677246
^VIX,2013-01-14,13.520000457763672
^VIX,2013-01-15,13.550000190734863
^VIX,2013-01-16,13.420000076293945
^VIX,2013-01-17,13.569999694824219
^VIX,2013-01-18,12.460000038146973
^VIX,2013-01-22,12.430000305175781
^VIX,2013-01-23,12.460000038146973
^VIX,2013-01-24,12.6899995803833
^VIX,2013-01-25,12.890000343322754
^VIX,2013-01-28,13.569999694824219
^VIX,2013-01-29,13.3100004196167
^VIX,2013-01-30,14.319999694824219
^VIX,2013-01-31,14.279999732971191
^VIX,2013-02-01,12.899999618530273
^VIX,2013-02-04,14.670000076293945
^VIX,2013-02-05,13.720000267028809
^VIX,2013-02-06,13.40999984741211
^VIX,2013-02-07,13.5
^VIX,2013-02-08,13.020000457763672
^VIX,2013-02-11,12.9399995803833
^VIX,2013-02-12,12.640000343322754
^VIX,2013-02-13,12.979999542236328
^VIX,2013-02-14,12.65999984741211
^VIX,2013-02-15,12.460000038146973
^VIX,2013-02-19,12.3100004196167
^VIX,2013-02-20,14.680000305175781
^VIX,2013-02-21,15.220000267028809
^VIX,2013-02-22,14.170000076293945
^VIX,2013-02-25,18.989999771118164
^VIX,2013-02-26,16.8700008392334
^VIX,2013-02-27,14.729999542236328
^VIX,2013-02-28,15.510000228881836
^VIX,2013-03-01,15.359999656677246
^VIX,2013-03-04,14.010000228881836
^VIX,2013-03-05,13.479999542236328
^VIX,2013-03-06,13.529999732971191
^VIX,2013-03-07,13.0600004196167
^VIX,2013-03-08,12.59000015258789
^VIX,2013-03-11,11.5600004196167
^VIX,2013-03-12,12.270000457763672
^VIX,2013-03-13,11.829999923706055
^VIX,2013-03-14,11.300000190734863
^VIX,2013-03-15,11.300000190734863
^VIX,2013-03-18,13.359999656677246
^VIX,2013-03-19,14.390000343322754
^VIX,2013-03-20,12.670000076293945
^VIX,2013-03-21,13.989999771118164
^VIX,2013-03-22,13.569999694824219
^VIX,2013-03-25,13.739999771118164
^VIX,2013-03-26,12.770000457763672
^VIX,2013-03-27,13.149999618530273
^VIX,2013-03-28,12.699999809265137
^VIX,2013-04-01,13.579999923706055
^VIX,2013-04-02,12.779999732971191
^VIX,2013-04-03,14.210000038146973
^VIX,2013-04-04,13.890000343322754
^VIX,2013-04-05,13.920000076293945
^VIX,2013-04-08,13.1899995803833
^VIX,2013-04-09,12.84000015258789
^VIX,2013-04-10,12.359999656677246
^VIX,2013-04-11,12.239999771118164
^VIX,2013-04-12,12.0600004196167
^VIX,2013-04-15,17.270000457763672
^VIX,2013-04-16,13.960000038146973
^VIX,2013-04-17,16.510000228881836
^VIX,2013-04-18,17.559999465942383
^VIX,2013-04-19,14.970000267028809
^VIX,2013-04-22,14.390000343322754
^VIX,2013-04-23,13.479999542236328
^VIX,2013-04-24,13.609999656677246
^VIX,2013-04-25,13.619999885559082
^VIX,2013-04-26,13.609999656677246
^VIX,2013-04-29,13.710000038146973
^VIX,2013-04-30,13.520000457763672
^VIX,2013-05-01,14.489999771118164
^VIX,2013-05-02,13.59000015258789
^VIX,2013-05-03,12.850000381469727
^VIX,2013-05-06,12.65999984741211
^VIX,2013-05-07,12.829999923706055
^VIX,2013-05-08,12.65999984741211
^VIX,2013-05-09,13.130000114440918
^VIX,2013-05-10,12.59000015258789
^VIX,2013-05-13,12.550000190734863
^VIX,2013-05-14,12.770000457763672
^VIX,2013-05-15,12.8100004196167
^VIX,2013-05-16,13.069999694824219
^VIX,2013-05-17,12.449999809265137
^VIX,2013-05-20,13.020000457763672
^VIX,2013-05-21,13.369999885559082
^VIX,2013-05-22,13.819999694824219
^VIX,2013-05-23,14.069999694824219
^VIX,2013-05-24,13.989999771118164
^VIX,2013-05-28,14.479999542236328
^VIX,2013-05-29,14.829999923706055
^VIX,2013-05-30,14.529999732971191
^VIX,2013-05-31,16.299999237060547
^VIX,2013-06-03,16.280000686645508
^VIX,2013-06-04,16.270000457763672
^VIX,2013-06-05,17.5
^VIX,2013-06-06,16.6299991607666
^VIX,2013-06-07,15.140000343322754
^VIX,2013-06-10,15.4399995803833
^VIX,2013-06-11,17.06999969482422
^VIX,2013-06-12,18.59000015258789
^VIX,2013-06-13,16.40999984741211
^VIX,2013-06-14,17.149999618530273
^VIX,2013-06-17,16.799999237060547
^VIX,2013-06-18,16.610000610351562
^VIX,2013-06-19,16.639999389648438
^VIX,2013-06-20,20.489999771118164
^VIX,2013-06-21,18.899999618530273
^VIX,2013-06-24,20.110000610351562
^VIX,2013-06-25,18.469999313354492
^VIX,2013-06-26,17.209999084472656
^VIX,2013-06-27,16.860000610351562
^VIX,2013-06-28,16.860000610351562
^VIX,2013-07-01,16.3700008392334
^VIX,2013-07-02,16.440000534057617
^VIX,2013-07-03,16.200000762939453
^VIX,2013-07-05,14.890000343322754
^VIX,2013-07-08,14.779999732971191
^VIX,2013-07-09,14.350000381469727
^VIX,2013-07-10,14.210000038146973
^VIX,2013-07-11,14.010000228881836
^VIX,2013-07-12,13.84000015258789
^VIX,2013-07-15,13.789999961853027
^VIX,2013-07-16,14.420000076293945
^VIX,2013-07-17,13.779999732971191
^VIX,2013-07-18,13.770000457763672
^VIX,2013-07-19,12.539999961853027
^VIX,2013-07-22,12.289999961853027
^VIX,2013-07-23,12.65999984741211
^VIX,2013-07-24,13.180000305175781
^VIX,2013-07-25,12.970000267028809
^VIX,2013-07-26,12.720000267028809
^VIX,2013-07-29,13.390000343322754
^VIX,2013-07-30,13.390000343322754
^VIX,2013-07-31,13.449999809265137
^VIX,2013-08-01,12.9399995803833
^VIX,2013-08-02,11.979999542236328
^VIX,2013-08-05,11.84000015258789
^VIX,2013-08-06,12.720000267028809
^VIX,2013-08-07,12.979999542236328
^VIX,2013-08-08,12.729999542236328
^VIX,2013-08-09,13.40999984741211
^VIX,2013-08-12,12.8100004196167
^VIX,2013-08-13,12.3100004196167
^VIX,2013-08-14,13.039999961853027
^VIX,2013-08-15,14.729999542236328
^VIX,2013-08-16,14.369999885559082
^VIX,2013-08-19,15.100000381469727
^VIX,2013-08-20,14.90999984741211
^VIX,2013-08-21,15.9399995803833
^VIX,2013-08-22,14.760000228881836
^VIX,2013-08-23,13.979999542236328
^VIX,2013-08-26,14.989999771118164
^VIX,2013-08-27,16.770000457763672
^VIX,2013-08-28,16.489999771118164
^VIX,2013-08-29,16.809999465942383
^VIX,2013-08-30,17.010000228881836
^VIX,2013-09-03,16.610000610351562
^VIX,2013-09-04,15.880000114440918
^VIX,2013-09-05,15.770000457763672
^VIX,2013-09-06,15.850000381469727
^VIX,2013-09-09,15.630000114440918
^VIX,2013-09-10,14.529999732971191
^VIX,2013-09-11,13.819999694824219
^VIX,2013-09-12,14.289999961853027
^VIX,2013-09-13,14.15999984741211
^VIX,2013-09-16,14.380000114440918
^VIX,2013-09-17,14.529999732971191
^VIX,2013-09-18,13.59000015258789
^VIX,2013-09-19,13.15999984741211
^VIX,2013-09-20,13.119999885559082
^VIX,2013-09-23,14.3100004196167
^VIX,2013-09-24,14.079999923706055
^VIX,2013-09-25,14.010000228881836
^VIX,2013-09-26,14.0600004196167
^VIX,2013-09-27,15.460000038146973
^VIX,2013-09-30,16.600000381469727
^VIX,2013-10-01,15.539999961853027
^VIX,2013-10-02,16.600000381469727
^VIX,2013-10-03,17.670000076293945
^VIX,2013-10-04,16.739999771118164
^VIX,2013-10-07,19.40999984741211
^VIX,2013-10-08,20.34000015258789
^VIX,2013-10-09,19.600000381469727
^VIX,2013-10-10,16.479999542236328
^VIX,2013-10-11,15.720000267028809
^VIX,2013-10-14,16.06999969482422
^VIX,2013-10-15,18.65999984741211
^VIX,2013-10-16,14.710000038146973
^VIX,2013-10-17,13.479999542236328
^VIX,2013-10-18,13.039999961853027
^VIX,2013-10-21,13.15999984741211
^VIX,2013-10-22,13.329999923706055
^VIX,2013-10-23,13.420000076293945
^VIX,2013-10-24,13.199999809265137
^VIX,2013-10-25,13.09000015258789
^VIX,2013-10-28,13.3100004196167
^VIX,2013-10-29,13.40999984741211
^VIX,2013-10-30,13.649999618530273
^VIX,2013-10-31,13.75
^VIX,2013-11-01,13.279999732971191
^VIX,2013-11-04,12.930000305175781
^VIX,2013-11-05,13.270000457763672
^VIX,2013-11-06,12.670000076293945
^VIX,2013-11-07,13.90999984741211
^VIX,2013-11-08,12.899999618530273
^VIX,2013-11-11,12.529999732971191
^VIX,2013-11-12,12.819999694824219
^VIX,2013-11-13,12.520000457763672
^VIX,2013-11-14,12.369999885559082
^VIX,2013-11-15,12.1899995803833
^VIX,2013-11-18,13.100000381469727
^VIX,2013-11-19,13.390000343322754
^VIX,2013-11-20,13.399999618530273
^VIX,2013-11-21,12.65999984741211
^VIX,2013-11-22,12.260000228881836
^VIX,2013-11-25,12.789999961853027
^VIX,2013-11-26,12.8100004196167
^VIX,2013-11-27,12.979999542236328
^VIX,2013-11-29,13.699999809265137
^VIX,2013-12-02,14.229999542236328
^VIX,2013-12-03,14.550000190734863
^VIX,2013-12-04,14.699999809265137
^VIX,2013-12-05,15.079999923706055
^VIX,2013-12-06,13.789999961853027
^VIX,2013-12-09,13.489999771118164
^VIX,2013-12-10,13.90999984741211
^VIX,2013-12-11,15.420000076293945
^VIX,2013-12-12,15.539999961853027
^VIX,2013-12-13,15.760000228881836
^VIX,2013-12-16,16.030000686645508
^VIX,2013-12-17,16.209999084472656
^VIX,2013-12-18,13.800000190734863
^VIX,2013-12-19,14.149999618530273
^VIX,2013-12-20,13.789999961853027
^VIX,2013-12-23,13.039999961853027
^VIX,2013-12-24,12.479999542236328
^VIX,2013-12-26,12.329999923706055
^VIX,2013-12-27,12.460000038146973
^VIX,2013-12-30,13.5600004196167
^VIX,2013-12-31,13.720000267028809
^VIX,2014-01-02,14.229999542236328
^VIX,2014-01-03,13.760000228881836
^VIX,2014-01-06,13.550000190734863
^VIX,2014-01-07,12.920000076293945
^VIX,2014-01-08,12.869999885559082
^VIX,2014-01-09,12.890000343322754
^VIX,2014-01-10,12.140000343322754
^VIX,2014-01-13,13.279999732971191
^VIX,2014-01-14,12.279999732971191
^VIX,2014-01-15,12.279999732971191
^VIX,2014-01-16,12.529999732971191
^VIX,2014-01-17,12.4399995803833
^VIX,2014-01-21,12.869999885559082
^VIX,2014-01-22,12.84000015258789
^VIX,2014-01-23,13.770000457763672
^VIX,2014-01-24,18.139999389648438
^VIX,2014-01-27,17.420000076293945
^VIX,2014-01-28,15.800000190734863
^VIX,2014-01-29,17.350000381469727
^VIX,2014-01-30,17.290000915527344
^VIX,2014-01-31,18.40999984741211
^VIX,2014-02-03,21.440000534057617
^VIX,2014-02-04,19.110000610351562
^VIX,2014-02-05,19.950000762939453
^VIX,2014-02-06,17.229999542236328
^VIX,2014-02-07,15.289999961853027
^VIX,2014-02-10,15.260000228881836
^VIX,2014-02-11,14.510000228881836
^VIX,2014-02-12,14.300000190734863
^VIX,2014-02-13,14.140000343322754
^VIX,2014-02-14,13.569999694824219
^VIX,2014-02-18,13.869999885559082
^VIX,2014-02-19,15.5
^VIX,2014-02-20,14.789999961853027
^VIX,2014-02-21,14.680000305175781
^VIX,2014-02-24,14.229999542236328
^VIX,2014-02-25,13.670000076293945
^VIX,2014-02-26,14.350000381469727
^VIX,2014-02-27,14.039999961853027
^VIX,2014-02-28,14.0
^VIX,2014-03-03,16.0
^VIX,2014-03-04,14.100000381469727
^VIX,2014-03-05,13.890000343322754
^VIX,2014-03-06,14.210000038146973
^VIX,2014-03-07,14.109999656677246
^VIX,2014-03-10,14.199999809265137
^VIX,2014-03-11,14.800000190734863
^VIX,2014-03-12,14.470000267028809
^VIX,2014-03-13,16.219999313354492
^VIX,2014-03-14,17.81999969482422
^VIX,2014-03-17,15.640000343322754
^VIX,2014-03-18,14.520000457763672
^VIX,2014-03-19,15.119999885559082
^VIX,2014-03-20,14.520000457763672
^VIX,2014-03-21,15.0
^VIX,2014-03-24,15.09000015258789
^VIX,2014-03-25,14.020000457763672
^VIX,2014-03-26,14.930000305175781
^VIX,2014-03-27,14.619999885559082
^VIX,2014-03-28,14.40999984741211
^VIX,2014-03-31,13.880000114440918
^VIX,2014-04-01,13.100000381469727
^VIX,2014-04-02,13.09000015258789
^VIX,2014-04-03,13.369999885559082
^VIX,2014-04-04,13.960000038146973
^VIX,2014-04-07,15.569999694824219
^VIX,2014-04-08,14.890000343322754
^VIX,2014-04-09,13.819999694824219
^VIX,2014-04-10,15.890000343322754
^VIX,2014-04-11,17.030000686645508
^VIX,2014-04-14,16.110000610351562
^VIX,2014-04-15,15.609999656677246
^VIX,2014-04-16,14.180000305175781
^VIX,2014-04-17,13.359999656677246
^VIX,2014-04-21,13.25
^VIX,2014-04-22,13.1899995803833
^VIX,2014-04-23,13.270000457763672
^VIX,2014-04-24,13.319999694824219
^VIX,2014-04-25,14.0600004196167
^VIX,2014-04-28,13.970000267028809
^VIX,2014-04-29,13.710000038146973
^VIX,2014-04-30,13.40999984741211
^VIX,2014-05-01,13.25
^VIX,2014-05-02,12.90999984741211
^VIX,2014-05-05,13.289999961853027
^VIX,2014-05-06,13.800000190734863
^VIX,2014-05-07,13.399999618530273
^VIX,2014-05-08,13.430000305175781
^VIX,2014-05-09,12.920000076293945
^VIX,2014-05-12,12.229999542236328
^VIX,2014-05-13,12.130000114440918
^VIX,2014-05-14,12.170000076293945
^VIX,2014-05-15,13.170000076293945
^VIX,2014-05-16,12.4399995803833
^VIX,2014-05-19,12.420000076293945
^VIX,2014-05-20,12.960000038146973
^VIX,2014-05-21,11.90999984741211
^VIX,2014-05-22,12.029999732971191
^VIX,2014-05-23,11.359999656677246
^VIX,2014-05-27,11.510000228881836
^VIX,2014-05-28,11.680000305175781
^VIX,2014-05-29,11.569999694824219
^VIX,2014-05-30,11.399999618530273
^VIX,2014-06-02,11.579999923706055
^VIX,2014-06-03,11.869999885559082
^VIX,2014-06-04,12.079999923706055
^VIX,2014-06-05,11.680000305175781
^VIX,2014-06-06,10.729999542236328
^VIX,2014-06-09,11.149999618530273
^VIX,2014-06-10,10.989999771118164
^VIX,2014-06-11,11.600000381469727
^VIX,2014-06-12,12.5600004196167
^VIX,2014-06-13,12.180000305175781
^VIX,2014-06-16,12.649999618530273
^VIX,2014-06-17,12.0600004196167
^VIX,2014-06-18,10.609999656677246
^VIX,2014-06-19,10.619999885559082
^VIX,2014-06-20,10.850000381469727
^VIX,2014-06-23,10.979999542236328
^VIX,2014-06-24,12.130000114440918
^VIX,2014-06-25,11.59000015258789
^VIX,2014-06-26,11.630000114440918
^VIX,2014-06-27,11.260000228881836
^VIX,2014-06-30,11.569999694824219
^VIX,2014-07-01,11.149999618530273
^VIX,2014-07-02,10.819999694824219
^VIX,2014-07-03,10.319999694824219
^VIX,2014-07-07,11.329999923706055
^VIX,2014-07-08,11.979999542236328
^VIX,2014-07-09,11.649999618530273
^VIX,2014-07-10,12.59000015258789
^VIX,2014-07-11,12.079999923706055
^VIX,2014-07-14,11.819999694824219
^VIX,2014-07-15,11.960000038146973
^VIX,2014-07-16,11.0
^VIX,2014-07-17,14.539999961853027
^VIX,2014-07-18,12.0600004196167
^VIX,2014-07-21,12.8100004196167
^VIX,2014-07-22,12.239999771118164
^VIX,2014-07-23,11.520000457763672
^VIX,2014-07-24,11.84000015258789
^VIX,2014-07-25,12.6899995803833
^VIX,2014-07-28,12.5600004196167
^VIX,2014-07-29,13.279999732971191
^VIX,2014-07-30,13.329999923706055
^VIX,2014-07-31,16.950000762939453
^VIX,2014-08-01,17.030000686645508
^VIX,2014-08-04,15.119999885559082
^VIX,2014-08-05,16.8700008392334
^VIX,2014-08-06,16.3700008392334
^VIX,2014-08-07,16.65999984741211
^VIX,2014-08-08,15.770000457763672
^VIX,2014-08-11,14.229999542236328
^VIX,2014-08-12,14.130000114440918
^VIX,2014-08-13,12.899999618530273
^VIX,2014-08-14,12.420000076293945
^VIX,2014-08-15,13.149999618530273
^VIX,2014-08-18,12.319999694824219
^VIX,2014-08-19,12.210000038146973
^VIX,2014-08-20,11.779999732971191
^VIX,2014-08-21,11.760000228881836
^VIX,2014-08-22,11.470000267028809
^VIX,2014-08-25,11.699999809265137
^VIX,2014-08-26,11.630000114440918
^VIX,2014-08-27,11.779999732971191
^VIX,2014-08-28,12.050000190734863
^VIX,2014-08-29,12.09000015258789
^VIX,2014-09-02,12.25
^VIX,2014-09-03,12.359999656677246
^VIX,2014-09-04,12.640000343322754
^VIX,2014-09-05,12.09000015258789
^VIX,2014-09-08,12.65999984741211
^VIX,2014-09-09,13.5
^VIX,2014-09-10,12.880000114440918
^VIX,2014-09-11,12.800000190734863
^VIX,2014-09-12,13.3100004196167
^VIX,2014-09-15,14.119999885559082
^VIX,2014-09-16,12.729999542236328
^VIX,2014-09-17,12.649999618530273
^VIX,2014-09-18,12.029999732971191
^VIX,2014-09-19,12.109999656677246
^VIX,2014-09-22,13.6899995803833
^VIX,2014-09-23,14.930000305175781
^VIX,2014-09-24,13.270000457763672
^VIX,2014-09-25,15.640000343322754
^VIX,2014-09-26,14.850000381469727
^VIX,2014-09-29,15.979999542236328
^VIX,2014-09-30,16.309999465942383
^VIX,2014-10-01,16.709999084472656
^VIX,2014-10-02,16.15999984741211
^VIX,2014-10-03,14.550000190734863
^VIX,2014-10-06,15.460000038146973
^VIX,2014-10-07,17.200000762939453
^VIX,2014-10-08,15.109999656677246
^VIX,2014-10-09,18.760000228881836
^VIX,2014-10-10,21.239999771118164
^VIX,2014-10-13,24.639999389648438
^VIX,2014-10-14,22.790000915527344
^VIX,2014-10-15,25.270000457763672
^VIX,2014-10-16,25.200000762939453
^VIX,2014-10-17,21.989999771118164
^VIX,2014-10-20,18.56999969482422
^VIX,2014-10-21,16.079999923706055
^VIX,2014-10-22,17.8700008392334
^VIX,2014-10-23,16.530000686645508
^VIX,2014-10-24,16.110000610351562
^VIX,2014-10-27,16.040000915527344
^VIX,2014-10-28,14.390000343322754
^VIX,2014-10-29,15.149999618530273
^VIX,2014-10-30,14.520000457763672
^VIX,2014-10-31,14.029999732971191
^VIX,2014-11-03,14.729999542236328
^VIX,2014-11-04,14.890000343322754
^VIX,2014-11-05,14.170000076293945
^VIX,2014-11-06,13.670000076293945
^VIX,2014-11-07,13.119999885559082
^VIX,2014-11-10,12.670000076293945
^VIX,2014-11-11,12.920000076293945
^VIX,2014-11-12,13.020000457763672
^VIX,2014-11-13,13.789999961853027
^VIX,2014-11-14,13.3100004196167
^VIX,2014-11-17,13.989999771118164
^VIX,2014-11-18,13.859999656677246
^VIX,2014-11-19,13.960000038146973
^VIX,2014-11-20,13.579999923706055
^VIX,2014-11-21,12.899999618530273
^VIX,2014-11-24,12.619999885559082
^VIX,2014-11-25,12.25
^VIX,2014-11-26,12.069999694824219
^VIX,2014-11-28,13.329999923706055
^VIX,2014-12-01,14.15999984741211
^VIX,2014-12-02,12.850000381469727
^VIX,2014-12-03,12.5
^VIX,2014-12-04,12.380000114440918
^VIX,2014-12-05,11.890000343322754
^VIX,2014-12-08,14.210000038146973
^VIX,2014-12-09,15.350000381469727
^VIX,2014-12-10,18.530000686645508
^VIX,2014-12-11,20.079999923706055
^VIX,2014-12-12,21.079999923706055
^VIX,2014-12-15,20.420000076293945
^VIX,2014-12-16,23.56999969482422
^VIX,2014-12-17,19.440000534057617
^VIX,2014-12-18,16.809999465942383
^VIX,2014-12-19,16.489999771118164
^VIX,2014-12-22,15.25
^VIX,2014-12-23,14.800000190734863
^VIX,2014-12-24,14.369999885559082
^VIX,2014-12-26,14.5
^VIX,2014-12-29,15.0600004196167
^VIX,2014-12-30,15.920000076293945
^VIX,2014-12-31,19.200000762939453
^VIX,2015-01-02,17.790000915527344
^VIX,2015-01-05,19.920000076293945
^VIX,2015-01-06,21.1200008392334
^VIX,2015-01-07,19.309999465942383
^VIX,2015-01-08,17.010000228881836
^VIX,2015-01-09,17.549999237060547
^VIX,2015-01-12,19.600000381469727
^VIX,2015-01-13,20.559999465942383
^VIX,2015-01-14,21.479999542236328
^VIX,2015-01-15,22.389999389648438
^VIX,2015-01-16,20.950000762939453
^VIX,2015-01-20,19.889999389648438
^VIX,2015-01-21,18.850000381469727
^VIX,2015-01-22,16.399999618530273
^VIX,2015-01-23,16.65999984741211
^VIX,2015-01-26,15.520000457763672
^VIX,2015-01-27,17.219999313354492
^VIX,2015-01-28,20.440000534057617
^VIX,2015-01-29,18.760000228881836
^VIX,2015-01-30,20.969999313354492
^VIX,2015-02-02,19.43000030517578
^VIX,2015-02-03,17.329999923706055
^VIX,2015-02-04,18.329999923706055
^VIX,2015-02-05,16.850000381469727
^VIX,2015-02-06,17.290000915527344
^VIX,2015-02-09,18.549999237060547
^VIX,2015-02-10,17.229999542236328
^VIX,2015-02-11,16.959999084472656
^VIX,2015-02-12,15.34000015258789
^VIX,2015-02-13,14.6899995803833
^VIX,2015-02-17,15.800000190734863
^VIX,2015-02-18,15.449999809265137
^VIX,2015-02-19,15.289999961853027
^VIX,2015-02-20,14.300000190734863
^VIX,2015-02-23,14.5600004196167
^VIX,2015-02-24,13.6899995803833
^VIX,2015-02-25,13.84000015258789
^VIX,2015-02-26,13.90999984741211
^VIX,2015-02-27,13.34000015258789
^VIX,2015-03-02,13.039999961853027
^VIX,2015-03-03,13.859999656677246
^VIX,2015-03-04,14.229999542236328
^VIX,2015-03-05,14.039999961853027
^VIX,2015-03-06,15.199999809265137
^VIX,2015-03-09,15.0600004196167
^VIX,2015-03-10,16.690000534057617
^VIX,2015-03-11,16.8700008392334
^VIX,2015-03-12,15.420000076293945
^VIX,2015-03-13,16.0
^VIX,2015-03-16,15.609999656677246
^VIX,2015-03-17,15.65999984741211
^VIX,2015-03-18,13.970000267028809
^VIX,2015-03-19,14.069999694824219
^VIX,2015-03-20,13.020000457763672
^VIX,2015-03-23,13.40999984741211
^VIX,2015-03-24,13.619999885559082
^VIX,2015-03-25,15.4399995803833
^VIX,2015-03-26,15.800000190734863
^VIX,2015-03-27,15.069999694824219
^VIX,2015-03-30,14.510000228881836
^VIX,2015-03-31,15.289999961853027
^VIX,2015-04-01,15.109999656677246
^VIX,2015-04-02,14.670000076293945
^VIX,2015-04-06,14.739999771118164
^VIX,2015-04-07,14.779999732971191
^VIX,2015-04-08,13.979999542236328
^VIX,2015-04-09,13.09000015258789
^VIX,2015-04-10,12.579999923706055
^VIX,2015-04-13,13.9399995803833
^VIX,2015-04-14,13.670000076293945
^VIX,2015-04-15,12.84000015258789
^VIX,2015-04-16,12.600000381469727
^VIX,2015-04-17,13.890000343322754
^VIX,2015-04-20,13.300000190734863
^VIX,2015-04-21,13.25
^VIX,2015-04-22,12.710000038146973
^VIX,2015-04-23,12.479999542236328
^VIX,2015-04-24,12.289999961853027
^VIX,2015-04-27,13.119999885559082
^VIX,2015-04-28,12.40999984741211
^VIX,2015-04-29,13.390000343322754
^VIX,2015-04-30,14.550000190734863
^VIX,2015-05-01,12.699999809265137
^VIX,2015-05-04,12.850000381469727
^VIX,2015-05-05,14.3100004196167
^VIX,2015-05-06,15.149999618530273
^VIX,2015-05-07,15.130000114440918
^VIX,2015-05-08,12.859999656677246
^VIX,2015-05-11,13.850000381469727
^VIX,2015-05-12,13.859999656677246
^VIX,2015-05-13,13.760000228881836
^VIX,2015-05-14,12.739999771118164
^VIX,2015-05-15,12.380000114440918
^VIX,2015-05-18,12.729999542236328
^VIX,2015-05-19,12.850000381469727
^VIX,2015-05-20,12.880000114440918
^VIX,2015-05-21,12.109999656677246
^VIX,2015-05-22,12.130000114440918
^VIX,2015-05-26,14.0600004196167
^VIX,2015-05-27,13.270000457763672
^VIX,2015-05-28,13.3100004196167
^VIX,2015-05-29,13.84000015258789
^VIX,2015-06-01,13.970000267028809
^VIX,2015-06-02,14.239999771118164
^VIX,2015-06-03,13.65999984741211
^VIX,2015-06-04,14.710000038146973
^VIX,2015-06-05,14.210000038146973
^VIX,2015-06-08,15.289999961853027
^VIX,2015-06-09,14.470000267028809
^VIX,2015-06-10,13.220000267028809
^VIX,2015-06-11,12.850000381469727
^VIX,2015-06-12,13.779999732971191
^VIX,2015-06-15,15.390000343322754
^VIX,2015-06-16,14.8100004196167
^VIX,2015-06-17,14.5
^VIX,2015-06-18,13.1899995803833
^VIX,2015-06-19,13.960000038146973
^VIX,2015-06-22,12.739999771118164
^VIX,2015-06-23,12.109999656677246
^VIX,2015-06-24,13.260000228881836
^VIX,2015-06-25,14.010000228881836
^VIX,2015-06-26,14.020000457763672
^VIX,2015-06-29,18.850000381469727
^VIX,2015-06-30,18.229999542236328
^VIX,2015-07-01,16.09000015258789
^VIX,2015-07-02,16.790000915527344
^VIX,2015-07-06,17.010000228881836
^VIX,2015-07-07,16.09000015258789
^VIX,2015-07-08,19.65999984741211
^VIX,2015-07-09,19.969999313354492
^VIX,2015-07-10,16.829999923706055
^VIX,2015-07-13,13.899999618530273
^VIX,2015-07-14,13.369999885559082
^VIX,2015-07-15,13.229999542236328
^VIX,2015-07-16,12.109999656677246
^VIX,2015-07-17,11.949999809265137
^VIX,2015-07-20,12.25
^VIX,2015-07-21,12.220000267028809
^VIX,2015-07-22,12.119999885559082
^VIX,2015-07-23,12.640000343322754
^VIX,2015-07-24,13.739999771118164
^VIX,2015-07-27,15.600000381469727
^VIX,2015-07-28,13.4399995803833
^VIX,2015-07-29,12.5
^VIX,2015-07-30,12.130000114440918
^VIX,2015-07-31,12.119999885559082
^VIX,2015-08-03,12.5600004196167
^VIX,2015-08-04,13.0
^VIX,2015-08-05,12.510000228881836
^VIX,2015-08-06,13.770000457763672
^VIX,2015-08-07,13.390000343322754
^VIX,2015-08-10,12.229999542236328
^VIX,2015-08-11,13.710000038146973
^VIX,2015-08-12,13.609999656677246
^VIX,2015-08-13,13.489999771118164
^VIX,2015-08-14,12.829999923706055
^VIX,2015-08-17,13.020000457763672
^VIX,2015-08-18,13.789999961853027
^VIX,2015-08-19,15.25
^VIX,2015-08-20,19.139999389648438
^VIX,2015-08-21,28.030000686645508
^VIX,2015-08-24,40.7400016784668
^VIX,2015-08-25,36.02000045776367
^VIX,2015-08-26,30.31999969482422
^VIX,2015-08-27,26.100000381469727
^VIX,2015-08-28,26.049999237060547
^VIX,2015-08-31,28.43000030517578
^VIX,2015-09-01,31.399999618530273
^VIX,2015-09-02,26.09000015258789
^VIX,2015-09-03,25.610000610351562
^VIX,2015-09-04,27.799999237060547
^VIX,2015-09-08,24.899999618530273
^VIX,2015-09-09,26.229999542236328
^VIX,2015-09-10,24.3700008392334
^VIX,2015-09-11,23.200000762939453
^VIX,2015-09-14,24.25
^VIX,2015-09-15,22.540000915527344
^VIX,2015-09-16,21.350000381469727
^VIX,2015-09-17,21.139999389648438
^VIX,2015-09-18,22.280000686645508
^VIX,2015-09-21,20.139999389648438
^VIX,2015-09-22,22.440000534057617
^VIX,2015-09-23,22.1299991607666
^VIX,2015-09-24,23.469999313354492
^VIX,2015-09-25,23.6200008392334
^VIX,2015-09-28,27.6299991607666
^VIX,2015-09-29,26.829999923706055
^VIX,2015-09-30,24.5
^VIX,2015-10-01,22.549999237060547
^VIX,2015-10-02,20.940000534057617
^VIX,2015-10-05,19.540000915527344
^VIX,2015-10-06,19.399999618530273
^VIX,2015-10-07,18.399999618530273
^VIX,2015-10-08,17.420000076293945
^VIX,2015-10-09,17.079999923706055
^VIX,2015-10-12,16.170000076293945
^VIX,2015-10-13,17.670000076293945
^VIX,2015-10-14,18.030000686645508
^VIX,2015-10-15,16.049999237060547
^VIX,2015-10-16,15.050000190734863
^VIX,2015-10-19,14.979999542236328
^VIX,2015-10-20,15.75
^VIX,2015-10-21,16.700000762939453
^VIX,2015-10-22,14.449999809265137
^VIX,2015-10-23,14.460000038146973
^VIX,2015-10-26,15.289999961853027
^VIX,2015-10-27,15.430000305175781
^VIX,2015-10-28,14.329999923706055
^VIX,2015-10-29,14.609999656677246
^VIX,2015-10-30,15.069999694824219
^VIX,2015-11-02,14.149999618530273
^VIX,2015-11-03,14.539999961853027
^VIX,2015-11-04,15.510000228881836
^VIX,2015-11-05,15.050000190734863
^VIX,2015-11-06,14.329999923706055
^VIX,2015-11-09,16.520000457763672
^VIX,2015-11-10,15.289999961853027
^VIX,2015-11-11,16.059999465942383
^VIX,2015-11-12,18.3700008392334
^VIX,2015-11-13,20.079999923706055
^VIX,2015-11-16,18.15999984741211
^VIX,2015-11-17,18.84000015258789
^VIX,2015-11-18,16.850000381469727
^VIX,2015-11-19,16.989999771118164
^VIX,2015-11-20,15.470000267028809
^VIX,2015-11-23,15.619999885559082
^VIX,2015-11-24,15.930000305175781
^VIX,2015-11-25,15.1899995803833
^VIX,2015-11-27,15.119999885559082
^VIX,2015-11-30,16.1299991607666
^VIX,2015-12-01,14.670000076293945
^VIX,2015-12-02,15.90999984741211
^VIX,2015-12-03,18.110000610351562
^VIX,2015-12-04,14.8100004196167
^VIX,2015-12-07,15.84000015258789
^VIX,2015-12-08,17.600000381469727
^VIX,2015-12-09,19.610000610351562
^VIX,2015-12-10,19.34000015258789
^VIX,2015-12-11,24.389999389648438
^VIX,2015-12-14,22.729999542236328
^VIX,2015-12-15,20.950000762939453
^VIX,2015-12-16,17.860000610351562
^VIX,2015-12-17,18.940000534057617
^VIX,2015-12-18,20.700000762939453
^VIX,2015-12-21,18.700000762939453
^VIX,2015-12-22,16.600000381469727
^VIX,2015-12-23,15.569999694824219
^VIX,2015-12-24,15.739999771118164
^VIX,2015-12-28,16.90999984741211
^VIX,2015-12-29,16.079999923706055
^VIX,2015-12-30,17.290000915527344
^VIX,2015-12-31,18.209999084472656
^VIX,2016-01-04,20.700000762939453
^VIX,2016-01-05,19.34000015258789
^VIX,2016-01-06,20.59000015258789
^VIX,2016-01-07,24.989999771118164
^VIX,2016-01-08,27.010000228881836
^VIX,2016-01-11,24.299999237060547
^VIX,2016-01-12,22.469999313354492
^VIX,2016-01-13,25.219999313354492
^VIX,2016-01-14,23.950000762939453
^VIX,2016-01-15,27.020000457763672
^VIX,2016-01-19,26.049999237060547
^VIX,2016-01-20,27.59000015258789
^VIX,2016-01-21,26.690000534057617
^VIX,2016-01-22,22.34000015258789
^VIX,2016-01-25,24.149999618530273
^VIX,2016-01-26,22.5
^VIX,2016-01-27,23.110000610351562
^VIX,2016-01-28,22.420000076293945
^VIX,2016-01-29,20.200000762939453
^VIX,2016-02-01,19.979999542236328
^VIX,2016-02-02,21.979999542236328
^VIX,2016-02-03,21.649999618530273
^VIX,2016-02-04,21.84000015258789
^VIX,2016-02-05,23.3799991607666
^VIX,2016-02-08,26.0
^VIX,2016-02-09,26.540000915527344
^VIX,2016-02-10,26.290000915527344
^VIX,2016-02-11,28.139999389648438
^VIX,2016-02-12,25.399999618530273
^VIX,2016-02-16,24.110000610351562
^VIX,2016-02-17,22.309999465942383
^VIX,2016-02-18,21.639999389648438
^VIX,2016-02-19,20.530000686645508
^VIX,2016-02-22,19.3799991607666
^VIX,2016-02-23,20.979999542236328
^VIX,2016-02-24,20.719999313354492
^VIX,2016-02-25,19.110000610351562
^VIX,2016-02-26,19.809999465942383
^VIX,2016-02-29,20.549999237060547
^VIX,2016-03-01,17.700000762939453
^VIX,2016-03-02,17.09000015258789
^VIX,2016-03-03,16.700000762939453
^VIX,2016-03-04,16.860000610351562
^VIX,2016-03-07,17.350000381469727
^VIX,2016-03-08,18.670000076293945
^VIX,2016-03-09,18.34000015258789
^VIX,2016-03-10,18.049999237060547
^VIX,2016-03-11,16.5
^VIX,2016-03-14,16.920000076293945
^VIX,2016-03-15,16.84000015258789
^VIX,2016-03-16,14.989999771118164
^VIX,2016-03-17,14.4399995803833
^VIX,2016-03-18,14.020000457763672
^VIX,2016-03-21,13.789999961853027
^VIX,2016-03-22,14.170000076293945
^VIX,2016-03-23,14.9399995803833
^VIX,2016-03-24,14.739999771118164
^VIX,2016-03-28,15.239999771118164
^VIX,2016-03-29,13.819999694824219
^VIX,2016-03-30,13.5600004196167
^VIX,2016-03-31,13.949999809265137
^VIX,2016-04-01,13.100000381469727
^VIX,2016-04-04,14.119999885559082
^VIX,2016-04-05,15.420000076293945
^VIX,2016-04-06,14.09000015258789
^VIX,2016-04-07,16.15999984741211
^VIX,2016-04-08,15.359999656677246
^VIX,2016-04-11,16.260000228881836
^VIX,2016-04-12,14.850000381469727
^VIX,2016-04-13,13.84000015258789
^VIX,2016-04-14,13.720000267028809
^VIX,2016-04-15,13.619999885559082
^VIX,2016-04-18,13.350000381469727
^VIX,2016-04-19,13.239999771118164
^VIX,2016-04-20,13.279999732971191
^VIX,2016-04-21,13.949999809265137
^VIX,2016-04-22,13.220000267028809
^VIX,2016-04-25,14.079999923706055
^VIX,2016-04-26,13.960000038146973
^VIX,2016-04-27,13.770000457763672
^VIX,2016-04-28,15.220000267028809
^VIX,2016-04-29,15.699999809265137
^VIX,2016-05-02,14.680000305175781
^VIX,2016-05-03,15.600000381469727
^VIX,2016-05-04,16.049999237060547
^VIX,2016-05-05,15.90999984741211
^VIX,2016-05-06,14.720000267028809
^VIX,2016-05-09,14.569999694824219
^VIX,2016-05-10,13.630000114440918
^VIX,2016-05-11,14.6899995803833
^VIX,2016-05-12,14.40999984741211
^VIX,2016-05-13,15.039999961853027
^VIX,2016-05-16,14.680000305175781
^VIX,2016-05-17,15.569999694824219
^VIX,2016-05-18,15.949999809265137
^VIX,2016-05-19,16.329999923706055
^VIX,2016-05-20,15.199999809265137
^VIX,2016-05-23,15.819999694824219
^VIX,2016-05-24,14.420000076293945
^VIX,2016-05-25,13.899999618530273
^VIX,2016-05-26,13.430000305175781
^VIX,2016-05-27,13.119999885559082
^VIX,2016-05-31,14.1899995803833
^VIX,2016-06-01,14.199999809265137
^VIX,2016-06-02,13.630000114440918
^VIX,2016-06-03,13.470000267028809
^VIX,2016-06-06,13.649999618530273
^VIX,2016-06-07,14.050000190734863
^VIX,2016-06-08,14.079999923706055
^VIX,2016-06-09,14.640000343322754
^VIX,2016-06-10,17.030000686645508
^VIX,2016-06-13,20.969999313354492
^VIX,2016-06-14,20.5
^VIX,2016-06-15,20.139999389648438
^VIX,2016-06-16,19.3700008392334
^VIX,2016-06-17,19.40999984741211
^VIX,2016-06-20,18.3700008392334
^VIX,2016-06-21,18.479999542236328
^VIX,2016-06-22,21.170000076293945
^VIX,2016-06-23,17.25
^VIX,2016-06-24,25.760000228881836
^VIX,2016-06-27,23.850000381469727
^VIX,2016-06-28,18.75
^VIX,2016-06-29,16.639999389648438
^VIX,2016-06-30,15.630000114440918
^VIX,2016-07-01,14.770000457763672
^VIX,2016-07-05,15.579999923706055
^VIX,2016-07-06,14.960000038146973
^VIX,2016-07-07,14.760000228881836
^VIX,2016-07-08,13.199999809265137
^VIX,2016-07-11,13.539999961853027
^VIX,2016-07-12,13.550000190734863
^VIX,2016-07-13,13.039999961853027
^VIX,2016-07-14,12.819999694824219
^VIX,2016-07-15,12.670000076293945
^VIX,2016-07-18,12.4399995803833
^VIX,2016-07-19,11.970000267028809
^VIX,2016-07-20,11.770000457763672
^VIX,2016-07-21,12.739999771118164
^VIX,2016-07-22,12.020000457763672
^VIX,2016-07-25,12.869999885559082
^VIX,2016-07-26,13.050000190734863
^VIX,2016-07-27,12.829999923706055
^VIX,2016-07-28,12.720000267028809
^VIX,2016-07-29,11.869999885559082
^VIX,2016-08-01,12.4399995803833
^VIX,2016-08-02,13.369999885559082
^VIX,2016-08-03,12.859999656677246
^VIX,2016-08-04,12.420000076293945
^VIX,2016-08-05,11.390000343322754
^VIX,2016-08-08,11.5
^VIX,2016-08-09,11.65999984741211
^VIX,2016-08-10,12.050000190734863
^VIX,2016-08-11,11.680000305175781
^VIX,2016-08-12,11.550000190734863
^VIX,2016-08-15,11.8100004196167
^VIX,2016-08-16,12.640000343322754
^VIX,2016-08-17,12.1899995803833
^VIX,2016-08-18,11.430000305175781
^VIX,2016-08-19,11.34000015258789
^VIX,2016-08-22,12.270000457763672
^VIX,2016-08-23,12.380000114440918
^VIX,2016-08-24,13.449999809265137
^VIX,2016-08-25,13.630000114440918
^VIX,2016-08-26,13.649999618530273
^VIX,2016-08-29,12.9399995803833
^VIX,2016-08-30,13.119999885559082
^VIX,2016-08-31,13.420000076293945
^VIX,2016-09-01,13.479999542236328
^VIX,2016-09-02,11.979999542236328
^VIX,2016-09-06,12.020000457763672
^VIX,2016-09-07,11.9399995803833
^VIX,2016-09-08,12.510000228881836
^VIX,2016-09-09,17.5
^VIX,2016-09-12,15.15999984741211
^VIX,2016-09-13,17.850000381469727
^VIX,2016-09-14,18.139999389648438
^VIX,2016-09-15,16.299999237060547
^VIX,2016-09-16,15.369999885559082
^VIX,2016-09-19,15.529999732971191
^VIX,2016-09-20,15.920000076293945
^VIX,2016-09-21,13.300000190734863
^VIX,2016-09-22,12.020000457763672
^VIX,2016-09-23,12.289999961853027
^VIX,2016-09-26,14.5
^VIX,2016-09-27,13.100000381469727
^VIX,2016-09-28,12.390000343322754
^VIX,2016-09-29,14.020000457763672
^VIX,2016-09-30,13.289999961853027
^VIX,2016-10-03,13.569999694824219
^VIX,2016-10-04,13.630000114440918
^VIX,2016-10-05,12.989999771118164
^VIX,2016-10-06,12.84000015258789
^VIX,2016-10-07,13.479999542236328
^VIX,2016-10-10,13.380000114440918
^VIX,2016-10-11,15.359999656677246
^VIX,2016-10-12,15.90999984741211
^VIX,2016-10-13,16.690000534057617
^VIX,2016-10-14,16.1200008392334
^VIX,2016-10-17,16.209999084472656
^VIX,2016-10-18,15.279999732971191
^VIX,2016-10-19,14.40999984741211
^VIX,2016-10-20,13.75
^VIX,2016-10-21,13.34000015258789
^VIX,2016-10-24,13.020000457763672
^VIX,2016-10-25,13.460000038146973
^VIX,2016-10-26,14.239999771118164
^VIX,2016-10-27,15.359999656677246
^VIX,2016-10-28,16.190000534057617
^VIX,2016-10-31,17.059999465942383
^VIX,2016-11-01,18.559999465942383
^VIX,2016-11-02,19.31999969482422
^VIX,2016-11-03,22.079999923706055
^VIX,2016-11-04,22.510000228881836
^VIX,2016-11-07,18.709999084472656
^VIX,2016-11-08,18.739999771118164
^VIX,2016-11-09,14.380000114440918
^VIX,2016-11-10,14.739999771118164
^VIX,2016-11-11,14.170000076293945
^VIX,2016-11-14,14.479999542236328
^VIX,2016-11-15,13.369999885559082
^VIX,2016-11-16,13.720000267028809
^VIX,2016-11-17,13.350000381469727
^VIX,2016-11-18,12.850000381469727
^VIX,2016-11-21,12.420000076293945
^VIX,2016-11-22,12.40999984741211
^VIX,2016-11-23,12.430000305175781
^VIX,2016-11-25,12.34000015258789
^VIX,2016-11-28,13.149999618530273
^VIX,2016-11-29,12.899999618530273
^VIX,2016-11-30,13.329999923706055
^VIX,2016-12-01,14.069999694824219
^VIX,2016-12-02,14.119999885559082
^VIX,2016-12-05,12.140000343322754
^VIX,2016-12-06,11.789999961853027
^VIX,2016-12-07,12.220000267028809
^VIX,2016-12-08,12.640000343322754
^VIX,2016-12-09,11.75
^VIX,2016-12-12,12.640000343322754
^VIX,2016-12-13,12.720000267028809
^VIX,2016-12-14,13.1899995803833
^VIX,2016-12-15,12.789999961853027
^VIX,2016-12-16,12.199999809265137
^VIX,2016-12-19,11.710000038146973
^VIX,2016-12-20,11.449999809265137
^VIX,2016-12-21,11.270000457763672
^VIX,2016-12-22,11.430000305175781
^VIX,2016-12-23,11.4399995803833
^VIX,2016-12-27,11.989999771118164
^VIX,2016-12-28,12.949999809265137
^VIX,2016-12-29,13.369999885559082
^VIX,2016-12-30,14.039999961853027
^VIX,2017-01-03,12.850000381469727
^VIX,2017-01-04,11.850000381469727
^VIX,2017-01-05,11.670000076293945
^VIX,2017-01-06,11.319999694824219
^VIX,2017-01-09,11.5600004196167
^VIX,2017-01-10,11.489999771118164
^VIX,2017-01-11,11.260000228881836
^VIX,2017-01-12,11.539999961853027
^VIX,2017-01-13,11.229999542236328
^VIX,2017-01-17,11.869999885559082
^VIX,2017-01-18,12.479999542236328
^VIX,2017-01-19,12.779999732971191
^VIX,2017-01-20,11.539999961853027
^VIX,2017-01-23,11.770000457763672
^VIX,2017-01-24,11.069999694824219
^VIX,2017-01-25,10.8100004196167
^VIX,2017-01-26,10.630000114440918
^VIX,2017-01-27,10.579999923706055
^VIX,2017-01-30,11.880000114440918
^VIX,2017-01-31,11.989999771118164
^VIX,2017-02-01,11.8100004196167
^VIX,2017-02-02,11.930000305175781
^VIX,2017-02-03,10.970000267028809
^VIX,2017-02-06,11.369999885559082
^VIX,2017-02-07,11.289999961853027
^VIX,2017-02-08,11.449999809265137
^VIX,2017-02-09,10.880000114440918
^VIX,2017-02-10,10.850000381469727
^VIX,2017-02-13,11.069999694824219
^VIX,2017-02-14,10.739999771118164
^VIX,2017-02-15,11.970000267028809
^VIX,2017-02-16,11.760000228881836
^VIX,2017-02-17,11.489999771118164
^VIX,2017-02-21,11.569999694824219
^VIX,2017-02-22,11.739999771118164
^VIX,2017-02-23,11.710000038146973
^VIX,2017-02-24,11.470000267028809
^VIX,2017-02-27,12.09000015258789
^VIX,2017-02-28,12.920000076293945
^VIX,2017-03-01,12.539999961853027
^VIX,2017-03-02,11.8100004196167
^VIX,2017-03-03,10.960000038146973
^VIX,2017-03-06,11.239999771118164
^VIX,2017-03-07,11.449999809265137
^VIX,2017-03-08,11.859999656677246
^VIX,2017-03-09,12.300000190734863
^VIX,2017-03-10,11.65999984741211
^VIX,2017-03-13,11.350000381469727
^VIX,2017-03-14,12.300000190734863
^VIX,2017-03-15,11.630000114440918
^VIX,2017-03-16,11.210000038146973
^VIX,2017-03-17,11.279999732971191
^VIX,2017-03-20,11.34000015258789
^VIX,2017-03-21,12.470000267028809
^VIX,2017-03-22,12.8100004196167
^VIX,2017-03-23,13.119999885559082
^VIX,2017-03-24,12.960000038146973
^VIX,2017-03-27,12.5
^VIX,2017-03-28,11.529999732971191
^VIX,2017-03-29,11.420000076293945
^VIX,2017-03-30,11.539999961853027
^VIX,2017-03-31,12.369999885559082
^VIX,2017-04-03,12.380000114440918
^VIX,2017-04-04,11.789999961853027
^VIX,2017-04-05,12.890000343322754
^VIX,2017-04-06,12.390000343322754
^VIX,2017-04-07,12.869999885559082
^VIX,2017-04-10,14.050000190734863
^VIX,2017-04-11,15.069999694824219
^VIX,2017-04-12,15.770000457763672
^VIX,2017-04-13,15.960000038146973
^VIX,2017-04-17,14.65999984741211
^VIX,2017-04-18,14.420000076293945
^VIX,2017-04-19,14.930000305175781
^VIX,2017-04-20,14.149999618530273
^VIX,2017-04-21,14.630000114440918
^VIX,2017-04-24,10.84000015258789
^VIX,2017-04-25,10.760000228881836
^VIX,2017-04-26,10.850000381469727
^VIX,2017-04-27,10.359999656677246
^VIX,2017-04-28,10.819999694824219
^VIX,2017-05-01,10.109999656677246
^VIX,2017-05-02,10.59000015258789
^VIX,2017-05-03,10.680000305175781
^VIX,2017-05-04,10.460000038146973
^VIX,2017-05-05,10.569999694824219
^VIX,2017-05-08,9.770000457763672
^VIX,2017-05-09,9.960000038146973
^VIX,2017-05-10,10.210000038146973
^VIX,2017-05-11,10.600000381469727
^VIX,2017-05-12,10.399999618530273
^VIX,2017-05-15,10.420000076293945
^VIX,2017-05-16,10.649999618530273
^VIX,2017-05-17,15.59000015258789
^VIX,2017-05-18,14.65999984741211
^VIX,2017-05-19,12.039999961853027
^VIX,2017-05-22,10.930000305175781
^VIX,2017-05-23,10.720000267028809
^VIX,2017-05-24,10.020000457763672
^VIX,2017-05-25,9.989999771118164
^VIX,2017-05-26,9.8100004196167
^VIX,2017-05-30,10.380000114440918
^VIX,2017-05-31,10.40999984741211
^VIX,2017-06-01,9.890000343322754
^VIX,2017-06-02,9.75
^VIX,2017-06-05,10.069999694824219
^VIX,2017-06-06,10.449999809265137
^VIX,2017-06-07,10.390000343322754
^VIX,2017-06-08,10.15999984741211
^VIX,2017-06-09,10.699999809265137
^VIX,2017-06-12,11.460000038146973
^VIX,2017-06-13,10.420000076293945
^VIX,2017-06-14,10.640000343322754
^VIX,2017-06-15,10.899999618530273
^VIX,2017-06-16,10.380000114440918
^VIX,2017-06-19,10.369999885559082
^VIX,2017-06-20,10.859999656677246
^VIX,2017-06-21,10.75
^VIX,2017-06-22,10.479999542236328
^VIX,2017-06-23,10.020000457763672
^VIX,2017-06-26,9.899999618530273
^VIX,2017-06-27,11.0600004196167
^VIX,2017-06-28,10.029999732971191
^VIX,2017-06-29,11.4399995803833
^VIX,2017-06-30,11.180000305175781
^VIX,2017-07-03,11.220000267028809
^VIX,2017-07-05,11.069999694824219
^VIX,2017-07-06,12.539999961853027
^VIX,2017-07-07,11.1899995803833
^VIX,2017-07-10,11.109999656677246
^VIX,2017-07-11,10.890000343322754
^VIX,2017-07-12,10.300000190734863
^VIX,2017-07-13,9.899999618530273
^VIX,2017-07-14,9.510000228881836
^VIX,2017-07-17,9.819999694824219
^VIX,2017-07-18,9.890000343322754
^VIX,2017-07-19,9.789999961853027
^VIX,2017-07-20,9.579999923706055
^VIX,2017-07-21,9.359999656677246
^VIX,2017-07-24,9.430000305175781
^VIX,2017-07-25,9.430000305175781
^VIX,2017-07-26,9.600000381469727
^VIX,2017-07-27,10.109999656677246
^VIX,2017-07-28,10.289999961853027
^VIX,2017-07-31,10.260000228881836
^VIX,2017-08-01,10.09000015258789
^VIX,2017-08-02,10.279999732971191
^VIX,2017-08-03,10.4399995803833
^VIX,2017-08-04,10.029999732971191
^VIX,2017-08-07,9.930000305175781
^VIX,2017-08-08,10.960000038146973
^VIX,2017-08-09,11.109999656677246
^VIX,2017-08-10,16.040000915527344
^VIX,2017-08-11,15.510000228881836
^VIX,2017-08-14,12.329999923706055
^VIX,2017-08-15,12.039999961853027
^VIX,2017-08-16,11.739999771118164
^VIX,2017-08-17,15.550000190734863
^VIX,2017-08-18,14.260000228881836
^VIX,2017-08-21,13.1899995803833
^VIX,2017-08-22,11.350000381469727
^VIX,2017-08-23,12.25
^VIX,2017-08-24,12.229999542236328
^VIX,2017-08-25,11.279999732971191
^VIX,2017-08-28,11.319999694824219
^VIX,2017-08-29,11.699999809265137
^VIX,2017-08-30,11.220000267028809
^VIX,2017-08-31,10.59000015258789
^VIX,2017-09-01,10.130000114440918
^VIX,2017-09-05,12.229999542236328
^VIX,2017-09-06,11.630000114440918
^VIX,2017-09-07,11.550000190734863
^VIX,2017-09-08,12.119999885559082
^VIX,2017-09-11,10.729999542236328
^VIX,2017-09-12,10.579999923706055
^VIX,2017-09-13,10.5
^VIX,2017-09-14,10.4399995803833
^VIX,2017-09-15,10.170000076293945
^VIX,2017-09-18,10.149999618530273
^VIX,2017-09-19,10.180000305175781
^VIX,2017-09-20,9.779999732971191
^VIX,2017-09-21,9.670000076293945
^VIX,2017-09-22,9.59000015258789
^VIX,2017-09-25,10.210000038146973
^VIX,2017-09-26,10.170000076293945
^VIX,2017-09-27,9.869999885559082
^VIX,2017-09-28,9.550000190734863
^VIX,2017-09-29,9.510000228881836
^VIX,2017-10-02,9.449999809265137
^VIX,2017-10-03,9.510000228881836
^VIX,2017-10-04,9.630000114440918
^VIX,2017-10-05,9.1899995803833
^VIX,2017-10-06,9.649999618530273
^VIX,2017-10-09,10.329999923706055
^VIX,2017-10-10,10.079999923706055
^VIX,2017-10-11,9.850000381469727
^VIX,2017-10-12,9.90999984741211
^VIX,2017-10-13,9.609999656677246
^VIX,2017-10-16,9.90999984741211
^VIX,2017-10-17,10.3100004196167
^VIX,2017-10-18,10.069999694824219
^VIX,2017-10-19,10.050000190734863
^VIX,2017-10-20,9.970000267028809
^VIX,2017-10-23,11.069999694824219
^VIX,2017-10-24,11.15999984741211
^VIX,2017-10-25,11.229999542236328
^VIX,2017-10-26,11.300000190734863
^VIX,2017-10-27,9.800000190734863
^VIX,2017-10-30,10.5
^VIX,2017-10-31,10.180000305175781
^VIX,2017-11-01,10.199999809265137
^VIX,2017-11-02,9.930000305175781
^VIX,2017-11-03,9.140000343322754
^VIX,2017-11-06,9.399999618530273
^VIX,2017-11-07,9.890000343322754
^VIX,2017-11-08,9.779999732971191
^VIX,2017-11-09,10.5
^VIX,2017-11-10,11.289999961853027
^VIX,2017-11-13,11.5
^VIX,2017-11-14,11.59000015258789
^VIX,2017-11-15,13.130000114440918
^VIX,2017-11-16,11.760000228881836
^VIX,2017-11-17,11.430000305175781
^VIX,2017-11-20,10.649999618530273
^VIX,2017-11-21,9.729999542236328
^VIX,2017-11-22,9.880000114440918
^VIX,2017-11-24,9.670000076293945
^VIX,2017-11-27,9.869999885559082
^VIX,2017-11-28,10.029999732971191
^VIX,2017-11-29,10.699999809265137
^VIX,2017-11-30,11.279999732971191
^VIX,2017-12-01,11.430000305175781
^VIX,2017-12-04,11.680000305175781
^VIX,2017-12-05,11.329999923706055
^VIX,2017-12-06,11.020000457763672
^VIX,2017-12-07,10.15999984741211
^VIX,2017-12-08,9.579999923706055
^VIX,2017-12-11,9.34000015258789
^VIX,2017-12-12,9.920000076293945
^VIX,2017-12-13,10.180000305175781
^VIX,2017-12-14,10.489999771118164
^VIX,2017-12-15,9.420000076293945
^VIX,2017-12-18,9.529999732971191
^VIX,2017-12-19,10.029999732971191
^VIX,2017-12-20,9.720000267028809
^VIX,2017-12-21,9.619999885559082
^VIX,2017-12-22,9.899999618530273
^VIX,2017-12-26,10.25
^VIX,2017-12-27,10.470000267028809
^VIX,2017-12-28,10.180000305175781
^VIX,2017-12-29,11.039999961853027
^VIX,2018-01-02,9.770000457763672
^VIX,2018-01-03,9.149999618530273
^VIX,2018-01-04,9.220000267028809
^VIX,2018-01-05,9.220000267028809
^VIX,2018-01-08,9.520000457763672
^VIX,2018-01-09,10.079999923706055
^VIX,2018-01-10,9.819999694824219
^VIX,2018-01-11,9.880000114440918
^VIX,2018-01-12,10.15999984741211
^VIX,2018-01-16,11.65999984741211
^VIX,2018-01-17,11.90999984741211
^VIX,2018-01-18,12.220000267028809
^VIX,2018-01-19,11.270000457763672
^VIX,2018-01-22,11.029999732971191
^VIX,2018-01-23,11.100000381469727
^VIX,2018-01-24,11.470000267028809
^VIX,2018-01-25,11.579999923706055
^VIX,2018-01-26,11.079999923706055
^VIX,2018-01-29,13.84000015258789
^VIX,2018-01-30,14.789999961853027
^VIX,2018-01-31,13.539999961853027
^VIX,2018-02-01,13.470000267028809
^VIX,2018-02-02,17.309999465942383
^VIX,2018-02-05,37.31999969482422
^VIX,2018-02-06,29.979999542236328
^VIX,2018-02-07,27.729999542236328
^VIX,2018-02-08,33.459999084472656
^VIX,2018-02-09,29.059999465942383
^VIX,2018-02-12,25.610000610351562
^VIX,2018-02-13,24.969999313354492
^VIX,2018-02-14,19.260000228881836
^VIX,2018-02-15,19.1299991607666
^VIX,2018-02-16,19.459999084472656
^VIX,2018-02-20,20.600000381469727
^VIX,2018-02-21,20.020000457763672
^VIX,2018-02-22,18.719999313354492
^VIX,2018-02-23,16.489999771118164
^VIX,2018-02-26,15.800000190734863
^VIX,2018-02-27,18.59000015258789
^VIX,2018-02-28,19.850000381469727
^VIX,2018-03-01,22.469999313354492
^VIX,2018-03-02,19.59000015258789
^VIX,2018-03-05,18.729999542236328
^VIX,2018-03-06,18.360000610351562
^VIX,2018-03-07,17.760000228881836
^VIX,2018-03-08,16.540000915527344
^VIX,2018-03-09,14.640000343322754
^VIX,2018-03-12,15.779999732971191
^VIX,2018-03-13,16.350000381469727
^VIX,2018-03-14,17.229999542236328
^VIX,2018-03-15,16.59000015258789
^VIX,2018-03-16,15.800000190734863
^VIX,2018-03-19,19.020000457763672
^VIX,2018-03-20,18.200000762939453
^VIX,2018-03-21,17.860000610351562
^VIX,2018-03-22,23.34000015258789
^VIX,2018-03-23,24.8700008392334
^VIX,2018-03-26,21.030000686645508
^VIX,2018-03-27,22.5
^VIX,2018-03-28,22.8700008392334
^VIX,2018-03-29,19.969999313354492
^VIX,2018-04-02,23.6200008392334
^VIX,2018-04-03,21.100000381469727
^VIX,2018-04-04,20.059999465942383
^VIX,2018-04-05,18.940000534057617
^VIX,2018-04-06,21.489999771118164
^VIX,2018-04-09,21.770000457763672
^VIX,2018-04-10,20.469999313354492
^VIX,2018-04-11,20.239999771118164
^VIX,2018-04-12,18.489999771118164
^VIX,2018-04-13,17.40999984741211
^VIX,2018-04-16,16.559999465942383
^VIX,2018-04-17,15.25
^VIX,2018-04-18,15.600000381469727
^VIX,2018-04-19,15.960000038146973
^VIX,2018-04-20,16.8799991607666
^VIX,2018-04-23,16.34000015258789
^VIX,2018-04-24,18.020000457763672
^VIX,2018-04-25,17.84000015258789
^VIX,2018-04-26,16.239999771118164
^VIX,2018-04-27,15.40999984741211
^VIX,2018-04-30,15.930000305175781
^VIX,2018-05-01,15.489999771118164
^VIX,2018-05-02,15.970000267028809
^VIX,2018-05-03,15.899999618530273
^VIX,2018-05-04,14.770000457763672
^VIX,2018-05-07,14.75
^VIX,2018-05-08,14.710000038146973
^VIX,2018-05-09,13.420000076293945
^VIX,2018-05-10,13.229999542236328
^VIX,2018-05-11,12.649999618530273
^VIX,2018-05-14,12.930000305175781
^VIX,2018-05-15,14.630000114440918
^VIX,2018-05-16,13.420000076293945
^VIX,2018-05-17,13.430000305175781
^VIX,2018-05-18,13.420000076293945
^VIX,2018-05-21,13.079999923706055
^VIX,2018-05-22,13.220000267028809
^VIX,2018-05-23,12.579999923706055
^VIX,2018-05-24,12.529999732971191
^VIX,2018-05-25,13.220000267028809
^VIX,2018-05-29,17.020000457763672
^VIX,2018-05-30,14.9399995803833
^VIX,2018-05-31,15.430000305175781
^VIX,2018-06-01,13.460000038146973
^VIX,2018-06-04,12.739999771118164
^VIX,2018-06-05,12.399999618530273
^VIX,2018-06-06,11.640000343322754
^VIX,2018-06-07,12.130000114440918
^VIX,2018-06-08,12.180000305175781
^VIX,2018-06-11,12.350000381469727
^VIX,2018-06-12,12.34000015258789
^VIX,2018-06-13,12.9399995803833
^VIX,2018-06-14,12.119999885559082
^VIX,2018-06-15,11.979999542236328
^VIX,2018-06-18,12.3100004196167
^VIX,2018-06-19,13.350000381469727
^VIX,2018-06-20,12.789999961853027
^VIX,2018-06-21,14.640000343322754
^VIX,2018-06-22,13.770000457763672
^VIX,2018-06-25,17.329999923706055
^VIX,2018-06-26,15.920000076293945
^VIX,2018-06-27,17.90999984741211
^VIX,2018-06-28,16.850000381469727
^VIX,2018-06-29,16.09000015258789
^VIX,2018-07-02,15.600000381469727
^VIX,2018-07-03,16.139999389648438
^VIX,2018-07-05,14.970000267028809
^VIX,2018-07-06,13.369999885559082
^VIX,2018-07-09,12.6899995803833
^VIX,2018-07-10,12.640000343322754
^VIX,2018-07-11,13.630000114440918
^VIX,2018-07-12,12.579999923706055
^VIX,2018-07-13,12.180000305175781
^VIX,2018-07-16,12.829999923706055
^VIX,2018-07-17,12.0600004196167
^VIX,2018-07-18,12.100000381469727
^VIX,2018-07-19,12.869999885559082
^VIX,2018-07-20,12.859999656677246
^VIX,2018-07-23,12.619999885559082
^VIX,2018-07-24,12.40999984741211
^VIX,2018-07-25,12.289999961853027
^VIX,2018-07-26,12.140000343322754
^VIX,2018-07-27,13.029999732971191
^VIX,2018-07-30,14.260000228881836
^VIX,2018-07-31,12.829999923706055
^VIX,2018-08-01,13.149999618530273
^VIX,2018-08-02,12.1899995803833
^VIX,2018-08-03,11.640000343322754
^VIX,2018-08-06,11.270000457763672
^VIX,2018-08-07,10.930000305175781
^VIX,2018-08-08,10.850000381469727
^VIX,2018-08-09,11.270000457763672
^VIX,2018-08-10,13.15999984741211
^VIX,2018-08-13,14.779999732971191
^VIX,2018-08-14,13.3100004196167
^VIX,2018-08-15,14.640000343322754
^VIX,2018-08-16,13.449999809265137
^VIX,2018-08-17,12.640000343322754
^VIX,2018-08-20,12.489999771118164
^VIX,2018-08-21,12.859999656677246
^VIX,2018-08-22,12.25
^VIX,2018-08-23,12.40999984741211
^VIX,2018-08-24,11.989999771118164
^VIX,2018-08-27,12.15999984741211
^VIX,2018-08-28,12.5
^VIX,2018-08-29,12.25
^VIX,2018-08-30,13.529999732971191
^VIX,2018-08-31,12.859999656677246
^VIX,2018-09-04,13.15999984741211
^VIX,2018-09-05,13.90999984741211
^VIX,2018-09-06,14.649999618530273
^VIX,2018-09-07,14.880000114440918
^VIX,2018-09-10,14.15999984741211
^VIX,2018-09-11,13.220000267028809
^VIX,2018-09-12,13.140000343322754
^VIX,2018-09-13,12.369999885559082
^VIX,2018-09-14,12.069999694824219
^VIX,2018-09-17,13.680000305175781
^VIX,2018-09-18,12.789999961853027
^VIX,2018-09-19,11.75
^VIX,2018-09-20,11.800000190734863
^VIX,2018-09-21,11.680000305175781
^VIX,2018-09-24,12.199999809265137
^VIX,2018-09-25,12.420000076293945
^VIX,2018-09-26,12.890000343322754
^VIX,2018-09-27,12.40999984741211
^VIX,2018-09-28,12.119999885559082
^VIX,2018-10-01,12.0
^VIX,2018-10-02,12.050000190734863
^VIX,2018-10-03,11.609999656677246
^VIX,2018-10-04,14.220000267028809
^VIX,2018-10-05,14.819999694824219
^VIX,2018-10-08,15.6899995803833
^VIX,2018-10-09,15.949999809265137
^VIX,2018-10-10,22.959999084472656
^VIX,2018-10-11,24.979999542236328
^VIX,2018-10-12,21.309999465942383
^VIX,2018-10-15,21.299999237060547
^VIX,2018-10-16,17.6200008392334
^VIX,2018-10-17,17.399999618530273
^VIX,2018-10-18,20.059999465942383
^VIX,2018-10-19,19.889999389648438
^VIX,2018-10-22,19.639999389648438
^VIX,2018-10-23,20.709999084472656
^VIX,2018-10-24,25.229999542236328
^VIX,2018-10-25,24.219999313354492
^VIX,2018-10-26,24.15999984741211
^VIX,2018-10-29,24.700000762939453
^VIX,2018-10-30,23.350000381469727
^VIX,2018-10-31,21.229999542236328
^VIX,2018-11-01,19.34000015258789
^VIX,2018-11-02,19.510000228881836
^VIX,2018-11-05,19.959999084472656
^VIX,2018-11-06,19.90999984741211
^VIX,2018-11-07,16.360000610351562
^VIX,2018-11-08,16.719999313354492
^VIX,2018-11-09,17.360000610351562
^VIX,2018-11-12,20.450000762939453
^VIX,2018-11-13,20.020000457763672
^VIX,2018-11-14,21.25
^VIX,2018-11-15,19.979999542236328
^VIX,2018-11-16,18.139999389648438
^VIX,2018-11-19,20.100000381469727
^VIX,2018-11-20,22.479999542236328
^VIX,2018-11-21,20.799999237060547
^VIX,2018-11-23,21.520000457763672
^VIX,2018-11-26,18.899999618530273
^VIX,2018-11-27,19.020000457763672
^VIX,2018-11-28,18.489999771118164
^VIX,2018-11-29,18.790000915527344
^VIX,2018-11-30,18.06999969482422
^VIX,2018-12-03,16.440000534057617
^VIX,2018-12-04,20.739999771118164
^VIX,2018-12-06,21.190000534057617
^VIX,2018-12-07,23.229999542236328
^VIX,2018-12-10,22.639999389648438
^VIX,2018-12-11,21.760000228881836
^VIX,2018-12-12,21.459999084472656
^VIX,2018-12-13,20.649999618530273
^VIX,2018-12-14,21.6299991607666
^VIX,2018-12-17,24.520000457763672
^VIX,2018-12-18,25.579999923706055
^VIX,2018-12-19,25.579999923706055
^VIX,2018-12-20,28.3799991607666
^VIX,2018-12-21,30.110000610351562
^VIX,2018-12-24,36.06999969482422
^VIX,2018-12-26,30.40999984741211
^VIX,2018-12-27,29.959999084472656
^VIX,2018-12-28,28.34000015258789
^VIX,2018-12-31,25.420000076293945
^VIX,2019-01-02,23.219999313354492
^VIX,2019-01-03,25.450000762939453
^VIX,2019-01-04,21.3799991607666
^VIX,2019-01-07,21.399999618530273
^VIX,2019-01-08,20.469999313354492
^VIX,2019-01-09,19.979999542236328
^VIX,2019-01-10,19.5
^VIX,2019-01-11,18.190000534057617
^VIX,2019-01-14,19.06999969482422
^VIX,2019-01-15,18.600000381469727
^VIX,2019-01-16,19.040000915527344
^VIX,2019-01-17,18.059999465942383
^VIX,2019-01-18,17.799999237060547
^VIX,2019-01-22,20.799999237060547
^VIX,2019-01-23,19.520000457763672
^VIX,2019-01-24,18.889999389648438
^VIX,2019-01-25,17.420000076293945
^VIX,2019-01-28,18.8700008392334
^VIX,2019-01-29,19.1299991607666
^VIX,2019-01-30,17.65999984741211
^VIX,2019-01-31,16.56999969482422
^VIX,2019-02-01,16.139999389648438
^VIX,2019-02-04,15.729999542236328
^VIX,2019-02-05,15.569999694824219
^VIX,2019-02-06,15.380000114440918
^VIX,2019-02-07,16.3700008392334
^VIX,2019-02-08,15.720000267028809
^VIX,2019-02-11,15.970000267028809
^VIX,2019-02-12,15.430000305175781
^VIX,2019-02-13,15.649999618530273
^VIX,2019-02-14,16.219999313354492
^VIX,2019-02-15,14.90999984741211
^VIX,2019-02-19,14.880000114440918
^VIX,2019-02-20,14.020000457763672
^VIX,2019-02-21,14.460000038146973
^VIX,2019-02-22,13.510000228881836
^VIX,2019-02-25,14.850000381469727
^VIX,2019-02-26,15.170000076293945
^VIX,2019-02-27,14.699999809265137
^VIX,2019-02-28,14.779999732971191
^VIX,2019-03-01,13.569999694824219
^VIX,2019-03-04,14.630000114440918
^VIX,2019-03-05,14.739999771118164
^VIX,2019-03-06,15.739999771118164
^VIX,2019-03-07,16.59000015258789
^VIX,2019-03-08,16.049999237060547
^VIX,2019-03-11,14.329999923706055
^VIX,2019-03-12,13.770000457763672
^VIX,2019-03-13,13.40999984741211
^VIX,2019-03-14,13.5
^VIX,2019-03-15,12.880000114440918
^VIX,2019-03-18,13.100000381469727
^VIX,2019-03-19,13.5600004196167
^VIX,2019-03-20,13.90999984741211
^VIX,2019-03-21,13.630000114440918
^VIX,2019-03-22,16.479999542236328
^VIX,2019-03-25,16.329999923706055
^VIX,2019-03-26,14.680000305175781
^VIX,2019-03-27,15.149999618530273
^VIX,2019-03-28,14.430000305175781
^VIX,2019-03-29,13.710000038146973
^VIX,2019-04-01,13.399999618530273
^VIX,2019-04-02,13.359999656677246
^VIX,2019-04-03,13.739999771118164
^VIX,2019-04-04,13.579999923706055
^VIX,2019-04-05,12.819999694824219
^VIX,2019-04-08,13.180000305175781
^VIX,2019-04-09,14.279999732971191
^VIX,2019-04-10,13.300000190734863
^VIX,2019-04-11,13.020000457763672
^VIX,2019-04-12,12.010000228881836
^VIX,2019-04-15,12.319999694824219
^VIX,2019-04-16,12.180000305175781
^VIX,2019-04-17,12.600000381469727
^VIX,2019-04-18,12.09000015258789
^VIX,2019-04-22,12.420000076293945
^VIX,2019-04-23,12.279999732971191
^VIX,2019-04-24,13.140000343322754
^VIX,2019-04-25,13.25
^VIX,2019-04-26,12.729999542236328
^VIX,2019-04-29,13.109999656677246
^VIX,2019-04-30,13.119999885559082
^VIX,2019-05-01,14.800000190734863
^VIX,2019-05-02,14.420000076293945
^VIX,2019-05-03,12.869999885559082
^VIX,2019-05-06,15.4399995803833
^VIX,2019-05-07,19.31999969482422
^VIX,2019-05-08,19.399999618530273
^VIX,2019-05-09,19.100000381469727
^VIX,2019-05-10,16.040000915527344
^VIX,2019-05-13,20.549999237060547
^VIX,2019-05-14,18.059999465942383
^VIX,2019-05-15,16.440000534057617
^VIX,2019-05-16,15.289999961853027
^VIX,2019-05-17,15.960000038146973
^VIX,2019-05-20,16.309999465942383
^VIX,2019-05-21,14.949999809265137
^VIX,2019-05-22,14.75
^VIX,2019-05-23,16.920000076293945
^VIX,2019-05-24,15.850000381469727
^VIX,2019-05-28,17.5
^VIX,2019-05-29,17.899999618530273
^VIX,2019-05-30,17.299999237060547
^VIX,2019-05-31,18.709999084472656
^VIX,2019-06-03,18.860000610351562
^VIX,2019-06-04,16.969999313354492
^VIX,2019-06-05,16.09000015258789
^VIX,2019-06-06,15.930000305175781
^VIX,2019-06-07,16.299999237060547
^VIX,2019-06-10,15.9399995803833
^VIX,2019-06-11,15.989999771118164
^VIX,2019-06-12,15.90999984741211
^VIX,2019-06-13,15.819999694824219
^VIX,2019-06-14,15.279999732971191
^VIX,2019-06-17,15.350000381469727
^VIX,2019-06-18,15.149999618530273
^VIX,2019-06-19,14.329999923706055
^VIX,2019-06-20,14.75
^VIX,2019-06-21,15.399999618530273
^VIX,2019-06-24,15.260000228881836
^VIX,2019-06-25,16.280000686645508
^VIX,2019-06-26,16.209999084472656
^VIX,2019-06-27,15.819999694824219
^VIX,2019-06-28,15.079999923706055
^VIX,2019-07-01,14.0600004196167
^VIX,2019-07-02,12.930000305175781
^VIX,2019-07-03,12.569999694824219
^VIX,2019-07-05,13.279999732971191
^VIX,2019-07-08,13.960000038146973
^VIX,2019-07-09,14.09000015258789
^VIX,2019-07-10,13.029999732971191
^VIX,2019-07-11,12.930000305175781
^VIX,2019-07-12,12.390000343322754
^VIX,2019-07-15,12.680000305175781
^VIX,2019-07-16,12.859999656677246
^VIX,2019-07-17,13.970000267028809
^VIX,2019-07-18,13.529999732971191
^VIX,2019-07-19,14.449999809265137
^VIX,2019-07-22,13.529999732971191
^VIX,2019-07-23,12.609999656677246
^VIX,2019-07-24,12.069999694824219
^VIX,2019-07-25,12.739999771118164
^VIX,2019-07-26,12.15999984741211
^VIX,2019-07-29,12.829999923706055
^VIX,2019-07-30,13.9399995803833
^VIX,2019-07-31,16.1200008392334
^VIX,2019-08-01,17.8700008392334
^VIX,2019-08-02,17.610000610351562
^VIX,2019-08-05,24.59000015258789
^VIX,2019-08-06,20.170000076293945
^VIX,2019-08-07,19.489999771118164
^VIX,2019-08-08,16.90999984741211
^VIX,2019-08-09,17.969999313354492
^VIX,2019-08-12,21.09000015258789
^VIX,2019-08-13,17.520000457763672
^VIX,2019-08-14,22.100000381469727
^VIX,2019-08-15,21.18000030517578
^VIX,2019-08-16,18.469999313354492
^VIX,2019-08-19,16.8799991607666
^VIX,2019-08-20,17.5
^VIX,2019-08-21,15.800000190734863
^VIX,2019-08-22,16.68000030517578
^VIX,2019-08-23,19.8700008392334
^VIX,2019-08-26,19.31999969482422
^VIX,2019-08-27,20.309999465942383
^VIX,2019-08-28,19.350000381469727
^VIX,2019-08-29,17.8799991607666
^VIX,2019-08-30,18.979999542236328
^VIX,2019-09-03,19.65999984741211
^VIX,2019-09-04,17.329999923706055
^VIX,2019-09-05,16.270000457763672
^VIX,2019-09-06,15.0
^VIX,2019-09-09,15.270000457763672
^VIX,2019-09-10,15.199999809265137
^VIX,2019-09-11,14.609999656677246
^VIX,2019-09-12,14.220000267028809
^VIX,2019-09-13,13.739999771118164
^VIX,2019-09-16,14.670000076293945
^VIX,2019-09-17,14.4399995803833
^VIX,2019-09-18,13.949999809265137
^VIX,2019-09-19,14.050000190734863
^VIX,2019-09-20,15.319999694824219
^VIX,2019-09-23,14.90999984741211
^VIX,2019-09-24,17.049999237060547
^VIX,2019-09-25,15.960000038146973
^VIX,2019-09-26,16.06999969482422
^VIX,2019-09-27,17.219999313354492
^VIX,2019-09-30,16.239999771118164
^VIX,2019-10-01,18.559999465942383
^VIX,2019-10-02,20.559999465942383
^VIX,2019-10-03,19.1200008392334
^VIX,2019-10-04,17.040000915527344
^VIX,2019-10-07,17.860000610351562
^VIX,2019-10-08,20.280000686645508
^VIX,2019-10-09,18.639999389648438
^VIX,2019-10-10,17.56999969482422
^VIX,2019-10-11,15.579999923706055
^VIX,2019-10-14,14.569999694824219
^VIX,2019-10-15,13.539999961853027
^VIX,2019-10-16,13.680000305175781
^VIX,2019-10-17,13.789999961853027
^VIX,2019-10-18,14.25
^VIX,2019-10-21,14.0
^VIX,2019-10-22,14.460000038146973
^VIX,2019-10-23,14.010000228881836
^VIX,2019-10-24,13.710000038146973
^VIX,2019-10-25,12.649999618530273
^VIX,2019-10-28,13.109999656677246
^VIX,2019-10-29,13.199999809265137
^VIX,2019-10-30,12.329999923706055
^VIX,2019-10-31,13.220000267028809
^VIX,2019-11-01,12.300000190734863
^VIX,2019-11-04,12.829999923706055
^VIX,2019-11-05,13.100000381469727
^VIX,2019-11-06,12.619999885559082
^VIX,2019-11-07,12.729999542236328
^VIX,2019-11-08,12.069999694824219
^VIX,2019-11-11,12.6899995803833
^VIX,2019-11-12,12.680000305175781
^VIX,2019-11-13,13.0
^VIX,2019-11-14,13.050000190734863
^VIX,2019-11-15,12.050000190734863
^VIX,2019-11-18,12.460000038146973
^VIX,2019-11-19,12.859999656677246
^VIX,2019-11-20,12.779999732971191
^VIX,2019-11-21,13.130000114440918
^VIX,2019-11-22,12.34000015258789
^VIX,2019-11-25,11.869999885559082
^VIX,2019-11-26,11.539999961853027
^VIX,2019-11-27,11.75
^VIX,2019-11-29,12.619999885559082
^VIX,2019-12-02,14.90999984741211
^VIX,2019-12-03,15.960000038146973
^VIX,2019-12-04,14.800000190734863
^VIX,2019-12-05,14.520000457763672
^VIX,2019-12-06,13.619999885559082
^VIX,2019-12-09,15.859999656677246
^VIX,2019-12-10,15.680000305175781
^VIX,2019-12-11,14.989999771118164
^VIX,2019-12-12,13.9399995803833
^VIX,2019-12-13,12.630000114440918
^VIX,2019-12-16,12.140000343322754
^VIX,2019-12-17,12.289999961853027
^VIX,2019-12-18,12.579999923706055
^VIX,2019-12-19,12.5
^VIX,2019-12-20,12.510000228881836
^VIX,2019-12-23,12.609999656677246
^VIX,2019-12-24,12.670000076293945
^VIX,2019-12-26,12.649999618530273
^VIX,2019-12-27,13.430000305175781
^VIX,2019-12-30,14.819999694824219
^VIX,2019-12-31,13.779999732971191
^VIX,2020-01-02,12.470000267028809
^VIX,2020-01-03,14.020000457763672
^VIX,2020-01-06,13.850000381469727
^VIX,2020-01-07,13.789999961853027
^VIX,2020-01-08,13.449999809265137
^VIX,2020-01-09,12.539999961853027
^VIX,2020-01-10,12.5600004196167
^VIX,2020-01-13,12.319999694824219
^VIX,2020-01-14,12.390000343322754
^VIX,2020-01-15,12.420000076293945
^VIX,2020-01-16,12.319999694824219
^VIX,2020-01-17,12.100000381469727
^VIX,2020-01-21,12.850000381469727
^VIX,2020-01-22,12.90999984741211
^VIX,2020-01-23,12.979999542236328
^VIX,2020-01-24,14.5600004196167
^VIX,2020-01-27,18.229999542236328
^VIX,2020-01-28,16.280000686645508
^VIX,2020-01-29,16.389999389648438
^VIX,2020-01-30,15.489999771118164
^VIX,2020-01-31,18.84000015258789
^VIX,2020-02-03,17.969999313354492
^VIX,2020-02-04,16.049999237060547
^VIX,2020-02-05,15.149999618530273
^VIX,2020-02-06,14.960000038146973
^VIX,2020-02-07,15.470000267028809
^VIX,2020-02-10,15.039999961853027
^VIX,2020-02-11,15.180000305175781
^VIX,2020-02-12,13.739999771118164
^VIX,2020-02-13,14.149999618530273
^VIX,2020-02-14,13.680000305175781
^VIX,2020-02-18,14.829999923706055
^VIX,2020-02-19,14.380000114440918
^VIX,2020-02-20,15.5600004196167
^VIX,2020-02-21,17.079999923706055
^VIX,2020-02-24,25.030000686645508
^VIX,2020-02-25,27.850000381469727
^VIX,2020-02-26,27.559999465942383
^VIX,2020-02-27,39.15999984741211
^VIX,2020-02-28,40.11000061035156
^VIX,2020-03-02,33.41999816894531
^VIX,2020-03-03,36.81999969482422
^VIX,2020-03-04,31.989999771118164
^VIX,2020-03-05,39.619998931884766
^VIX,2020-03-06,41.939998626708984
^VIX,2020-03-09,54.459999084472656
^VIX,2020-03-10,47.29999923706055
^VIX,2020-03-11,53.900001525878906
^VIX,2020-03-12,75.47000122070312
^VIX,2020-03-13,57.83000183105469
^VIX,2020-03-16,82.69000244140625
^VIX,2020-03-17,75.91000366210938
^VIX,2020-03-18,76.44999694824219
^VIX,2020-03-19,72.0
^VIX,2020-03-20,66.04000091552734
^VIX,2020-03-23,61.59000015258789
^VIX,2020-03-24,61.66999816894531
^VIX,2020-03-25,63.95000076293945
^VIX,2020-03-26,61.0
^VIX,2020-03-27,65.54000091552734
^VIX,2020-03-30,57.08000183105469
^VIX,2020-03-31,53.540000915527344
^VIX,2020-04-01,57.060001373291016
^VIX,2020-04-02,50.90999984741211
^VIX,2020-04-03,46.79999923706055
^VIX,2020-04-06,45.2400016784668
^VIX,2020-04-07,46.70000076293945
^VIX,2020-04-08,43.349998474121094
^VIX,2020-04-09,41.66999816894531
^VIX,2020-04-13,41.16999816894531
^VIX,2020-04-14,37.7599983215332
^VIX,2020-04-15,40.84000015258789
^VIX,2020-04-16,40.11000061035156
^VIX,2020-04-17,38.150001525878906
^VIX,2020-04-20,43.83000183105469
^VIX,2020-04-21,45.40999984741211
^VIX,2020-04-22,41.97999954223633
^VIX,2020-04-23,41.380001068115234
^VIX,2020-04-24,35.93000030517578
^VIX,2020-04-27,33.290000915527344
^VIX,2020-04-28,33.56999969482422
^VIX,2020-04-29,31.229999542236328
^VIX,2020-04-30,34.150001525878906
^VIX,2020-05-01,37.189998626708984
^VIX,2020-05-04,35.970001220703125
^VIX,2020-05-05,33.61000061035156
^VIX,2020-05-06,34.119998931884766
^VIX,2020-05-07,31.440000534057617
^VIX,2020-05-08,27.979999542236328
^VIX,2020-05-11,27.56999969482422
^VIX,2020-05-12,33.040000915527344
^VIX,2020-05-13,35.279998779296875
^VIX,2020-05-14,32.61000061035156
^VIX,2020-05-15,31.889999389648438
^VIX,2020-05-18,29.299999237060547
^VIX,2020-05-19,30.530000686645508
^VIX,2020-05-20,27.989999771118164
^VIX,2020-05-21,29.530000686645508
^VIX,2020-05-22,28.15999984741211
^VIX,2020-05-26,28.010000228881836
^VIX,2020-05-27,27.6200008392334
^VIX,2020-05-28,28.59000015258789
^VIX,2020-05-29,27.510000228881836
^VIX,2020-06-01,28.229999542236328
^VIX,2020-06-02,26.84000015258789
^VIX,2020-06-03,25.65999984741211
^VIX,2020-06-04,25.809999465942383
^VIX,2020-06-05,24.520000457763672
^VIX,2020-06-08,25.809999465942383
^VIX,2020-06-09,27.56999969482422
^VIX,2020-06-10,27.56999969482422
^VIX,2020-06-11,40.790000915527344
^VIX,2020-06-12,36.09000015258789
^VIX,2020-06-15,34.400001525878906
^VIX,2020-06-16,33.66999816894531
^VIX,2020-06-17,33.470001220703125
^VIX,2020-06-18,32.939998626708984
^VIX,2020-06-19,35.119998931884766
^VIX,2020-06-22,31.770000457763672
^VIX,2020-06-23,31.3700008392334
^VIX,2020-06-24,33.84000015258789
^VIX,2020-06-25,32.220001220703125
^VIX,2020-06-26,34.72999954223633
^VIX,2020-06-29,31.780000686645508
^VIX,2020-06-30,30.43000030517578
^VIX,2020-07-01,28.6200008392334
^VIX,2020-07-02,27.68000030517578
^VIX,2020-07-06,27.940000534057617
^VIX,2020-07-07,29.43000030517578
^VIX,2020-07-08,28.079999923706055
^VIX,2020-07-09,29.260000228881836
^VIX,2020-07-10,27.290000915527344
^VIX,2020-07-13,32.189998626708984
^VIX,2020-07-14,29.520000457763672
^VIX,2020-07-15,27.760000228881836
^VIX,2020-07-16,28.0
^VIX,2020-07-17,25.68000030517578
^VIX,2020-07-20,24.459999084472656
^VIX,2020-07-21,24.84000015258789
^VIX,2020-07-22,24.31999969482422
^VIX,2020-07-23,26.079999923706055
^VIX,2020-07-24,25.84000015258789
^VIX,2020-07-27,24.739999771118164
^VIX,2020-07-28,25.440000534057617
^VIX,2020-07-29,24.100000381469727
^VIX,2020-07-30,24.760000228881836
^VIX,2020-07-31,24.459999084472656
^VIX,2020-08-03,24.280000686645508
^VIX,2020-08-04,23.760000228881836
^VIX,2020-08-05,22.989999771118164
^VIX,2020-08-06,22.649999618530273
^VIX,2020-08-07,22.209999084472656
^VIX,2020-08-10,22.1299991607666
^VIX,2020-08-11,24.030000686645508
^VIX,2020-08-12,22.280000686645508
^VIX,2020-08-13,22.1299991607666
^VIX,2020-08-14,22.049999237060547
^VIX,2020-08-17,21.350000381469727
^VIX,2020-08-18,21.510000228881836
^VIX,2020-08-19,22.540000915527344
^VIX,2020-08-20,22.719999313354492
^VIX,2020-08-21,22.540000915527344
^VIX,2020-08-24,22.3700008392334
^VIX,2020-08-25,22.030000686645508
^VIX,2020-08-26,23.270000457763672
^VIX,2020-08-27,24.469999313354492
^VIX,2020-08-28,22.959999084472656
^VIX,2020-08-31,26.40999984741211
^VIX,2020-09-01,26.1200008392334
^VIX,2020-09-02,26.56999969482422
^VIX,2020-09-03,33.599998474121094
^VIX,2020-09-04,30.75
^VIX,2020-09-08,31.459999084472656
^VIX,2020-09-09,28.809999465942383
^VIX,2020-09-10,29.709999084472656
^VIX,2020-09-11,26.8700008392334
^VIX,2020-09-14,25.850000381469727
^VIX,2020-09-15,25.59000015258789
^VIX,2020-09-16,26.040000915527344
^VIX,2020-09-17,26.459999084472656
^VIX,2020-09-18,25.829999923706055
^VIX,2020-09-21,27.780000686645508
^VIX,2020-09-22,26.860000610351562
^VIX,2020-09-23,28.579999923706055
^VIX,2020-09-24,28.510000228881836
^VIX,2020-09-25,26.3799991607666
^VIX,2020-09-28,26.190000534057617
^VIX,2020-09-29,26.270000457763672
^VIX,2020-09-30,26.3700008392334
^VIX,2020-10-01,26.700000762939453
^VIX,2020-10-02,27.6299991607666
^VIX,2020-10-05,27.959999084472656
^VIX,2020-10-06,29.479999542236328
^VIX,2020-10-07,28.059999465942383
^VIX,2020-10-08,26.360000610351562
^VIX,2020-10-09,25.0
^VIX,2020-10-12,25.06999969482422
^VIX,2020-10-13,26.06999969482422
^VIX,2020-10-14,26.399999618530273
^VIX,2020-10-15,26.969999313354492
^VIX,2020-10-16,27.40999984741211
^VIX,2020-10-19,29.18000030517578
^VIX,2020-10-20,29.350000381469727
^VIX,2020-10-21,28.649999618530273
^VIX,2020-10-22,28.110000610351562
^VIX,2020-10-23,27.549999237060547
^VIX,2020-10-26,32.459999084472656
^VIX,2020-10-27,33.349998474121094
^VIX,2020-10-28,40.279998779296875
^VIX,2020-10-29,37.59000015258789
^VIX,2020-10-30,38.02000045776367
^VIX,2020-11-02,37.130001068115234
^VIX,2020-11-03,35.54999923706055
^VIX,2020-11-04,29.56999969482422
^VIX,2020-11-05,27.579999923706055
^VIX,2020-11-06,24.860000610351562
^VIX,2020-11-09,25.75
^VIX,2020-11-10,24.799999237060547
^VIX,2020-11-11,23.450000762939453
^VIX,2020-11-12,25.350000381469727
^VIX,2020-11-13,23.100000381469727
^VIX,2020-11-16,22.450000762939453
^VIX,2020-11-17,22.709999084472656
^VIX,2020-11-18,23.84000015258789
^VIX,2020-11-19,23.110000610351562
^VIX,2020-11-20,23.700000762939453
^VIX,2020-11-23,22.65999984741211
^VIX,2020-11-24,21.639999389648438
^VIX,2020-11-25,21.25
^VIX,2020-11-27,20.84000015258789
^VIX,2020-11-30,20.56999969482422
^VIX,2020-12-01,20.770000457763672
^VIX,2020-12-02,21.170000076293945
^VIX,2020-12-03,21.280000686645508
^VIX,2020-12-04,20.790000915527344
^VIX,2020-12-07,21.299999237060547
^VIX,2020-12-08,20.68000030517578
^VIX,2020-12-09,22.270000457763672
^VIX,2020-12-10,22.520000457763672
^VIX,2020-12-11,23.309999465942383
^VIX,2020-12-14,24.719999313354492
^VIX,2020-12-15,22.889999389648438
^VIX,2020-12-16,22.5
^VIX,2020-12-17,21.93000030517578
^VIX,2020-12-18,21.56999969482422
^VIX,2020-12-21,25.15999984741211
^VIX,2020-12-22,24.229999542236328
^VIX,2020-12-23,23.309999465942383
^VIX,2020-12-24,21.530000686645508
^VIX,2020-12-28,21.700000762939453
^VIX,2020-12-29,23.079999923706055
^VIX,2020-12-30,22.770000457763672
^VIX,2020-12-31,22.75
^VIX,2021-01-04,26.969999313354492
^VIX,2021-01-05,25.34000015258789
^VIX,2021-01-06,25.06999969482422
^VIX,2021-01-07,22.3700008392334
^VIX,2021-01-08,21.559999465942383
^VIX,2021-01-11,24.079999923706055
^VIX,2021-01-12,23.329999923706055
^VIX,2021-01-13,22.209999084472656
^VIX,2021-01-14,23.25
^VIX,2021-01-15,24.34000015258789
^VIX,2021-01-19,23.239999771118164
^VIX,2021-01-20,21.579999923706055
^VIX,2021-01-21,21.31999969482422
^VIX,2021-01-22,21.90999984741211
^VIX,2021-01-25,23.190000534057617
^VIX,2021-01-26,23.020000457763672
^VIX,2021-01-27,37.209999084472656
^VIX,2021-01-28,30.209999084472656
^VIX,2021-01-29,33.09000015258789
^VIX,2021-02-01,30.239999771118164
^VIX,2021-02-02,25.559999465942383
^VIX,2021-02-03,22.90999984741211
^VIX,2021-02-04,21.770000457763672
^VIX,2021-02-05,20.8700008392334
^VIX,2021-02-08,21.239999771118164
^VIX,2021-02-09,21.6299991607666
^VIX,2021-02-10,21.989999771118164
^VIX,2021-02-11,21.25
^VIX,2021-02-12,19.969999313354492
^VIX,2021-02-16,21.459999084472656
^VIX,2021-02-17,21.5
^VIX,2021-02-18,22.489999771118164
^VIX,2021-02-19,22.049999237060547
^VIX,2021-02-22,23.450000762939453
^VIX,2021-02-23,23.110000610351562
^VIX,2021-02-24,21.34000015258789
^VIX,2021-02-25,28.889999389648438
^VIX,2021-02-26,27.950000762939453
^VIX,2021-03-01,23.350000381469727
^VIX,2021-03-02,24.100000381469727
^VIX,2021-03-03,26.670000076293945
^VIX,2021-03-04,28.56999969482422
^VIX,2021-03-05,24.65999984741211
^VIX,2021-03-08,25.469999313354492
^VIX,2021-03-09,24.030000686645508
^VIX,2021-03-10,22.559999465942383
^VIX,2021-03-11,21.90999984741211
^VIX,2021-03-12,20.690000534057617
^VIX,2021-03-15,20.030000686645508
^VIX,2021-03-16,19.790000915527344
^VIX,2021-03-17,19.229999542236328
^VIX,2021-03-18,21.579999923706055
^VIX,2021-03-19,20.950000762939453
^VIX,2021-03-22,18.8799991607666
^VIX,2021-03-23,20.299999237060547
^VIX,2021-03-24,21.200000762939453
^VIX,2021-03-25,19.809999465942383
^VIX,2021-03-26,18.860000610351562
^VIX,2021-03-29,20.739999771118164
^VIX,2021-03-30,19.610000610351562
^VIX,2021-03-31,19.399999618530273
^VIX,2021-04-01,17.329999923706055
^VIX,2021-04-05,17.90999984741211
^VIX,2021-04-06,18.1200008392334
^VIX,2021-04-07,17.15999984741211
^VIX,2021-04-08,16.950000762939453
^VIX,2021-04-09,16.690000534057617
^VIX,2021-04-12,16.90999984741211
^VIX,2021-04-13,16.649999618530273
^VIX,2021-04-14,16.989999771118164
^VIX,2021-04-15,16.56999969482422
^VIX,2021-04-16,16.25
^VIX,2021-04-19,17.290000915527344
^VIX,2021-04-20,18.68000030517578
^VIX,2021-04-21,17.5
^VIX,2021-04-22,18.709999084472656
^VIX,2021-04-23,17.329999923706055
^VIX,2021-04-26,17.639999389648438
^VIX,2021-04-27,17.559999465942383
^VIX,2021-04-28,17.280000686645508
^VIX,2021-04-29,17.610000610351562
^VIX,2021-04-30,18.610000610351562
^VIX,2021-05-03,18.309999465942383
^VIX,2021-05-04,19.479999542236328
^VIX,2021-05-05,19.149999618530273
^VIX,2021-05-06,18.389999389648438
^VIX,2021-05-07,16.690000534057617
^VIX,2021-05-10,19.65999984741211
^VIX,2021-05-11,21.84000015258789
^VIX,2021-05-12,27.59000015258789
^VIX,2021-05-13,23.1299991607666
^VIX,2021-05-14,18.809999465942383
^VIX,2021-05-17,19.719999313354492
^VIX,2021-05-18,21.34000015258789
^VIX,2021-05-19,22.18000030517578
^VIX,2021-05-20,20.670000076293945
^VIX,2021-05-21,20.149999618530273
^VIX,2021-05-24,18.399999618530273
^VIX,2021-05-25,18.84000015258789
^VIX,2021-05-26,17.360000610351562
^VIX,2021-05-27,16.739999771118164
^VIX,2021-05-28,16.760000228881836
^VIX,2021-06-01,17.899999618530273
^VIX,2021-06-02,17.479999542236328
^VIX,2021-06-03,18.040000915527344
^VIX,2021-06-04,16.420000076293945
^VIX,2021-06-07,16.420000076293945
^VIX,2021-06-08,17.06999969482422
^VIX,2021-06-09,17.889999389648438
^VIX,2021-06-10,16.100000381469727
^VIX,2021-06-11,15.649999618530273
^VIX,2021-06-14,16.389999389648438
^VIX,2021-06-15,17.020000457763672
^VIX,2021-06-16,18.149999618530273
^VIX,2021-06-17,17.75
^VIX,2021-06-18,20.700000762939453
^VIX,2021-06-21,17.889999389648438
^VIX,2021-06-22,16.65999984741211
^VIX,2021-06-23,16.31999969482422
^VIX,2021-06-24,15.970000267028809
^VIX,2021-06-25,15.619999885559082
^VIX,2021-06-28,15.760000228881836
^VIX,2021-06-29,16.020000457763672
^VIX,2021-06-30,15.829999923706055
^VIX,2021-07-01,15.479999542236328
^VIX,2021-07-02,15.069999694824219
^VIX,2021-07-06,16.440000534057617
^VIX,2021-07-07,16.200000762939453
^VIX,2021-07-08,19.0
^VIX,2021-07-09,16.18000030517578
^VIX,2021-07-12,16.170000076293945
^VIX,2021-07-13,17.1200008392334
^VIX,2021-07-14,16.329999923706055
^VIX,2021-07-15,17.010000228881836
^VIX,2021-07-16,18.450000762939453
^VIX,2021-07-19,22.5
^VIX,2021-07-20,19.729999542236328
^VIX,2021-07-21,17.90999984741211
^VIX,2021-07-22,17.690000534057617
^VIX,2021-07-23,17.200000762939453
^VIX,2021-07-26,17.579999923706055
^VIX,2021-07-27,19.360000610351562
^VIX,2021-07-28,18.309999465942383
^VIX,2021-07-29,17.700000762939453
^VIX,2021-07-30,18.239999771118164
^VIX,2021-08-02,19.459999084472656
^VIX,2021-08-03,18.040000915527344
^VIX,2021-08-04,17.969999313354492
^VIX,2021-08-05,17.280000686645508
^VIX,2021-08-06,16.149999618530273
^VIX,2021-08-09,16.719999313354492
^VIX,2021-08-10,16.790000915527344
^VIX,2021-08-11,16.170000076293945
^VIX,2021-08-12,15.59000015258789
^VIX,2021-08-13,15.449999809265137
^VIX,2021-08-16,16.1200008392334
^VIX,2021-08-17,17.90999984741211
^VIX,2021-08-18,21.56999969482422
^VIX,2021-08-19,21.670000076293945
^VIX,2021-08-20,18.559999465942383
^VIX,2021-08-23,17.149999618530273
^VIX,2021-08-24,17.219999313354492
^VIX,2021-08-25,16.790000915527344
^VIX,2021-08-26,18.84000015258789
^VIX,2021-08-27,16.389999389648438
^VIX,2021-08-30,16.190000534057617
^VIX,2021-08-31,16.479999542236328
^VIX,2021-09-01,16.110000610351562
^VIX,2021-09-02,16.40999984741211
^VIX,2021-09-03,16.40999984741211
^VIX,2021-09-07,18.139999389648438
^VIX,2021-09-08,17.959999084472656
^VIX,2021-09-09,18.799999237060547
^VIX,2021-09-10,20.950000762939453
^VIX,2021-09-13,19.3700008392334
^VIX,2021-09-14,19.459999084472656
^VIX,2021-09-15,18.18000030517578
^VIX,2021-09-16,18.690000534057617
^VIX,2021-09-17,20.809999465942383
^VIX,2021-09-20,25.709999084472656
^VIX,2021-09-21,24.360000610351562
^VIX,2021-09-22,20.8700008392334
^VIX,2021-09-23,18.6299991607666
^VIX,2021-09-24,17.75
^VIX,2021-09-27,18.760000228881836
^VIX,2021-09-28,23.25
^VIX,2021-09-29,22.559999465942383
^VIX,2021-09-30,23.139999389648438
^VIX,2021-10-01,21.100000381469727
^VIX,2021-10-04,22.959999084472656
^VIX,2021-10-05,21.299999237060547
^VIX,2021-10-06,21.0
^VIX,2021-10-07,19.540000915527344
^VIX,2021-10-08,18.770000457763672
^VIX,2021-10-11,20.0
^VIX,2021-10-12,19.850000381469727
^VIX,2021-10-13,18.639999389648438
^VIX,2021-10-14,16.860000610351562
^VIX,2021-10-15,16.299999237060547
^VIX,2021-10-18,16.309999465942383
^VIX,2021-10-19,15.699999809265137
^VIX,2021-10-20,15.489999771118164
^VIX,2021-10-21,15.010000228881836
^VIX,2021-10-22,15.430000305175781
^VIX,2021-10-25,15.239999771118164
^VIX,2021-10-26,15.979999542236328
^VIX,2021-10-27,16.979999542236328
^VIX,2021-10-28,16.530000686645508
^VIX,2021-10-29,16.260000228881836
^VIX,2021-11-01,16.40999984741211
^VIX,2021-11-02,16.030000686645508
^VIX,2021-11-03,15.100000381469727
^VIX,2021-11-04,15.4399995803833
^VIX,2021-11-05,16.479999542236328
^VIX,2021-11-08,17.219999313354492
^VIX,2021-11-09,17.780000686645508
^VIX,2021-11-10,18.729999542236328
^VIX,2021-11-11,17.65999984741211
^VIX,2021-11-12,16.290000915527344
^VIX,2021-11-15,16.489999771118164
^VIX,2021-11-16,16.3700008392334
^VIX,2021-11-17,17.110000610351562
^VIX,2021-11-18,17.59000015258789
^VIX,2021-11-19,17.90999984741211
^VIX,2021-11-22,19.170000076293945
^VIX,2021-11-23,19.3799991607666
^VIX,2021-11-24,18.579999923706055
^VIX,2021-11-26,28.6200008392334
^VIX,2021-11-29,22.959999084472656
^VIX,2021-11-30,27.190000534057617
^VIX,2021-12-01,31.1200008392334
^VIX,2021-12-02,27.950000762939453
^VIX,2021-12-03,30.670000076293945
^VIX,2021-12-06,27.18000030517578
^VIX,2021-12-07,21.889999389648438
^VIX,2021-12-08,19.899999618530273
^VIX,2021-12-09,21.579999923706055
^VIX,2021-12-10,18.690000534057617
^VIX,2021-12-13,20.309999465942383
^VIX,2021-12-14,21.889999389648438
^VIX,2021-12-15,19.290000915527344
^VIX,2021-12-16,20.56999969482422
^VIX,2021-12-17,21.56999969482422
^VIX,2021-12-20,22.8700008392334
^VIX,2021-12-21,21.010000228881836
^VIX,2021-12-22,18.6299991607666
^VIX,2021-12-23,17.959999084472656
^VIX,2021-12-27,17.68000030517578
^VIX,2021-12-28,17.540000915527344
^VIX,2021-12-29,16.950000762939453
^VIX,2021-12-30,17.329999923706055
^VIX,2021-12-31,17.219999313354492
^VIX,2022-01-03,16.600000381469727
^VIX,2022-01-04,16.90999984741211
^VIX,2022-01-05,19.729999542236328
^VIX,2022-01-06,19.610000610351562
^VIX,2022-01-07,18.760000228881836
^VIX,2022-01-10,19.399999618530273
^VIX,2022-01-11,18.40999984741211
^VIX,2022-01-12,17.6200008392334
^VIX,2022-01-13,20.309999465942383
^VIX,2022-01-14,19.190000534057617
^VIX,2022-01-18,22.790000915527344
^VIX,2022-01-19,23.850000381469727
^VIX,2022-01-20,25.59000015258789
^VIX,2022-01-21,28.850000381469727
^VIX,2022-01-24,29.899999618530273
^VIX,2022-01-25,31.15999984741211
^VIX,2022-01-26,31.959999084472656
^VIX,2022-01-27,30.489999771118164
^VIX,2022-01-28,27.65999984741211
^VIX,2022-01-31,24.829999923706055
^VIX,2022-02-01,21.959999084472656
^VIX,2022-02-02,22.09000015258789
^VIX,2022-02-03,24.350000381469727
^VIX,2022-02-04,23.219999313354492
^VIX,2022-02-07,22.860000610351562
^VIX,2022-02-08,21.440000534057617
^VIX,2022-02-09,19.959999084472656
^VIX,2022-02-10,23.90999984741211
^VIX,2022-02-11,27.360000610351562
^VIX,2022-02-14,28.329999923706055
^VIX,2022-02-15,25.700000762939453
^VIX,2022-02-16,24.290000915527344
^VIX,2022-02-17,28.110000610351562
^VIX,2022-02-18,27.75
^VIX,2022-02-22,28.809999465942383
^VIX,2022-02-23,31.020000457763672
^VIX,2022-02-24,30.31999969482422
^VIX,2022-02-25,27.59000015258789
^VIX,2022-02-28,30.149999618530273
^VIX,2022-03-01,33.31999969482422
^VIX,2022-03-02,30.739999771118164
^VIX,2022-03-03,30.479999542236328
^VIX,2022-03-04,31.979999542236328
^VIX,2022-03-07,36.45000076293945
^VIX,2022-03-08,35.130001068115234
^VIX,2022-03-09,32.45000076293945
^VIX,2022-03-10,30.229999542236328
^VIX,2022-03-11,30.75
^VIX,2022-03-14,31.770000457763672
^VIX,2022-03-15,29.829999923706055
^VIX,2022-03-16,26.670000076293945
^VIX,2022-03-17,25.670000076293945
^VIX,2022-03-18,23.8700008392334
^VIX,2022-03-21,23.530000686645508
^VIX,2022-03-22,22.940000534057617
^VIX,2022-03-23,23.56999969482422
^VIX,2022-03-24,21.670000076293945
^VIX,2022-03-25,20.809999465942383
^VIX,2022-03-28,19.6299991607666
^VIX,2022-03-29,18.899999618530273
^VIX,2022-03-30,19.329999923706055
^VIX,2022-03-31,20.559999465942383
^VIX,2022-04-01,19.6299991607666
^VIX,2022-04-04,18.56999969482422
^VIX,2022-04-05,21.030000686645508
^VIX,2022-04-06,22.100000381469727
^VIX,2022-04-07,21.549999237060547
^VIX,2022-04-08,21.15999984741211
^VIX,2022-04-11,24.3700008392334
^VIX,2022-04-12,24.260000228881836
^VIX,2022-04-13,21.81999969482422
^VIX,2022-04-14,22.700000762939453
^VIX,2022-04-18,22.170000076293945
^VIX,2022-04-19,21.3700008392334
^VIX,2022-04-20,20.31999969482422
^VIX,2022-04-21,22.68000030517578
^VIX,2022-04-22,28.209999084472656
^VIX,2022-04-25,27.020000457763672
^VIX,2022-04-26,33.52000045776367
^VIX,2022-04-27,31.600000381469727
^VIX,2022-04-28,29.989999771118164
^VIX,2022-04-29,33.400001525878906
^VIX,2022-05-02,32.34000015258789
^VIX,2022-05-03,29.25
^VIX,2022-05-04,25.420000076293945
^VIX,2022-05-05,31.200000762939453
^VIX,2022-05-06,30.190000534057617
^VIX,2022-05-09,34.75
^VIX,2022-05-10,32.9900016784668
^VIX,2022-05-11,32.560001373291016
^VIX,2022-05-12,31.770000457763672
^VIX,2022-05-13,28.8700008392334
^VIX,2022-05-16,27.469999313354492
^VIX,2022-05-17,26.100000381469727
^VIX,2022-05-18,30.959999084472656
^VIX,2022-05-19,29.350000381469727
^VIX,2022-05-20,29.43000030517578
^VIX,2022-05-23,28.479999542236328
^VIX,2022-05-24,29.450000762939453
^VIX,2022-05-25,28.3700008392334
^VIX,2022-05-26,27.5
^VIX,2022-05-27,25.719999313354492
^VIX,2022-05-31,26.190000534057617
^VIX,2022-06-01,25.690000534057617
^VIX,2022-06-02,24.719999313354492
^VIX,2022-06-03,24.790000915527344
^VIX,2022-06-06,25.06999969482422
^VIX,2022-06-07,24.020000457763672
^VIX,2022-06-08,23.959999084472656
^VIX,2022-06-09,26.09000015258789
^VIX,2022-06-10,27.75
^VIX,2022-06-13,34.02000045776367
^VIX,2022-06-14,32.689998626708984
^VIX,2022-06-15,29.6200008392334
^VIX,2022-06-16,32.95000076293945
^VIX,2022-06-17,31.1299991607666
^VIX,2022-06-21,30.190000534057617
^VIX,2022-06-22,28.950000762939453
^VIX,2022-06-23,29.049999237060547
^VIX,2022-06-24,27.229999542236328
^VIX,2022-06-27,26.950000762939453
^VIX,2022-06-28,28.360000610351562
^VIX,2022-06-29,28.15999984741211
^VIX,2022-06-30,28.709999084472656
^VIX,2022-07-01,26.700000762939453
^VIX,2022-07-05,27.540000915527344
^VIX,2022-07-06,26.729999542236328
^VIX,2022-07-07,26.079999923706055
^VIX,2022-07-08,24.639999389648438
^VIX,2022-07-11,26.170000076293945
^VIX,2022-07-12,27.290000915527344
^VIX,2022-07-13,26.81999969482422
^VIX,2022-07-14,26.399999618530273
^VIX,2022-07-15,24.229999542236328
^VIX,2022-07-18,25.299999237060547
^VIX,2022-07-19,24.5
^VIX,2022-07-20,23.8799991607666
^VIX,2022-07-21,23.110000610351562
^VIX,2022-07-22,23.030000686645508
^VIX,2022-07-25,23.360000610351562
^VIX,2022-07-26,24.690000534057617
^VIX,2022-07-27,23.239999771118164
^VIX,2022-07-28,22.329999923706055
^VIX,2022-07-29,21.329999923706055
^VIX,2022-08-01,22.84000015258789
^VIX,2022-08-02,23.93000030517578
^VIX,2022-08-03,21.950000762939453
^VIX,2022-08-04,21.440000534057617
^VIX,2022-08-05,21.149999618530273
^VIX,2022-08-08,21.290000915527344
^VIX,2022-08-09,21.770000457763672
^VIX,2022-08-10,19.739999771118164
^VIX,2022-08-11,20.200000762939453
^VIX,2022-08-12,19.530000686645508
^VIX,2022-08-15,19.950000762939453
^VIX,2022-08-16,19.690000534057617
^VIX,2022-08-17,19.899999618530273
^VIX,2022-08-18,19.559999465942383
^VIX,2022-08-19,20.600000381469727
^VIX,2022-08-22,23.799999237060547
^VIX,2022-08-23,24.110000610351562
^VIX,2022-08-24,22.81999969482422
^VIX,2022-08-25,21.780000686645508
^VIX,2022-08-26,25.559999465942383
^VIX,2022-08-29,26.209999084472656
^VIX,2022-08-30,26.209999084472656
^VIX,2022-08-31,25.8700008392334
^VIX,2022-09-01,25.559999465942383
^VIX,2022-09-02,25.469999313354492
^VIX,2022-09-06,26.90999984741211
^VIX,2022-09-07,24.639999389648438
^VIX,2022-09-08,23.610000610351562
^VIX,2022-09-09,22.790000915527344
^VIX,2022-09-12,23.8700008392334
^VIX,2022-09-13,27.270000457763672
^VIX,2022-09-14,26.15999984741211
^VIX,2022-09-15,26.270000457763672
^VIX,2022-09-16,26.299999237060547
^VIX,2022-09-19,25.760000228881836
^VIX,2022-09-20,27.15999984741211
^VIX,2022-09-21,27.989999771118164
^VIX,2022-09-22,27.350000381469727
^VIX,2022-09-23,29.920000076293945
^VIX,2022-09-26,32.2599983215332
^VIX,2022-09-27,32.599998474121094
^VIX,2022-09-28,30.18000030517578
^VIX,2022-09-29,31.84000015258789
^VIX,2022-09-30,31.6200008392334
^VIX,2022-10-03,30.100000381469727
^VIX,2022-10-04,29.06999969482422
^VIX,2022-10-05,28.549999237060547
^VIX,2022-10-06,30.520000457763672
^VIX,2022-10-07,31.360000610351562
^VIX,2022-10-10,32.45000076293945
^VIX,2022-10-11,33.630001068115234
^VIX,2022-10-12,33.56999969482422
^VIX,2022-10-13,31.940000534057617
^VIX,2022-10-14,32.02000045776367
^VIX,2022-10-17,31.3700008392334
^VIX,2022-10-18,30.5
^VIX,2022-10-19,30.760000228881836
^VIX,2022-10-20,29.979999542236328
^VIX,2022-10-21,29.690000534057617
^VIX,2022-10-24,29.850000381469727
^VIX,2022-10-25,28.459999084472656
^VIX,2022-10-26,27.280000686645508
^VIX,2022-10-27,27.389999389648438
^VIX,2022-10-28,25.75
^VIX,2022-10-31,25.8799991607666
^VIX,2022-11-01,25.809999465942383
^VIX,2022-11-02,25.860000610351562
^VIX,2022-11-03,25.299999237060547
^VIX,2022-11-04,24.549999237060547
^VIX,2022-11-07,24.350000381469727
^VIX,2022-11-08,25.540000915527344
^VIX,2022-11-09,26.09000015258789
^VIX,2022-11-10,23.530000686645508
^VIX,2022-11-11,22.520000457763672
^VIX,2022-11-14,23.729999542236328
^VIX,2022-11-15,24.540000915527344
^VIX,2022-11-16,24.110000610351562
^VIX,2022-11-17,23.93000030517578
^VIX,2022-11-18,23.1200008392334
^VIX,2022-11-21,22.360000610351562
^VIX,2022-11-22,21.290000915527344
^VIX,2022-11-23,20.350000381469727
^VIX,2022-11-25,20.5
^VIX,2022-11-28,22.209999084472656
^VIX,2022-11-29,21.889999389648438
^VIX,2022-11-30,20.579999923706055
^VIX,2022-12-01,19.84000015258789
^VIX,2022-12-02,19.059999465942383
^VIX,2022-12-05,20.75
^VIX,2022-12-06,22.170000076293945
^VIX,2022-12-07,22.68000030517578
^VIX,2022-12-08,22.290000915527344
^VIX,2022-12-09,22.829999923706055
^VIX,2022-12-12,25.0
^VIX,2022-12-13,22.549999237060547
^VIX,2022-12-14,21.139999389648438
^VIX,2022-12-15,22.829999923706055
^VIX,2022-12-16,22.6200008392334
^VIX,2022-12-19,22.420000076293945
^VIX,2022-12-20,21.479999542236328
^VIX,2022-12-21,20.06999969482422
^VIX,2022-12-22,21.969999313354492
^VIX,2022-12-23,20.8700008392334
^VIX,2022-12-27,21.649999618530273
^VIX,2022-12-28,22.139999389648438
^VIX,2022-12-29,21.440000534057617
^VIX,2022-12-30,21.670000076293945
^VIX,2023-01-03,22.899999618530273
^VIX,2023-01-04,22.010000228881836
^VIX,2023-01-05,22.459999084472656
^VIX,2023-01-06,21.1299991607666
^VIX,2023-01-09,21.969999313354492
^VIX,2023-01-10,20.579999923706055
^VIX,2023-01-11,21.09000015258789
^VIX,2023-01-12,18.829999923706055
^VIX,2023-01-13,18.350000381469727
^VIX,2023-01-17,19.360000610351562
^VIX,2023-01-18,20.34000015258789
^VIX,2023-01-19,20.520000457763672
^VIX,2023-01-20,19.850000381469727
^VIX,2023-01-23,19.809999465942383
^VIX,2023-01-24,19.200000762939453
^VIX,2023-01-25,19.079999923706055
^VIX,2023-01-26,18.729999542236328
^VIX,2023-01-27,18.510000228881836
^VIX,2023-01-30,19.940000534057617
^VIX,2023-01-31,19.399999618530273
^VIX,2023-02-01,17.8700008392334
^VIX,2023-02-02,18.729999542236328
^VIX,2023-02-03,18.329999923706055
^VIX,2023-02-06,19.43000030517578
^VIX,2023-02-07,18.65999984741211
^VIX,2023-02-08,19.6299991607666
^VIX,2023-02-09,20.709999084472656
^VIX,2023-02-10,20.530000686645508
^VIX,2023-02-13,20.34000015258789
^VIX,2023-02-14,18.90999984741211
^VIX,2023-02-15,18.229999542236328
^VIX,2023-02-16,20.170000076293945
^VIX,2023-02-17,20.020000457763672
^VIX,2023-02-21,22.8700008392334
^VIX,2023-02-22,22.290000915527344
^VIX,2023-02-23,21.139999389648438
^VIX,2023-02-24,21.670000076293945
^VIX,2023-02-27,20.950000762939453
^VIX,2023-02-28,20.700000762939453
^VIX,2023-03-01,20.579999923706055
^VIX,2023-03-02,19.59000015258789
^VIX,2023-03-03,18.489999771118164
^VIX,2023-03-06,18.610000610351562
^VIX,2023-03-07,19.59000015258789
^VIX,2023-03-08,19.110000610351562
^VIX,2023-03-09,22.610000610351562
^VIX,2023-03-10,24.799999237060547
^VIX,2023-03-13,26.520000457763672
^VIX,2023-03-14,23.729999542236328
^VIX,2023-03-15,26.139999389648438
^VIX,2023-03-16,22.989999771118164
^VIX,2023-03-17,25.510000228881836
^VIX,2023-03-20,24.149999618530273
^VIX,2023-03-21,21.3799991607666
^VIX,2023-03-22,22.260000228881836
^VIX,2023-03-23,22.610000610351562
^VIX,2023-03-24,21.739999771118164
^VIX,2023-03-27,20.600000381469727
^VIX,2023-03-28,19.969999313354492
^VIX,2023-03-29,19.1200008392334
^VIX,2023-03-30,19.020000457763672
^VIX,2023-03-31,18.700000762939453
^VIX,2023-04-03,18.549999237060547
^VIX,2023-04-04,19.0
^VIX,2023-04-05,19.079999923706055
^VIX,2023-04-06,18.399999618530273
^VIX,2023-04-10,18.969999313354492
^VIX,2023-04-11,19.100000381469727
^VIX,2023-04-12,19.09000015258789
^VIX,2023-04-13,17.799999237060547
^VIX,2023-04-14,17.06999969482422
^VIX,2023-04-17,16.950000762939453
^VIX,2023-04-18,16.829999923706055
^VIX,2023-04-19,16.459999084472656
^VIX,2023-04-20,17.170000076293945
^VIX,2023-04-21,16.770000457763672
^VIX,2023-04-24,16.889999389648438
^VIX,2023-04-25,18.760000228881836
^VIX,2023-04-26,18.84000015258789
^VIX,2023-04-27,17.030000686645508
^VIX,2023-04-28,15.779999732971191
^VIX,2023-05-01,16.079999923706055
^VIX,2023-05-02,17.780000686645508
^VIX,2023-05-03,18.34000015258789
^VIX,2023-05-04,20.09000015258789
^VIX,2023-05-05,17.190000534057617
^VIX,2023-05-08,16.979999542236328
^VIX,2023-05-09,17.709999084472656
^VIX,2023-05-10,16.940000534057617
^VIX,2023-05-11,16.93000030517578
^VIX,2023-05-12,17.030000686645508
^VIX,2023-05-15,17.1200008392334
^VIX,2023-05-16,17.989999771118164
^VIX,2023-05-17,16.8700008392334
^VIX,2023-05-18,16.049999237060547
^VIX,2023-05-19,16.809999465942383
^VIX,2023-05-22,17.209999084472656
^VIX,2023-05-23,18.530000686645508
^VIX,2023-05-24,20.030000686645508
^VIX,2023-05-25,19.139999389648438
^VIX,2023-05-26,17.950000762939453
^VIX,2023-05-30,17.459999084472656
^VIX,2023-05-31,17.940000534057617
^VIX,2023-06-01,15.649999618530273
^VIX,2023-06-02,14.600000381469727
^VIX,2023-06-05,14.729999542236328
^VIX,2023-06-06,13.960000038146973
^VIX,2023-06-07,13.9399995803833
^VIX,2023-06-08,13.649999618530273
^VIX,2023-06-09,13.829999923706055
^VIX,2023-06-12,15.010000228881836
^VIX,2023-06-13,14.609999656677246
^VIX,2023-06-14,13.880000114440918
^VIX,2023-06-15,14.5
^VIX,2023-06-16,13.539999961853027
^VIX,2023-06-20,13.880000114440918
^VIX,2023-06-21,13.199999809265137
^VIX,2023-06-22,12.90999984741211
^VIX,2023-06-23,13.4399995803833
^VIX,2023-06-26,14.25
^VIX,2023-06-27,13.739999771118164
^VIX,2023-06-28,13.430000305175781
^VIX,2023-06-29,13.539999961853027
^VIX,2023-06-30,13.59000015258789
^VIX,2023-07-03,13.569999694824219
^VIX,2023-07-05,14.180000305175781
^VIX,2023-07-06,15.4399995803833
^VIX,2023-07-07,14.829999923706055
^VIX,2023-07-10,15.069999694824219
^VIX,2023-07-11,14.84000015258789
^VIX,2023-07-12,13.539999961853027
^VIX,2023-07-13,13.609999656677246
^VIX,2023-07-14,13.34000015258789
^VIX,2023-07-17,13.479999542236328
^VIX,2023-07-18,13.300000190734863
^VIX,2023-07-19,13.760000228881836
^VIX,2023-07-20,13.989999771118164
^VIX,2023-07-21,13.600000381469727
^VIX,2023-07-24,13.90999984741211
^VIX,2023-07-25,13.859999656677246
^VIX,2023-07-26,13.1899995803833
^VIX,2023-07-27,14.40999984741211
^VIX,2023-07-28,13.329999923706055
^VIX,2023-07-31,13.630000114440918
^VIX,2023-08-01,13.930000305175781
^VIX,2023-08-02,16.09000015258789
^VIX,2023-08-03,15.920000076293945
^VIX,2023-08-04,17.100000381469727
^VIX,2023-08-07,15.770000457763672
^VIX,2023-08-08,15.989999771118164
^VIX,2023-08-09,15.960000038146973
^VIX,2023-08-10,15.850000381469727
^VIX,2023-08-11,14.84000015258789
^VIX,2023-08-14,14.819999694824219
^VIX,2023-08-15,16.459999084472656
^VIX,2023-08-16,16.780000686645508
^VIX,2023-08-17,17.889999389648438
^VIX,2023-08-18,17.299999237060547
^VIX,2023-08-21,17.1299991607666
^VIX,2023-08-22,16.969999313354492
^VIX,2023-08-23,15.979999542236328
^VIX,2023-08-24,17.200000762939453
^VIX,2023-08-25,15.680000305175781
^VIX,2023-08-28,15.079999923706055
^VIX,2023-08-29,14.449999809265137
^VIX,2023-08-30,13.880000114440918
^VIX,2023-08-31,13.569999694824219
^VIX,2023-09-01,13.09000015258789
^VIX,2023-09-05,14.010000228881836
^VIX,2023-09-06,14.449999809265137
^VIX,2023-09-07,14.399999618530273
^VIX,2023-09-08,13.84000015258789
^VIX,2023-09-11,13.800000190734863
^VIX,2023-09-12,14.229999542236328
^VIX,2023-09-13,13.479999542236328
^VIX,2023-09-14,12.819999694824219
^VIX,2023-09-15,13.789999961853027
^VIX,2023-09-18,14.0
^VIX,2023-09-19,14.109999656677246
^VIX,2023-09-20,15.140000343322754
^VIX,2023-09-21,17.540000915527344
^VIX,2023-09-22,17.200000762939453
^VIX,2023-09-25,16.899999618530273
^VIX,2023-09-26,18.940000534057617
^VIX,2023-09-27,18.219999313354492
^VIX,2023-09-28,17.34000015258789
^VIX,2023-09-29,17.520000457763672
^VIX,2023-10-02,17.610000610351562
^VIX,2023-10-03,19.780000686645508
^VIX,2023-10-04,18.579999923706055
^VIX,2023-10-05,18.489999771118164
^VIX,2023-10-06,17.450000762939453
^VIX,2023-10-09,17.700000762939453
^VIX,2023-10-10,17.030000686645508
^VIX,2023-10-11,16.09000015258789
^VIX,2023-10-12,16.690000534057617
^VIX,2023-10-13,19.31999969482422
^VIX,2023-10-16,17.209999084472656
^VIX,2023-10-17,17.8799991607666
^VIX,2023-10-18,19.219999313354492
^VIX,2023-10-19,21.399999618530273
^VIX,2023-10-20,21.709999084472656
^VIX,2023-10-23,20.3700008392334
^VIX,2023-10-24,18.969999313354492
^VIX,2023-10-25,20.190000534057617
^VIX,2023-10-26,20.68000030517578
^VIX,2023-10-27,21.270000457763672
^VIX,2023-10-30,19.75
^VIX,2023-10-31,18.139999389648438
^VIX,2023-11-01,16.8700008392334
^VIX,2023-11-02,15.65999984741211
^VIX,2023-11-03,14.90999984741211
^VIX,2023-11-06,14.890000343322754
^VIX,2023-11-07,14.8100004196167
^VIX,2023-11-08,14.449999809265137
^VIX,2023-11-09,15.289999961853027
^VIX,2023-11-10,14.170000076293945
^VIX,2023-11-13,14.760000228881836
^VIX,2023-11-14,14.15999984741211
^VIX,2023-11-15,14.180000305175781
^VIX,2023-11-16,14.319999694824219
^VIX,2023-11-17,13.800000190734863
^VIX,2023-11-20,13.40999984741211
^VIX,2023-11-21,13.350000381469727
^VIX,2023-11-22,12.850000381469727
^VIX,2023-11-24,12.460000038146973
^VIX,2023-11-27,12.6899995803833
^VIX,2023-11-28,12.6899995803833
^VIX,2023-11-29,12.979999542236328
^VIX,2023-11-30,12.920000076293945
^VIX,2023-12-01,12.630000114440918
^VIX,2023-12-04,13.079999923706055
^VIX,2023-12-05,12.850000381469727
^VIX,2023-12-06,12.970000267028809
^VIX,2023-12-07,13.0600004196167
^VIX,2023-12-08,12.350000381469727
^VIX,2023-12-11,12.630000114440918
^VIX,2023-12-12,12.069999694824219
^VIX,2023-12-13,12.1899995803833
^VIX,2023-12-14,12.479999542236328
^VIX,2023-12-15,12.279999732971191
^VIX,2023-12-18,12.5600004196167
^VIX,2023-12-19,12.529999732971191
^VIX,2023-12-20,13.670000076293945
^VIX,2023-12-21,13.649999618530273
^VIX,2023-12-22,13.029999732971191
^VIX,2023-12-26,12.989999771118164
^VIX,2023-12-27,12.430000305175781
^VIX,2023-12-28,12.470000267028809
^VIX,2023-12-29,12.449999809265137
^VIX,2024-01-02,13.199999809265137
^VIX,2024-01-03,14.039999961853027
^VIX,2024-01-04,14.130000114440918
^VIX,2024-01-05,13.350000381469727
^VIX,2024-01-08,13.079999923706055
^VIX,2024-01-09,12.760000228881836
^VIX,2024-01-10,12.6899995803833
^VIX,2024-01-11,12.4399995803833
^VIX,2024-01-12,12.699999809265137
^VIX,2024-01-16,13.84000015258789
^VIX,2024-01-17,14.789999961853027
^VIX,2024-01-18,14.130000114440918
^VIX,2024-01-19,13.300000190734863
^VIX,2024-01-22,13.1899995803833
^VIX,2024-01-23,12.550000190734863
^VIX,2024-01-24,13.140000343322754
^VIX,2024-01-25,13.449999809265137
^VIX,2024-01-26,13.260000228881836
^VIX,2024-01-29,13.600000381469727
^VIX,2024-01-30,13.3100004196167
^VIX,2024-01-31,14.350000381469727
^VIX,2024-02-01,13.880000114440918
^VIX,2024-02-02,13.850000381469727
^VIX,2024-02-05,13.670000076293945
^VIX,2024-02-06,13.0600004196167
^VIX,2024-02-07,12.829999923706055
^VIX,2024-02-08,12.789999961853027
^VIX,2024-02-09,12.930000305175781
^VIX,2024-02-12,13.930000305175781
^VIX,2024-02-13,15.850000381469727
^VIX,2024-02-14,14.380000114440918
^VIX,2024-02-15,14.010000228881836
^VIX,2024-02-16,14.239999771118164
^VIX,2024-02-20,15.420000076293945
^VIX,2024-02-21,15.34000015258789
^VIX,2024-02-22,14.539999961853027
^VIX,2024-02-23,13.75
^VIX,2024-02-26,13.739999771118164
^VIX,2024-02-27,13.430000305175781
^VIX,2024-02-28,13.84000015258789
^VIX,2024-02-29,13.399999618530273
^VIX,2024-03-01,13.109999656677246
^VIX,2024-03-04,13.489999771118164
^VIX,2024-03-05,14.460000038146973
^VIX,2024-03-06,14.5
^VIX,2024-03-07,14.4399995803833
^VIX,2024-03-08,14.739999771118164
^VIX,2024-03-11,15.220000267028809
^VIX,2024-03-12,13.84000015258789
^VIX,2024-03-13,13.75
^VIX,2024-03-14,14.399999618530273
^VIX,2024-03-15,14.40999984741211
^VIX,2024-03-18,14.329999923706055
^VIX,2024-03-19,13.819999694824219
^VIX,2024-03-20,13.039999961853027
^VIX,2024-03-21,12.920000076293945
^VIX,2024-03-22,13.0600004196167
^VIX,2024-03-25,13.1899995803833
^VIX,2024-03-26,13.239999771118164
^VIX,2024-03-27,12.779999732971191
^VIX,2024-03-28,13.010000228881836
^VIX,2024-04-01,13.649999618530273
^VIX,2024-04-02,14.609999656677246
^VIX,2024-04-03,14.329999923706055
^VIX,2024-04-04,16.350000381469727
^VIX,2024-04-05,16.030000686645508
^VIX,2024-04-08,15.1899995803833
^VIX,2024-04-09,14.979999542236328
^VIX,2024-04-10,15.800000190734863
^VIX,2024-04-11,14.90999984741211
^VIX,2024-04-12,17.309999465942383
^VIX,2024-04-15,19.229999542236328
^VIX,2024-04-16,18.399999618530273
^VIX,2024-04-17,18.209999084472656
^VIX,2024-04-18,18.0
^VIX,2024-04-19,18.709999084472656
^VIX,2024-04-22,16.940000534057617
^VIX,2024-04-23,15.6899995803833
^VIX,2024-04-24,15.970000267028809
^VIX,2024-04-25,15.369999885559082
^VIX,2024-04-26,15.029999732971191
^VIX,2024-04-29,14.670000076293945
^VIX,2024-04-30,15.649999618530273
^VIX,2024-05-01,15.390000343322754
^VIX,2024-05-02,14.680000305175781
^VIX,2024-05-03,13.489999771118164
^VIX,2024-05-06,13.489999771118164
^VIX,2024-05-07,13.229999542236328
^VIX,2024-05-08,13.0
^VIX,2024-05-09,12.6899995803833
^VIX,2024-05-10,12.550000190734863
^VIX,2024-05-13,13.600000381469727
^VIX,2024-05-14,13.420000076293945
^VIX,2024-05-15,12.449999809265137
^VIX,2024-05-16,12.420000076293945
^VIX,2024-05-17,11.989999771118164
^VIX,2024-05-20,12.149999618530273
^VIX,2024-05-21,11.859999656677246
^VIX,2024-05-22,12.289999961853027
^VIX,2024-05-23,12.770000457763672
^VIX,2024-05-24,11.930000305175781
^VIX,2024-05-28,12.920000076293945
^VIX,2024-05-29,14.279999732971191
^VIX,2024-05-30,14.470000267028809
^VIX,2024-05-31,12.920000076293945
^VIX,2024-06-03,13.109999656677246
^VIX,2024-06-04,13.15999984741211
^VIX,2024-06-05,12.630000114440918
^VIX,2024-06-06,12.579999923706055
^VIX,2024-06-07,12.220000267028809
^VIX,2024-06-10,12.739999771118164
^VIX,2024-06-11,12.850000381469727
^VIX,2024-06-12,12.039999961853027
^VIX,2024-06-13,11.9399995803833
^VIX,2024-06-14,12.65999984741211
^VIX,2024-06-17,12.75
^VIX,2024-06-18,12.300000190734863
^VIX,2024-06-20,13.279999732971191
^VIX,2024-06-21,13.199999809265137
^VIX,2024-06-24,13.329999923706055
^VIX,2024-06-25,12.84000015258789
^VIX,2024-06-26,12.550000190734863
^VIX,2024-06-27,12.239999771118164
^VIX,2024-06-28,12.4399995803833
^VIX,2024-07-01,12.220000267028809
^VIX,2024-07-02,12.029999732971191
^VIX,2024-07-03,12.09000015258789
^VIX,2024-07-05,12.479999542236328
^VIX,2024-07-08,12.369999885559082
^VIX,2024-07-09,12.510000228881836
^VIX,2024-07-10,12.850000381469727
^VIX,2024-07-11,12.920000076293945
^VIX,2024-07-12,12.460000038146973
^VIX,2024-07-15,13.119999885559082
^VIX,2024-07-16,13.1899995803833
^VIX,2024-07-17,14.479999542236328
^VIX,2024-07-18,15.930000305175781
^VIX,2024-07-19,16.520000457763672
^VIX,2024-07-22,14.90999984741211
^VIX,2024-07-23,14.720000267028809
^VIX,2024-07-24,18.040000915527344
^VIX,2024-07-25,18.459999084472656
^VIX,2024-07-26,16.389999389648438
^VIX,2024-07-29,16.600000381469727
^VIX,2024-07-30,17.690000534057617
^VIX,2024-07-31,16.360000610351562
^VIX,2024-08-01,18.59000015258789
^VIX,2024-08-02,23.389999389648438
^VIX,2024-08-05,38.56999969482422
^VIX,2024-08-06,27.709999084472656
^VIX,2024-08-07,27.850000381469727
^VIX,2024-08-08,23.790000915527344
^VIX,2024-08-09,20.3700008392334
^VIX,2024-08-12,20.709999084472656
^VIX,2024-08-13,18.1200008392334
^VIX,2024-08-14,16.190000534057617
^VIX,2024-08-15,15.229999542236328
^VIX,2024-08-16,14.800000190734863
^VIX,2024-08-19,14.649999618530273
^VIX,2024-08-20,15.880000114440918
^VIX,2024-08-21,16.270000457763672
^VIX,2024-08-22,17.549999237060547
^VIX,2024-08-23,15.859999656677246
^VIX,2024-08-26,16.149999618530273
^VIX,2024-08-27,15.430000305175781
^VIX,2024-08-28,17.110000610351562
^VIX,2024-08-29,15.649999618530273
^VIX,2024-08-30,15.0
^VIX,2024-09-03,20.719999313354492
^VIX,2024-09-04,21.31999969482422
^VIX,2024-09-05,19.899999618530273
^VIX,2024-09-06,22.3799991607666
^VIX,2024-09-09,19.450000762939453
^VIX,2024-09-10,19.079999923706055
^VIX,2024-09-11,17.690000534057617
^VIX,2024-09-12,17.06999969482422
^VIX,2024-09-13,16.559999465942383
^VIX,2024-09-16,17.139999389648438
^VIX,2024-09-17,17.610000610351562
^VIX,2024-09-18,18.229999542236328
^VIX,2024-09-19,16.329999923706055
^VIX,2024-09-20,16.149999618530273
^VIX,2024-09-23,15.890000343322754
^VIX,2024-09-24,15.390000343322754
^VIX,2024-09-25,15.40999984741211
^VIX,2024-09-26,15.369999885559082
^VIX,2024-09-27,16.959999084472656
^VIX,2024-09-30,16.729999542236328
^VIX,2024-10-01,19.260000228881836
^VIX,2024-10-02,18.899999618530273
^VIX,2024-10-03,20.489999771118164
^VIX,2024-10-04,19.209999084472656
^VIX,2024-10-07,22.639999389648438
^VIX,2024-10-08,21.420000076293945
^VIX,2024-10-09,20.860000610351562
^VIX,2024-10-10,20.93000030517578
^VIX,2024-10-11,20.459999084472656
^VIX,2024-10-14,19.700000762939453
^VIX,2024-10-15,20.639999389648438
^VIX,2024-10-16,19.579999923706055
^VIX,2024-10-17,19.110000610351562
^VIX,2024-10-18,18.030000686645508
^VIX,2024-10-21,18.3700008392334
^VIX,2024-10-22,18.200000762939453
^VIX,2024-10-23,19.239999771118164
^VIX,2024-10-24,19.079999923706055
^VIX,2024-10-25,20.329999923706055
^VIX,2024-10-28,19.799999237060547
^VIX,2024-10-29,19.34000015258789
^VIX,2024-10-30,20.350000381469727
^VIX,2024-10-31,23.15999984741211
^VIX,2024-11-01,21.8799991607666
^VIX,2024-11-04,21.979999542236328
^VIX,2024-11-05,20.489999771118164
^VIX,2024-11-06,16.270000457763672
^VIX,2024-11-07,15.199999809265137
^VIX,2024-11-08,14.9399995803833
^VIX,2024-11-11,14.970000267028809
^VIX,2024-11-12,14.710000038146973
^VIX,2024-11-13,14.020000457763672
^VIX,2024-11-14,14.3100004196167
^VIX,2024-11-15,16.139999389648438
^VIX,2024-11-18,15.579999923706055
^VIX,2024-11-19,16.350000381469727
^VIX,2024-11-20,17.15999984741211
^VIX,2024-11-21,16.8700008392334
^VIX,2024-11-22,15.239999771118164
^VIX,2024-11-25,14.600000381469727
^VIX,2024-11-26,14.100000381469727
^VIX,2024-11-27,14.100000381469727
^VIX,2024-11-29,13.510000228881836
^VIX,2024-12-02,13.34000015258789
^VIX,2024-12-03,13.300000190734863
^VIX,2024-12-04,13.449999809265137
^VIX,2024-12-05,13.539999961853027
^VIX,2024-12-06,12.770000457763672
^VIX,2024-12-09,14.1899995803833
^VIX,2024-12-10,14.180000305175781
^VIX,2024-12-11,13.579999923706055
^VIX,2024-12-12,13.920000076293945
^VIX,2024-12-13,13.8100004196167
^VIX,2024-12-16,14.6899995803833
^VIX,2024-12-17,15.869999885559082
^VIX,2024-12-18,27.6200008392334
^VIX,2024-12-19,24.09000015258789
^VIX,2024-12-20,18.360000610351562
^VIX,2024-12-23,16.780000686645508
^VIX,2024-12-24,14.270000457763672
^VIX,2024-12-26,14.729999542236328
^VIX,2024-12-27,15.949999809265137
^VIX,2024-12-30,17.399999618530273
^VIX,2024-12-31,17.350000381469727
^VIX,2025-01-02,17.93000030517578
^VIX,2025-01-03,16.1299991607666
^VIX,2025-01-06,16.040000915527344
^VIX,2025-01-07,17.81999969482422
^VIX,2025-01-08,17.700000762939453
^VIX,2025-01-10,19.540000915527344
^VIX,2025-01-13,19.190000534057617
^VIX,2025-01-14,18.709999084472656
^VIX,2025-01-15,16.1200008392334
^VIX,2025-01-16,16.600000381469727
^VIX,2025-01-17,15.970000267028809
^VIX,2025-01-21,15.0600004196167
^VIX,2025-01-22,15.100000381469727
^VIX,2025-01-23,15.020000457763672
^VIX,2025-01-24,14.850000381469727
^VIX,2025-01-27,17.899999618530273
^VIX,2025-01-28,16.40999984741211
^VIX,2025-01-29,16.559999465942383
^VIX,2025-01-30,15.84000015258789
^VIX,2025-01-31,16.43000030517578
^VIX,2025-02-03,18.6200008392334
^VIX,2025-02-04,17.209999084472656
^VIX,2025-02-05,15.770000457763672
^VIX,2025-02-06,15.5
^VIX,2025-02-07,16.540000915527344
^VIX,2025-02-10,15.8100004196167
^VIX,2025-02-11,16.020000457763672
^VIX,2025-02-12,15.890000343322754
^VIX,2025-02-13,15.100000381469727
^VIX,2025-02-14,14.770000457763672
^VIX,2025-02-18,15.350000381469727
^VIX,2025-02-19,15.270000457763672
^VIX,2025-02-20,15.65999984741211
^VIX,2025-02-21,18.209999084472656
^VIX,2025-02-24,18.979999542236328
^VIX,2025-02-25,19.43000030517578
^VIX,2025-02-26,19.100000381469727
^VIX,2025-02-27,21.1299991607666
^VIX,2025-02-28,19.6299991607666
^VIX,2025-03-03,22.780000686645508
^VIX,2025-03-04,23.510000228881836
^VIX,2025-03-05,21.93000030517578
^VIX,2025-03-06,24.8700008392334
^VIX,2025-03-07,23.3700008392334
^VIX,2025-03-10,27.860000610351562
^VIX,2025-03-11,26.920000076293945
^VIX,2025-03-12,24.229999542236328
^VIX,2025-03-13,24.65999984741211
^VIX,2025-03-14,21.770000457763672
^VIX,2025-03-17,20.510000228881836
^VIX,2025-03-18,21.700000762939453
^VIX,2025-03-19,19.899999618530273
^VIX,2025-03-20,19.799999237060547
^VIX,2025-03-21,19.280000686645508
^VIX,2025-03-24,17.479999542236328
^VIX,2025-03-25,17.149999618530273
^VIX,2025-03-26,18.329999923706055
^VIX,2025-03-27,18.690000534057617
^VIX,2025-03-28,21.649999618530273
^VIX,2025-03-31,22.280000686645508
^VIX,2025-04-01,21.770000457763672
^VIX,2025-04-02,21.510000228881836
^VIX,2025-04-03,30.020000457763672
^VIX,2025-04-04,45.310001373291016
^VIX,2025-04-07,46.97999954223633
^VIX,2025-04-08,52.33000183105469
^VIX,2025-04-09,33.619998931884766
^VIX,2025-04-10,40.720001220703125
^VIX,2025-04-11,37.560001373291016
^VIX,2025-04-14,30.889999389648438
^VIX,2025-04-15,30.1200008392334
^VIX,2025-04-16,32.63999938964844
^VIX,2025-04-17,29.649999618530273
^VIX,2025-04-21,33.81999969482422
^VIX,2025-04-22,30.56999969482422
^VIX,2025-04-23,28.450000762939453
^VIX,2025-04-24,26.469999313354492
^VIX,2025-04-25,24.84000015258789
^VIX,2025-04-28,25.149999618530273
^VIX,2025-04-29,24.170000076293945
^VIX,2025-04-30,24.700000762939453
^VIX,2025-05-01,24.600000381469727
^VIX,2025-05-02,22.68000030517578
^VIX,2025-05-05,23.639999389648438
^VIX,2025-05-06,24.760000228881836
^VIX,2025-05-07,23.549999237060547
^VIX,2025-05-08,22.479999542236328
^VIX,2025-05-09,21.899999618530273
^VIX,2025-05-12,18.389999389648438
^VIX,2025-05-13,18.219999313354492
^VIX,2025-05-14,18.6200008392334
^VIX,2025-05-15,17.829999923706055
^VIX,2025-05-16,17.239999771118164
^VIX,2025-05-19,18.139999389648438
^VIX,2025-05-20,18.09000015258789
^VIX,2025-05-21,20.8700008392334
^VIX,2025-05-22,20.280000686645508
^VIX,2025-05-23,22.290000915527344
^VIX,2025-05-27,18.959999084472656
^VIX,2025-05-28,19.309999465942383
^VIX,2025-05-29,19.18000030517578
^VIX,2025-05-30,18.56999969482422
^VIX,2025-06-02,18.360000610351562
^VIX,2025-06-03,17.690000534057617
^VIX,2025-06-04,17.610000610351562
^VIX,2025-06-05,18.479999542236328
^VIX,2025-06-06,16.770000457763672
^VIX,2025-06-09,17.15999984741211
^VIX,2025-06-10,16.950000762939453
^VIX,2025-06-11,17.260000228881836
^VIX,2025-06-12,18.020000457763672
^VIX,2025-06-13,20.81999969482422
^VIX,2025-06-16,19.110000610351562
^VIX,2025-06-17,21.600000381469727
^VIX,2025-06-18,20.139999389648438
^VIX,2025-06-20,20.6200008392334
^VIX,2025-06-23,19.829999923706055
^VIX,2025-06-24,17.479999542236328
^VIX,2025-06-25,16.760000228881836
^VIX,2025-06-26,16.59000015258789
^VIX,2025-06-27,16.31999969482422
^VIX,2025-06-30,16.729999542236328
^VIX,2025-07-01,16.829999923706055
^VIX,2025-07-02,16.639999389648438
^VIX,2025-07-03,16.3799991607666
^VIX,2025-07-07,17.790000915527344
^VIX,2025-07-08,16.809999465942383
^VIX,2025-07-09,15.9399995803833
^VIX,2025-07-10,15.779999732971191
^VIX,2025-07-11,16.399999618530273
^VIX,2025-07-14,17.200000762939453
^VIX,2025-07-15,17.3799991607666
^VIX,2025-07-16,17.15999984741211
^VIX,2025-07-17,16.520000457763672
^VIX,2025-07-18,16.40999984741211
^VIX,2025-07-21,16.649999618530273
^VIX,2025-07-22,16.5
^VIX,2025-07-23,15.369999885559082
^VIX,2025-07-24,15.390000343322754
^VIX,2025-07-25,14.930000305175781
^VIX,2025-07-28,15.029999732971191
^VIX,2025-07-29,15.979999542236328
^VIX,2025-07-30,15.479999542236328
^VIX,2025-07-31,16.719999313354492
^VIX,2025-08-01,20.3799991607666
^VIX,2025-08-04,17.520000457763672
^VIX,2025-08-05,17.850000381469727
^VIX,2025-08-06,16.770000457763672
^VIX,2025-08-07,16.56999969482422
^VIX,2025-08-08,15.149999618530273
^VIX,2025-08-11,16.25
^VIX,2025-08-12,14.729999542236328
^VIX,2025-08-13,14.489999771118164
^VIX,2025-08-14,14.829999923706055
^VIX,2025-08-15,15.09000015258789
^VIX,2025-08-18,14.989999771118164
^VIX,2025-08-19,15.569999694824219
^VIX,2025-08-20,15.6899995803833
^VIX,2025-08-21,16.600000381469727
^VIX,2025-08-22,14.220000267028809
^VIX,2025-08-25,14.789999961853027
^VIX,2025-08-26,14.619999885559082
^VIX,2025-08-27,14.850000381469727
^VIX,2025-08-28,14.430000305175781
^VIX,2025-08-29,15.359999656677246
^VIX,2025-09-02,17.170000076293945
^VIX,2025-09-03,16.350000381469727
^VIX,2025-09-04,15.300000190734863
^VIX,2025-09-05,15.180000305175781
^VIX,2025-09-08,15.109999656677246
^VIX,2025-09-09,15.039999961853027
^VIX,2025-09-10,15.350000381469727
^VIX,2025-09-11,14.710000038146973
^VIX,2025-09-12,14.760000228881836
^VIX,2025-09-15,15.6899995803833
^VIX,2025-09-16,16.360000610351562
^VIX,2025-09-17,15.720000267028809
^VIX,2025-09-18,15.699999809265137
^VIX,2025-09-19,15.449999809265137
^VIX,2025-09-22,16.100000381469727
^VIX,2025-09-23,16.639999389648438
^VIX,2025-09-24,16.18000030517578
^VIX,2025-09-25,16.739999771118164
^VIX,2025-09-26,15.289999961853027
^VIX,2025-09-29,16.1200008392334
^VIX,2025-09-30,16.280000686645508
^VIX,2025-10-01,16.290000915527344
^VIX,2025-10-02,16.6299991607666
^VIX,2025-10-03,16.649999618530273
^VIX,2025-10-06,16.3700008392334
^VIX,2025-10-07,17.239999771118164
^VIX,2025-10-08,16.299999237060547
^VIX,2025-10-09,16.43000030517578
^VIX,2025-10-10,21.65999984741211
^VIX,2025-10-13,19.030000686645508
^VIX,2025-10-14,20.809999465942383
^VIX,2025-10-15,20.639999389648438
^VIX,2025-10-16,25.309999465942383
^VIX,2025-10-17,20.780000686645508
^VIX,2025-10-20,18.229999542236328
^VIX,2025-10-21,17.8700008392334
^VIX,2025-10-22,18.600000381469727
^VIX,2025-10-23,17.299999237060547
^VIX,2025-10-24,16.3700008392334
^VIX,2025-10-27,15.789999961853027
^VIX,2025-10-28,16.420000076293945
^VIX,2025-10-29,16.920000076293945
^VIX,2025-10-30,16.90999984741211
^VIX,2025-10-31,17.440000534057617
^VIX,2025-11-03,17.170000076293945
^VIX,2025-11-04,19.0
^VIX,2025-11-05,18.010000228881836
^VIX,2025-11-06,19.5
^VIX,2025-11-07,19.079999923706055
^VIX,2025-11-10,17.600000381469727
^VIX,2025-11-11,17.280000686645508
^VIX,2025-11-12,17.510000228881836
^VIX,2025-11-13,20.0
^VIX,2025-11-14,19.829999923706055
^VIX,2025-11-17,22.3799991607666
^VIX,2025-11-18,24.690000534057617
^VIX,2025-11-19,23.65999984741211
^VIX,2025-11-20,26.420000076293945
^VIX,2025-11-21,23.43000030517578
^VIX,2025-11-24,20.520000457763672
^VIX,2025-11-25,18.559999465942383
^VIX,2025-11-26,17.190000534057617
^VIX,2025-11-28,16.350000381469727
^VIX,2025-12-01,17.239999771118164
^VIX,2025-12-02,16.59000015258789
^VIX,2025-12-03,16.079999923706055
^VIX,2025-12-04,15.779999732971191
^VIX,2025-12-05,15.40999984741211
^VIX,2025-12-08,16.65999984741211
^VIX,2025-12-09,16.93000030517578
^VIX,2025-12-10,15.770000457763672
^VIX,2025-12-11,14.850000381469727
^VIX,2025-12-12,15.739999771118164
^VIX,2025-12-15,16.5
^VIX,2025-12-16,16.479999542236328
^VIX,2025-12-17,17.6200008392334
^VIX,2025-12-18,16.8700008392334
^VIX,2025-12-19,14.90999984741211
^VIX,2025-12-22,14.079999923706055
^VIX,2025-12-23,14.0
^VIX,2025-12-24,13.470000267028809
^VIX,2025-12-26,13.600000381469727
^VIX,2025-12-29,14.199999809265137
^VIX,2025-12-30,14.329999923706055
^VIX,2025-12-31,14.949999809265137
^VIX,2026-01-02,14.510000228881836
^VIX,2026-01-05,14.899999618530273
^VIX,2026-01-06,14.75
^VIX,2026-01-07,15.380000114440918
^VIX,2026-01-08,15.449999809265137
^VIX,2026-01-09,14.489999771118164
^VIX,2026-01-12,15.119999885559082
^VIX,2026-01-13,15.979999542236328
^VIX,2026-01-14,16.75
^VIX,2026-01-15,15.84000015258789
^VIX,2026-01-16,15.859999656677246
^VIX,2026-01-20,20.09000015258789
^VIX,2026-01-21,16.899999618530273
^VIX,2026-01-22,15.640000343322754
^VIX,2026-01-23,16.09000015258789
^VIX,2026-01-26,16.149999618530273
^VIX,2026-01-27,16.350000381469727
^VIX,2026-01-28,16.350000381469727
^VIX,2026-01-29,16.8799991607666
^VIX,2026-01-30,17.440000534057617
^VIX,2026-02-02,16.34000015258789
^VIX,2026-02-03,18.0
^VIX,2026-02-04,18.639999389648438
^VIX,2026-02-05,21.770000457763672
^VIX,2026-02-06,20.3700008392334
^VIX,2026-02-09,17.360000610351562
^VIX,2026-02-10,17.790000915527344
^VIX,2026-02-11,17.649999618530273
^VIX,2026-02-12,20.81999969482422
^VIX,2026-02-13,20.600000381469727
^VIX,2026-02-17,20.290000915527344
^VIX,2026-02-18,19.6200008392334
^VIX,2026-02-19,20.229999542236328
^VIX,2026-02-20,19.09000015258789
^VIX,2026-02-23,21.010000228881836
^VIX,2026-02-24,19.549999237060547
^VIX,2026-02-25,17.93000030517578
^VIX,2026-02-26,18.6299991607666
^VIX,2026-02-27,19.860000610351562
^VIX,2026-03-02,21.440000534057617
^VIX,2026-03-03,23.56999969482422
^VIX,2026-03-04,21.149999618530273
^VIX,2026-03-05,23.75
^VIX,2026-03-06,29.489999771118164
^VIX,2026-03-09,25.5
^VIX,2026-03-10,24.93000030517578
^VIX,2026-03-11,24.229999542236328
^VIX,2026-03-12,27.290000915527344
^VIX,2026-03-13,27.190000534057617
^VIX,2026-03-16,23.510000228881836
^VIX,2026-03-17,22.3700008392334
^VIX,2026-03-18,25.09000015258789
^VIX,2026-03-19,24.059999465942383
^VIX,2026-03-20,26.780000686645508
^VIX,2026-03-23,26.149999618530273
^VIX,2026-03-24,26.950000762939453
^VIX,2026-03-25,25.329999923706055
^VIX,2026-03-26,27.440000534057617
^VIX,2026-03-27,31.049999237060547
^VIX,2026-03-30,30.610000610351562
^VIX,2026-03-31,25.25
^VIX,2026-04-01,24.540000915527344
^VIX,2026-04-02,23.8700008392334
^VIX,2026-04-06,24.170000076293945
^VIX,2026-04-07,25.780000686645508
^VIX,2026-04-08,21.040000915527344
^VIX,2026-04-09,19.489999771118164
^VIX,2026-04-10,19.229999542236328
^VIX,2026-04-13,19.1200008392334
^VIX,2026-04-14,18.360000610351562
^VIX,2026-04-15,18.170000076293945
^VIX,2026-04-16,17.940000534057617
^VIX,2026-04-17,17.479999542236328
^VIX,2026-04-20,18.8700008392334
^VIX,2026-04-21,19.5
^VIX,2026-04-22,18.920000076293945
^VIX,2026-04-23,19.309999465942383
^VIX,2026-04-24,18.709999084472656
^VIX,2026-04-27,18.020000457763672
^VIX,2026-04-28,17.829999923706055
^VIX,2026-04-29,18.809999465942383
^VIX,2026-04-30,16.889999389648438
^VIX,2026-05-01,16.989999771118164
^VIX,2026-05-04,18.290000915527344
^VIX,2026-05-05,17.3799991607666
^VIX,2026-05-06,17.389999389648438
^VIX,2026-05-07,17.079999923706055
^VIX,2026-05-08,17.190000534057617
^VIX,2026-05-11,18.3799991607666
^VIX,2026-05-12,17.989999771118164
^VIX,2026-05-13,17.8700008392334
^VIX,2026-05-14,17.260000228881836
^VIX,2026-05-15,18.43000030517578
^VIX,2026-05-18,17.81999969482422
^VIX,2026-05-19,18.059999465942383
^VIX,2026-05-20,17.440000534057617
^VIX,2026-05-21,16.760000228881836
^VIX,2026-05-22,16.700000762939453
^VIX,2026-05-26,17.010000228881836
^VIX,2026-05-27,16.290000915527344
^VIX,2026-05-28,15.739999771118164
^VIX,2026-05-29,15.319999694824219
^VIX,2026-06-01,16.049999237060547
^VIX,2026-06-02,15.770000457763672
^VIX,2026-06-03,16.059999465942383
^VIX,2026-06-04,15.399999618530273
^VIX,2026-06-05,21.510000228881836
^VIX,2026-06-08,18.920000076293945
^VIX,2026-06-09,19.8700008392334
^VIX,2026-06-10,22.219999313354492
^VIX,2026-06-11,19.440000534057617
^VIX,2026-06-12,18.780000686645508
^VIX3M,2010-01-04,22.770000457763672
^VIX3M,2010-01-05,22.389999389648438
^VIX3M,2010-01-06,21.799999237060547
^VIX3M,2010-01-07,21.600000381469727
^VIX3M,2010-01-08,21.0
^VIX3M,2010-01-11,21.270000457763672
^VIX3M,2010-01-12,21.790000915527344
^VIX3M,2010-01-13,21.290000915527344
^VIX3M,2010-01-14,20.709999084472656
^VIX3M,2010-01-15,21.479999542236328
^VIX3M,2010-01-19,20.889999389648438
^VIX3M,2010-01-20,21.399999618530273
^VIX3M,2010-01-21,23.149999618530273
^VIX3M,2010-01-22,26.290000915527344
^VIX3M,2010-01-25,25.190000534057617
^VIX3M,2010-01-26,25.170000076293945
^VIX3M,2010-01-27,24.1299991607666
^VIX3M,2010-01-28,24.670000076293945
^VIX3M,2010-01-29,25.3799991607666
^VIX3M,2010-02-01,23.639999389648438
^VIX3M,2010-02-02,22.93000030517578
^VIX3M,2010-02-03,23.0
^VIX3M,2010-02-04,25.979999542236328
^VIX3M,2010-02-05,26.0
^VIX3M,2010-02-08,26.43000030517578
^VIX3M,2010-02-09,26.040000915527344
^VIX3M,2010-02-10,25.8700008392334
^VIX3M,2010-02-11,24.56999969482422
^VIX3M,2010-02-12,24.459999084472656
^VIX3M,2010-02-16,23.56999969482422
^VIX3M,2010-02-17,23.290000915527344
^VIX3M,2010-02-18,22.780000686645508
^VIX3M,2010-02-19,22.309999465942383
^VIX3M,2010-02-22,21.729999542236328
^VIX3M,2010-02-23,22.6200008392334
^VIX3M,2010-02-24,22.079999923706055
^VIX3M,2010-02-25,22.06999969482422
^VIX3M,2010-02-26,21.649999618530273
^VIX3M,2010-03-01,21.440000534057617
^VIX3M,2010-03-02,21.18000030517578
^VIX3M,2010-03-03,20.969999313354492
^VIX3M,2010-03-04,21.030000686645508
^VIX3M,2010-03-05,20.229999542236328
^VIX3M,2010-03-08,20.260000228881836
^VIX3M,2010-03-09,20.15999984741211
^VIX3M,2010-03-10,20.510000228881836
^VIX3M,2010-03-11,20.700000762939453
^VIX3M,2010-03-12,20.270000457763672
^VIX3M,2010-03-15,20.719999313354492
^VIX3M,2010-03-16,20.15999984741211
^VIX3M,2010-03-17,19.719999313354492
^VIX3M,2010-03-18,19.479999542236328
^VIX3M,2010-03-19,19.950000762939453
^VIX3M,2010-03-22,20.110000610351562
^VIX3M,2010-03-23,19.68000030517578
^VIX3M,2010-03-24,20.079999923706055
^VIX3M,2010-03-25,20.579999923706055
^VIX3M,2010-03-26,20.059999465942383
^VIX3M,2010-03-29,19.850000381469727
^VIX3M,2010-03-30,19.540000915527344
^VIX3M,2010-03-31,19.920000076293945
^VIX3M,2010-04-01,19.899999618530273
^VIX3M,2010-04-05,19.350000381469727
^VIX3M,2010-04-06,18.84000015258789
^VIX3M,2010-04-07,19.190000534057617
^VIX3M,2010-04-08,19.079999923706055
^VIX3M,2010-04-09,18.6200008392334
^VIX3M,2010-04-12,18.959999084472656
^VIX3M,2010-04-13,18.989999771118164
^VIX3M,2010-04-14,18.770000457763672
^VIX3M,2010-04-15,18.899999618530273
^VIX3M,2010-04-16,20.229999542236328
^VIX3M,2010-04-19,19.790000915527344
^VIX3M,2010-04-20,18.989999771118164
^VIX3M,2010-04-21,19.299999237060547
^VIX3M,2010-04-22,19.59000015258789
^VIX3M,2010-04-23,19.389999389648438
^VIX3M,2010-04-26,19.860000610351562
^VIX3M,2010-04-27,22.719999313354492
^VIX3M,2010-04-28,22.309999465942383
^VIX3M,2010-04-29,20.959999084472656
^VIX3M,2010-04-30,23.670000076293945
^VIX3M,2010-05-03,22.579999923706055
^VIX3M,2010-05-04,25.06999969482422
^VIX3M,2010-05-05,26.3700008392334
^VIX3M,2010-05-06,26.3700008392334
^VIX3M,2010-05-07,36.619998931884766
^VIX3M,2010-05-10,28.979999542236328
^VIX3M,2010-05-11,28.8700008392334
^VIX3M,2010-05-12,26.649999618530273
^VIX3M,2010-05-13,27.610000610351562
^VIX3M,2010-05-14,30.799999237060547
^VIX3M,2010-05-17,30.510000228881836
^VIX3M,2010-05-18,32.810001373291016
^VIX3M,2010-05-19,34.18000030517578
^VIX3M,2010-05-20,40.83000183105469
^VIX3M,2010-05-21,37.400001525878906
^VIX3M,2010-05-24,36.90999984741211
^VIX3M,2010-05-25,34.900001525878906
^VIX3M,2010-05-26,33.95000076293945
^VIX3M,2010-05-27,30.639999389648438
^VIX3M,2010-05-28,32.0
^VIX3M,2010-06-01,34.02000045776367
^VIX3M,2010-06-02,30.59000015258789
^VIX3M,2010-06-03,30.239999771118164
^VIX3M,2010-06-04,34.369998931884766
^VIX3M,2010-06-07,35.29999923706055
^VIX3M,2010-06-08,33.650001525878906
^VIX3M,2010-06-09,33.79999923706055
^VIX3M,2010-06-10,31.469999313354492
^VIX3M,2010-06-11,30.950000762939453
^VIX3M,2010-06-14,30.68000030517578
^VIX3M,2010-06-15,28.450000762939453
^VIX3M,2010-06-16,28.780000686645508
^VIX3M,2010-06-17,28.209999084472656
^VIX3M,2010-06-18,27.959999084472656
^VIX3M,2010-06-21,27.540000915527344
^VIX3M,2010-06-22,29.09000015258789
^VIX3M,2010-06-23,29.260000228881836
^VIX3M,2010-06-24,31.360000610351562
^VIX3M,2010-06-25,30.700000762939453
^VIX3M,2010-06-28,30.959999084472656
^VIX3M,2010-06-29,34.380001068115234
^VIX3M,2010-06-30,35.22999954223633
^VIX3M,2010-07-01,34.4900016784668
^VIX3M,2010-07-02,33.290000915527344
^VIX3M,2010-07-06,32.0099983215332
^VIX3M,2010-07-07,29.719999313354492
^VIX3M,2010-07-08,28.829999923706055
^VIX3M,2010-07-09,28.170000076293945
^VIX3M,2010-07-12,28.389999389648438
^VIX3M,2010-07-13,28.31999969482422
^VIX3M,2010-07-14,28.829999923706055
^VIX3M,2010-07-15,29.229999542236328
^VIX3M,2010-07-16,30.600000381469727
^VIX3M,2010-07-19,30.079999923706055
^VIX3M,2010-07-20,28.219999313354492
^VIX3M,2010-07-21,29.079999923706055
^VIX3M,2010-07-22,27.899999618530273
^VIX3M,2010-07-23,26.989999771118164
^VIX3M,2010-07-26,26.440000534057617
^VIX3M,2010-07-27,26.3700008392334
^VIX3M,2010-07-28,26.709999084472656
^VIX3M,2010-07-29,27.1200008392334
^VIX3M,2010-07-30,27.139999389648438
^VIX3M,2010-08-02,25.399999618530273
^VIX3M,2010-08-03,26.010000228881836
^VIX3M,2010-08-04,25.959999084472656
^VIX3M,2010-08-05,26.15999984741211
^VIX3M,2010-08-06,26.1200008392334
^VIX3M,2010-08-09,26.030000686645508
^VIX3M,2010-08-10,26.309999465942383
^VIX3M,2010-08-11,28.690000534057617
^VIX3M,2010-08-12,29.25
^VIX3M,2010-08-13,29.969999313354492
^VIX3M,2010-08-16,29.799999237060547
^VIX3M,2010-08-17,28.56999969482422
^VIX3M,2010-08-18,28.579999923706055
^VIX3M,2010-08-19,29.6299991607666
^VIX3M,2010-08-20,29.540000915527344
^VIX3M,2010-08-23,29.290000915527344
^VIX3M,2010-08-24,30.309999465942383
^VIX3M,2010-08-25,29.850000381469727
^VIX3M,2010-08-26,30.3700008392334
^VIX3M,2010-08-27,28.399999618530273
^VIX3M,2010-08-30,30.010000228881836
^VIX3M,2010-08-31,29.040000915527344
^VIX3M,2010-09-01,27.290000915527344
^VIX3M,2010-09-02,26.6200008392334
^VIX3M,2010-09-03,25.309999465942383
^VIX3M,2010-09-07,26.770000457763672
^VIX3M,2010-09-08,26.299999237060547
^VIX3M,2010-09-09,26.100000381469727
^VIX3M,2010-09-10,25.59000015258789
^VIX3M,2010-09-13,24.75
^VIX3M,2010-09-14,24.739999771118164
^VIX3M,2010-09-15,24.93000030517578
^VIX3M,2010-09-16,24.959999084472656
^VIX3M,2010-09-17,25.1200008392334
^VIX3M,2010-09-20,24.59000015258789
^VIX3M,2010-09-21,24.940000534057617
^VIX3M,2010-09-22,25.15999984741211
^VIX3M,2010-09-23,26.15999984741211
^VIX3M,2010-09-24,24.75
^VIX3M,2010-09-27,25.200000762939453
^VIX3M,2010-09-28,25.34000015258789
^VIX3M,2010-09-29,25.90999984741211
^VIX3M,2010-09-30,26.399999618530273
^VIX3M,2010-10-01,25.700000762939453
^VIX3M,2010-10-04,26.31999969482422
^VIX3M,2010-10-05,25.079999923706055
^VIX3M,2010-10-06,24.90999984741211
^VIX3M,2010-10-07,24.889999389648438
^VIX3M,2010-10-08,24.059999465942383
^VIX3M,2010-10-11,23.979999542236328
^VIX3M,2010-10-12,23.3700008392334
^VIX3M,2010-10-13,22.979999542236328
^VIX3M,2010-10-14,23.559999465942383
^VIX3M,2010-10-15,23.200000762939453
^VIX3M,2010-10-18,22.799999237060547
^VIX3M,2010-10-19,23.59000015258789
^VIX3M,2010-10-20,22.65999984741211
^VIX3M,2010-10-21,22.219999313354492
^VIX3M,2010-10-22,21.649999618530273
^VIX3M,2010-10-25,21.90999984741211
^VIX3M,2010-10-26,22.200000762939453
^VIX3M,2010-10-27,22.600000381469727
^VIX3M,2010-10-28,22.809999465942383
^VIX3M,2010-10-29,22.950000762939453
^VIX3M,2010-11-01,23.290000915527344
^VIX3M,2010-11-02,23.020000457763672
^VIX3M,2010-11-03,21.649999618530273
^VIX3M,2010-11-04,20.56999969482422
^VIX3M,2010-11-05,20.65999984741211
^VIX3M,2010-11-08,20.729999542236328
^VIX3M,2010-11-09,21.530000686645508
^VIX3M,2010-11-10,21.280000686645508
^VIX3M,2010-11-11,21.469999313354492
^VIX3M,2010-11-12,22.93000030517578
^VIX3M,2010-11-15,22.809999465942383
^VIX3M,2010-11-16,24.079999923706055
^VIX3M,2010-11-17,23.829999923706055
^VIX3M,2010-11-18,22.43000030517578
^VIX3M,2010-11-19,21.399999618530273
^VIX3M,2010-11-22,21.329999923706055
^VIX3M,2010-11-23,22.59000015258789
^VIX3M,2010-11-24,21.809999465942383
^VIX3M,2010-11-26,21.809999465942383
^VIX3M,2010-11-29,23.350000381469727
^VIX3M,2010-11-30,25.190000534057617
^VIX3M,2010-12-01,23.989999771118164
^VIX3M,2010-12-02,21.989999771118164
^VIX3M,2010-12-03,21.0
^VIX3M,2010-12-06,21.040000915527344
^VIX3M,2010-12-07,20.969999313354492
^VIX3M,2010-12-08,20.3799991607666
^VIX3M,2010-12-09,19.979999542236328
^VIX3M,2010-12-10,19.84000015258789
^VIX3M,2010-12-13,20.459999084472656
^VIX3M,2010-12-14,20.389999389648438
^VIX3M,2010-12-15,20.739999771118164
^VIX3M,2010-12-16,20.81999969482422
^VIX3M,2010-12-17,20.290000915527344
^VIX3M,2010-12-20,20.100000381469727
^VIX3M,2010-12-21,19.90999984741211
^VIX3M,2010-12-22,19.56999969482422
^VIX3M,2010-12-23,20.440000534057617
^VIX3M,2010-12-27,21.040000915527344
^VIX3M,2010-12-28,21.18000030517578
^VIX3M,2010-12-29,20.84000015258789
^VIX3M,2010-12-30,21.010000228881836
^VIX3M,2010-12-31,20.899999618530273
^VIX3M,2011-01-03,20.6200008392334
^VIX3M,2011-01-04,20.610000610351562
^VIX3M,2011-01-05,20.049999237060547
^VIX3M,2011-01-06,20.350000381469727
^VIX3M,2011-01-07,20.290000915527344
^VIX3M,2011-01-10,20.479999542236328
^VIX3M,2011-01-11,20.139999389648438
^VIX3M,2011-01-12,19.229999542236328
^VIX3M,2011-01-13,19.200000762939453
^VIX3M,2011-01-14,18.3700008392334
^VIX3M,2011-01-18,18.3799991607666
^VIX3M,2011-01-19,19.639999389648438
^VIX3M,2011-01-20,19.899999618530273
^VIX3M,2011-01-21,19.969999313354492
^VIX3M,2011-01-24,19.579999923706055
^VIX3M,2011-01-25,19.34000015258789
^VIX3M,2011-01-26,18.81999969482422
^VIX3M,2011-01-27,18.479999542236328
^VIX3M,2011-01-28,20.59000015258789
^VIX3M,2011-01-31,20.149999618530273
^VIX3M,2011-02-01,18.969999313354492
^VIX3M,2011-02-02,19.09000015258789
^VIX3M,2011-02-03,18.920000076293945
^VIX3M,2011-02-04,18.329999923706055
^VIX3M,2011-02-07,18.260000228881836
^VIX3M,2011-02-08,17.850000381469727
^VIX3M,2011-02-09,17.860000610351562
^VIX3M,2011-02-10,18.100000381469727
^VIX3M,2011-02-11,17.860000610351562
^VIX3M,2011-02-14,17.940000534057617
^VIX3M,2011-02-15,18.270000457763672
^VIX3M,2011-02-16,18.31999969482422
^VIX3M,2011-02-17,18.6299991607666
^VIX3M,2011-02-18,18.899999618530273
^VIX3M,2011-02-22,21.31999969482422
^VIX3M,2011-02-23,22.469999313354492
^VIX3M,2011-02-24,22.260000228881836
^VIX3M,2011-02-25,20.56999969482422
^VIX3M,2011-02-28,20.0
^VIX3M,2011-03-01,21.899999618530273
^VIX3M,2011-03-02,21.68000030517578
^VIX3M,2011-03-03,20.440000534057617
^VIX3M,2011-03-04,20.799999237060547
^VIX3M,2011-03-07,21.850000381469727
^VIX3M,2011-03-08,21.450000762939453
^VIX3M,2011-03-09,21.81999969482422
^VIX3M,2011-03-10,22.760000228881836
^VIX3M,2011-03-11,21.8700008392334
^VIX3M,2011-03-14,22.489999771118164
^VIX3M,2011-03-15,24.030000686645508
^VIX3M,2011-03-16,26.90999984741211
^VIX3M,2011-03-17,25.440000534057617
^VIX3M,2011-03-18,24.34000015258789
^VIX3M,2011-03-21,21.950000762939453
^VIX3M,2011-03-22,21.700000762939453
^VIX3M,2011-03-23,20.93000030517578
^VIX3M,2011-03-24,20.079999923706055
^VIX3M,2011-03-25,20.030000686645508
^VIX3M,2011-03-28,20.860000610351562
^VIX3M,2011-03-29,19.969999313354492
^VIX3M,2011-03-30,19.75
^VIX3M,2011-03-31,19.84000015258789
^VIX3M,2011-04-01,19.59000015258789
^VIX3M,2011-04-04,19.389999389648438
^VIX3M,2011-04-05,19.399999618530273
^VIX3M,2011-04-06,19.3799991607666
^VIX3M,2011-04-07,19.5
^VIX3M,2011-04-08,20.049999237060547
^VIX3M,2011-04-11,20.010000228881836
^VIX3M,2011-04-12,20.329999923706055
^VIX3M,2011-04-13,19.989999771118164
^VIX3M,2011-04-14,19.959999084472656
^VIX3M,2011-04-15,19.170000076293945
^VIX3M,2011-04-18,19.920000076293945
^VIX3M,2011-04-19,19.18000030517578
^VIX3M,2011-04-20,18.479999542236328
^VIX3M,2011-04-21,18.350000381469727
^VIX3M,2011-04-25,18.549999237060547
^VIX3M,2011-04-26,18.270000457763672
^VIX3M,2011-04-27,17.899999618530273
^VIX3M,2011-04-28,17.520000457763672
^VIX3M,2011-04-29,17.5
^VIX3M,2011-05-02,18.389999389648438
^VIX3M,2011-05-03,19.110000610351562
^VIX3M,2011-05-04,19.440000534057617
^VIX3M,2011-05-05,19.84000015258789
^VIX3M,2011-05-06,19.90999984741211
^VIX3M,2011-05-09,19.200000762939453
^VIX3M,2011-05-10,18.3700008392334
^VIX3M,2011-05-11,19.049999237060547
^VIX3M,2011-05-12,18.440000534057617
^VIX3M,2011-05-13,19.06999969482422
^VIX3M,2011-05-16,19.8700008392334
^VIX3M,2011-05-17,19.450000762939453
^VIX3M,2011-05-18,18.530000686645508
^VIX3M,2011-05-19,18.170000076293945
^VIX3M,2011-05-20,19.049999237060547
^VIX3M,2011-05-23,19.790000915527344
^VIX3M,2011-05-24,19.170000076293945
^VIX3M,2011-05-25,18.8700008392334
^VIX3M,2011-05-26,18.190000534057617
^VIX3M,2011-05-27,18.1299991607666
^VIX3M,2011-05-31,17.559999465942383
^VIX3M,2011-06-01,19.360000610351562
^VIX3M,2011-06-02,19.31999969482422
^VIX3M,2011-06-03,19.469999313354492
^VIX3M,2011-06-06,19.959999084472656
^VIX3M,2011-06-07,19.5
^VIX3M,2011-06-08,19.950000762939453
^VIX3M,2011-06-09,19.260000228881836
^VIX3M,2011-06-10,20.110000610351562
^VIX3M,2011-06-13,20.440000534057617
^VIX3M,2011-06-14,19.43000030517578
^VIX3M,2011-06-15,21.3799991607666
^VIX3M,2011-06-16,22.610000610351562
^VIX3M,2011-06-17,22.440000534057617
^VIX3M,2011-06-20,21.219999313354492
^VIX3M,2011-06-21,20.5
^VIX3M,2011-06-22,20.719999313354492
^VIX3M,2011-06-23,20.93000030517578
^VIX3M,2011-06-24,21.920000076293945
^VIX3M,2011-06-27,21.5
^VIX3M,2011-06-28,20.520000457763672
^VIX3M,2011-06-29,19.420000076293945
^VIX3M,2011-06-30,18.90999984741211
^VIX3M,2011-07-01,17.93000030517578
^VIX3M,2011-07-05,18.110000610351562
^VIX3M,2011-07-06,18.40999984741211
^VIX3M,2011-07-07,17.770000457763672
^VIX3M,2011-07-08,17.959999084472656
^VIX3M,2011-07-11,19.979999542236328
^VIX3M,2011-07-12,20.93000030517578
^VIX3M,2011-07-13,20.850000381469727
^VIX3M,2011-07-14,21.59000015258789
^VIX3M,2011-07-15,20.940000534057617
^VIX3M,2011-07-18,21.84000015258789
^VIX3M,2011-07-19,20.5
^VIX3M,2011-07-20,20.3700008392334
^VIX3M,2011-07-21,19.200000762939453
^VIX3M,2011-07-22,19.200000762939453
^VIX3M,2011-07-25,20.260000228881836
^VIX3M,2011-07-26,20.889999389648438
^VIX3M,2011-07-27,22.690000534057617
^VIX3M,2011-07-28,22.950000762939453
^VIX3M,2011-07-29,22.90999984741211
^VIX3M,2011-08-01,22.3799991607666
^VIX3M,2011-08-02,23.600000381469727
^VIX3M,2011-08-03,23.1200008392334
^VIX3M,2011-08-04,28.559999465942383
^VIX3M,2011-08-05,29.59000015258789
^VIX3M,2011-08-08,38.099998474121094
^VIX3M,2011-08-09,31.06999969482422
^VIX3M,2011-08-10,36.58000183105469
^VIX3M,2011-08-11,33.81999969482422
^VIX3M,2011-08-12,32.75
^VIX3M,2011-08-15,30.079999923706055
^VIX3M,2011-08-16,30.440000534057617
^VIX3M,2011-08-17,30.030000686645508
^VIX3M,2011-08-18,36.599998474121094
^VIX3M,2011-08-19,37.900001525878906
^VIX3M,2011-08-22,38.2599983215332
^VIX3M,2011-08-23,34.790000915527344
^VIX3M,2011-08-24,34.79999923706055
^VIX3M,2011-08-25,36.61000061035156
^VIX3M,2011-08-26,34.40999984741211
^VIX3M,2011-08-29,31.979999542236328
^VIX3M,2011-08-30,32.470001220703125
^VIX3M,2011-08-31,31.670000076293945
^VIX3M,2011-09-01,31.989999771118164
^VIX3M,2011-09-02,33.790000915527344
^VIX3M,2011-09-06,35.380001068115234
^VIX3M,2011-09-07,32.959999084472656
^VIX3M,2011-09-08,33.709999084472656
^VIX3M,2011-09-09,36.63999938964844
^VIX3M,2011-09-12,37.060001373291016
^VIX3M,2011-09-13,36.060001373291016
^VIX3M,2011-09-14,34.959999084472656
^VIX3M,2011-09-15,33.52000045776367
^VIX3M,2011-09-16,32.95000076293945
^VIX3M,2011-09-19,33.810001373291016
^VIX3M,2011-09-20,33.619998931884766
^VIX3M,2011-09-21,36.189998626708984
^VIX3M,2011-09-22,39.150001525878906
^VIX3M,2011-09-23,39.54999923706055
^VIX3M,2011-09-26,38.029998779296875
^VIX3M,2011-09-27,37.209999084472656
^VIX3M,2011-09-28,39.52000045776367
^VIX3M,2011-09-29,38.18000030517578
^VIX3M,2011-09-30,41.2400016784668
^VIX3M,2011-10-03,43.380001068115234
^VIX3M,2011-10-04,40.45000076293945
^VIX3M,2011-10-05,38.310001373291016
^VIX3M,2011-10-06,37.040000915527344
^VIX3M,2011-10-07,37.310001373291016
^VIX3M,2011-10-10,34.790000915527344
^VIX3M,2011-10-11,34.060001373291016
^VIX3M,2011-10-12,32.970001220703125
^VIX3M,2011-10-13,32.709999084472656
^VIX3M,2011-10-14,30.389999389648438
^VIX3M,2011-10-17,33.599998474121094
^VIX3M,2011-10-18,31.979999542236328
^VIX3M,2011-10-19,34.38999938964844
^VIX3M,2011-10-20,34.20000076293945
^VIX3M,2011-10-21,31.969999313354492
^VIX3M,2011-10-24,30.469999313354492
^VIX3M,2011-10-25,32.36000061035156
^VIX3M,2011-10-26,30.940000534057617
^VIX3M,2011-10-27,27.030000686645508
^VIX3M,2011-10-28,26.520000457763672
^VIX3M,2011-10-31,30.3700008392334
^VIX3M,2011-11-01,34.02000045776367
^VIX3M,2011-11-02,32.880001068115234
^VIX3M,2011-11-03,31.6200008392334
^VIX3M,2011-11-04,31.229999542236328
^VIX3M,2011-11-07,31.3799991607666
^VIX3M,2011-11-08,29.520000457763672
^VIX3M,2011-11-09,35.4900016784668
^VIX3M,2011-11-10,33.75
^VIX3M,2011-11-11,31.600000381469727
^VIX3M,2011-11-14,32.720001220703125
^VIX3M,2011-11-15,32.52000045776367
^VIX3M,2011-11-16,34.38999938964844
^VIX3M,2011-11-17,35.31999969482422
^VIX3M,2011-11-18,34.20000076293945
^VIX3M,2011-11-21,34.779998779296875
^VIX3M,2011-11-22,34.2400016784668
^VIX3M,2011-11-23,35.869998931884766
^VIX3M,2011-11-25,36.45000076293945
^VIX3M,2011-11-28,33.939998626708984
^VIX3M,2011-11-29,33.209999084472656
^VIX3M,2011-11-30,30.579999923706055
^VIX3M,2011-12-01,30.030000686645508
^VIX3M,2011-12-02,29.850000381469727
^VIX3M,2011-12-05,29.899999618530273
^VIX3M,2011-12-06,30.15999984741211
^VIX3M,2011-12-07,30.6200008392334
^VIX3M,2011-12-08,32.09000015258789
^VIX3M,2011-12-09,29.530000686645508
^VIX3M,2011-12-12,30.170000076293945
^VIX3M,2011-12-13,30.170000076293945
^VIX3M,2011-12-14,30.420000076293945
^VIX3M,2011-12-15,29.459999084472656
^VIX3M,2011-12-16,29.030000686645508
^VIX3M,2011-12-19,28.739999771118164
^VIX3M,2011-12-20,26.8700008392334
^VIX3M,2011-12-21,25.559999465942383
^VIX3M,2011-12-22,25.280000686645508
^VIX3M,2011-12-23,25.219999313354492
^VIX3M,2011-12-27,25.540000915527344
^VIX3M,2011-12-28,26.75
^VIX3M,2011-12-29,26.25
^VIX3M,2011-12-30,26.860000610351562
^VIX3M,2012-01-03,26.049999237060547
^VIX3M,2012-01-04,25.309999465942383
^VIX3M,2012-01-05,24.700000762939453
^VIX3M,2012-01-06,24.09000015258789
^VIX3M,2012-01-09,24.1200008392334
^VIX3M,2012-01-10,23.68000030517578
^VIX3M,2012-01-11,24.110000610351562
^VIX3M,2012-01-12,24.040000915527344
^VIX3M,2012-01-13,24.670000076293945
^VIX3M,2012-01-17,25.0
^VIX3M,2012-01-18,24.18000030517578
^VIX3M,2012-01-19,23.649999618530273
^VIX3M,2012-01-20,22.81999969482422
^VIX3M,2012-01-23,22.31999969482422
^VIX3M,2012-01-24,22.030000686645508
^VIX3M,2012-01-25,21.360000610351562
^VIX3M,2012-01-26,21.68000030517578
^VIX3M,2012-01-27,21.399999618530273
^VIX3M,2012-01-30,21.920000076293945
^VIX3M,2012-01-31,22.09000015258789
^VIX3M,2012-02-01,21.540000915527344
^VIX3M,2012-02-02,21.010000228881836
^VIX3M,2012-02-03,20.049999237060547
^VIX3M,2012-02-06,20.389999389648438
^VIX3M,2012-02-07,20.139999389648438
^VIX3M,2012-02-08,20.68000030517578
^VIX3M,2012-02-09,21.34000015258789
^VIX3M,2012-02-10,23.280000686645508
^VIX3M,2012-02-13,22.1200008392334
^VIX3M,2012-02-14,22.81999969482422
^VIX3M,2012-02-15,24.1200008392334
^VIX3M,2012-02-16,23.170000076293945
^VIX3M,2012-02-17,22.389999389648438
^VIX3M,2012-02-21,22.350000381469727
^VIX3M,2012-02-22,22.09000015258789
^VIX3M,2012-02-23,20.780000686645508
^VIX3M,2012-02-24,21.18000030517578
^VIX3M,2012-02-27,21.8700008392334
^VIX3M,2012-02-28,21.600000381469727
^VIX3M,2012-02-29,21.799999237060547
^VIX3M,2012-03-01,21.030000686645508
^VIX3M,2012-03-02,21.260000228881836
^VIX3M,2012-03-05,21.989999771118164
^VIX3M,2012-03-06,23.899999618530273
^VIX3M,2012-03-07,22.719999313354492
^VIX3M,2012-03-08,21.84000015258789
^VIX3M,2012-03-09,21.219999313354492
^VIX3M,2012-03-12,20.809999465942383
^VIX3M,2012-03-13,19.600000381469727
^VIX3M,2012-03-14,20.75
^VIX3M,2012-03-15,20.540000915527344
^VIX3M,2012-03-16,20.3700008392334
^VIX3M,2012-03-19,19.940000534057617
^VIX3M,2012-03-20,19.959999084472656
^VIX3M,2012-03-21,19.25
^VIX3M,2012-03-22,19.549999237060547
^VIX3M,2012-03-23,18.639999389648438
^VIX3M,2012-03-26,17.43000030517578
^VIX3M,2012-03-27,18.56999969482422
^VIX3M,2012-03-28,18.790000915527344
^VIX3M,2012-03-29,18.84000015258789
^VIX3M,2012-03-30,18.610000610351562
^VIX3M,2012-04-02,18.459999084472656
^VIX3M,2012-04-03,18.809999465942383
^VIX3M,2012-04-04,19.450000762939453
^VIX3M,2012-04-05,19.81999969482422
^VIX3M,2012-04-09,21.209999084472656
^VIX3M,2012-04-10,22.6200008392334
^VIX3M,2012-04-11,22.469999313354492
^VIX3M,2012-04-12,20.25
^VIX3M,2012-04-13,21.989999771118164
^VIX3M,2012-04-16,22.040000915527344
^VIX3M,2012-04-17,20.850000381469727
^VIX3M,2012-04-18,21.1200008392334
^VIX3M,2012-04-19,21.229999542236328
^VIX3M,2012-04-20,20.479999542236328
^VIX3M,2012-04-23,21.389999389648438
^VIX3M,2012-04-24,20.510000228881836
^VIX3M,2012-04-25,19.459999084472656
^VIX3M,2012-04-26,18.549999237060547
^VIX3M,2012-04-27,18.739999771118164
^VIX3M,2012-04-30,19.31999969482422
^VIX3M,2012-05-01,19.1299991607666
^VIX3M,2012-05-02,19.010000228881836
^VIX3M,2012-05-03,19.5
^VIX3M,2012-05-04,20.719999313354492
^VIX3M,2012-05-07,20.450000762939453
^VIX3M,2012-05-08,20.809999465942383
^VIX3M,2012-05-09,21.530000686645508
^VIX3M,2012-05-10,20.8700008392334
^VIX3M,2012-05-11,21.549999237060547
^VIX3M,2012-05-14,22.969999313354492
^VIX3M,2012-05-15,23.920000076293945
^VIX3M,2012-05-16,24.920000076293945
^VIX3M,2012-05-17,26.40999984741211
^VIX3M,2012-05-18,27.65999984741211
^VIX3M,2012-05-21,24.709999084472656
^VIX3M,2012-05-22,25.229999542236328
^VIX3M,2012-05-23,25.110000610351562
^VIX3M,2012-05-24,24.780000686645508
^VIX3M,2012-05-25,24.93000030517578
^VIX3M,2012-05-29,23.889999389648438
^VIX3M,2012-05-30,26.190000534057617
^VIX3M,2012-05-31,26.219999313354492
^VIX3M,2012-06-01,28.469999313354492
^VIX3M,2012-06-04,28.1200008392334
^VIX3M,2012-06-05,26.8700008392334
^VIX3M,2012-06-06,24.709999084472656
^VIX3M,2012-06-07,24.469999313354492
^VIX3M,2012-06-08,23.639999389648438
^VIX3M,2012-06-11,25.5
^VIX3M,2012-06-12,24.940000534057617
^VIX3M,2012-06-13,26.5
^VIX3M,2012-06-14,25.0
^VIX3M,2012-06-15,23.670000076293945
^VIX3M,2012-06-18,22.1299991607666
^VIX3M,2012-06-19,21.920000076293945
^VIX3M,2012-06-20,20.84000015258789
^VIX3M,2012-06-21,23.15999984741211
^VIX3M,2012-06-22,21.510000228881836
^VIX3M,2012-06-25,23.030000686645508
^VIX3M,2012-06-26,22.469999313354492
^VIX3M,2012-06-27,22.360000610351562
^VIX3M,2012-06-28,22.25
^VIX3M,2012-06-29,20.31999969482422
^VIX3M,2012-07-02,19.790000915527344
^VIX3M,2012-07-03,19.31999969482422
^VIX3M,2012-07-05,20.110000610351562
^VIX3M,2012-07-06,20.040000915527344
^VIX3M,2012-07-09,20.3700008392334
^VIX3M,2012-07-10,20.8700008392334
^VIX3M,2012-07-11,20.25
^VIX3M,2012-07-12,20.690000534057617
^VIX3M,2012-07-13,19.389999389648438
^VIX3M,2012-07-16,19.610000610351562
^VIX3M,2012-07-17,18.920000076293945
^VIX3M,2012-07-18,18.940000534057617
^VIX3M,2012-07-19,18.610000610351562
^VIX3M,2012-07-20,19.639999389648438
^VIX3M,2012-07-23,21.18000030517578
^VIX3M,2012-07-24,22.260000228881836
^VIX3M,2012-07-25,21.8799991607666
^VIX3M,2012-07-26,20.239999771118164
^VIX3M,2012-07-27,19.65999984741211
^VIX3M,2012-07-30,20.1299991607666
^VIX3M,2012-07-31,20.780000686645508
^VIX3M,2012-08-01,20.670000076293945
^VIX3M,2012-08-02,20.229999542236328
^VIX3M,2012-08-03,18.68000030517578
^VIX3M,2012-08-06,18.739999771118164
^VIX3M,2012-08-07,18.809999465942383
^VIX3M,2012-08-08,18.579999923706055
^VIX3M,2012-08-09,18.229999542236328
^VIX3M,2012-08-10,18.139999389648438
^VIX3M,2012-08-13,18.06999969482422
^VIX3M,2012-08-14,18.510000228881836
^VIX3M,2012-08-15,18.860000610351562
^VIX3M,2012-08-16,18.549999237060547
^VIX3M,2012-08-17,18.350000381469727
^VIX3M,2012-08-20,18.59000015258789
^VIX3M,2012-08-21,18.799999237060547
^VIX3M,2012-08-22,19.420000076293945
^VIX3M,2012-08-23,20.09000015258789
^VIX3M,2012-08-24,19.239999771118164
^VIX3M,2012-08-27,19.920000076293945
^VIX3M,2012-08-28,19.81999969482422
^VIX3M,2012-08-29,20.459999084472656
^VIX3M,2012-08-30,20.920000076293945
^VIX3M,2012-08-31,20.6200008392334
^VIX3M,2012-09-04,20.68000030517578
^VIX3M,2012-09-05,19.989999771118164
^VIX3M,2012-09-06,18.6200008392334
^VIX3M,2012-09-07,17.59000015258789
^VIX3M,2012-09-10,18.299999237060547
^VIX3M,2012-09-11,18.290000915527344
^VIX3M,2012-09-12,17.600000381469727
^VIX3M,2012-09-13,16.450000762939453
^VIX3M,2012-09-14,16.899999618530273
^VIX3M,2012-09-17,17.1299991607666
^VIX3M,2012-09-18,16.6299991607666
^VIX3M,2012-09-19,16.489999771118164
^VIX3M,2012-09-20,16.75
^VIX3M,2012-09-21,16.790000915527344
^VIX3M,2012-09-24,16.59000015258789
^VIX3M,2012-09-25,17.600000381469727
^VIX3M,2012-09-26,18.5
^VIX3M,2012-09-27,17.06999969482422
^VIX3M,2012-09-28,17.610000610351562
^VIX3M,2012-10-01,17.920000076293945
^VIX3M,2012-10-02,17.739999771118164
^VIX3M,2012-10-03,17.579999923706055
^VIX3M,2012-10-04,17.059999465942383
^VIX3M,2012-10-05,16.93000030517578
^VIX3M,2012-10-08,17.360000610351562
^VIX3M,2012-10-09,18.010000228881836
^VIX3M,2012-10-10,18.1299991607666
^VIX3M,2012-10-11,17.56999969482422
^VIX3M,2012-10-12,17.739999771118164
^VIX3M,2012-10-15,17.110000610351562
^VIX3M,2012-10-16,16.969999313354492
^VIX3M,2012-10-17,16.610000610351562
^VIX3M,2012-10-18,16.579999923706055
^VIX3M,2012-10-19,18.1200008392334
^VIX3M,2012-10-22,17.8700008392334
^VIX3M,2012-10-23,19.450000762939453
^VIX3M,2012-10-24,19.270000457763672
^VIX3M,2012-10-25,19.110000610351562
^VIX3M,2012-10-26,19.020000457763672
^VIX3M,2012-10-31,19.309999465942383
^VIX3M,2012-11-01,17.729999542236328
^VIX3M,2012-11-02,18.549999237060547
^VIX3M,2012-11-05,18.969999313354492
^VIX3M,2012-11-06,18.239999771118164
^VIX3M,2012-11-07,19.809999465942383
^VIX3M,2012-11-08,19.829999923706055
^VIX3M,2012-11-09,20.06999969482422
^VIX3M,2012-11-12,19.149999618530273
^VIX3M,2012-11-13,18.969999313354492
^VIX3M,2012-11-14,19.8700008392334
^VIX3M,2012-11-15,19.790000915527344
^VIX3M,2012-11-16,18.93000030517578
^VIX3M,2012-11-19,17.59000015258789
^VIX3M,2012-11-20,17.280000686645508
^VIX3M,2012-11-21,17.579999923706055
^VIX3M,2012-11-23,17.579999923706055
^VIX3M,2012-11-26,17.309999465942383
^VIX3M,2012-11-27,17.6200008392334
^VIX3M,2012-11-28,17.200000762939453
^VIX3M,2012-11-29,16.81999969482422
^VIX3M,2012-11-30,17.270000457763672
^VIX3M,2012-12-03,17.81999969482422
^VIX3M,2012-12-04,18.190000534057617
^VIX3M,2012-12-05,17.829999923706055
^VIX3M,2012-12-06,17.84000015258789
^VIX3M,2012-12-07,17.290000915527344
^VIX3M,2012-12-10,17.350000381469727
^VIX3M,2012-12-11,17.0
^VIX3M,2012-12-12,17.43000030517578
^VIX3M,2012-12-13,17.8799991607666
^VIX3M,2012-12-14,18.030000686645508
^VIX3M,2012-12-17,17.5
^VIX3M,2012-12-18,16.809999465942383
^VIX3M,2012-12-19,17.860000610351562
^VIX3M,2012-12-20,18.139999389648438
^VIX3M,2012-12-21,18.8700008392334
^VIX3M,2012-12-24,18.8700008392334
^VIX3M,2012-12-26,19.93000030517578
^VIX3M,2012-12-27,19.920000076293945
^VIX3M,2012-12-28,21.8799991607666
^VIX3M,2012-12-31,18.729999542236328
^VIX3M,2013-01-02,16.690000534057617
^VIX3M,2013-01-03,16.739999771118164
^VIX3M,2013-01-04,16.34000015258789
^VIX3M,2013-01-07,16.450000762939453
^VIX3M,2013-01-08,16.450000762939453
^VIX3M,2013-01-09,16.5
^VIX3M,2013-01-10,16.1200008392334
^VIX3M,2013-01-11,16.010000228881836
^VIX3M,2013-01-14,16.290000915527344
^VIX3M,2013-01-15,16.329999923706055
^VIX3M,2013-01-16,16.239999771118164
^VIX3M,2013-01-17,16.079999923706055
^VIX3M,2013-01-18,15.289999961853027
^VIX3M,2013-01-22,14.720000267028809
^VIX3M,2013-01-23,14.5
^VIX3M,2013-01-24,14.670000076293945
^VIX3M,2013-01-25,14.65999984741211
^VIX3M,2013-01-28,15.069999694824219
^VIX3M,2013-01-29,14.739999771118164
^VIX3M,2013-01-30,15.420000076293945
^VIX3M,2013-01-31,15.550000190734863
^VIX3M,2013-02-01,14.789999961853027
^VIX3M,2013-02-04,15.789999961853027
^VIX3M,2013-02-05,15.300000190734863
^VIX3M,2013-02-06,15.140000343322754
^VIX3M,2013-02-07,15.1899995803833
^VIX3M,2013-02-08,14.800000190734863
^VIX3M,2013-02-11,14.680000305175781
^VIX3M,2013-02-12,14.529999732971191
^VIX3M,2013-02-13,14.630000114440918
^VIX3M,2013-02-14,14.430000305175781
^VIX3M,2013-02-15,14.260000228881836
^VIX3M,2013-02-19,13.989999771118164
^VIX3M,2013-02-20,15.40999984741211
^VIX3M,2013-02-21,15.710000038146973
^VIX3M,2013-02-22,14.979999542236328
^VIX3M,2013-02-25,17.940000534057617
^VIX3M,2013-02-26,17.25
^VIX3M,2013-02-27,15.65999984741211
^VIX3M,2013-02-28,16.18000030517578
^VIX3M,2013-03-01,16.290000915527344
^VIX3M,2013-03-04,15.420000076293945
^VIX3M,2013-03-05,14.949999809265137
^VIX3M,2013-03-06,15.029999732971191
^VIX3M,2013-03-07,14.739999771118164
^VIX3M,2013-03-08,14.520000457763672
^VIX3M,2013-03-11,14.300000190734863
^VIX3M,2013-03-12,14.579999923706055
^VIX3M,2013-03-13,14.510000228881836
^VIX3M,2013-03-14,14.100000381469727
^VIX3M,2013-03-15,14.260000228881836
^VIX3M,2013-03-18,15.390000343322754
^VIX3M,2013-03-19,15.710000038146973
^VIX3M,2013-03-20,14.930000305175781
^VIX3M,2013-03-21,15.529999732971191
^VIX3M,2013-03-22,15.260000228881836
^VIX3M,2013-03-25,15.300000190734863
^VIX3M,2013-03-26,14.75
^VIX3M,2013-03-27,14.930000305175781
^VIX3M,2013-03-28,14.640000343322754
^VIX3M,2013-04-01,15.279999732971191
^VIX3M,2013-04-02,14.710000038146973
^VIX3M,2013-04-03,15.489999771118164
^VIX3M,2013-04-04,15.300000190734863
^VIX3M,2013-04-05,15.380000114440918
^VIX3M,2013-04-08,14.710000038146973
^VIX3M,2013-04-09,14.460000038146973
^VIX3M,2013-04-10,14.119999885559082
^VIX3M,2013-04-11,14.170000076293945
^VIX3M,2013-04-12,14.020000457763672
^VIX3M,2013-04-15,17.030000686645508
^VIX3M,2013-04-16,15.100000381469727
^VIX3M,2013-04-17,16.93000030517578
^VIX3M,2013-04-18,17.520000457763672
^VIX3M,2013-04-19,16.170000076293945
^VIX3M,2013-04-22,15.65999984741211
^VIX3M,2013-04-23,14.829999923706055
^VIX3M,2013-04-24,14.970000267028809
^VIX3M,2013-04-25,14.960000038146973
^VIX3M,2013-04-26,14.890000343322754
^VIX3M,2013-04-29,14.920000076293945
^VIX3M,2013-04-30,14.779999732971191
^VIX3M,2013-05-01,15.609999656677246
^VIX3M,2013-05-02,14.869999885559082
^VIX3M,2013-05-03,14.449999809265137
^VIX3M,2013-05-06,14.3100004196167
^VIX3M,2013-05-07,14.350000381469727
^VIX3M,2013-05-08,14.399999618530273
^VIX3M,2013-05-09,14.8100004196167
^VIX3M,2013-05-10,14.710000038146973
^VIX3M,2013-05-13,15.050000190734863
^VIX3M,2013-05-14,14.979999542236328
^VIX3M,2013-05-15,15.050000190734863
^VIX3M,2013-05-16,15.449999809265137
^VIX3M,2013-05-17,15.170000076293945
^VIX3M,2013-05-20,15.3100004196167
^VIX3M,2013-05-21,15.779999732971191
^VIX3M,2013-05-22,15.819999694824219
^VIX3M,2013-05-23,16.0
^VIX3M,2013-05-24,15.920000076293945
^VIX3M,2013-05-28,15.869999885559082
^VIX3M,2013-05-29,16.149999618530273
^VIX3M,2013-05-30,16.010000228881836
^VIX3M,2013-05-31,17.1299991607666
^VIX3M,2013-06-03,17.219999313354492
^VIX3M,2013-06-04,17.260000228881836
^VIX3M,2013-06-05,18.0
^VIX3M,2013-06-06,17.549999237060547
^VIX3M,2013-06-07,16.719999313354492
^VIX3M,2013-06-10,16.729999542236328
^VIX3M,2013-06-11,17.90999984741211
^VIX3M,2013-06-12,19.06999969482422
^VIX3M,2013-06-13,17.829999923706055
^VIX3M,2013-06-14,18.299999237060547
^VIX3M,2013-06-17,17.989999771118164
^VIX3M,2013-06-18,17.75
^VIX3M,2013-06-19,17.780000686645508
^VIX3M,2013-06-20,20.34000015258789
^VIX3M,2013-06-21,19.489999771118164
^VIX3M,2013-06-24,20.729999542236328
^VIX3M,2013-06-25,19.670000076293945
^VIX3M,2013-06-26,18.81999969482422
^VIX3M,2013-06-27,18.559999465942383
^VIX3M,2013-06-28,18.389999389648438
^VIX3M,2013-07-01,17.920000076293945
^VIX3M,2013-07-02,18.020000457763672
^VIX3M,2013-07-03,17.809999465942383
^VIX3M,2013-07-05,16.8799991607666
^VIX3M,2013-07-08,16.40999984741211
^VIX3M,2013-07-09,15.90999984741211
^VIX3M,2013-07-10,15.770000457763672
^VIX3M,2013-07-11,15.5
^VIX3M,2013-07-12,15.649999618530273
^VIX3M,2013-07-15,15.619999885559082
^VIX3M,2013-07-16,16.010000228881836
^VIX3M,2013-07-17,15.5600004196167
^VIX3M,2013-07-18,15.5600004196167
^VIX3M,2013-07-19,15.039999961853027
^VIX3M,2013-07-22,14.6899995803833
^VIX3M,2013-07-23,14.880000114440918
^VIX3M,2013-07-24,15.1899995803833
^VIX3M,2013-07-25,15.0
^VIX3M,2013-07-26,14.800000190734863
^VIX3M,2013-07-29,15.109999656677246
^VIX3M,2013-07-30,14.979999542236328
^VIX3M,2013-07-31,14.920000076293945
^VIX3M,2013-08-01,14.550000190734863
^VIX3M,2013-08-02,14.029999732971191
^VIX3M,2013-08-05,13.859999656677246
^VIX3M,2013-08-06,14.5600004196167
^VIX3M,2013-08-07,14.8100004196167
^VIX3M,2013-08-08,14.670000076293945
^VIX3M,2013-08-09,15.100000381469727
^VIX3M,2013-08-12,15.170000076293945
^VIX3M,2013-08-13,14.859999656677246
^VIX3M,2013-08-14,15.239999771118164
^VIX3M,2013-08-15,16.239999771118164
^VIX3M,2013-08-16,15.9399995803833
^VIX3M,2013-08-19,16.399999618530273
^VIX3M,2013-08-20,16.309999465942383
^VIX3M,2013-08-21,16.790000915527344
^VIX3M,2013-08-22,15.989999771118164
^VIX3M,2013-08-23,15.550000190734863
^VIX3M,2013-08-26,16.209999084472656
^VIX3M,2013-08-27,17.68000030517578
^VIX3M,2013-08-28,17.6200008392334
^VIX3M,2013-08-29,17.899999618530273
^VIX3M,2013-08-30,18.049999237060547
^VIX3M,2013-09-03,17.639999389648438
^VIX3M,2013-09-04,17.299999237060547
^VIX3M,2013-09-05,17.139999389648438
^VIX3M,2013-09-06,17.170000076293945
^VIX3M,2013-09-09,16.829999923706055
^VIX3M,2013-09-10,16.110000610351562
^VIX3M,2013-09-11,15.609999656677246
^VIX3M,2013-09-12,15.850000381469727
^VIX3M,2013-09-13,15.699999809265137
^VIX3M,2013-09-16,15.579999923706055
^VIX3M,2013-09-17,15.65999984741211
^VIX3M,2013-09-18,15.180000305175781
^VIX3M,2013-09-19,15.020000457763672
^VIX3M,2013-09-20,15.319999694824219
^VIX3M,2013-09-23,15.920000076293945
^VIX3M,2013-09-24,15.640000343322754
^VIX3M,2013-09-25,15.5600004196167
^VIX3M,2013-09-26,15.40999984741211
^VIX3M,2013-09-27,16.040000915527344
^VIX3M,2013-09-30,16.799999237060547
^VIX3M,2013-10-01,16.1299991607666
^VIX3M,2013-10-02,16.809999465942383
^VIX3M,2013-10-03,17.700000762939453
^VIX3M,2013-10-04,17.209999084472656
^VIX3M,2013-10-07,19.06999969482422
^VIX3M,2013-10-08,19.84000015258789
^VIX3M,2013-10-09,19.290000915527344
^VIX3M,2013-10-10,17.209999084472656
^VIX3M,2013-10-11,16.56999969482422
^VIX3M,2013-10-14,16.920000076293945
^VIX3M,2013-10-15,18.40999984741211
^VIX3M,2013-10-16,16.260000228881836
^VIX3M,2013-10-17,15.4399995803833
^VIX3M,2013-10-18,14.920000076293945
^VIX3M,2013-10-21,15.140000343322754
^VIX3M,2013-10-22,15.020000457763672
^VIX3M,2013-10-23,15.109999656677246
^VIX3M,2013-10-24,14.899999618530273
^VIX3M,2013-10-25,14.869999885559082
^VIX3M,2013-10-28,14.869999885559082
^VIX3M,2013-10-29,15.029999732971191
^VIX3M,2013-10-30,15.130000114440918
^VIX3M,2013-10-31,15.25
^VIX3M,2013-11-01,15.0600004196167
^VIX3M,2013-11-04,14.680000305175781
^VIX3M,2013-11-05,14.920000076293945
^VIX3M,2013-11-06,14.65999984741211
^VIX3M,2013-11-07,15.359999656677246
^VIX3M,2013-11-08,14.630000114440918
^VIX3M,2013-11-11,14.729999542236328
^VIX3M,2013-11-12,14.880000114440918
^VIX3M,2013-11-13,14.829999923706055
^VIX3M,2013-11-14,14.880000114440918
^VIX3M,2013-11-15,14.800000190734863
^VIX3M,2013-11-18,14.930000305175781
^VIX3M,2013-11-19,15.25
^VIX3M,2013-11-20,14.989999771118164
^VIX3M,2013-11-21,14.520000457763672
^VIX3M,2013-11-22,14.149999618530273
^VIX3M,2013-11-25,14.430000305175781
^VIX3M,2013-11-26,14.550000190734863
^VIX3M,2013-11-27,14.600000381469727
^VIX3M,2013-11-29,15.029999732971191
^VIX3M,2013-12-02,15.1899995803833
^VIX3M,2013-12-03,15.489999771118164
^VIX3M,2013-12-04,15.569999694824219
^VIX3M,2013-12-05,15.779999732971191
^VIX3M,2013-12-06,14.949999809265137
^VIX3M,2013-12-09,14.930000305175781
^VIX3M,2013-12-10,15.220000267028809
^VIX3M,2013-12-11,15.989999771118164
^VIX3M,2013-12-12,16.1200008392334
^VIX3M,2013-12-13,16.270000457763672
^VIX3M,2013-12-16,16.389999389648438
^VIX3M,2013-12-17,16.5
^VIX3M,2013-12-18,14.989999771118164
^VIX3M,2013-12-19,15.279999732971191
^VIX3M,2013-12-20,15.010000228881836
^VIX3M,2013-12-23,14.520000457763672
^VIX3M,2013-12-24,14.239999771118164
^VIX3M,2013-12-26,14.029999732971191
^VIX3M,2013-12-27,13.979999542236328
^VIX3M,2013-12-30,14.770000457763672
^VIX3M,2013-12-31,14.770000457763672
^VIX3M,2014-01-02,15.260000228881836
^VIX3M,2014-01-03,15.09000015258789
^VIX3M,2014-01-06,14.819999694824219
^VIX3M,2014-01-07,14.40999984741211
^VIX3M,2014-01-08,14.289999961853027
^VIX3M,2014-01-09,14.289999961853027
^VIX3M,2014-01-10,13.9399995803833
^VIX3M,2014-01-13,14.979999542236328
^VIX3M,2014-01-14,14.489999771118164
^VIX3M,2014-01-15,14.460000038146973
^VIX3M,2014-01-16,14.6899995803833
^VIX3M,2014-01-17,14.630000114440918
^VIX3M,2014-01-21,14.619999885559082
^VIX3M,2014-01-22,14.470000267028809
^VIX3M,2014-01-23,14.979999542236328
^VIX3M,2014-01-24,17.399999618530273
^VIX3M,2014-01-27,17.1299991607666
^VIX3M,2014-01-28,16.200000762939453
^VIX3M,2014-01-29,17.239999771118164
^VIX3M,2014-01-30,17.3700008392334
^VIX3M,2014-01-31,18.09000015258789
^VIX3M,2014-02-03,20.139999389648438
^VIX3M,2014-02-04,19.079999923706055
^VIX3M,2014-02-05,19.670000076293945
^VIX3M,2014-02-06,17.790000915527344
^VIX3M,2014-02-07,16.34000015258789
^VIX3M,2014-02-10,16.31999969482422
^VIX3M,2014-02-11,15.75
^VIX3M,2014-02-12,15.649999618530273
^VIX3M,2014-02-13,15.5
^VIX3M,2014-02-14,15.170000076293945
^VIX3M,2014-02-18,15.220000267028809
^VIX3M,2014-02-19,16.290000915527344
^VIX3M,2014-02-20,15.720000267028809
^VIX3M,2014-02-21,15.640000343322754
^VIX3M,2014-02-24,15.5
^VIX3M,2014-02-25,15.5
^VIX3M,2014-02-26,15.90999984741211
^VIX3M,2014-02-27,15.630000114440918
^VIX3M,2014-02-28,15.800000190734863
^VIX3M,2014-03-03,16.920000076293945
^VIX3M,2014-03-04,15.6899995803833
^VIX3M,2014-03-05,15.770000457763672
^VIX3M,2014-03-06,15.829999923706055
^VIX3M,2014-03-07,15.869999885559082
^VIX3M,2014-03-10,15.970000267028809
^VIX3M,2014-03-11,16.350000381469727
^VIX3M,2014-03-12,16.079999923706055
^VIX3M,2014-03-13,17.1299991607666
^VIX3M,2014-03-14,17.93000030517578
^VIX3M,2014-03-17,16.690000534057617
^VIX3M,2014-03-18,16.15999984741211
^VIX3M,2014-03-19,16.31999969482422
^VIX3M,2014-03-20,15.859999656677246
^VIX3M,2014-03-21,16.18000030517578
^VIX3M,2014-03-24,16.100000381469727
^VIX3M,2014-03-25,15.529999732971191
^VIX3M,2014-03-26,16.079999923706055
^VIX3M,2014-03-27,15.869999885559082
^VIX3M,2014-03-28,15.460000038146973
^VIX3M,2014-03-31,15.079999923706055
^VIX3M,2014-04-01,14.399999618530273
^VIX3M,2014-04-02,14.449999809265137
^VIX3M,2014-04-03,14.5
^VIX3M,2014-04-04,14.960000038146973
^VIX3M,2014-04-07,15.899999618530273
^VIX3M,2014-04-08,15.529999732971191
^VIX3M,2014-04-09,14.829999923706055
^VIX3M,2014-04-10,16.06999969482422
^VIX3M,2014-04-11,16.790000915527344
^VIX3M,2014-04-14,16.3700008392334
^VIX3M,2014-04-15,15.989999771118164
^VIX3M,2014-04-16,15.229999542236328
^VIX3M,2014-04-17,14.84000015258789
^VIX3M,2014-04-21,14.75
^VIX3M,2014-04-22,14.609999656677246
^VIX3M,2014-04-23,14.829999923706055
^VIX3M,2014-04-24,14.770000457763672
^VIX3M,2014-04-25,15.180000305175781
^VIX3M,2014-04-28,14.930000305175781
^VIX3M,2014-04-29,14.829999923706055
^VIX3M,2014-04-30,14.699999809265137
^VIX3M,2014-05-01,14.670000076293945
^VIX3M,2014-05-02,14.680000305175781
^VIX3M,2014-05-05,14.75
^VIX3M,2014-05-06,15.119999885559082
^VIX3M,2014-05-07,14.619999885559082
^VIX3M,2014-05-08,14.579999923706055
^VIX3M,2014-05-09,14.380000114440918
^VIX3M,2014-05-12,13.880000114440918
^VIX3M,2014-05-13,14.039999961853027
^VIX3M,2014-05-14,14.180000305175781
^VIX3M,2014-05-15,14.859999656677246
^VIX3M,2014-05-16,14.329999923706055
^VIX3M,2014-05-19,14.109999656677246
^VIX3M,2014-05-20,14.40999984741211
^VIX3M,2014-05-21,13.869999885559082
^VIX3M,2014-05-22,13.829999923706055
^VIX3M,2014-05-23,13.619999885559082
^VIX3M,2014-05-27,13.640000343322754
^VIX3M,2014-05-28,13.770000457763672
^VIX3M,2014-05-29,13.710000038146973
^VIX3M,2014-05-30,13.75
^VIX3M,2014-06-02,13.880000114440918
^VIX3M,2014-06-03,13.819999694824219
^VIX3M,2014-06-04,13.770000457763672
^VIX3M,2014-06-05,13.579999923706055
^VIX3M,2014-06-06,12.829999923706055
^VIX3M,2014-06-09,13.020000457763672
^VIX3M,2014-06-10,13.010000228881836
^VIX3M,2014-06-11,13.289999961853027
^VIX3M,2014-06-12,14.109999656677246
^VIX3M,2014-06-13,13.789999961853027
^VIX3M,2014-06-16,13.970000267028809
^VIX3M,2014-06-17,13.65999984741211
^VIX3M,2014-06-18,12.619999885559082
^VIX3M,2014-06-19,12.699999809265137
^VIX3M,2014-06-20,12.869999885559082
^VIX3M,2014-06-23,12.920000076293945
^VIX3M,2014-06-24,13.380000114440918
^VIX3M,2014-06-25,13.109999656677246
^VIX3M,2014-06-26,13.069999694824219
^VIX3M,2014-06-27,12.819999694824219
^VIX3M,2014-06-30,13.010000228881836
^VIX3M,2014-07-01,12.739999771118164
^VIX3M,2014-07-02,12.489999771118164
^VIX3M,2014-07-03,12.239999771118164
^VIX3M,2014-07-07,12.869999885559082
^VIX3M,2014-07-08,13.210000038146973
^VIX3M,2014-07-09,12.989999771118164
^VIX3M,2014-07-10,13.649999618530273
^VIX3M,2014-07-11,13.279999732971191
^VIX3M,2014-07-14,12.930000305175781
^VIX3M,2014-07-15,13.15999984741211
^VIX3M,2014-07-16,12.630000114440918
^VIX3M,2014-07-17,14.970000267028809
^VIX3M,2014-07-18,13.359999656677246
^VIX3M,2014-07-21,13.800000190734863
^VIX3M,2014-07-22,13.5
^VIX3M,2014-07-23,13.380000114440918
^VIX3M,2014-07-24,13.449999809265137
^VIX3M,2014-07-25,14.0
^VIX3M,2014-07-28,13.920000076293945
^VIX3M,2014-07-29,14.220000267028809
^VIX3M,2014-07-30,14.260000228881836
^VIX3M,2014-07-31,16.3799991607666
^VIX3M,2014-08-01,16.780000686645508
^VIX3M,2014-08-04,15.8100004196167
^VIX3M,2014-08-05,17.139999389648438
^VIX3M,2014-08-06,16.93000030517578
^VIX3M,2014-08-07,17.219999313354492
^VIX3M,2014-08-08,16.690000534057617
^VIX3M,2014-08-11,15.760000228881836
^VIX3M,2014-08-12,15.699999809265137
^VIX3M,2014-08-13,14.850000381469727
^VIX3M,2014-08-14,14.430000305175781
^VIX3M,2014-08-15,14.420000076293945
^VIX3M,2014-08-18,13.90999984741211
^VIX3M,2014-08-19,13.789999961853027
^VIX3M,2014-08-20,13.760000228881836
^VIX3M,2014-08-21,13.529999732971191
^VIX3M,2014-08-22,13.510000228881836
^VIX3M,2014-08-25,13.569999694824219
^VIX3M,2014-08-26,13.710000038146973
^VIX3M,2014-08-27,13.920000076293945
^VIX3M,2014-08-28,14.130000114440918
^VIX3M,2014-08-29,14.260000228881836
^VIX3M,2014-09-02,14.460000038146973
^VIX3M,2014-09-03,14.390000343322754
^VIX3M,2014-09-04,14.539999961853027
^VIX3M,2014-09-05,14.079999923706055
^VIX3M,2014-09-08,14.390000343322754
^VIX3M,2014-09-09,14.84000015258789
^VIX3M,2014-09-10,14.630000114440918
^VIX3M,2014-09-11,14.680000305175781
^VIX3M,2014-09-12,15.039999961853027
^VIX3M,2014-09-15,15.579999923706055
^VIX3M,2014-09-16,14.850000381469727
^VIX3M,2014-09-17,14.619999885559082
^VIX3M,2014-09-18,14.229999542236328
^VIX3M,2014-09-19,14.380000114440918
^VIX3M,2014-09-22,15.260000228881836
^VIX3M,2014-09-23,16.06999969482422
^VIX3M,2014-09-24,15.220000267028809
^VIX3M,2014-09-25,16.59000015258789
^VIX3M,2014-09-26,16.020000457763672
^VIX3M,2014-09-29,16.81999969482422
^VIX3M,2014-09-30,17.079999923706055
^VIX3M,2014-10-01,17.6200008392334
^VIX3M,2014-10-02,17.239999771118164
^VIX3M,2014-10-03,16.040000915527344
^VIX3M,2014-10-06,16.549999237060547
^VIX3M,2014-10-07,17.68000030517578
^VIX3M,2014-10-08,16.280000686645508
^VIX3M,2014-10-09,18.09000015258789
^VIX3M,2014-10-10,19.93000030517578
^VIX3M,2014-10-13,22.1200008392334
^VIX3M,2014-10-14,21.3700008392334
^VIX3M,2014-10-15,22.770000457763672
^VIX3M,2014-10-16,22.850000381469727
^VIX3M,2014-10-17,21.25
^VIX3M,2014-10-20,19.670000076293945
^VIX3M,2014-10-21,17.8700008392334
^VIX3M,2014-10-22,19.059999465942383
^VIX3M,2014-10-23,18.219999313354492
^VIX3M,2014-10-24,17.920000076293945
^VIX3M,2014-10-27,17.860000610351562
^VIX3M,2014-10-28,16.459999084472656
^VIX3M,2014-10-29,16.889999389648438
^VIX3M,2014-10-30,16.739999771118164
^VIX3M,2014-10-31,16.510000228881836
^VIX3M,2014-11-03,16.809999465942383
^VIX3M,2014-11-04,16.93000030517578
^VIX3M,2014-11-05,16.56999969482422
^VIX3M,2014-11-06,16.260000228881836
^VIX3M,2014-11-07,15.829999923706055
^VIX3M,2014-11-10,15.039999961853027
^VIX3M,2014-11-11,15.359999656677246
^VIX3M,2014-11-12,15.739999771118164
^VIX3M,2014-11-13,15.890000343322754
^VIX3M,2014-11-14,15.960000038146973
^VIX3M,2014-11-17,15.930000305175781
^VIX3M,2014-11-18,15.699999809265137
^VIX3M,2014-11-19,15.970000267028809
^VIX3M,2014-11-20,16.010000228881836
^VIX3M,2014-11-21,15.789999961853027
^VIX3M,2014-11-24,15.550000190734863
^VIX3M,2014-11-25,15.40999984741211
^VIX3M,2014-11-26,15.319999694824219
^VIX3M,2014-11-28,15.930000305175781
^VIX3M,2014-12-01,16.65999984741211
^VIX3M,2014-12-02,15.960000038146973
^VIX3M,2014-12-03,15.529999732971191
^VIX3M,2014-12-04,15.640000343322754
^VIX3M,2014-12-05,15.300000190734863
^VIX3M,2014-12-08,16.780000686645508
^VIX3M,2014-12-09,17.229999542236328
^VIX3M,2014-12-10,19.139999389648438
^VIX3M,2014-12-11,20.719999313354492
^VIX3M,2014-12-12,21.0
^VIX3M,2014-12-15,21.059999465942383
^VIX3M,2014-12-16,23.09000015258789
^VIX3M,2014-12-17,20.43000030517578
^VIX3M,2014-12-18,18.479999542236328
^VIX3M,2014-12-19,18.469999313354492
^VIX3M,2014-12-22,17.59000015258789
^VIX3M,2014-12-23,17.940000534057617
^VIX3M,2014-12-24,17.260000228881836
^VIX3M,2014-12-26,17.15999984741211
^VIX3M,2014-12-29,17.270000457763672
^VIX3M,2014-12-30,18.020000457763672
^VIX3M,2014-12-31,19.739999771118164
^VIX3M,2015-01-02,19.459999084472656
^VIX3M,2015-01-05,20.790000915527344
^VIX3M,2015-01-06,21.420000076293945
^VIX3M,2015-01-07,20.079999923706055
^VIX3M,2015-01-08,18.65999984741211
^VIX3M,2015-01-09,19.31999969482422
^VIX3M,2015-01-12,20.479999542236328
^VIX3M,2015-01-13,21.270000457763672
^VIX3M,2015-01-14,20.93000030517578
^VIX3M,2015-01-15,22.110000610351562
^VIX3M,2015-01-16,21.149999618530273
^VIX3M,2015-01-20,20.8700008392334
^VIX3M,2015-01-21,20.040000915527344
^VIX3M,2015-01-22,18.600000381469727
^VIX3M,2015-01-23,19.0
^VIX3M,2015-01-26,18.030000686645508
^VIX3M,2015-01-27,19.110000610351562
^VIX3M,2015-01-28,21.440000534057617
^VIX3M,2015-01-29,20.0
^VIX3M,2015-01-30,21.81999969482422
^VIX3M,2015-02-02,20.90999984741211
^VIX3M,2015-02-03,19.489999771118164
^VIX3M,2015-02-04,20.43000030517578
^VIX3M,2015-02-05,19.270000457763672
^VIX3M,2015-02-06,19.8799991607666
^VIX3M,2015-02-09,20.670000076293945
^VIX3M,2015-02-10,19.729999542236328
^VIX3M,2015-02-11,19.709999084472656
^VIX3M,2015-02-12,18.34000015258789
^VIX3M,2015-02-13,18.1299991607666
^VIX3M,2015-02-17,18.3799991607666
^VIX3M,2015-02-18,18.65999984741211
^VIX3M,2015-02-19,18.010000228881836
^VIX3M,2015-02-20,17.290000915527344
^VIX3M,2015-02-23,17.540000915527344
^VIX3M,2015-02-24,16.709999084472656
^VIX3M,2015-02-25,16.8700008392334
^VIX3M,2015-02-26,16.850000381469727
^VIX3M,2015-02-27,16.889999389648438
^VIX3M,2015-03-02,16.459999084472656
^VIX3M,2015-03-03,16.780000686645508
^VIX3M,2015-03-04,16.90999984741211
^VIX3M,2015-03-05,16.639999389648438
^VIX3M,2015-03-06,17.510000228881836
^VIX3M,2015-03-09,17.309999465942383
^VIX3M,2015-03-10,18.260000228881836
^VIX3M,2015-03-11,18.530000686645508
^VIX3M,2015-03-12,17.389999389648438
^VIX3M,2015-03-13,17.889999389648438
^VIX3M,2015-03-16,17.399999618530273
^VIX3M,2015-03-17,17.479999542236328
^VIX3M,2015-03-18,16.43000030517578
^VIX3M,2015-03-19,16.969999313354492
^VIX3M,2015-03-20,16.709999084472656
^VIX3M,2015-03-23,16.530000686645508
^VIX3M,2015-03-24,16.59000015258789
^VIX3M,2015-03-25,17.56999969482422
^VIX3M,2015-03-26,17.56999969482422
^VIX3M,2015-03-27,17.389999389648438
^VIX3M,2015-03-30,16.920000076293945
^VIX3M,2015-03-31,17.540000915527344
^VIX3M,2015-04-01,17.34000015258789
^VIX3M,2015-04-02,17.219999313354492
^VIX3M,2015-04-06,16.81999969482422
^VIX3M,2015-04-07,16.799999237060547
^VIX3M,2015-04-08,16.399999618530273
^VIX3M,2015-04-09,16.020000457763672
^VIX3M,2015-04-10,15.460000038146973
^VIX3M,2015-04-13,16.31999969482422
^VIX3M,2015-04-14,15.850000381469727
^VIX3M,2015-04-15,15.6899995803833
^VIX3M,2015-04-16,15.329999923706055
^VIX3M,2015-04-17,16.139999389648438
^VIX3M,2015-04-20,15.579999923706055
^VIX3M,2015-04-21,15.520000457763672
^VIX3M,2015-04-22,15.460000038146973
^VIX3M,2015-04-23,15.170000076293945
^VIX3M,2015-04-24,15.260000228881836
^VIX3M,2015-04-27,15.930000305175781
^VIX3M,2015-04-28,15.3100004196167
^VIX3M,2015-04-29,15.970000267028809
^VIX3M,2015-04-30,16.479999542236328
^VIX3M,2015-05-01,15.380000114440918
^VIX3M,2015-05-04,15.430000305175781
^VIX3M,2015-05-05,16.31999969482422
^VIX3M,2015-05-06,16.719999313354492
^VIX3M,2015-05-07,16.739999771118164
^VIX3M,2015-05-08,15.5600004196167
^VIX3M,2015-05-11,16.100000381469727
^VIX3M,2015-05-12,16.399999618530273
^VIX3M,2015-05-13,16.290000915527344
^VIX3M,2015-05-14,15.90999984741211
^VIX3M,2015-05-15,15.569999694824219
^VIX3M,2015-05-18,15.229999542236328
^VIX3M,2015-05-19,15.279999732971191
^VIX3M,2015-05-20,15.149999618530273
^VIX3M,2015-05-21,14.609999656677246
^VIX3M,2015-05-22,14.479999542236328
^VIX3M,2015-05-26,15.479999542236328
^VIX3M,2015-05-27,14.989999771118164
^VIX3M,2015-05-28,15.010000228881836
^VIX3M,2015-05-29,15.380000114440918
^VIX3M,2015-06-01,15.40999984741211
^VIX3M,2015-06-02,15.710000038146973
^VIX3M,2015-06-03,15.359999656677246
^VIX3M,2015-06-04,16.280000686645508
^VIX3M,2015-06-05,15.960000038146973
^VIX3M,2015-06-08,16.600000381469727
^VIX3M,2015-06-09,16.25
^VIX3M,2015-06-10,15.329999923706055
^VIX3M,2015-06-11,15.100000381469727
^VIX3M,2015-06-12,15.609999656677246
^VIX3M,2015-06-15,16.6200008392334
^VIX3M,2015-06-16,16.200000762939453
^VIX3M,2015-06-17,16.219999313354492
^VIX3M,2015-06-18,15.4399995803833
^VIX3M,2015-06-19,15.90999984741211
^VIX3M,2015-06-22,14.989999771118164
^VIX3M,2015-06-23,14.539999961853027
^VIX3M,2015-06-24,15.180000305175781
^VIX3M,2015-06-25,15.520000457763672
^VIX3M,2015-06-26,15.460000038146973
^VIX3M,2015-06-29,18.719999313354492
^VIX3M,2015-06-30,18.469999313354492
^VIX3M,2015-07-01,16.790000915527344
^VIX3M,2015-07-02,17.68000030517578
^VIX3M,2015-07-06,18.040000915527344
^VIX3M,2015-07-07,17.020000457763672
^VIX3M,2015-07-08,19.25
^VIX3M,2015-07-09,19.780000686645508
^VIX3M,2015-07-10,17.729999542236328
^VIX3M,2015-07-13,15.9399995803833
^VIX3M,2015-07-14,15.460000038146973
^VIX3M,2015-07-15,15.600000381469727
^VIX3M,2015-07-16,14.729999542236328
^VIX3M,2015-07-17,14.609999656677246
^VIX3M,2015-07-20,14.850000381469727
^VIX3M,2015-07-21,14.75
^VIX3M,2015-07-22,14.8100004196167
^VIX3M,2015-07-23,14.920000076293945
^VIX3M,2015-07-24,15.649999618530273
^VIX3M,2015-07-27,16.780000686645508
^VIX3M,2015-07-28,15.430000305175781
^VIX3M,2015-07-29,14.920000076293945
^VIX3M,2015-07-30,14.710000038146973
^VIX3M,2015-07-31,14.899999618530273
^VIX3M,2015-08-03,14.84000015258789
^VIX3M,2015-08-04,15.130000114440918
^VIX3M,2015-08-05,14.880000114440918
^VIX3M,2015-08-06,15.550000190734863
^VIX3M,2015-08-07,15.420000076293945
^VIX3M,2015-08-10,14.989999771118164
^VIX3M,2015-08-11,15.9399995803833
^VIX3M,2015-08-12,15.869999885559082
^VIX3M,2015-08-13,15.75
^VIX3M,2015-08-14,15.510000228881836
^VIX3M,2015-08-17,15.210000038146973
^VIX3M,2015-08-18,15.609999656677246
^VIX3M,2015-08-19,16.5
^VIX3M,2015-08-20,18.829999923706055
^VIX3M,2015-08-21,23.469999313354492
^VIX3M,2015-08-24,31.139999389648438
^VIX3M,2015-08-25,29.579999923706055
^VIX3M,2015-08-26,25.649999618530273
^VIX3M,2015-08-27,24.860000610351562
^VIX3M,2015-08-28,25.34000015258789
^VIX3M,2015-08-31,26.530000686645508
^VIX3M,2015-09-01,29.530000686645508
^VIX3M,2015-09-02,26.190000534057617
^VIX3M,2015-09-03,26.200000762939453
^VIX3M,2015-09-04,28.06999969482422
^VIX3M,2015-09-08,25.690000534057617
^VIX3M,2015-09-09,26.309999465942383
^VIX3M,2015-09-10,25.649999618530273
^VIX3M,2015-09-11,24.68000030517578
^VIX3M,2015-09-14,23.700000762939453
^VIX3M,2015-09-15,23.1200008392334
^VIX3M,2015-09-16,22.329999923706055
^VIX3M,2015-09-17,21.139999389648438
^VIX3M,2015-09-18,23.200000762939453
^VIX3M,2015-09-21,21.59000015258789
^VIX3M,2015-09-22,23.280000686645508
^VIX3M,2015-09-23,22.8799991607666
^VIX3M,2015-09-24,23.459999084472656
^VIX3M,2015-09-25,24.399999618530273
^VIX3M,2015-09-28,26.3799991607666
^VIX3M,2015-09-29,26.0
^VIX3M,2015-09-30,24.75
^VIX3M,2015-10-01,23.829999923706055
^VIX3M,2015-10-02,22.600000381469727
^VIX3M,2015-10-05,21.329999923706055
^VIX3M,2015-10-06,21.59000015258789
^VIX3M,2015-10-07,20.709999084472656
^VIX3M,2015-10-08,20.09000015258789
^VIX3M,2015-10-09,19.850000381469727
^VIX3M,2015-10-12,19.260000228881836
^VIX3M,2015-10-13,20.5
^VIX3M,2015-10-14,20.809999465942383
^VIX3M,2015-10-15,19.43000030517578
^VIX3M,2015-10-16,18.670000076293945
^VIX3M,2015-10-19,17.860000610351562
^VIX3M,2015-10-20,18.600000381469727
^VIX3M,2015-10-21,19.459999084472656
^VIX3M,2015-10-22,17.15999984741211
^VIX3M,2015-10-23,17.479999542236328
^VIX3M,2015-10-26,17.989999771118164
^VIX3M,2015-10-27,18.139999389648438
^VIX3M,2015-10-28,17.489999771118164
^VIX3M,2015-10-29,17.809999465942383
^VIX3M,2015-10-30,18.399999618530273
^VIX3M,2015-11-02,17.420000076293945
^VIX3M,2015-11-03,17.469999313354492
^VIX3M,2015-11-04,18.309999465942383
^VIX3M,2015-11-05,17.809999465942383
^VIX3M,2015-11-06,17.450000762939453
^VIX3M,2015-11-09,18.850000381469727
^VIX3M,2015-11-10,18.020000457763672
^VIX3M,2015-11-11,18.450000762939453
^VIX3M,2015-11-12,20.170000076293945
^VIX3M,2015-11-13,21.579999923706055
^VIX3M,2015-11-16,19.979999542236328
^VIX3M,2015-11-17,20.43000030517578
^VIX3M,2015-11-18,19.219999313354492
^VIX3M,2015-11-19,19.639999389648438
^VIX3M,2015-11-20,18.940000534057617
^VIX3M,2015-11-23,18.6299991607666
^VIX3M,2015-11-24,18.709999084472656
^VIX3M,2015-11-25,18.190000534057617
^VIX3M,2015-11-27,17.350000381469727
^VIX3M,2015-11-30,18.489999771118164
^VIX3M,2015-12-01,17.579999923706055
^VIX3M,2015-12-02,18.329999923706055
^VIX3M,2015-12-03,20.110000610351562
^VIX3M,2015-12-04,18.170000076293945
^VIX3M,2015-12-07,18.649999618530273
^VIX3M,2015-12-08,20.059999465942383
^VIX3M,2015-12-09,21.049999237060547
^VIX3M,2015-12-10,20.760000228881836
^VIX3M,2015-12-11,24.3799991607666
^VIX3M,2015-12-14,23.299999237060547
^VIX3M,2015-12-15,21.860000610351562
^VIX3M,2015-12-16,19.56999969482422
^VIX3M,2015-12-17,20.3700008392334
^VIX3M,2015-12-18,21.260000228881836
^VIX3M,2015-12-21,21.110000610351562
^VIX3M,2015-12-22,19.84000015258789
^VIX3M,2015-12-23,19.329999923706055
^VIX3M,2015-12-24,19.690000534057617
^VIX3M,2015-12-28,19.68000030517578
^VIX3M,2015-12-29,19.100000381469727
^VIX3M,2015-12-30,19.59000015258789
^VIX3M,2015-12-31,19.799999237060547
^VIX3M,2016-01-04,22.010000228881836
^VIX3M,2016-01-05,20.520000457763672
^VIX3M,2016-01-06,21.270000457763672
^VIX3M,2016-01-07,24.6200008392334
^VIX3M,2016-01-08,26.229999542236328
^VIX3M,2016-01-11,24.729999542236328
^VIX3M,2016-01-12,22.530000686645508
^VIX3M,2016-01-13,24.889999389648438
^VIX3M,2016-01-14,23.530000686645508
^VIX3M,2016-01-15,26.8799991607666
^VIX3M,2016-01-19,26.440000534057617
^VIX3M,2016-01-20,27.809999465942383
^VIX3M,2016-01-21,26.709999084472656
^VIX3M,2016-01-22,24.280000686645508
^VIX3M,2016-01-25,25.25
^VIX3M,2016-01-26,23.290000915527344
^VIX3M,2016-01-27,24.469999313354492
^VIX3M,2016-01-28,24.020000457763672
^VIX3M,2016-01-29,22.65999984741211
^VIX3M,2016-02-01,22.010000228881836
^VIX3M,2016-02-02,23.40999984741211
^VIX3M,2016-02-03,23.200000762939453
^VIX3M,2016-02-04,23.65999984741211
^VIX3M,2016-02-05,24.479999542236328
^VIX3M,2016-02-08,25.979999542236328
^VIX3M,2016-02-09,26.799999237060547
^VIX3M,2016-02-10,26.719999313354492
^VIX3M,2016-02-11,27.719999313354492
^VIX3M,2016-02-12,26.229999542236328
^VIX3M,2016-02-16,25.010000228881836
^VIX3M,2016-02-17,23.549999237060547
^VIX3M,2016-02-18,23.200000762939453
^VIX3M,2016-02-19,22.799999237060547
^VIX3M,2016-02-22,21.6200008392334
^VIX3M,2016-02-23,22.440000534057617
^VIX3M,2016-02-24,22.34000015258789
^VIX3M,2016-02-25,21.239999771118164
^VIX3M,2016-02-26,21.860000610351562
^VIX3M,2016-02-29,22.389999389648438
^VIX3M,2016-03-01,20.280000686645508
^VIX3M,2016-03-02,19.920000076293945
^VIX3M,2016-03-03,19.489999771118164
^VIX3M,2016-03-04,19.6299991607666
^VIX3M,2016-03-07,19.899999618530273
^VIX3M,2016-03-08,21.040000915527344
^VIX3M,2016-03-09,20.75
^VIX3M,2016-03-10,20.709999084472656
^VIX3M,2016-03-11,19.469999313354492
^VIX3M,2016-03-14,19.420000076293945
^VIX3M,2016-03-15,19.329999923706055
^VIX3M,2016-03-16,18.479999542236328
^VIX3M,2016-03-17,18.139999389648438
^VIX3M,2016-03-18,17.93000030517578
^VIX3M,2016-03-21,17.59000015258789
^VIX3M,2016-03-22,17.75
^VIX3M,2016-03-23,18.299999237060547
^VIX3M,2016-03-24,18.270000457763672
^VIX3M,2016-03-28,18.299999237060547
^VIX3M,2016-03-29,17.239999771118164
^VIX3M,2016-03-30,16.920000076293945
^VIX3M,2016-03-31,17.079999923706055
^VIX3M,2016-04-01,16.5
^VIX3M,2016-04-04,17.229999542236328
^VIX3M,2016-04-05,18.3799991607666
^VIX3M,2016-04-06,17.280000686645508
^VIX3M,2016-04-07,18.860000610351562
^VIX3M,2016-04-08,18.31999969482422
^VIX3M,2016-04-11,18.889999389648438
^VIX3M,2016-04-12,17.969999313354492
^VIX3M,2016-04-13,17.260000228881836
^VIX3M,2016-04-14,17.239999771118164
^VIX3M,2016-04-15,17.15999984741211
^VIX3M,2016-04-18,16.510000228881836
^VIX3M,2016-04-19,16.469999313354492
^VIX3M,2016-04-20,16.600000381469727
^VIX3M,2016-04-21,17.139999389648438
^VIX3M,2016-04-22,16.639999389648438
^VIX3M,2016-04-25,17.219999313354492
^VIX3M,2016-04-26,16.920000076293945
^VIX3M,2016-04-27,16.770000457763672
^VIX3M,2016-04-28,17.780000686645508
^VIX3M,2016-04-29,18.450000762939453
^VIX3M,2016-05-02,17.780000686645508
^VIX3M,2016-05-03,18.56999969482422
^VIX3M,2016-05-04,18.90999984741211
^VIX3M,2016-05-05,18.920000076293945
^VIX3M,2016-05-06,18.270000457763672
^VIX3M,2016-05-09,18.049999237060547
^VIX3M,2016-05-10,17.18000030517578
^VIX3M,2016-05-11,18.020000457763672
^VIX3M,2016-05-12,17.75
^VIX3M,2016-05-13,18.25
^VIX3M,2016-05-16,17.700000762939453
^VIX3M,2016-05-17,18.43000030517578
^VIX3M,2016-05-18,18.540000915527344
^VIX3M,2016-05-19,18.770000457763672
^VIX3M,2016-05-20,18.049999237060547
^VIX3M,2016-05-23,18.149999618530273
^VIX3M,2016-05-24,17.079999923706055
^VIX3M,2016-05-25,16.770000457763672
^VIX3M,2016-05-26,16.559999465942383
^VIX3M,2016-05-27,16.309999465942383
^VIX3M,2016-05-31,16.6299991607666
^VIX3M,2016-06-01,16.700000762939453
^VIX3M,2016-06-02,16.3700008392334
^VIX3M,2016-06-03,16.489999771118164
^VIX3M,2016-06-06,16.440000534057617
^VIX3M,2016-06-07,16.6299991607666
^VIX3M,2016-06-08,16.790000915527344
^VIX3M,2016-06-09,17.31999969482422
^VIX3M,2016-06-10,18.940000534057617
^VIX3M,2016-06-13,21.8700008392334
^VIX3M,2016-06-14,21.940000534057617
^VIX3M,2016-06-15,21.809999465942383
^VIX3M,2016-06-16,21.15999984741211
^VIX3M,2016-06-17,21.309999465942383
^VIX3M,2016-06-20,19.809999465942383
^VIX3M,2016-06-21,19.690000534057617
^VIX3M,2016-06-22,21.079999923706055
^VIX3M,2016-06-23,18.420000076293945
^VIX3M,2016-06-24,23.93000030517578
^VIX3M,2016-06-27,23.68000030517578
^VIX3M,2016-06-28,20.260000228881836
^VIX3M,2016-06-29,18.729999542236328
^VIX3M,2016-06-30,18.09000015258789
^VIX3M,2016-07-01,17.649999618530273
^VIX3M,2016-07-05,18.239999771118164
^VIX3M,2016-07-06,17.739999771118164
^VIX3M,2016-07-07,17.760000228881836
^VIX3M,2016-07-08,16.489999771118164
^VIX3M,2016-07-11,16.489999771118164
^VIX3M,2016-07-12,16.170000076293945
^VIX3M,2016-07-13,15.970000267028809
^VIX3M,2016-07-14,15.859999656677246
^VIX3M,2016-07-15,15.989999771118164
^VIX3M,2016-07-18,15.770000457763672
^VIX3M,2016-07-19,15.739999771118164
^VIX3M,2016-07-20,15.4399995803833
^VIX3M,2016-07-21,16.100000381469727
^VIX3M,2016-07-22,15.800000190734863
^VIX3M,2016-07-25,16.270000457763672
^VIX3M,2016-07-26,16.31999969482422
^VIX3M,2016-07-27,16.100000381469727
^VIX3M,2016-07-28,16.0
^VIX3M,2016-07-29,15.420000076293945
^VIX3M,2016-08-01,15.699999809265137
^VIX3M,2016-08-02,16.389999389648438
^VIX3M,2016-08-03,16.079999923706055
^VIX3M,2016-08-04,15.710000038146973
^VIX3M,2016-08-05,15.140000343322754
^VIX3M,2016-08-08,15.15999984741211
^VIX3M,2016-08-09,15.109999656677246
^VIX3M,2016-08-10,15.40999984741211
^VIX3M,2016-08-11,15.300000190734863
^VIX3M,2016-08-12,15.260000228881836
^VIX3M,2016-08-15,15.380000114440918
^VIX3M,2016-08-16,16.020000457763672
^VIX3M,2016-08-17,15.520000457763672
^VIX3M,2016-08-18,15.15999984741211
^VIX3M,2016-08-19,15.130000114440918
^VIX3M,2016-08-22,15.5
^VIX3M,2016-08-23,15.420000076293945
^VIX3M,2016-08-24,16.0
^VIX3M,2016-08-25,16.1299991607666
^VIX3M,2016-08-26,16.239999771118164
^VIX3M,2016-08-29,15.930000305175781
^VIX3M,2016-08-30,16.030000686645508
^VIX3M,2016-08-31,16.139999389648438
^VIX3M,2016-09-01,16.309999465942383
^VIX3M,2016-09-02,15.649999618530273
^VIX3M,2016-09-06,15.5600004196167
^VIX3M,2016-09-07,15.489999771118164
^VIX3M,2016-09-08,15.8100004196167
^VIX3M,2016-09-09,18.829999923706055
^VIX3M,2016-09-12,17.270000457763672
^VIX3M,2016-09-13,19.049999237060547
^VIX3M,2016-09-14,19.350000381469727
^VIX3M,2016-09-15,18.190000534057617
^VIX3M,2016-09-16,17.8799991607666
^VIX3M,2016-09-19,17.780000686645508
^VIX3M,2016-09-20,17.989999771118164
^VIX3M,2016-09-21,16.65999984741211
^VIX3M,2016-09-22,15.9399995803833
^VIX3M,2016-09-23,16.049999237060547
^VIX3M,2016-09-26,17.280000686645508
^VIX3M,2016-09-27,16.450000762939453
^VIX3M,2016-09-28,16.010000228881836
^VIX3M,2016-09-29,16.8700008392334
^VIX3M,2016-09-30,16.3700008392334
^VIX3M,2016-10-03,16.399999618530273
^VIX3M,2016-10-04,16.469999313354492
^VIX3M,2016-10-05,16.219999313354492
^VIX3M,2016-10-06,16.06999969482422
^VIX3M,2016-10-07,16.440000534057617
^VIX3M,2016-10-10,15.949999809265137
^VIX3M,2016-10-11,16.940000534057617
^VIX3M,2016-10-12,17.020000457763672
^VIX3M,2016-10-13,17.59000015258789
^VIX3M,2016-10-14,17.420000076293945
^VIX3M,2016-10-17,17.469999313354492
^VIX3M,2016-10-18,16.920000076293945
^VIX3M,2016-10-19,16.459999084472656
^VIX3M,2016-10-20,16.229999542236328
^VIX3M,2016-10-21,16.040000915527344
^VIX3M,2016-10-24,15.609999656677246
^VIX3M,2016-10-25,15.8100004196167
^VIX3M,2016-10-26,16.25
^VIX3M,2016-10-27,16.93000030517578
^VIX3M,2016-10-28,17.3700008392334
^VIX3M,2016-10-31,17.850000381469727
^VIX3M,2016-11-01,18.739999771118164
^VIX3M,2016-11-02,19.18000030517578
^VIX3M,2016-11-03,20.700000762939453
^VIX3M,2016-11-04,21.1299991607666
^VIX3M,2016-11-07,18.149999618530273
^VIX3M,2016-11-08,18.100000381469727
^VIX3M,2016-11-09,16.280000686645508
^VIX3M,2016-11-10,16.75
^VIX3M,2016-11-11,16.489999771118164
^VIX3M,2016-11-14,16.700000762939453
^VIX3M,2016-11-15,15.75
^VIX3M,2016-11-16,16.06999969482422
^VIX3M,2016-11-17,15.640000343322754
^VIX3M,2016-11-18,15.520000457763672
^VIX3M,2016-11-21,15.319999694824219
^VIX3M,2016-11-22,15.350000381469727
^VIX3M,2016-11-23,15.430000305175781
^VIX3M,2016-11-25,15.510000228881836
^VIX3M,2016-11-28,16.020000457763672
^VIX3M,2016-11-29,15.899999618530273
^VIX3M,2016-11-30,16.100000381469727
^VIX3M,2016-12-01,16.670000076293945
^VIX3M,2016-12-02,16.780000686645508
^VIX3M,2016-12-05,15.770000457763672
^VIX3M,2016-12-06,15.479999542236328
^VIX3M,2016-12-07,15.479999542236328
^VIX3M,2016-12-08,15.720000267028809
^VIX3M,2016-12-09,15.220000267028809
^VIX3M,2016-12-12,15.729999542236328
^VIX3M,2016-12-13,15.699999809265137
^VIX3M,2016-12-14,15.869999885559082
^VIX3M,2016-12-15,15.75
^VIX3M,2016-12-16,15.569999694824219
^VIX3M,2016-12-19,15.3100004196167
^VIX3M,2016-12-20,15.140000343322754
^VIX3M,2016-12-21,15.09000015258789
^VIX3M,2016-12-22,15.289999961853027
^VIX3M,2016-12-23,15.25
^VIX3M,2016-12-27,15.359999656677246
^VIX3M,2016-12-28,15.930000305175781
^VIX3M,2016-12-29,16.15999984741211
^VIX3M,2016-12-30,16.540000915527344
^VIX3M,2017-01-03,15.5600004196167
^VIX3M,2017-01-04,14.84000015258789
^VIX3M,2017-01-05,14.699999809265137
^VIX3M,2017-01-06,14.5600004196167
^VIX3M,2017-01-09,14.630000114440918
^VIX3M,2017-01-10,14.65999984741211
^VIX3M,2017-01-11,14.470000267028809
^VIX3M,2017-01-12,14.579999923706055
^VIX3M,2017-01-13,14.539999961853027
^VIX3M,2017-01-17,14.890000343322754
^VIX3M,2017-01-18,14.9399995803833
^VIX3M,2017-01-19,15.020000457763672
^VIX3M,2017-01-20,14.489999771118164
^VIX3M,2017-01-23,14.539999961853027
^VIX3M,2017-01-24,13.869999885559082
^VIX3M,2017-01-25,13.609999656677246
^VIX3M,2017-01-26,13.630000114440918
^VIX3M,2017-01-27,13.680000305175781
^VIX3M,2017-01-30,14.40999984741211
^VIX3M,2017-01-31,14.479999542236328
^VIX3M,2017-02-01,14.289999961853027
^VIX3M,2017-02-02,14.59000015258789
^VIX3M,2017-02-03,14.050000190734863
^VIX3M,2017-02-06,14.239999771118164
^VIX3M,2017-02-07,14.350000381469727
^VIX3M,2017-02-08,14.5600004196167
^VIX3M,2017-02-09,14.170000076293945
^VIX3M,2017-02-10,13.90999984741211
^VIX3M,2017-02-13,13.680000305175781
^VIX3M,2017-02-14,13.1899995803833
^VIX3M,2017-02-15,13.40999984741211
^VIX3M,2017-02-16,13.630000114440918
^VIX3M,2017-02-17,13.720000267028809
^VIX3M,2017-02-21,14.039999961853027
^VIX3M,2017-02-22,14.390000343322754
^VIX3M,2017-02-23,14.739999771118164
^VIX3M,2017-02-24,14.760000228881836
^VIX3M,2017-02-27,14.90999984741211
^VIX3M,2017-02-28,15.279999732971191
^VIX3M,2017-03-01,14.859999656677246
^VIX3M,2017-03-02,14.770000457763672
^VIX3M,2017-03-03,14.260000228881836
^VIX3M,2017-03-06,14.34000015258789
^VIX3M,2017-03-07,14.40999984741211
^VIX3M,2017-03-08,14.539999961853027
^VIX3M,2017-03-09,14.779999732971191
^VIX3M,2017-03-10,14.380000114440918
^VIX3M,2017-03-13,14.359999656677246
^VIX3M,2017-03-14,14.630000114440918
^VIX3M,2017-03-15,14.199999809265137
^VIX3M,2017-03-16,13.779999732971191
^VIX3M,2017-03-17,13.920000076293945
^VIX3M,2017-03-20,13.899999618530273
^VIX3M,2017-03-21,14.619999885559082
^VIX3M,2017-03-22,14.680000305175781
^VIX3M,2017-03-23,14.90999984741211
^VIX3M,2017-03-24,14.550000190734863
^VIX3M,2017-03-27,14.229999542236328
^VIX3M,2017-03-28,13.680000305175781
^VIX3M,2017-03-29,13.430000305175781
^VIX3M,2017-03-30,13.369999885559082
^VIX3M,2017-03-31,13.600000381469727
^VIX3M,2017-04-03,13.670000076293945
^VIX3M,2017-04-04,13.369999885559082
^VIX3M,2017-04-05,14.119999885559082
^VIX3M,2017-04-06,13.65999984741211
^VIX3M,2017-04-07,14.0600004196167
^VIX3M,2017-04-10,14.579999923706055
^VIX3M,2017-04-11,15.15999984741211
^VIX3M,2017-04-12,15.279999732971191
^VIX3M,2017-04-13,15.75
^VIX3M,2017-04-17,14.859999656677246
^VIX3M,2017-04-18,14.760000228881836
^VIX3M,2017-04-19,15.079999923706055
^VIX3M,2017-04-20,14.529999732971191
^VIX3M,2017-04-21,14.75
^VIX3M,2017-04-24,12.899999618530273
^VIX3M,2017-04-25,12.850000381469727
^VIX3M,2017-04-26,12.979999542236328
^VIX3M,2017-04-27,12.800000190734863
^VIX3M,2017-04-28,12.930000305175781
^VIX3M,2017-05-01,12.630000114440918
^VIX3M,2017-05-02,12.829999923706055
^VIX3M,2017-05-03,13.09000015258789
^VIX3M,2017-05-04,12.829999923706055
^VIX3M,2017-05-05,12.850000381469727
^VIX3M,2017-05-08,12.59000015258789
^VIX3M,2017-05-09,12.710000038146973
^VIX3M,2017-05-10,12.90999984741211
^VIX3M,2017-05-11,13.010000228881836
^VIX3M,2017-05-12,12.970000267028809
^VIX3M,2017-05-15,12.779999732971191
^VIX3M,2017-05-16,12.649999618530273
^VIX3M,2017-05-17,15.600000381469727
^VIX3M,2017-05-18,14.970000267028809
^VIX3M,2017-05-19,13.489999771118164
^VIX3M,2017-05-22,12.960000038146973
^VIX3M,2017-05-23,12.899999618530273
^VIX3M,2017-05-24,12.59000015258789
^VIX3M,2017-05-25,12.510000228881836
^VIX3M,2017-05-26,12.4399995803833
^VIX3M,2017-05-30,12.739999771118164
^VIX3M,2017-05-31,12.630000114440918
^VIX3M,2017-06-01,12.420000076293945
^VIX3M,2017-06-02,12.460000038146973
^VIX3M,2017-06-05,12.850000381469727
^VIX3M,2017-06-06,13.079999923706055
^VIX3M,2017-06-07,13.09000015258789
^VIX3M,2017-06-08,12.760000228881836
^VIX3M,2017-06-09,12.960000038146973
^VIX3M,2017-06-12,13.300000190734863
^VIX3M,2017-06-13,12.729999542236328
^VIX3M,2017-06-14,12.770000457763672
^VIX3M,2017-06-15,12.90999984741211
^VIX3M,2017-06-16,12.710000038146973
^VIX3M,2017-06-19,12.399999618530273
^VIX3M,2017-06-20,12.6899995803833
^VIX3M,2017-06-21,12.760000228881836
^VIX3M,2017-06-22,12.619999885559082
^VIX3M,2017-06-23,12.359999656677246
^VIX3M,2017-06-26,12.270000457763672
^VIX3M,2017-06-27,12.960000038146973
^VIX3M,2017-06-28,12.399999618530273
^VIX3M,2017-06-29,13.149999618530273
^VIX3M,2017-06-30,13.140000343322754
^VIX3M,2017-07-03,13.3100004196167
^VIX3M,2017-07-05,13.3100004196167
^VIX3M,2017-07-06,14.109999656677246
^VIX3M,2017-07-07,13.520000457763672
^VIX3M,2017-07-10,13.350000381469727
^VIX3M,2017-07-11,13.15999984741211
^VIX3M,2017-07-12,12.779999732971191
^VIX3M,2017-07-13,12.550000190734863
^VIX3M,2017-07-14,12.229999542236328
^VIX3M,2017-07-17,12.279999732971191
^VIX3M,2017-07-18,12.25
^VIX3M,2017-07-19,12.0
^VIX3M,2017-07-20,12.039999961853027
^VIX3M,2017-07-21,12.0600004196167
^VIX3M,2017-07-24,12.039999961853027
^VIX3M,2017-07-25,12.050000190734863
^VIX3M,2017-07-26,12.109999656677246
^VIX3M,2017-07-27,12.420000076293945
^VIX3M,2017-07-28,12.579999923706055
^VIX3M,2017-07-31,12.470000267028809
^VIX3M,2017-08-01,12.399999618530273
^VIX3M,2017-08-02,12.5600004196167
^VIX3M,2017-08-03,12.739999771118164
^VIX3M,2017-08-04,12.75
^VIX3M,2017-08-07,12.65999984741211
^VIX3M,2017-08-08,13.199999809265137
^VIX3M,2017-08-09,13.489999771118164
^VIX3M,2017-08-10,16.209999084472656
^VIX3M,2017-08-11,16.389999389648438
^VIX3M,2017-08-14,13.920000076293945
^VIX3M,2017-08-15,13.899999618530273
^VIX3M,2017-08-16,13.579999923706055
^VIX3M,2017-08-17,16.139999389648438
^VIX3M,2017-08-18,15.649999618530273
^VIX3M,2017-08-21,14.989999771118164
^VIX3M,2017-08-22,13.630000114440918
^VIX3M,2017-08-23,14.329999923706055
^VIX3M,2017-08-24,14.390000343322754
^VIX3M,2017-08-25,13.989999771118164
^VIX3M,2017-08-28,13.989999771118164
^VIX3M,2017-08-29,14.119999885559082
^VIX3M,2017-08-30,14.140000343322754
^VIX3M,2017-08-31,13.800000190734863
^VIX3M,2017-09-01,13.59000015258789
^VIX3M,2017-09-05,14.579999923706055
^VIX3M,2017-09-06,14.399999618530273
^VIX3M,2017-09-07,14.319999694824219
^VIX3M,2017-09-08,14.6899995803833
^VIX3M,2017-09-11,13.859999656677246
^VIX3M,2017-09-12,13.5600004196167
^VIX3M,2017-09-13,13.229999542236328
^VIX3M,2017-09-14,13.15999984741211
^VIX3M,2017-09-15,12.960000038146973
^VIX3M,2017-09-18,12.6899995803833
^VIX3M,2017-09-19,12.729999542236328
^VIX3M,2017-09-20,12.65999984741211
^VIX3M,2017-09-21,12.65999984741211
^VIX3M,2017-09-22,12.850000381469727
^VIX3M,2017-09-25,13.0600004196167
^VIX3M,2017-09-26,13.020000457763672
^VIX3M,2017-09-27,12.90999984741211
^VIX3M,2017-09-28,12.760000228881836
^VIX3M,2017-09-29,12.489999771118164
^VIX3M,2017-10-02,12.359999656677246
^VIX3M,2017-10-03,12.3100004196167
^VIX3M,2017-10-04,12.380000114440918
^VIX3M,2017-10-05,12.180000305175781
^VIX3M,2017-10-06,12.4399995803833
^VIX3M,2017-10-09,12.729999542236328
^VIX3M,2017-10-10,12.470000267028809
^VIX3M,2017-10-11,12.239999771118164
^VIX3M,2017-10-12,12.260000228881836
^VIX3M,2017-10-13,11.979999542236328
^VIX3M,2017-10-16,11.9399995803833
^VIX3M,2017-10-17,12.050000190734863
^VIX3M,2017-10-18,11.920000076293945
^VIX3M,2017-10-19,11.960000038146973
^VIX3M,2017-10-20,11.850000381469727
^VIX3M,2017-10-23,12.550000190734863
^VIX3M,2017-10-24,12.670000076293945
^VIX3M,2017-10-25,12.949999809265137
^VIX3M,2017-10-26,12.930000305175781
^VIX3M,2017-10-27,12.229999542236328
^VIX3M,2017-10-30,12.569999694824219
^VIX3M,2017-10-31,12.380000114440918
^VIX3M,2017-11-01,12.569999694824219
^VIX3M,2017-11-02,12.680000305175781
^VIX3M,2017-11-03,12.420000076293945
^VIX3M,2017-11-06,12.569999694824219
^VIX3M,2017-11-07,12.760000228881836
^VIX3M,2017-11-08,12.880000114440918
^VIX3M,2017-11-09,13.140000343322754
^VIX3M,2017-11-10,13.609999656677246
^VIX3M,2017-11-13,13.75
^VIX3M,2017-11-14,13.930000305175781
^VIX3M,2017-11-15,14.65999984741211
^VIX3M,2017-11-16,13.960000038146973
^VIX3M,2017-11-17,13.800000190734863
^VIX3M,2017-11-20,13.279999732971191
^VIX3M,2017-11-21,12.550000190734863
^VIX3M,2017-11-22,12.4399995803833
^VIX3M,2017-11-24,12.420000076293945
^VIX3M,2017-11-27,12.569999694824219
^VIX3M,2017-11-28,12.270000457763672
^VIX3M,2017-11-29,12.819999694824219
^VIX3M,2017-11-30,13.039999961853027
^VIX3M,2017-12-01,13.279999732971191
^VIX3M,2017-12-04,13.550000190734863
^VIX3M,2017-12-05,13.539999961853027
^VIX3M,2017-12-06,13.449999809265137
^VIX3M,2017-12-07,12.930000305175781
^VIX3M,2017-12-08,12.460000038146973
^VIX3M,2017-12-11,12.279999732971191
^VIX3M,2017-12-12,12.479999542236328
^VIX3M,2017-12-13,12.5
^VIX3M,2017-12-14,12.800000190734863
^VIX3M,2017-12-15,12.079999923706055
^VIX3M,2017-12-18,12.069999694824219
^VIX3M,2017-12-19,12.510000228881836
^VIX3M,2017-12-20,12.369999885559082
^VIX3M,2017-12-21,12.350000381469727
^VIX3M,2017-12-22,12.489999771118164
^VIX3M,2017-12-26,12.619999885559082
^VIX3M,2017-12-27,12.649999618530273
^VIX3M,2017-12-28,12.760000228881836
^VIX3M,2017-12-29,13.09000015258789
^VIX3M,2018-01-02,12.609999656677246
^VIX3M,2018-01-03,12.319999694824219
^VIX3M,2018-01-04,12.239999771118164
^VIX3M,2018-01-05,12.0600004196167
^VIX3M,2018-01-08,12.149999618530273
^VIX3M,2018-01-09,12.40999984741211
^VIX3M,2018-01-10,12.359999656677246
^VIX3M,2018-01-11,12.15999984741211
^VIX3M,2018-01-12,12.199999809265137
^VIX3M,2018-01-16,13.229999542236328
^VIX3M,2018-01-17,13.25
^VIX3M,2018-01-18,13.579999923706055
^VIX3M,2018-01-19,13.039999961853027
^VIX3M,2018-01-22,12.989999771118164
^VIX3M,2018-01-23,13.220000267028809
^VIX3M,2018-01-24,13.529999732971191
^VIX3M,2018-01-25,13.680000305175781
^VIX3M,2018-01-26,13.460000038146973
^VIX3M,2018-01-29,14.989999771118164
^VIX3M,2018-01-30,15.829999923706055
^VIX3M,2018-01-31,14.899999618530273
^VIX3M,2018-02-01,14.720000267028809
^VIX3M,2018-02-02,17.030000686645508
^VIX3M,2018-02-05,28.1299991607666
^VIX3M,2018-02-06,23.75
^VIX3M,2018-02-07,23.030000686645508
^VIX3M,2018-02-08,27.329999923706055
^VIX3M,2018-02-09,24.920000076293945
^VIX3M,2018-02-12,22.860000610351562
^VIX3M,2018-02-13,22.649999618530273
^VIX3M,2018-02-14,19.34000015258789
^VIX3M,2018-02-15,19.079999923706055
^VIX3M,2018-02-16,19.170000076293945
^VIX3M,2018-02-20,20.010000228881836
^VIX3M,2018-02-21,20.030000686645508
^VIX3M,2018-02-22,19.059999465942383
^VIX3M,2018-02-23,17.5
^VIX3M,2018-02-26,16.920000076293945
^VIX3M,2018-02-27,19.020000457763672
^VIX3M,2018-02-28,19.889999389648438
^VIX3M,2018-03-01,21.420000076293945
^VIX3M,2018-03-02,19.860000610351562
^VIX3M,2018-03-05,19.209999084472656
^VIX3M,2018-03-06,19.239999771118164
^VIX3M,2018-03-07,18.84000015258789
^VIX3M,2018-03-08,18.18000030517578
^VIX3M,2018-03-09,17.010000228881836
^VIX3M,2018-03-12,17.799999237060547
^VIX3M,2018-03-13,18.049999237060547
^VIX3M,2018-03-14,18.780000686645508
^VIX3M,2018-03-15,18.209999084472656
^VIX3M,2018-03-16,17.739999771118164
^VIX3M,2018-03-19,19.3799991607666
^VIX3M,2018-03-20,18.8799991607666
^VIX3M,2018-03-21,18.709999084472656
^VIX3M,2018-03-22,21.65999984741211
^VIX3M,2018-03-23,22.790000915527344
^VIX3M,2018-03-26,20.700000762939453
^VIX3M,2018-03-27,21.940000534057617
^VIX3M,2018-03-28,22.309999465942383
^VIX3M,2018-03-29,20.549999237060547
^VIX3M,2018-04-02,22.56999969482422
^VIX3M,2018-04-03,21.020000457763672
^VIX3M,2018-04-04,20.420000076293945
^VIX3M,2018-04-05,19.610000610351562
^VIX3M,2018-04-06,21.200000762939453
^VIX3M,2018-04-09,21.229999542236328
^VIX3M,2018-04-10,20.399999618530273
^VIX3M,2018-04-11,20.3700008392334
^VIX3M,2018-04-12,19.280000686645508
^VIX3M,2018-04-13,18.549999237060547
^VIX3M,2018-04-16,17.81999969482422
^VIX3M,2018-04-17,16.799999237060547
^VIX3M,2018-04-18,16.799999237060547
^VIX3M,2018-04-19,17.1200008392334
^VIX3M,2018-04-20,17.719999313354492
^VIX3M,2018-04-23,17.350000381469727
^VIX3M,2018-04-24,18.229999542236328
^VIX3M,2018-04-25,18.229999542236328
^VIX3M,2018-04-26,17.290000915527344
^VIX3M,2018-04-27,17.079999923706055
^VIX3M,2018-04-30,17.34000015258789
^VIX3M,2018-05-01,16.90999984741211
^VIX3M,2018-05-02,17.260000228881836
^VIX3M,2018-05-03,17.030000686645508
^VIX3M,2018-05-04,16.649999618530273
^VIX3M,2018-05-07,16.649999618530273
^VIX3M,2018-05-08,16.479999542236328
^VIX3M,2018-05-09,15.779999732971191
^VIX3M,2018-05-10,15.239999771118164
^VIX3M,2018-05-11,14.819999694824219
^VIX3M,2018-05-14,14.529999732971191
^VIX3M,2018-05-15,15.789999961853027
^VIX3M,2018-05-16,15.140000343322754
^VIX3M,2018-05-17,15.020000457763672
^VIX3M,2018-05-18,15.1899995803833
^VIX3M,2018-05-21,14.6899995803833
^VIX3M,2018-05-22,14.880000114440918
^VIX3M,2018-05-23,14.479999542236328
^VIX3M,2018-05-24,14.430000305175781
^VIX3M,2018-05-25,14.829999923706055
^VIX3M,2018-05-29,17.1299991607666
^VIX3M,2018-05-30,16.0
^VIX3M,2018-05-31,16.329999923706055
^VIX3M,2018-06-01,15.270000457763672
^VIX3M,2018-06-04,14.899999618530273
^VIX3M,2018-06-05,14.720000267028809
^VIX3M,2018-06-06,14.1899995803833
^VIX3M,2018-06-07,14.430000305175781
^VIX3M,2018-06-08,14.600000381469727
^VIX3M,2018-06-11,14.550000190734863
^VIX3M,2018-06-12,14.59000015258789
^VIX3M,2018-06-13,14.920000076293945
^VIX3M,2018-06-14,14.399999618530273
^VIX3M,2018-06-15,14.420000076293945
^VIX3M,2018-06-18,14.479999542236328
^VIX3M,2018-06-19,15.170000076293945
^VIX3M,2018-06-20,14.789999961853027
^VIX3M,2018-06-21,15.869999885559082
^VIX3M,2018-06-22,15.5
^VIX3M,2018-06-25,17.520000457763672
^VIX3M,2018-06-26,16.8700008392334
^VIX3M,2018-06-27,18.049999237060547
^VIX3M,2018-06-28,17.520000457763672
^VIX3M,2018-06-29,17.139999389648438
^VIX3M,2018-07-02,16.950000762939453
^VIX3M,2018-07-03,17.350000381469727
^VIX3M,2018-07-05,16.530000686645508
^VIX3M,2018-07-06,15.710000038146973
^VIX3M,2018-07-09,14.869999885559082
^VIX3M,2018-07-10,14.710000038146973
^VIX3M,2018-07-11,15.380000114440918
^VIX3M,2018-07-12,14.760000228881836
^VIX3M,2018-07-13,14.539999961853027
^VIX3M,2018-07-16,14.850000381469727
^VIX3M,2018-07-17,14.399999618530273
^VIX3M,2018-07-18,14.390000343322754
^VIX3M,2018-07-19,14.970000267028809
^VIX3M,2018-07-20,15.079999923706055
^VIX3M,2018-07-23,14.859999656677246
^VIX3M,2018-07-24,14.699999809265137
^VIX3M,2018-07-25,14.550000190734863
^VIX3M,2018-07-26,14.399999618530273
^VIX3M,2018-07-27,15.0
^VIX3M,2018-07-30,15.65999984741211
^VIX3M,2018-07-31,14.869999885559082
^VIX3M,2018-08-01,15.220000267028809
^VIX3M,2018-08-02,14.760000228881836
^VIX3M,2018-08-03,14.489999771118164
^VIX3M,2018-08-06,14.229999542236328
^VIX3M,2018-08-07,13.930000305175781
^VIX3M,2018-08-08,13.960000038146973
^VIX3M,2018-08-09,14.130000114440918
^VIX3M,2018-08-10,15.220000267028809
^VIX3M,2018-08-13,16.209999084472656
^VIX3M,2018-08-14,15.350000381469727
^VIX3M,2018-08-15,16.190000534057617
^VIX3M,2018-08-16,15.510000228881836
^VIX3M,2018-08-17,15.170000076293945
^VIX3M,2018-08-20,15.0
^VIX3M,2018-08-21,15.1899995803833
^VIX3M,2018-08-22,15.079999923706055
^VIX3M,2018-08-23,15.0600004196167
^VIX3M,2018-08-24,14.819999694824219
^VIX3M,2018-08-27,14.789999961853027
^VIX3M,2018-08-28,15.109999656677246
^VIX3M,2018-08-29,14.949999809265137
^VIX3M,2018-08-30,15.539999961853027
^VIX3M,2018-08-31,15.149999618530273
^VIX3M,2018-09-04,15.449999809265137
^VIX3M,2018-09-05,15.920000076293945
^VIX3M,2018-09-06,16.34000015258789
^VIX3M,2018-09-07,16.59000015258789
^VIX3M,2018-09-10,16.170000076293945
^VIX3M,2018-09-11,15.539999961853027
^VIX3M,2018-09-12,15.319999694824219
^VIX3M,2018-09-13,14.770000457763672
^VIX3M,2018-09-14,14.369999885559082
^VIX3M,2018-09-17,15.279999732971191
^VIX3M,2018-09-18,15.039999961853027
^VIX3M,2018-09-19,14.649999618530273
^VIX3M,2018-09-20,14.510000228881836
^VIX3M,2018-09-21,14.579999923706055
^VIX3M,2018-09-24,14.770000457763672
^VIX3M,2018-09-25,14.920000076293945
^VIX3M,2018-09-26,15.149999618530273
^VIX3M,2018-09-27,14.890000343322754
^VIX3M,2018-09-28,14.770000457763672
^VIX3M,2018-10-01,14.739999771118164
^VIX3M,2018-10-02,14.84000015258789
^VIX3M,2018-10-03,14.680000305175781
^VIX3M,2018-10-04,15.84000015258789
^VIX3M,2018-10-05,16.25
^VIX3M,2018-10-08,16.510000228881836
^VIX3M,2018-10-09,16.6299991607666
^VIX3M,2018-10-10,20.700000762939453
^VIX3M,2018-10-11,21.559999465942383
^VIX3M,2018-10-12,19.84000015258789
^VIX3M,2018-10-15,20.290000915527344
^VIX3M,2018-10-16,17.959999084472656
^VIX3M,2018-10-17,18.100000381469727
^VIX3M,2018-10-18,19.860000610351562
^VIX3M,2018-10-19,19.84000015258789
^VIX3M,2018-10-22,19.81999969482422
^VIX3M,2018-10-23,20.280000686645508
^VIX3M,2018-10-24,22.6200008392334
^VIX3M,2018-10-25,22.440000534057617
^VIX3M,2018-10-26,22.479999542236328
^VIX3M,2018-10-29,23.059999465942383
^VIX3M,2018-10-30,22.229999542236328
^VIX3M,2018-10-31,21.149999618530273
^VIX3M,2018-11-01,20.06999969482422
^VIX3M,2018-11-02,20.299999237060547
^VIX3M,2018-11-05,20.200000762939453
^VIX3M,2018-11-06,19.579999923706055
^VIX3M,2018-11-07,17.6200008392334
^VIX3M,2018-11-08,17.68000030517578
^VIX3M,2018-11-09,18.459999084472656
^VIX3M,2018-11-12,20.229999542236328
^VIX3M,2018-11-13,20.270000457763672
^VIX3M,2018-11-14,21.219999313354492
^VIX3M,2018-11-15,20.309999465942383
^VIX3M,2018-11-16,19.350000381469727
^VIX3M,2018-11-19,20.639999389648438
^VIX3M,2018-11-20,22.270000457763672
^VIX3M,2018-11-21,21.31999969482422
^VIX3M,2018-11-23,21.75
^VIX3M,2018-11-26,20.110000610351562
^VIX3M,2018-11-27,19.940000534057617
^VIX3M,2018-11-28,19.280000686645508
^VIX3M,2018-11-29,19.59000015258789
^VIX3M,2018-11-30,18.889999389648438
^VIX3M,2018-12-03,17.950000762939453
^VIX3M,2018-12-04,20.75
^VIX3M,2018-12-06,21.059999465942383
^VIX3M,2018-12-07,22.440000534057617
^VIX3M,2018-12-10,22.010000228881836
^VIX3M,2018-12-11,21.719999313354492
^VIX3M,2018-12-12,21.59000015258789
^VIX3M,2018-12-13,21.350000381469727
^VIX3M,2018-12-14,21.959999084472656
^VIX3M,2018-12-17,23.40999984741211
^VIX3M,2018-12-18,23.899999618530273
^VIX3M,2018-12-19,24.020000457763672
^VIX3M,2018-12-20,25.239999771118164
^VIX3M,2018-12-21,26.229999542236328
^VIX3M,2018-12-24,28.84000015258789
^VIX3M,2018-12-26,25.690000534057617
^VIX3M,2018-12-27,25.889999389648438
^VIX3M,2018-12-28,25.31999969482422
^VIX3M,2018-12-31,23.729999542236328
^VIX3M,2019-01-02,22.75
^VIX3M,2019-01-03,24.110000610351562
^VIX3M,2019-01-04,21.860000610351562
^VIX3M,2019-01-07,21.6200008392334
^VIX3M,2019-01-08,21.139999389648438
^VIX3M,2019-01-09,20.690000534057617
^VIX3M,2019-01-10,20.520000457763672
^VIX3M,2019-01-11,19.739999771118164
^VIX3M,2019-01-14,19.93000030517578
^VIX3M,2019-01-15,19.239999771118164
^VIX3M,2019-01-16,19.530000686645508
^VIX3M,2019-01-17,19.170000076293945
^VIX3M,2019-01-18,18.84000015258789
^VIX3M,2019-01-22,20.690000534057617
^VIX3M,2019-01-23,20.079999923706055
^VIX3M,2019-01-24,19.670000076293945
^VIX3M,2019-01-25,18.81999969482422
^VIX3M,2019-01-28,19.579999923706055
^VIX3M,2019-01-29,19.600000381469727
^VIX3M,2019-01-30,18.68000030517578
^VIX3M,2019-01-31,17.8799991607666
^VIX3M,2019-02-01,17.59000015258789
^VIX3M,2019-02-04,17.190000534057617
^VIX3M,2019-02-05,17.06999969482422
^VIX3M,2019-02-06,16.899999618530273
^VIX3M,2019-02-07,17.520000457763672
^VIX3M,2019-02-08,17.260000228881836
^VIX3M,2019-02-11,17.219999313354492
^VIX3M,2019-02-12,16.81999969482422
^VIX3M,2019-02-13,16.959999084472656
^VIX3M,2019-02-14,17.31999969482422
^VIX3M,2019-02-15,16.479999542236328
^VIX3M,2019-02-19,16.450000762939453
^VIX3M,2019-02-20,15.819999694824219
^VIX3M,2019-02-21,16.15999984741211
^VIX3M,2019-02-22,15.460000038146973
^VIX3M,2019-02-25,16.0
^VIX3M,2019-02-26,16.299999237060547
^VIX3M,2019-02-27,15.989999771118164
^VIX3M,2019-02-28,16.100000381469727
^VIX3M,2019-03-01,15.380000114440918
^VIX3M,2019-03-04,16.030000686645508
^VIX3M,2019-03-05,16.149999618530273
^VIX3M,2019-03-06,16.739999771118164
^VIX3M,2019-03-07,17.299999237060547
^VIX3M,2019-03-08,17.110000610351562
^VIX3M,2019-03-11,16.010000228881836
^VIX3M,2019-03-12,15.649999618530273
^VIX3M,2019-03-13,15.329999923706055
^VIX3M,2019-03-14,15.300000190734863
^VIX3M,2019-03-15,14.979999542236328
^VIX3M,2019-03-18,15.239999771118164
^VIX3M,2019-03-19,15.5600004196167
^VIX3M,2019-03-20,15.789999961853027
^VIX3M,2019-03-21,15.510000228881836
^VIX3M,2019-03-22,17.3700008392334
^VIX3M,2019-03-25,17.450000762939453
^VIX3M,2019-03-26,16.450000762939453
^VIX3M,2019-03-27,16.780000686645508
^VIX3M,2019-03-28,16.299999237060547
^VIX3M,2019-03-29,15.800000190734863
^VIX3M,2019-04-01,15.460000038146973
^VIX3M,2019-04-02,15.539999961853027
^VIX3M,2019-04-03,15.630000114440918
^VIX3M,2019-04-04,15.479999542236328
^VIX3M,2019-04-05,15.0600004196167
^VIX3M,2019-04-08,15.279999732971191
^VIX3M,2019-04-09,15.989999771118164
^VIX3M,2019-04-10,15.380000114440918
^VIX3M,2019-04-11,15.25
^VIX3M,2019-04-12,14.460000038146973
^VIX3M,2019-04-15,14.529999732971191
^VIX3M,2019-04-16,14.470000267028809
^VIX3M,2019-04-17,14.819999694824219
^VIX3M,2019-04-18,14.569999694824219
^VIX3M,2019-04-22,14.720000267028809
^VIX3M,2019-04-23,14.539999961853027
^VIX3M,2019-04-24,15.039999961853027
^VIX3M,2019-04-25,15.210000038146973
^VIX3M,2019-04-26,14.890000343322754
^VIX3M,2019-04-29,15.229999542236328
^VIX3M,2019-04-30,15.229999542236328
^VIX3M,2019-05-01,16.190000534057617
^VIX3M,2019-05-02,16.030000686645508
^VIX3M,2019-05-03,15.069999694824219
^VIX3M,2019-05-06,16.399999618530273
^VIX3M,2019-05-07,18.780000686645508
^VIX3M,2019-05-08,18.75
^VIX3M,2019-05-09,18.440000534057617
^VIX3M,2019-05-10,16.899999618530273
^VIX3M,2019-05-13,19.790000915527344
^VIX3M,2019-05-14,18.290000915527344
^VIX3M,2019-05-15,17.489999771118164
^VIX3M,2019-05-16,16.739999771118164
^VIX3M,2019-05-17,17.059999465942383
^VIX3M,2019-05-20,17.290000915527344
^VIX3M,2019-05-21,16.420000076293945
^VIX3M,2019-05-22,16.420000076293945
^VIX3M,2019-05-23,17.690000534057617
^VIX3M,2019-05-24,17.09000015258789
^VIX3M,2019-05-28,17.899999618530273
^VIX3M,2019-05-29,18.239999771118164
^VIX3M,2019-05-30,17.959999084472656
^VIX3M,2019-05-31,18.829999923706055
^VIX3M,2019-06-03,18.770000457763672
^VIX3M,2019-06-04,17.59000015258789
^VIX3M,2019-06-05,17.1299991607666
^VIX3M,2019-06-06,16.920000076293945
^VIX3M,2019-06-07,17.149999618530273
^VIX3M,2019-06-10,16.8799991607666
^VIX3M,2019-06-11,16.989999771118164
^VIX3M,2019-06-12,17.049999237060547
^VIX3M,2019-06-13,16.860000610351562
^VIX3M,2019-06-14,16.600000381469727
^VIX3M,2019-06-17,16.610000610351562
^VIX3M,2019-06-18,16.5
^VIX3M,2019-06-19,16.100000381469727
^VIX3M,2019-06-20,16.139999389648438
^VIX3M,2019-06-21,16.670000076293945
^VIX3M,2019-06-24,16.469999313354492
^VIX3M,2019-06-25,17.1200008392334
^VIX3M,2019-06-26,17.049999237060547
^VIX3M,2019-06-27,16.760000228881836
^VIX3M,2019-06-28,16.059999465942383
^VIX3M,2019-07-01,15.430000305175781
^VIX3M,2019-07-02,14.720000267028809
^VIX3M,2019-07-03,14.529999732971191
^VIX3M,2019-07-05,14.979999542236328
^VIX3M,2019-07-08,15.479999542236328
^VIX3M,2019-07-09,15.569999694824219
^VIX3M,2019-07-10,15.1899995803833
^VIX3M,2019-07-11,14.979999542236328
^VIX3M,2019-07-12,14.800000190734863
^VIX3M,2019-07-15,15.039999961853027
^VIX3M,2019-07-16,15.220000267028809
^VIX3M,2019-07-17,15.819999694824219
^VIX3M,2019-07-18,15.539999961853027
^VIX3M,2019-07-19,15.930000305175781
^VIX3M,2019-07-22,15.470000267028809
^VIX3M,2019-07-23,14.930000305175781
^VIX3M,2019-07-24,14.5600004196167
^VIX3M,2019-07-25,15.050000190734863
^VIX3M,2019-07-26,14.6899995803833
^VIX3M,2019-07-29,15.0
^VIX3M,2019-07-30,15.699999809265137
^VIX3M,2019-07-31,16.90999984741211
^VIX3M,2019-08-01,17.989999771118164
^VIX3M,2019-08-02,17.889999389648438
^VIX3M,2019-08-05,21.899999618530273
^VIX3M,2019-08-06,19.690000534057617
^VIX3M,2019-08-07,19.5
^VIX3M,2019-08-08,17.860000610351562
^VIX3M,2019-08-09,18.559999465942383
^VIX3M,2019-08-12,20.5
^VIX3M,2019-08-13,18.530000686645508
^VIX3M,2019-08-14,21.299999237060547
^VIX3M,2019-08-15,21.06999969482422
^VIX3M,2019-08-16,19.700000762939453
^VIX3M,2019-08-19,18.360000610351562
^VIX3M,2019-08-20,18.8700008392334
^VIX3M,2019-08-21,17.719999313354492
^VIX3M,2019-08-22,18.229999542236328
^VIX3M,2019-08-23,20.360000610351562
^VIX3M,2019-08-26,19.81999969482422
^VIX3M,2019-08-27,20.639999389648438
^VIX3M,2019-08-28,20.049999237060547
^VIX3M,2019-08-29,19.030000686645508
^VIX3M,2019-08-30,19.540000915527344
^VIX3M,2019-09-03,20.1200008392334
^VIX3M,2019-09-04,18.809999465942383
^VIX3M,2019-09-05,18.079999923706055
^VIX3M,2019-09-06,17.459999084472656
^VIX3M,2019-09-09,17.549999237060547
^VIX3M,2019-09-10,17.40999984741211
^VIX3M,2019-09-11,17.100000381469727
^VIX3M,2019-09-12,16.809999465942383
^VIX3M,2019-09-13,16.670000076293945
^VIX3M,2019-09-16,17.200000762939453
^VIX3M,2019-09-17,17.229999542236328
^VIX3M,2019-09-18,16.860000610351562
^VIX3M,2019-09-19,16.790000915527344
^VIX3M,2019-09-20,17.709999084472656
^VIX3M,2019-09-23,17.8700008392334
^VIX3M,2019-09-24,18.549999237060547
^VIX3M,2019-09-25,18.0
^VIX3M,2019-09-26,18.1200008392334
^VIX3M,2019-09-27,18.75
^VIX3M,2019-09-30,17.959999084472656
^VIX3M,2019-10-01,19.350000381469727
^VIX3M,2019-10-02,20.739999771118164
^VIX3M,2019-10-03,19.780000686645508
^VIX3M,2019-10-04,18.59000015258789
^VIX3M,2019-10-07,18.90999984741211
^VIX3M,2019-10-08,20.389999389648438
^VIX3M,2019-10-09,19.510000228881836
^VIX3M,2019-10-10,18.790000915527344
^VIX3M,2019-10-11,17.549999237060547
^VIX3M,2019-10-14,17.1200008392334
^VIX3M,2019-10-15,16.479999542236328
^VIX3M,2019-10-16,16.479999542236328
^VIX3M,2019-10-17,16.440000534057617
^VIX3M,2019-10-18,16.649999618530273
^VIX3M,2019-10-21,16.280000686645508
^VIX3M,2019-10-22,16.549999237060547
^VIX3M,2019-10-23,16.290000915527344
^VIX3M,2019-10-24,16.25
^VIX3M,2019-10-25,15.710000038146973
^VIX3M,2019-10-28,15.989999771118164
^VIX3M,2019-10-29,16.09000015258789
^VIX3M,2019-10-30,15.6899995803833
^VIX3M,2019-10-31,16.049999237060547
^VIX3M,2019-11-01,15.420000076293945
^VIX3M,2019-11-04,15.619999885559082
^VIX3M,2019-11-05,15.90999984741211
^VIX3M,2019-11-06,15.829999923706055
^VIX3M,2019-11-07,15.800000190734863
^VIX3M,2019-11-08,15.529999732971191
^VIX3M,2019-11-11,15.600000381469727
^VIX3M,2019-11-12,15.489999771118164
^VIX3M,2019-11-13,15.619999885559082
^VIX3M,2019-11-14,15.600000381469727
^VIX3M,2019-11-15,14.989999771118164
^VIX3M,2019-11-18,15.170000076293945
^VIX3M,2019-11-19,15.5
^VIX3M,2019-11-20,15.640000343322754
^VIX3M,2019-11-21,15.819999694824219
^VIX3M,2019-11-22,15.399999618530273
^VIX3M,2019-11-25,14.989999771118164
^VIX3M,2019-11-26,14.850000381469727
^VIX3M,2019-11-27,14.960000038146973
^VIX3M,2019-11-29,15.510000228881836
^VIX3M,2019-12-02,16.84000015258789
^VIX3M,2019-12-03,17.6299991607666
^VIX3M,2019-12-04,16.979999542236328
^VIX3M,2019-12-05,16.780000686645508
^VIX3M,2019-12-06,16.209999084472656
^VIX3M,2019-12-09,17.299999237060547
^VIX3M,2019-12-10,17.1299991607666
^VIX3M,2019-12-11,16.90999984741211
^VIX3M,2019-12-12,16.09000015258789
^VIX3M,2019-12-13,15.279999732971191
^VIX3M,2019-12-16,14.979999542236328
^VIX3M,2019-12-17,15.149999618530273
^VIX3M,2019-12-18,15.199999809265137
^VIX3M,2019-12-19,15.140000343322754
^VIX3M,2019-12-20,15.319999694824219
^VIX3M,2019-12-23,15.5
^VIX3M,2019-12-24,15.520000457763672
^VIX3M,2019-12-26,15.520000457763672
^VIX3M,2019-12-27,15.949999809265137
^VIX3M,2019-12-30,16.68000030517578
^VIX3M,2019-12-31,15.869999885559082
^VIX3M,2020-01-02,15.1899995803833
^VIX3M,2020-01-03,16.010000228881836
^VIX3M,2020-01-06,15.920000076293945
^VIX3M,2020-01-07,15.859999656677246
^VIX3M,2020-01-08,15.399999618530273
^VIX3M,2020-01-09,14.949999809265137
^VIX3M,2020-01-10,14.949999809265137
^VIX3M,2020-01-13,14.640000343322754
^VIX3M,2020-01-14,14.640000343322754
^VIX3M,2020-01-15,14.630000114440918
^VIX3M,2020-01-16,14.449999809265137
^VIX3M,2020-01-17,14.40999984741211
^VIX3M,2020-01-21,14.869999885559082
^VIX3M,2020-01-22,14.979999542236328
^VIX3M,2020-01-23,14.989999771118164
^VIX3M,2020-01-24,16.06999969482422
^VIX3M,2020-01-27,18.15999984741211
^VIX3M,2020-01-28,17.030000686645508
^VIX3M,2020-01-29,17.030000686645508
^VIX3M,2020-01-30,16.59000015258789
^VIX3M,2020-01-31,18.6299991607666
^VIX3M,2020-02-03,18.040000915527344
^VIX3M,2020-02-04,16.700000762939453
^VIX3M,2020-02-05,16.110000610351562
^VIX3M,2020-02-06,15.890000343322754
^VIX3M,2020-02-07,16.290000915527344
^VIX3M,2020-02-10,16.1299991607666
^VIX3M,2020-02-11,16.139999389648438
^VIX3M,2020-02-12,15.359999656677246
^VIX3M,2020-02-13,15.680000305175781
^VIX3M,2020-02-14,15.5
^VIX3M,2020-02-18,16.100000381469727
^VIX3M,2020-02-19,15.819999694824219
^VIX3M,2020-02-20,16.600000381469727
^VIX3M,2020-02-21,17.610000610351562
^VIX3M,2020-02-24,21.920000076293945
^VIX3M,2020-02-25,23.860000610351562
^VIX3M,2020-02-26,23.700000762939453
^VIX3M,2020-02-27,29.920000076293945
^VIX3M,2020-02-28,29.850000381469727
^VIX3M,2020-03-02,27.700000762939453
^VIX3M,2020-03-03,30.170000076293945
^VIX3M,2020-03-04,27.510000228881836
^VIX3M,2020-03-05,32.56999969482422
^VIX3M,2020-03-06,35.459999084472656
^VIX3M,2020-03-09,43.04999923706055
^VIX3M,2020-03-10,39.439998626708984
^VIX3M,2020-03-11,44.369998931884766
^VIX3M,2020-03-12,57.2400016784668
^VIX3M,2020-03-13,48.310001373291016
^VIX3M,2020-03-16,67.69999694824219
^VIX3M,2020-03-17,65.2699966430664
^VIX3M,2020-03-18,72.9800033569336
^VIX3M,2020-03-19,69.47000122070312
^VIX3M,2020-03-20,65.58999633789062
^VIX3M,2020-03-23,56.63999938964844
^VIX3M,2020-03-24,52.11000061035156
^VIX3M,2020-03-25,53.849998474121094
^VIX3M,2020-03-26,49.790000915527344
^VIX3M,2020-03-27,55.75
^VIX3M,2020-03-30,51.2599983215332
^VIX3M,2020-03-31,48.31999969482422
^VIX3M,2020-04-01,51.16999816894531
^VIX3M,2020-04-02,47.29999923706055
^VIX3M,2020-04-03,44.84000015258789
^VIX3M,2020-04-06,43.09000015258789
^VIX3M,2020-04-07,43.41999816894531
^VIX3M,2020-04-08,41.59000015258789
^VIX3M,2020-04-09,40.61000061035156
^VIX3M,2020-04-13,39.970001220703125
^VIX3M,2020-04-14,36.459999084472656
^VIX3M,2020-04-15,39.279998779296875
^VIX3M,2020-04-16,39.209999084472656
^VIX3M,2020-04-17,37.279998779296875
^VIX3M,2020-04-20,40.970001220703125
^VIX3M,2020-04-21,43.279998779296875
^VIX3M,2020-04-22,40.91999816894531
^VIX3M,2020-04-23,40.86000061035156
^VIX3M,2020-04-24,37.810001373291016
^VIX3M,2020-04-27,35.33000183105469
^VIX3M,2020-04-28,35.369998931884766
^VIX3M,2020-04-29,33.33000183105469
^VIX3M,2020-04-30,35.04999923706055
^VIX3M,2020-05-01,37.970001220703125
^VIX3M,2020-05-04,37.0
^VIX3M,2020-05-05,35.52000045776367
^VIX3M,2020-05-06,35.68000030517578
^VIX3M,2020-05-07,34.0099983215332
^VIX3M,2020-05-08,31.639999389648438
^VIX3M,2020-05-11,30.389999389648438
^VIX3M,2020-05-12,34.2599983215332
^VIX3M,2020-05-13,36.5099983215332
^VIX3M,2020-05-14,34.900001525878906
^VIX3M,2020-05-15,34.5099983215332
^VIX3M,2020-05-18,31.770000457763672
^VIX3M,2020-05-19,32.810001373291016
^VIX3M,2020-05-20,31.110000610351562
^VIX3M,2020-05-21,32.380001068115234
^VIX3M,2020-05-22,31.540000915527344
^VIX3M,2020-05-26,30.850000381469727
^VIX3M,2020-05-27,30.190000534057617
^VIX3M,2020-05-28,31.209999084472656
^VIX3M,2020-05-29,30.270000457763672
^VIX3M,2020-06-01,30.920000076293945
^VIX3M,2020-06-02,29.93000030517578
^VIX3M,2020-06-03,28.90999984741211
^VIX3M,2020-06-04,28.850000381469727
^VIX3M,2020-06-05,27.420000076293945
^VIX3M,2020-06-08,28.079999923706055
^VIX3M,2020-06-09,29.670000076293945
^VIX3M,2020-06-10,29.56999969482422
^VIX3M,2020-06-11,40.43000030517578
^VIX3M,2020-06-12,38.04999923706055
^VIX3M,2020-06-15,36.43000030517578
^VIX3M,2020-06-16,35.79999923706055
^VIX3M,2020-06-17,35.720001220703125
^VIX3M,2020-06-18,35.13999938964844
^VIX3M,2020-06-19,36.68000030517578
^VIX3M,2020-06-22,33.75
^VIX3M,2020-06-23,33.060001373291016
^VIX3M,2020-06-24,35.38999938964844
^VIX3M,2020-06-25,34.09000015258789
^VIX3M,2020-06-26,35.79999923706055
^VIX3M,2020-06-29,33.90999984741211
^VIX3M,2020-06-30,32.52000045776367
^VIX3M,2020-07-01,31.68000030517578
^VIX3M,2020-07-02,30.8700008392334
^VIX3M,2020-07-06,30.979999542236328
^VIX3M,2020-07-07,32.06999969482422
^VIX3M,2020-07-08,31.190000534057617
^VIX3M,2020-07-09,32.060001373291016
^VIX3M,2020-07-10,31.020000457763672
^VIX3M,2020-07-13,34.540000915527344
^VIX3M,2020-07-14,32.560001373291016
^VIX3M,2020-07-15,31.559999465942383
^VIX3M,2020-07-16,31.549999237060547
^VIX3M,2020-07-17,30.3700008392334
^VIX3M,2020-07-20,29.100000381469727
^VIX3M,2020-07-21,29.469999313354492
^VIX3M,2020-07-22,29.049999237060547
^VIX3M,2020-07-23,30.25
^VIX3M,2020-07-24,30.559999465942383
^VIX3M,2020-07-27,30.0
^VIX3M,2020-07-28,30.100000381469727
^VIX3M,2020-07-29,29.290000915527344
^VIX3M,2020-07-30,29.760000228881836
^VIX3M,2020-07-31,29.709999084472656
^VIX3M,2020-08-03,29.65999984741211
^VIX3M,2020-08-04,29.09000015258789
^VIX3M,2020-08-05,28.600000381469727
^VIX3M,2020-08-06,28.200000762939453
^VIX3M,2020-08-07,28.280000686645508
^VIX3M,2020-08-10,28.049999237060547
^VIX3M,2020-08-11,29.170000076293945
^VIX3M,2020-08-12,28.1200008392334
^VIX3M,2020-08-13,28.170000076293945
^VIX3M,2020-08-14,28.3700008392334
^VIX3M,2020-08-17,27.450000762939453
^VIX3M,2020-08-18,27.350000381469727
^VIX3M,2020-08-19,28.110000610351562
^VIX3M,2020-08-20,28.1299991607666
^VIX3M,2020-08-21,28.170000076293945
^VIX3M,2020-08-24,28.100000381469727
^VIX3M,2020-08-25,27.90999984741211
^VIX3M,2020-08-26,28.700000762939453
^VIX3M,2020-08-27,29.93000030517578
^VIX3M,2020-08-28,29.6200008392334
^VIX3M,2020-08-31,31.850000381469727
^VIX3M,2020-09-01,32.099998474121094
^VIX3M,2020-09-02,32.66999816894531
^VIX3M,2020-09-03,37.630001068115234
^VIX3M,2020-09-04,34.75
^VIX3M,2020-09-08,34.310001373291016
^VIX3M,2020-09-09,32.119998931884766
^VIX3M,2020-09-10,32.91999816894531
^VIX3M,2020-09-11,31.1299991607666
^VIX3M,2020-09-14,30.479999542236328
^VIX3M,2020-09-15,30.270000457763672
^VIX3M,2020-09-16,30.56999969482422
^VIX3M,2020-09-17,30.75
^VIX3M,2020-09-18,30.459999084472656
^VIX3M,2020-09-21,31.639999389648438
^VIX3M,2020-09-22,31.670000076293945
^VIX3M,2020-09-23,33.279998779296875
^VIX3M,2020-09-24,33.060001373291016
^VIX3M,2020-09-25,32.029998779296875
^VIX3M,2020-09-28,31.739999771118164
^VIX3M,2020-09-29,31.09000015258789
^VIX3M,2020-09-30,31.639999389648438
^VIX3M,2020-10-01,31.719999313354492
^VIX3M,2020-10-02,32.38999938964844
^VIX3M,2020-10-05,31.280000686645508
^VIX3M,2020-10-06,31.8799991607666
^VIX3M,2020-10-07,30.700000762939453
^VIX3M,2020-10-08,29.489999771118164
^VIX3M,2020-10-09,28.280000686645508
^VIX3M,2020-10-12,27.979999542236328
^VIX3M,2020-10-13,28.350000381469727
^VIX3M,2020-10-14,28.239999771118164
^VIX3M,2020-10-15,28.719999313354492
^VIX3M,2020-10-16,29.209999084472656
^VIX3M,2020-10-19,30.399999618530273
^VIX3M,2020-10-20,30.110000610351562
^VIX3M,2020-10-21,29.610000610351562
^VIX3M,2020-10-22,29.299999237060547
^VIX3M,2020-10-23,28.989999771118164
^VIX3M,2020-10-26,32.06999969482422
^VIX3M,2020-10-27,32.720001220703125
^VIX3M,2020-10-28,37.75
^VIX3M,2020-10-29,35.84000015258789
^VIX3M,2020-10-30,36.27000045776367
^VIX3M,2020-11-02,35.060001373291016
^VIX3M,2020-11-03,33.52000045776367
^VIX3M,2020-11-04,29.979999542236328
^VIX3M,2020-11-05,29.049999237060547
^VIX3M,2020-11-06,27.3700008392334
^VIX3M,2020-11-09,26.8799991607666
^VIX3M,2020-11-10,26.489999771118164
^VIX3M,2020-11-11,25.6200008392334
^VIX3M,2020-11-12,27.219999313354492
^VIX3M,2020-11-13,25.690000534057617
^VIX3M,2020-11-16,25.350000381469727
^VIX3M,2020-11-17,25.3799991607666
^VIX3M,2020-11-18,26.389999389648438
^VIX3M,2020-11-19,25.799999237060547
^VIX3M,2020-11-20,26.059999465942383
^VIX3M,2020-11-23,25.43000030517578
^VIX3M,2020-11-24,24.84000015258789
^VIX3M,2020-11-25,24.420000076293945
^VIX3M,2020-11-27,24.43000030517578
^VIX3M,2020-11-30,24.329999923706055
^VIX3M,2020-12-01,24.489999771118164
^VIX3M,2020-12-02,24.540000915527344
^VIX3M,2020-12-03,24.559999465942383
^VIX3M,2020-12-04,24.290000915527344
^VIX3M,2020-12-07,24.520000457763672
^VIX3M,2020-12-08,23.8700008392334
^VIX3M,2020-12-09,24.729999542236328
^VIX3M,2020-12-10,25.049999237060547
^VIX3M,2020-12-11,26.049999237060547
^VIX3M,2020-12-14,27.110000610351562
^VIX3M,2020-12-15,25.8700008392334
^VIX3M,2020-12-16,25.469999313354492
^VIX3M,2020-12-17,25.149999618530273
^VIX3M,2020-12-18,25.170000076293945
^VIX3M,2020-12-21,27.579999923706055
^VIX3M,2020-12-22,27.25
^VIX3M,2020-12-23,26.260000228881836
^VIX3M,2020-12-24,25.3700008392334
^VIX3M,2020-12-28,25.149999618530273
^VIX3M,2020-12-29,26.239999771118164
^VIX3M,2020-12-30,25.440000534057617
^VIX3M,2020-12-31,25.280000686645508
^VIX3M,2021-01-04,28.260000228881836
^VIX3M,2021-01-05,27.25
^VIX3M,2021-01-06,26.790000915527344
^VIX3M,2021-01-07,25.020000457763672
^VIX3M,2021-01-08,24.899999618530273
^VIX3M,2021-01-11,26.700000762939453
^VIX3M,2021-01-12,26.200000762939453
^VIX3M,2021-01-13,25.549999237060547
^VIX3M,2021-01-14,26.31999969482422
^VIX3M,2021-01-15,27.260000228881836
^VIX3M,2021-01-19,26.690000534057617
^VIX3M,2021-01-20,25.719999313354492
^VIX3M,2021-01-21,25.700000762939453
^VIX3M,2021-01-22,25.989999771118164
^VIX3M,2021-01-25,26.8799991607666
^VIX3M,2021-01-26,26.889999389648438
^VIX3M,2021-01-27,35.72999954223633
^VIX3M,2021-01-28,31.770000457763672
^VIX3M,2021-01-29,33.880001068115234
^VIX3M,2021-02-01,32.529998779296875
^VIX3M,2021-02-02,29.360000610351562
^VIX3M,2021-02-03,27.56999969482422
^VIX3M,2021-02-04,26.790000915527344
^VIX3M,2021-02-05,26.520000457763672
^VIX3M,2021-02-08,26.649999618530273
^VIX3M,2021-02-09,27.110000610351562
^VIX3M,2021-02-10,27.489999771118164
^VIX3M,2021-02-11,27.219999313354492
^VIX3M,2021-02-12,26.5
^VIX3M,2021-02-16,27.549999237060547
^VIX3M,2021-02-17,27.520000457763672
^VIX3M,2021-02-18,27.860000610351562
^VIX3M,2021-02-19,27.09000015258789
^VIX3M,2021-02-22,27.809999465942383
^VIX3M,2021-02-23,27.1200008392334
^VIX3M,2021-02-24,25.889999389648438
^VIX3M,2021-02-25,30.239999771118164
^VIX3M,2021-02-26,29.600000381469727
^VIX3M,2021-03-01,26.780000686645508
^VIX3M,2021-03-02,27.15999984741211
^VIX3M,2021-03-03,28.790000915527344
^VIX3M,2021-03-04,30.079999923706055
^VIX3M,2021-03-05,27.889999389648438
^VIX3M,2021-03-08,28.1299991607666
^VIX3M,2021-03-09,27.280000686645508
^VIX3M,2021-03-10,26.68000030517578
^VIX3M,2021-03-11,26.09000015258789
^VIX3M,2021-03-12,25.739999771118164
^VIX3M,2021-03-15,24.889999389648438
^VIX3M,2021-03-16,24.709999084472656
^VIX3M,2021-03-17,23.8799991607666
^VIX3M,2021-03-18,25.280000686645508
^VIX3M,2021-03-19,24.989999771118164
^VIX3M,2021-03-22,22.940000534057617
^VIX3M,2021-03-23,23.799999237060547
^VIX3M,2021-03-24,24.399999618530273
^VIX3M,2021-03-25,23.3700008392334
^VIX3M,2021-03-26,22.31999969482422
^VIX3M,2021-03-29,23.200000762939453
^VIX3M,2021-03-30,22.309999465942383
^VIX3M,2021-03-31,22.149999618530273
^VIX3M,2021-04-01,20.969999313354492
^VIX3M,2021-04-05,20.959999084472656
^VIX3M,2021-04-06,21.15999984741211
^VIX3M,2021-04-07,20.65999984741211
^VIX3M,2021-04-08,20.59000015258789
^VIX3M,2021-04-09,20.739999771118164
^VIX3M,2021-04-12,20.81999969482422
^VIX3M,2021-04-13,20.780000686645508
^VIX3M,2021-04-14,21.059999465942383
^VIX3M,2021-04-15,20.760000228881836
^VIX3M,2021-04-16,20.530000686645508
^VIX3M,2021-04-19,21.3700008392334
^VIX3M,2021-04-20,22.350000381469727
^VIX3M,2021-04-21,21.489999771118164
^VIX3M,2021-04-22,22.520000457763672
^VIX3M,2021-04-23,21.56999969482422
^VIX3M,2021-04-26,21.540000915527344
^VIX3M,2021-04-27,21.31999969482422
^VIX3M,2021-04-28,21.1299991607666
^VIX3M,2021-04-29,21.309999465942383
^VIX3M,2021-04-30,22.06999969482422
^VIX3M,2021-05-03,21.739999771118164
^VIX3M,2021-05-04,22.670000076293945
^VIX3M,2021-05-05,22.260000228881836
^VIX3M,2021-05-06,21.8799991607666
^VIX3M,2021-05-07,20.790000915527344
^VIX3M,2021-05-10,22.399999618530273
^VIX3M,2021-05-11,24.229999542236328
^VIX3M,2021-05-12,28.18000030517578
^VIX3M,2021-05-13,25.260000228881836
^VIX3M,2021-05-14,22.260000228881836
^VIX3M,2021-05-17,23.139999389648438
^VIX3M,2021-05-18,24.219999313354492
^VIX3M,2021-05-19,25.270000457763672
^VIX3M,2021-05-20,23.809999465942383
^VIX3M,2021-05-21,23.489999771118164
^VIX3M,2021-05-24,22.229999542236328
^VIX3M,2021-05-25,22.399999618530273
^VIX3M,2021-05-26,21.299999237060547
^VIX3M,2021-05-27,20.309999465942383
^VIX3M,2021-05-28,20.479999542236328
^VIX3M,2021-06-01,21.34000015258789
^VIX3M,2021-06-02,21.420000076293945
^VIX3M,2021-06-03,21.81999969482422
^VIX3M,2021-06-04,20.6200008392334
^VIX3M,2021-06-07,20.549999237060547
^VIX3M,2021-06-08,20.850000381469727
^VIX3M,2021-06-09,21.280000686645508
^VIX3M,2021-06-10,20.079999923706055
^VIX3M,2021-06-11,19.639999389648438
^VIX3M,2021-06-14,20.139999389648438
^VIX3M,2021-06-15,20.68000030517578
^VIX3M,2021-06-16,21.260000228881836
^VIX3M,2021-06-17,20.979999542236328
^VIX3M,2021-06-18,22.93000030517578
^VIX3M,2021-06-21,21.1200008392334
^VIX3M,2021-06-22,20.06999969482422
^VIX3M,2021-06-23,19.700000762939453
^VIX3M,2021-06-24,19.260000228881836
^VIX3M,2021-06-25,19.0
^VIX3M,2021-06-28,19.020000457763672
^VIX3M,2021-06-29,19.489999771118164
^VIX3M,2021-06-30,19.510000228881836
^VIX3M,2021-07-01,19.450000762939453
^VIX3M,2021-07-02,19.299999237060547
^VIX3M,2021-07-06,20.260000228881836
^VIX3M,2021-07-07,20.40999984741211
^VIX3M,2021-07-08,21.979999542236328
^VIX3M,2021-07-09,20.440000534057617
^VIX3M,2021-07-12,20.459999084472656
^VIX3M,2021-07-13,21.1299991607666
^VIX3M,2021-07-14,20.6200008392334
^VIX3M,2021-07-15,21.09000015258789
^VIX3M,2021-07-16,22.06999969482422
^VIX3M,2021-07-19,24.899999618530273
^VIX3M,2021-07-20,23.200000762939453
^VIX3M,2021-07-21,21.8700008392334
^VIX3M,2021-07-22,21.860000610351562
^VIX3M,2021-07-23,21.649999618530273
^VIX3M,2021-07-26,21.739999771118164
^VIX3M,2021-07-27,23.0
^VIX3M,2021-07-28,22.350000381469727
^VIX3M,2021-07-29,21.8799991607666
^VIX3M,2021-07-30,22.18000030517578
^VIX3M,2021-08-02,23.049999237060547
^VIX3M,2021-08-03,22.18000030517578
^VIX3M,2021-08-04,22.170000076293945
^VIX3M,2021-08-05,21.520000457763672
^VIX3M,2021-08-06,20.8700008392334
^VIX3M,2021-08-09,21.270000457763672
^VIX3M,2021-08-10,21.209999084472656
^VIX3M,2021-08-11,20.81999969482422
^VIX3M,2021-08-12,20.25
^VIX3M,2021-08-13,20.260000228881836
^VIX3M,2021-08-16,20.639999389648438
^VIX3M,2021-08-17,21.700000762939453
^VIX3M,2021-08-18,23.799999237060547
^VIX3M,2021-08-19,24.200000762939453
^VIX3M,2021-08-20,22.40999984741211
^VIX3M,2021-08-23,21.200000762939453
^VIX3M,2021-08-24,21.219999313354492
^VIX3M,2021-08-25,20.790000915527344
^VIX3M,2021-08-26,21.860000610351562
^VIX3M,2021-08-27,20.610000610351562
^VIX3M,2021-08-30,20.399999618530273
^VIX3M,2021-08-31,20.420000076293945
^VIX3M,2021-09-01,20.079999923706055
^VIX3M,2021-09-02,20.1299991607666
^VIX3M,2021-09-03,20.31999969482422
^VIX3M,2021-09-07,21.530000686645508
^VIX3M,2021-09-08,21.59000015258789
^VIX3M,2021-09-09,22.059999465942383
^VIX3M,2021-09-10,23.309999465942383
^VIX3M,2021-09-13,22.469999313354492
^VIX3M,2021-09-14,22.549999237060547
^VIX3M,2021-09-15,21.760000228881836
^VIX3M,2021-09-16,21.809999465942383
^VIX3M,2021-09-17,23.219999313354492
^VIX3M,2021-09-20,26.399999618530273
^VIX3M,2021-09-21,25.469999313354492
^VIX3M,2021-09-22,23.049999237060547
^VIX3M,2021-09-23,21.3700008392334
^VIX3M,2021-09-24,20.81999969482422
^VIX3M,2021-09-27,21.399999618530273
^VIX3M,2021-09-28,24.030000686645508
^VIX3M,2021-09-29,23.719999313354492
^VIX3M,2021-09-30,23.8700008392334
^VIX3M,2021-10-01,22.950000762939453
^VIX3M,2021-10-04,24.110000610351562
^VIX3M,2021-10-05,23.110000610351562
^VIX3M,2021-10-06,22.84000015258789
^VIX3M,2021-10-07,22.1200008392334
^VIX3M,2021-10-08,21.8799991607666
^VIX3M,2021-10-11,22.389999389648438
^VIX3M,2021-10-12,22.329999923706055
^VIX3M,2021-10-13,21.540000915527344
^VIX3M,2021-10-14,20.3700008392334
^VIX3M,2021-10-15,20.299999237060547
^VIX3M,2021-10-18,20.290000915527344
^VIX3M,2021-10-19,19.979999542236328
^VIX3M,2021-10-20,19.8700008392334
^VIX3M,2021-10-21,19.479999542236328
^VIX3M,2021-10-22,20.010000228881836
^VIX3M,2021-10-25,19.559999465942383
^VIX3M,2021-10-26,20.110000610351562
^VIX3M,2021-10-27,20.889999389648438
^VIX3M,2021-10-28,20.479999542236328
^VIX3M,2021-10-29,20.3700008392334
^VIX3M,2021-11-01,20.389999389648438
^VIX3M,2021-11-02,20.100000381469727
^VIX3M,2021-11-03,19.5
^VIX3M,2021-11-04,19.700000762939453
^VIX3M,2021-11-05,20.489999771118164
^VIX3M,2021-11-08,20.979999542236328
^VIX3M,2021-11-09,21.40999984741211
^VIX3M,2021-11-10,22.0
^VIX3M,2021-11-11,21.3799991607666
^VIX3M,2021-11-12,20.690000534057617
^VIX3M,2021-11-15,20.8700008392334
^VIX3M,2021-11-16,20.899999618530273
^VIX3M,2021-11-17,21.579999923706055
^VIX3M,2021-11-18,21.899999618530273
^VIX3M,2021-11-19,21.920000076293945
^VIX3M,2021-11-22,22.6299991607666
^VIX3M,2021-11-23,22.450000762939453
^VIX3M,2021-11-24,21.899999618530273
^VIX3M,2021-11-26,29.170000076293945
^VIX3M,2021-11-29,25.040000915527344
^VIX3M,2021-11-30,28.1299991607666
^VIX3M,2021-12-01,30.790000915527344
^VIX3M,2021-12-02,29.149999618530273
^VIX3M,2021-12-03,31.780000686645508
^VIX3M,2021-12-06,28.8799991607666
^VIX3M,2021-12-07,24.959999084472656
^VIX3M,2021-12-08,23.6299991607666
^VIX3M,2021-12-09,24.65999984741211
^VIX3M,2021-12-10,23.18000030517578
^VIX3M,2021-12-13,24.31999969482422
^VIX3M,2021-12-14,25.350000381469727
^VIX3M,2021-12-15,23.299999237060547
^VIX3M,2021-12-16,24.3700008392334
^VIX3M,2021-12-17,25.3799991607666
^VIX3M,2021-12-20,26.309999465942383
^VIX3M,2021-12-21,25.0
^VIX3M,2021-12-22,23.559999465942383
^VIX3M,2021-12-23,23.239999771118164
^VIX3M,2021-12-27,22.739999771118164
^VIX3M,2021-12-28,22.329999923706055
^VIX3M,2021-12-29,21.829999923706055
^VIX3M,2021-12-30,21.8799991607666
^VIX3M,2021-12-31,21.8799991607666
^VIX3M,2022-01-03,21.530000686645508
^VIX3M,2022-01-04,21.6200008392334
^VIX3M,2022-01-05,23.469999313354492
^VIX3M,2022-01-06,23.5
^VIX3M,2022-01-07,22.8700008392334
^VIX3M,2022-01-10,22.68000030517578
^VIX3M,2022-01-11,21.979999542236328
^VIX3M,2022-01-12,21.579999923706055
^VIX3M,2022-01-13,23.40999984741211
^VIX3M,2022-01-14,22.81999969482422
^VIX3M,2022-01-18,25.1200008392334
^VIX3M,2022-01-19,25.809999465942383
^VIX3M,2022-01-20,27.25
^VIX3M,2022-01-21,29.950000762939453
^VIX3M,2022-01-24,30.81999969482422
^VIX3M,2022-01-25,31.760000228881836
^VIX3M,2022-01-26,31.950000762939453
^VIX3M,2022-01-27,30.8700008392334
^VIX3M,2022-01-28,28.81999969482422
^VIX3M,2022-01-31,26.850000381469727
^VIX3M,2022-02-01,24.760000228881836
^VIX3M,2022-02-02,25.139999389648438
^VIX3M,2022-02-03,26.670000076293945
^VIX3M,2022-02-04,26.25
^VIX3M,2022-02-07,25.690000534057617
^VIX3M,2022-02-08,24.540000915527344
^VIX3M,2022-02-09,23.489999771118164
^VIX3M,2022-02-10,26.06999969482422
^VIX3M,2022-02-11,28.829999923706055
^VIX3M,2022-02-14,29.440000534057617
^VIX3M,2022-02-15,27.280000686645508
^VIX3M,2022-02-16,26.260000228881836
^VIX3M,2022-02-17,29.31999969482422
^VIX3M,2022-02-18,29.219999313354492
^VIX3M,2022-02-22,29.110000610351562
^VIX3M,2022-02-23,30.8799991607666
^VIX3M,2022-02-24,30.049999237060547
^VIX3M,2022-02-25,28.040000915527344
^VIX3M,2022-02-28,29.649999618530273
^VIX3M,2022-03-01,32.59000015258789
^VIX3M,2022-03-02,30.969999313354492
^VIX3M,2022-03-03,30.799999237060547
^VIX3M,2022-03-04,32.34000015258789
^VIX3M,2022-03-07,35.7400016784668
^VIX3M,2022-03-08,35.0
^VIX3M,2022-03-09,33.060001373291016
^VIX3M,2022-03-10,31.520000457763672
^VIX3M,2022-03-11,32.34000015258789
^VIX3M,2022-03-14,33.31999969482422
^VIX3M,2022-03-15,31.959999084472656
^VIX3M,2022-03-16,28.959999084472656
^VIX3M,2022-03-17,28.219999313354492
^VIX3M,2022-03-18,26.549999237060547
^VIX3M,2022-03-21,26.3799991607666
^VIX3M,2022-03-22,25.850000381469727
^VIX3M,2022-03-23,26.40999984741211
^VIX3M,2022-03-24,25.299999237060547
^VIX3M,2022-03-25,24.719999313354492
^VIX3M,2022-03-28,24.18000030517578
^VIX3M,2022-03-29,23.190000534057617
^VIX3M,2022-03-30,23.56999969482422
^VIX3M,2022-03-31,24.459999084472656
^VIX3M,2022-04-01,24.209999084472656
^VIX3M,2022-04-04,23.030000686645508
^VIX3M,2022-04-05,24.899999618530273
^VIX3M,2022-04-06,25.799999237060547
^VIX3M,2022-04-07,25.229999542236328
^VIX3M,2022-04-08,25.170000076293945
^VIX3M,2022-04-11,27.0
^VIX3M,2022-04-12,27.170000076293945
^VIX3M,2022-04-13,25.540000915527344
^VIX3M,2022-04-14,26.030000686645508
^VIX3M,2022-04-18,25.75
^VIX3M,2022-04-19,25.059999465942383
^VIX3M,2022-04-20,24.149999618530273
^VIX3M,2022-04-21,26.110000610351562
^VIX3M,2022-04-22,29.8700008392334
^VIX3M,2022-04-25,29.06999969482422
^VIX3M,2022-04-26,33.13999938964844
^VIX3M,2022-04-27,32.20000076293945
^VIX3M,2022-04-28,31.149999618530273
^VIX3M,2022-04-29,33.18000030517578
^VIX3M,2022-05-02,33.0099983215332
^VIX3M,2022-05-03,30.809999465942383
^VIX3M,2022-05-04,28.09000015258789
^VIX3M,2022-05-05,32.68000030517578
^VIX3M,2022-05-06,32.310001373291016
^VIX3M,2022-05-09,35.04999923706055
^VIX3M,2022-05-10,33.970001220703125
^VIX3M,2022-05-11,33.630001068115234
^VIX3M,2022-05-12,33.08000183105469
^VIX3M,2022-05-13,30.700000762939453
^VIX3M,2022-05-16,29.510000228881836
^VIX3M,2022-05-17,28.3700008392334
^VIX3M,2022-05-18,32.79999923706055
^VIX3M,2022-05-19,30.790000915527344
^VIX3M,2022-05-20,31.139999389648438
^VIX3M,2022-05-23,30.290000915527344
^VIX3M,2022-05-24,30.739999771118164
^VIX3M,2022-05-25,29.729999542236328
^VIX3M,2022-05-26,29.280000686645508
^VIX3M,2022-05-27,28.020000457763672
^VIX3M,2022-05-31,27.989999771118164
^VIX3M,2022-06-01,27.719999313354492
^VIX3M,2022-06-02,27.059999465942383
^VIX3M,2022-06-03,27.329999923706055
^VIX3M,2022-06-06,27.219999313354492
^VIX3M,2022-06-07,26.520000457763672
^VIX3M,2022-06-08,26.540000915527344
^VIX3M,2022-06-09,28.010000228881836
^VIX3M,2022-06-10,29.719999313354492
^VIX3M,2022-06-13,34.2400016784668
^VIX3M,2022-06-14,33.279998779296875
^VIX3M,2022-06-15,30.780000686645508
^VIX3M,2022-06-16,33.4900016784668
^VIX3M,2022-06-17,32.36000061035156
^VIX3M,2022-06-21,31.25
^VIX3M,2022-06-22,30.239999771118164
^VIX3M,2022-06-23,30.190000534057617
^VIX3M,2022-06-24,28.950000762939453
^VIX3M,2022-06-27,28.18000030517578
^VIX3M,2022-06-28,29.149999618530273
^VIX3M,2022-06-29,29.0
^VIX3M,2022-06-30,29.709999084472656
^VIX3M,2022-07-01,28.520000457763672
^VIX3M,2022-07-05,28.899999618530273
^VIX3M,2022-07-06,28.389999389648438
^VIX3M,2022-07-07,28.030000686645508
^VIX3M,2022-07-08,27.299999237060547
^VIX3M,2022-07-11,28.25
^VIX3M,2022-07-12,28.81999969482422
^VIX3M,2022-07-13,28.559999465942383
^VIX3M,2022-07-14,28.610000610351562
^VIX3M,2022-07-15,27.079999923706055
^VIX3M,2022-07-18,27.81999969482422
^VIX3M,2022-07-19,27.309999465942383
^VIX3M,2022-07-20,26.700000762939453
^VIX3M,2022-07-21,26.219999313354492
^VIX3M,2022-07-22,25.969999313354492
^VIX3M,2022-07-25,25.799999237060547
^VIX3M,2022-07-26,26.420000076293945
^VIX3M,2022-07-27,25.309999465942383
^VIX3M,2022-07-28,24.329999923706055
^VIX3M,2022-07-29,23.790000915527344
^VIX3M,2022-08-01,24.860000610351562
^VIX3M,2022-08-02,25.65999984741211
^VIX3M,2022-08-03,24.3700008392334
^VIX3M,2022-08-04,24.31999969482422
^VIX3M,2022-08-05,24.18000030517578
^VIX3M,2022-08-08,24.479999542236328
^VIX3M,2022-08-09,24.690000534057617
^VIX3M,2022-08-10,23.459999084472656
^VIX3M,2022-08-11,23.709999084472656
^VIX3M,2022-08-12,23.309999465942383
^VIX3M,2022-08-15,23.31999969482422
^VIX3M,2022-08-16,23.31999969482422
^VIX3M,2022-08-17,23.600000381469727
^VIX3M,2022-08-18,23.389999389648438
^VIX3M,2022-08-19,24.31999969482422
^VIX3M,2022-08-22,26.0
^VIX3M,2022-08-23,25.920000076293945
^VIX3M,2022-08-24,24.889999389648438
^VIX3M,2022-08-25,24.1299991607666
^VIX3M,2022-08-26,26.559999465942383
^VIX3M,2022-08-29,26.81999969482422
^VIX3M,2022-08-30,26.90999984741211
^VIX3M,2022-08-31,26.649999618530273
^VIX3M,2022-09-01,26.43000030517578
^VIX3M,2022-09-02,26.479999542236328
^VIX3M,2022-09-06,27.59000015258789
^VIX3M,2022-09-07,26.100000381469727
^VIX3M,2022-09-08,25.520000457763672
^VIX3M,2022-09-09,25.139999389648438
^VIX3M,2022-09-12,25.3700008392334
^VIX3M,2022-09-13,27.950000762939453
^VIX3M,2022-09-14,27.459999084472656
^VIX3M,2022-09-15,27.600000381469727
^VIX3M,2022-09-16,27.6299991607666
^VIX3M,2022-09-19,27.010000228881836
^VIX3M,2022-09-20,27.8799991607666
^VIX3M,2022-09-21,28.760000228881836
^VIX3M,2022-09-22,28.219999313354492
^VIX3M,2022-09-23,30.31999969482422
^VIX3M,2022-09-26,31.770000457763672
^VIX3M,2022-09-27,32.119998931884766
^VIX3M,2022-09-28,30.579999923706055
^VIX3M,2022-09-29,31.739999771118164
^VIX3M,2022-09-30,31.860000610351562
^VIX3M,2022-10-03,30.690000534057617
^VIX3M,2022-10-04,29.670000076293945
^VIX3M,2022-10-05,29.43000030517578
^VIX3M,2022-10-06,30.790000915527344
^VIX3M,2022-10-07,32.099998474121094
^VIX3M,2022-10-10,32.72999954223633
^VIX3M,2022-10-11,33.36000061035156
^VIX3M,2022-10-12,33.130001068115234
^VIX3M,2022-10-13,31.799999237060547
^VIX3M,2022-10-14,32.45000076293945
^VIX3M,2022-10-17,31.739999771118164
^VIX3M,2022-10-18,30.979999542236328
^VIX3M,2022-10-19,31.350000381469727
^VIX3M,2022-10-20,30.809999465942383
^VIX3M,2022-10-21,30.469999313354492
^VIX3M,2022-10-24,30.329999923706055
^VIX3M,2022-10-25,29.290000915527344
^VIX3M,2022-10-26,28.459999084472656
^VIX3M,2022-10-27,28.280000686645508
^VIX3M,2022-10-28,26.899999618530273
^VIX3M,2022-10-31,26.920000076293945
^VIX3M,2022-11-01,26.690000534057617
^VIX3M,2022-11-02,27.219999313354492
^VIX3M,2022-11-03,26.700000762939453
^VIX3M,2022-11-04,26.389999389648438
^VIX3M,2022-11-07,26.260000228881836
^VIX3M,2022-11-08,27.100000381469727
^VIX3M,2022-11-09,27.90999984741211
^VIX3M,2022-11-10,26.18000030517578
^VIX3M,2022-11-11,25.739999771118164
^VIX3M,2022-11-14,26.1299991607666
^VIX3M,2022-11-15,26.59000015258789
^VIX3M,2022-11-16,26.030000686645508
^VIX3M,2022-11-17,25.829999923706055
^VIX3M,2022-11-18,25.329999923706055
^VIX3M,2022-11-21,24.719999313354492
^VIX3M,2022-11-22,23.829999923706055
^VIX3M,2022-11-23,23.3799991607666
^VIX3M,2022-11-25,23.59000015258789
^VIX3M,2022-11-28,24.899999618530273
^VIX3M,2022-11-29,24.649999618530273
^VIX3M,2022-11-30,23.530000686645508
^VIX3M,2022-12-01,23.309999465942383
^VIX3M,2022-12-02,22.959999084472656
^VIX3M,2022-12-05,23.889999389648438
^VIX3M,2022-12-06,24.719999313354492
^VIX3M,2022-12-07,25.18000030517578
^VIX3M,2022-12-08,24.729999542236328
^VIX3M,2022-12-09,25.209999084472656
^VIX3M,2022-12-12,25.670000076293945
^VIX3M,2022-12-13,24.290000915527344
^VIX3M,2022-12-14,23.459999084472656
^VIX3M,2022-12-15,25.079999923706055
^VIX3M,2022-12-16,25.149999618530273
^VIX3M,2022-12-19,25.079999923706055
^VIX3M,2022-12-20,24.399999618530273
^VIX3M,2022-12-21,23.350000381469727
^VIX3M,2022-12-22,24.780000686645508
^VIX3M,2022-12-23,24.1299991607666
^VIX3M,2022-12-27,24.43000030517578
^VIX3M,2022-12-28,24.579999923706055
^VIX3M,2022-12-29,23.950000762939453
^VIX3M,2022-12-30,24.290000915527344
^VIX3M,2023-01-03,24.579999923706055
^VIX3M,2023-01-04,23.809999465942383
^VIX3M,2023-01-05,24.06999969482422
^VIX3M,2023-01-06,23.18000030517578
^VIX3M,2023-01-09,23.739999771118164
^VIX3M,2023-01-10,22.739999771118164
^VIX3M,2023-01-11,22.739999771118164
^VIX3M,2023-01-12,21.579999923706055
^VIX3M,2023-01-13,21.139999389648438
^VIX3M,2023-01-17,21.450000762939453
^VIX3M,2023-01-18,22.270000457763672
^VIX3M,2023-01-19,22.450000762939453
^VIX3M,2023-01-20,21.719999313354492
^VIX3M,2023-01-23,21.600000381469727
^VIX3M,2023-01-24,20.90999984741211
^VIX3M,2023-01-25,20.940000534057617
^VIX3M,2023-01-26,20.700000762939453
^VIX3M,2023-01-27,20.469999313354492
^VIX3M,2023-01-30,21.3700008392334
^VIX3M,2023-01-31,20.809999465942383
^VIX3M,2023-02-01,19.969999313354492
^VIX3M,2023-02-02,20.84000015258789
^VIX3M,2023-02-03,20.780000686645508
^VIX3M,2023-02-06,21.43000030517578
^VIX3M,2023-02-07,20.780000686645508
^VIX3M,2023-02-08,21.81999969482422
^VIX3M,2023-02-09,22.5
^VIX3M,2023-02-10,22.549999237060547
^VIX3M,2023-02-13,21.969999313354492
^VIX3M,2023-02-14,21.139999389648438
^VIX3M,2023-02-15,20.68000030517578
^VIX3M,2023-02-16,21.8799991607666
^VIX3M,2023-02-17,21.770000457763672
^VIX3M,2023-02-21,23.3799991607666
^VIX3M,2023-02-22,22.68000030517578
^VIX3M,2023-02-23,21.739999771118164
^VIX3M,2023-02-24,22.43000030517578
^VIX3M,2023-02-27,21.59000015258789
^VIX3M,2023-02-28,21.31999969482422
^VIX3M,2023-03-01,21.360000610351562
^VIX3M,2023-03-02,20.6299991607666
^VIX3M,2023-03-03,19.979999542236328
^VIX3M,2023-03-06,19.989999771118164
^VIX3M,2023-03-07,20.59000015258789
^VIX3M,2023-03-08,20.190000534057617
^VIX3M,2023-03-09,22.8700008392334
^VIX3M,2023-03-10,25.389999389648438
^VIX3M,2023-03-13,26.639999389648438
^VIX3M,2023-03-14,24.8700008392334
^VIX3M,2023-03-15,27.200000762939453
^VIX3M,2023-03-16,24.559999465942383
^VIX3M,2023-03-17,27.420000076293945
^VIX3M,2023-03-20,25.850000381469727
^VIX3M,2023-03-21,23.56999969482422
^VIX3M,2023-03-22,24.3799991607666
^VIX3M,2023-03-23,24.530000686645508
^VIX3M,2023-03-24,23.959999084472656
^VIX3M,2023-03-27,22.8700008392334
^VIX3M,2023-03-28,22.3799991607666
^VIX3M,2023-03-29,21.489999771118164
^VIX3M,2023-03-30,21.450000762939453
^VIX3M,2023-03-31,21.229999542236328
^VIX3M,2023-04-03,20.829999923706055
^VIX3M,2023-04-04,21.34000015258789
^VIX3M,2023-04-05,21.479999542236328
^VIX3M,2023-04-06,21.0
^VIX3M,2023-04-10,21.06999969482422
^VIX3M,2023-04-11,21.010000228881836
^VIX3M,2023-04-12,21.049999237060547
^VIX3M,2023-04-13,20.260000228881836
^VIX3M,2023-04-14,20.030000686645508
^VIX3M,2023-04-17,19.649999618530273
^VIX3M,2023-04-18,19.81999969482422
^VIX3M,2023-04-19,20.020000457763672
^VIX3M,2023-04-20,20.549999237060547
^VIX3M,2023-04-21,20.389999389648438
^VIX3M,2023-04-24,20.399999618530273
^VIX3M,2023-04-25,21.649999618530273
^VIX3M,2023-04-26,21.540000915527344
^VIX3M,2023-04-27,20.3700008392334
^VIX3M,2023-04-28,19.540000915527344
^VIX3M,2023-05-01,19.670000076293945
^VIX3M,2023-05-02,20.75
^VIX3M,2023-05-03,21.290000915527344
^VIX3M,2023-05-04,22.770000457763672
^VIX3M,2023-05-05,20.780000686645508
^VIX3M,2023-05-08,20.709999084472656
^VIX3M,2023-05-09,21.170000076293945
^VIX3M,2023-05-10,20.690000534057617
^VIX3M,2023-05-11,20.6200008392334
^VIX3M,2023-05-12,20.65999984741211
^VIX3M,2023-05-15,20.309999465942383
^VIX3M,2023-05-16,20.899999618530273
^VIX3M,2023-05-17,20.049999237060547
^VIX3M,2023-05-18,19.329999923706055
^VIX3M,2023-05-19,20.040000915527344
^VIX3M,2023-05-22,20.360000610351562
^VIX3M,2023-05-23,21.059999465942383
^VIX3M,2023-05-24,22.020000457763672
^VIX3M,2023-05-25,21.3799991607666
^VIX3M,2023-05-26,20.440000534057617
^VIX3M,2023-05-30,20.1299991607666
^VIX3M,2023-05-31,20.209999084472656
^VIX3M,2023-06-01,18.75
^VIX3M,2023-06-02,17.920000076293945
^VIX3M,2023-06-05,17.899999618530273
^VIX3M,2023-06-06,17.040000915527344
^VIX3M,2023-06-07,17.139999389648438
^VIX3M,2023-06-08,16.860000610351562
^VIX3M,2023-06-09,16.959999084472656
^VIX3M,2023-06-12,17.280000686645508
^VIX3M,2023-06-13,17.229999542236328
^VIX3M,2023-06-14,16.860000610351562
^VIX3M,2023-06-15,17.18000030517578
^VIX3M,2023-06-16,16.75
^VIX3M,2023-06-20,17.299999237060547
^VIX3M,2023-06-21,16.889999389648438
^VIX3M,2023-06-22,16.559999465942383
^VIX3M,2023-06-23,16.8700008392334
^VIX3M,2023-06-26,17.049999237060547
^VIX3M,2023-06-27,16.440000534057617
^VIX3M,2023-06-28,15.899999618530273
^VIX3M,2023-06-29,16.100000381469727
^VIX3M,2023-06-30,16.020000457763672
^VIX3M,2023-07-03,16.06999969482422
^VIX3M,2023-07-05,16.510000228881836
^VIX3M,2023-07-06,17.520000457763672
^VIX3M,2023-07-07,17.239999771118164
^VIX3M,2023-07-10,17.25
^VIX3M,2023-07-11,16.969999313354492
^VIX3M,2023-07-12,16.110000610351562
^VIX3M,2023-07-13,16.1200008392334
^VIX3M,2023-07-14,16.040000915527344
^VIX3M,2023-07-17,16.270000457763672
^VIX3M,2023-07-18,16.1299991607666
^VIX3M,2023-07-19,16.559999465942383
^VIX3M,2023-07-20,16.65999984741211
^VIX3M,2023-07-21,16.399999618530273
^VIX3M,2023-07-24,16.260000228881836
^VIX3M,2023-07-25,16.219999313354492
^VIX3M,2023-07-26,15.789999961853027
^VIX3M,2023-07-27,16.6299991607666
^VIX3M,2023-07-28,15.920000076293945
^VIX3M,2023-07-31,16.010000228881836
^VIX3M,2023-08-01,16.34000015258789
^VIX3M,2023-08-02,17.959999084472656
^VIX3M,2023-08-03,17.719999313354492
^VIX3M,2023-08-04,18.610000610351562
^VIX3M,2023-08-07,17.719999313354492
^VIX3M,2023-08-08,18.1299991607666
^VIX3M,2023-08-09,18.049999237060547
^VIX3M,2023-08-10,18.15999984741211
^VIX3M,2023-08-11,17.559999465942383
^VIX3M,2023-08-14,17.40999984741211
^VIX3M,2023-08-15,18.59000015258789
^VIX3M,2023-08-16,18.969999313354492
^VIX3M,2023-08-17,19.829999923706055
^VIX3M,2023-08-18,19.239999771118164
^VIX3M,2023-08-21,18.770000457763672
^VIX3M,2023-08-22,18.719999313354492
^VIX3M,2023-08-23,17.940000534057617
^VIX3M,2023-08-24,18.75
^VIX3M,2023-08-25,17.719999313354492
^VIX3M,2023-08-28,17.1200008392334
^VIX3M,2023-08-29,16.559999465942383
^VIX3M,2023-08-30,16.18000030517578
^VIX3M,2023-08-31,15.920000076293945
^VIX3M,2023-09-01,15.739999771118164
^VIX3M,2023-09-05,16.239999771118164
^VIX3M,2023-09-06,16.610000610351562
^VIX3M,2023-09-07,16.579999923706055
^VIX3M,2023-09-08,16.139999389648438
^VIX3M,2023-09-11,16.020000457763672
^VIX3M,2023-09-12,16.25
^VIX3M,2023-09-13,15.920000076293945
^VIX3M,2023-09-14,15.34000015258789
^VIX3M,2023-09-15,16.020000457763672
^VIX3M,2023-09-18,16.1299991607666
^VIX3M,2023-09-19,16.1299991607666
^VIX3M,2023-09-20,16.809999465942383
^VIX3M,2023-09-21,18.239999771118164
^VIX3M,2023-09-22,18.09000015258789
^VIX3M,2023-09-25,18.020000457763672
^VIX3M,2023-09-26,19.719999313354492
^VIX3M,2023-09-27,19.110000610351562
^VIX3M,2023-09-28,18.3799991607666
^VIX3M,2023-09-29,18.510000228881836
^VIX3M,2023-10-02,18.6200008392334
^VIX3M,2023-10-03,20.40999984741211
^VIX3M,2023-10-04,19.520000457763672
^VIX3M,2023-10-05,19.5
^VIX3M,2023-10-06,18.729999542236328
^VIX3M,2023-10-09,18.809999465942383
^VIX3M,2023-10-10,18.270000457763672
^VIX3M,2023-10-11,17.6299991607666
^VIX3M,2023-10-12,18.09000015258789
^VIX3M,2023-10-13,20.56999969482422
^VIX3M,2023-10-16,18.790000915527344
^VIX3M,2023-10-17,19.260000228881836
^VIX3M,2023-10-18,20.469999313354492
^VIX3M,2023-10-19,22.190000534057617
^VIX3M,2023-10-20,22.440000534057617
^VIX3M,2023-10-23,21.329999923706055
^VIX3M,2023-10-24,20.209999084472656
^VIX3M,2023-10-25,21.329999923706055
^VIX3M,2023-10-26,21.56999969482422
^VIX3M,2023-10-27,22.270000457763672
^VIX3M,2023-10-30,20.799999237060547
^VIX3M,2023-10-31,19.489999771118164
^VIX3M,2023-11-01,18.549999237060547
^VIX3M,2023-11-02,17.799999237060547
^VIX3M,2023-11-03,17.219999313354492
^VIX3M,2023-11-06,17.030000686645508
^VIX3M,2023-11-07,16.920000076293945
^VIX3M,2023-11-08,16.639999389648438
^VIX3M,2023-11-09,17.299999237060547
^VIX3M,2023-11-10,16.520000457763672
^VIX3M,2023-11-13,16.610000610351562
^VIX3M,2023-11-14,16.290000915527344
^VIX3M,2023-11-15,16.280000686645508
^VIX3M,2023-11-16,16.139999389648438
^VIX3M,2023-11-17,15.850000381469727
^VIX3M,2023-11-20,15.6899995803833
^VIX3M,2023-11-21,15.5
^VIX3M,2023-11-22,15.479999542236328
^VIX3M,2023-11-24,15.119999885559082
^VIX3M,2023-11-27,15.34000015258789
^VIX3M,2023-11-28,15.239999771118164
^VIX3M,2023-11-29,15.510000228881836
^VIX3M,2023-11-30,15.4399995803833
^VIX3M,2023-12-01,15.359999656677246
^VIX3M,2023-12-04,15.680000305175781
^VIX3M,2023-12-05,15.569999694824219
^VIX3M,2023-12-06,15.739999771118164
^VIX3M,2023-12-07,15.649999618530273
^VIX3M,2023-12-08,15.15999984741211
^VIX3M,2023-12-11,15.1899995803833
^VIX3M,2023-12-12,14.829999923706055
^VIX3M,2023-12-13,14.65999984741211
^VIX3M,2023-12-14,14.789999961853027
^VIX3M,2023-12-15,15.130000114440918
^VIX3M,2023-12-18,15.470000267028809
^VIX3M,2023-12-19,15.640000343322754
^VIX3M,2023-12-20,16.579999923706055
^VIX3M,2023-12-21,16.299999237060547
^VIX3M,2023-12-22,15.989999771118164
^VIX3M,2023-12-26,15.880000114440918
^VIX3M,2023-12-27,15.270000457763672
^VIX3M,2023-12-28,15.229999542236328
^VIX3M,2023-12-29,15.260000228881836
^VIX3M,2024-01-02,15.479999542236328
^VIX3M,2024-01-03,16.040000915527344
^VIX3M,2024-01-04,16.040000915527344
^VIX3M,2024-01-05,15.510000228881836
^VIX3M,2024-01-08,15.140000343322754
^VIX3M,2024-01-09,14.899999618530273
^VIX3M,2024-01-10,14.729999542236328
^VIX3M,2024-01-11,14.5600004196167
^VIX3M,2024-01-12,14.9399995803833
^VIX3M,2024-01-16,15.739999771118164
^VIX3M,2024-01-17,16.3799991607666
^VIX3M,2024-01-18,15.84000015258789
^VIX3M,2024-01-19,15.260000228881836
^VIX3M,2024-01-22,14.970000267028809
^VIX3M,2024-01-23,14.520000457763672
^VIX3M,2024-01-24,14.970000267028809
^VIX3M,2024-01-25,15.100000381469727
^VIX3M,2024-01-26,15.029999732971191
^VIX3M,2024-01-29,15.220000267028809
^VIX3M,2024-01-30,15.140000343322754
^VIX3M,2024-01-31,15.960000038146973
^VIX3M,2024-02-01,15.5
^VIX3M,2024-02-02,15.609999656677246
^VIX3M,2024-02-05,15.329999923706055
^VIX3M,2024-02-06,14.989999771118164
^VIX3M,2024-02-07,14.850000381469727
^VIX3M,2024-02-08,14.930000305175781
^VIX3M,2024-02-09,15.079999923706055
^VIX3M,2024-02-12,15.670000076293945
^VIX3M,2024-02-13,16.81999969482422
^VIX3M,2024-02-14,15.930000305175781
^VIX3M,2024-02-15,15.760000228881836
^VIX3M,2024-02-16,15.859999656677246
^VIX3M,2024-02-20,16.40999984741211
^VIX3M,2024-02-21,16.229999542236328
^VIX3M,2024-02-22,15.770000457763672
^VIX3M,2024-02-23,15.25
^VIX3M,2024-02-26,15.220000267028809
^VIX3M,2024-02-27,14.890000343322754
^VIX3M,2024-02-28,15.220000267028809
^VIX3M,2024-02-29,14.930000305175781
^VIX3M,2024-03-01,14.930000305175781
^VIX3M,2024-03-04,15.229999542236328
^VIX3M,2024-03-05,15.90999984741211
^VIX3M,2024-03-06,15.970000267028809
^VIX3M,2024-03-07,15.90999984741211
^VIX3M,2024-03-08,16.299999237060547
^VIX3M,2024-03-11,16.459999084472656
^VIX3M,2024-03-12,15.65999984741211
^VIX3M,2024-03-13,15.600000381469727
^VIX3M,2024-03-14,16.1200008392334
^VIX3M,2024-03-15,16.40999984741211
^VIX3M,2024-03-18,16.219999313354492
^VIX3M,2024-03-19,15.770000457763672
^VIX3M,2024-03-20,15.279999732971191
^VIX3M,2024-03-21,15.180000305175781
^VIX3M,2024-03-22,15.300000190734863
^VIX3M,2024-03-25,15.380000114440918
^VIX3M,2024-03-26,15.289999961853027
^VIX3M,2024-03-27,15.010000228881836
^VIX3M,2024-03-28,15.1899995803833
^VIX3M,2024-04-01,15.520000457763672
^VIX3M,2024-04-02,16.09000015258789
^VIX3M,2024-04-03,15.90999984741211
^VIX3M,2024-04-04,17.15999984741211
^VIX3M,2024-04-05,17.18000030517578
^VIX3M,2024-04-08,16.559999465942383
^VIX3M,2024-04-09,16.420000076293945
^VIX3M,2024-04-10,17.040000915527344
^VIX3M,2024-04-11,16.489999771118164
^VIX3M,2024-04-12,18.200000762939453
^VIX3M,2024-04-15,19.549999237060547
^VIX3M,2024-04-16,18.84000015258789
^VIX3M,2024-04-17,18.770000457763672
^VIX3M,2024-04-18,18.65999984741211
^VIX3M,2024-04-19,19.25
^VIX3M,2024-04-22,17.6299991607666
^VIX3M,2024-04-23,16.68000030517578
^VIX3M,2024-04-24,16.84000015258789
^VIX3M,2024-04-25,16.3700008392334
^VIX3M,2024-04-26,16.270000457763672
^VIX3M,2024-04-29,16.0
^VIX3M,2024-04-30,16.59000015258789
^VIX3M,2024-05-01,16.56999969482422
^VIX3M,2024-05-02,16.049999237060547
^VIX3M,2024-05-03,15.270000457763672
^VIX3M,2024-05-06,15.020000457763672
^VIX3M,2024-05-07,14.949999809265137
^VIX3M,2024-05-08,14.899999618530273
^VIX3M,2024-05-09,14.710000038146973
^VIX3M,2024-05-10,14.65999984741211
^VIX3M,2024-05-13,14.890000343322754
^VIX3M,2024-05-14,14.699999809265137
^VIX3M,2024-05-15,14.079999923706055
^VIX3M,2024-05-16,14.220000267028809
^VIX3M,2024-05-17,13.989999771118164
^VIX3M,2024-05-20,14.109999656677246
^VIX3M,2024-05-21,13.949999809265137
^VIX3M,2024-05-22,14.3100004196167
^VIX3M,2024-05-23,14.670000076293945
^VIX3M,2024-05-24,14.170000076293945
^VIX3M,2024-05-28,14.720000267028809
^VIX3M,2024-05-29,15.449999809265137
^VIX3M,2024-05-30,15.59000015258789
^VIX3M,2024-05-31,14.65999984741211
^VIX3M,2024-06-03,14.800000190734863
^VIX3M,2024-06-04,14.880000114440918
^VIX3M,2024-06-05,14.539999961853027
^VIX3M,2024-06-06,14.539999961853027
^VIX3M,2024-06-07,14.40999984741211
^VIX3M,2024-06-10,14.600000381469727
^VIX3M,2024-06-11,14.489999771118164
^VIX3M,2024-06-12,14.119999885559082
^VIX3M,2024-06-13,14.170000076293945
^VIX3M,2024-06-14,14.84000015258789
^VIX3M,2024-06-17,14.789999961853027
^VIX3M,2024-06-18,14.6899995803833
^VIX3M,2024-06-20,15.40999984741211
^VIX3M,2024-06-21,15.170000076293945
^VIX3M,2024-06-24,15.229999542236328
^VIX3M,2024-06-25,14.859999656677246
^VIX3M,2024-06-26,14.710000038146973
^VIX3M,2024-06-27,14.420000076293945
^VIX3M,2024-06-28,14.520000457763672
^VIX3M,2024-07-01,14.1899995803833
^VIX3M,2024-07-02,14.010000228881836
^VIX3M,2024-07-03,14.020000457763672
^VIX3M,2024-07-05,14.350000381469727
^VIX3M,2024-07-08,14.289999961853027
^VIX3M,2024-07-09,14.390000343322754
^VIX3M,2024-07-10,14.5
^VIX3M,2024-07-11,14.670000076293945
^VIX3M,2024-07-12,14.369999885559082
^VIX3M,2024-07-15,14.869999885559082
^VIX3M,2024-07-16,14.90999984741211
^VIX3M,2024-07-17,15.789999961853027
^VIX3M,2024-07-18,16.559999465942383
^VIX3M,2024-07-19,17.15999984741211
^VIX3M,2024-07-22,16.09000015258789
^VIX3M,2024-07-23,16.010000228881836
^VIX3M,2024-07-24,18.43000030517578
^VIX3M,2024-07-25,18.690000534057617
^VIX3M,2024-07-26,17.239999771118164
^VIX3M,2024-07-29,17.15999984741211
^VIX3M,2024-07-30,18.010000228881836
^VIX3M,2024-07-31,16.969999313354492
^VIX3M,2024-08-01,19.139999389648438
^VIX3M,2024-08-02,23.34000015258789
^VIX3M,2024-08-05,33.709999084472656
^VIX3M,2024-08-06,26.760000228881836
^VIX3M,2024-08-07,27.010000228881836
^VIX3M,2024-08-08,24.1299991607666
^VIX3M,2024-08-09,21.18000030517578
^VIX3M,2024-08-12,21.6299991607666
^VIX3M,2024-08-13,19.860000610351562
^VIX3M,2024-08-14,18.450000762939453
^VIX3M,2024-08-15,17.8799991607666
^VIX3M,2024-08-16,17.809999465942383
^VIX3M,2024-08-19,17.59000015258789
^VIX3M,2024-08-20,18.280000686645508
^VIX3M,2024-08-21,18.579999923706055
^VIX3M,2024-08-22,19.360000610351562
^VIX3M,2024-08-23,18.190000534057617
^VIX3M,2024-08-26,18.25
^VIX3M,2024-08-27,17.729999542236328
^VIX3M,2024-08-28,18.899999618530273
^VIX3M,2024-08-29,18.0
^VIX3M,2024-08-30,17.43000030517578
^VIX3M,2024-09-03,21.700000762939453
^VIX3M,2024-09-04,22.06999969482422
^VIX3M,2024-09-05,20.93000030517578
^VIX3M,2024-09-06,22.739999771118164
^VIX3M,2024-09-09,20.8799991607666
^VIX3M,2024-09-10,20.549999237060547
^VIX3M,2024-09-11,19.59000015258789
^VIX3M,2024-09-12,19.479999542236328
^VIX3M,2024-09-13,19.280000686645508
^VIX3M,2024-09-16,19.809999465942383
^VIX3M,2024-09-17,20.1299991607666
^VIX3M,2024-09-18,20.350000381469727
^VIX3M,2024-09-19,19.06999969482422
^VIX3M,2024-09-20,18.940000534057617
^VIX3M,2024-09-23,18.700000762939453
^VIX3M,2024-09-24,18.469999313354492
^VIX3M,2024-09-25,18.56999969482422
^VIX3M,2024-09-26,18.450000762939453
^VIX3M,2024-09-27,19.540000915527344
^VIX3M,2024-09-30,19.219999313354492
^VIX3M,2024-10-01,20.889999389648438
^VIX3M,2024-10-02,20.59000015258789
^VIX3M,2024-10-03,21.6299991607666
^VIX3M,2024-10-04,20.649999618530273
^VIX3M,2024-10-07,22.59000015258789
^VIX3M,2024-10-08,21.520000457763672
^VIX3M,2024-10-09,20.90999984741211
^VIX3M,2024-10-10,21.020000457763672
^VIX3M,2024-10-11,20.770000457763672
^VIX3M,2024-10-14,20.1200008392334
^VIX3M,2024-10-15,20.799999237060547
^VIX3M,2024-10-16,20.31999969482422
^VIX3M,2024-10-17,19.809999465942383
^VIX3M,2024-10-18,19.190000534057617
^VIX3M,2024-10-21,19.239999771118164
^VIX3M,2024-10-22,19.170000076293945
^VIX3M,2024-10-23,20.040000915527344
^VIX3M,2024-10-24,19.850000381469727
^VIX3M,2024-10-25,20.940000534057617
^VIX3M,2024-10-28,20.170000076293945
^VIX3M,2024-10-29,19.959999084472656
^VIX3M,2024-10-30,20.760000228881836
^VIX3M,2024-10-31,22.639999389648438
^VIX3M,2024-11-01,21.90999984741211
^VIX3M,2024-11-04,21.56999969482422
^VIX3M,2024-11-05,20.190000534057617
^VIX3M,2024-11-06,17.670000076293945
^VIX3M,2024-11-07,16.950000762939453
^VIX3M,2024-11-08,16.829999923706055
^VIX3M,2024-11-11,16.799999237060547
^VIX3M,2024-11-12,16.709999084472656
^VIX3M,2024-11-13,16.510000228881836
^VIX3M,2024-11-14,16.68000030517578
^VIX3M,2024-11-15,17.809999465942383
^VIX3M,2024-11-18,17.190000534057617
^VIX3M,2024-11-19,17.690000534057617
^VIX3M,2024-11-20,18.260000228881836
^VIX3M,2024-11-21,18.18000030517578
^VIX3M,2024-11-22,17.299999237060547
^VIX3M,2024-11-25,16.8700008392334
^VIX3M,2024-11-26,16.530000686645508
^VIX3M,2024-11-27,16.600000381469727
^VIX3M,2024-11-29,16.260000228881836
^VIX3M,2024-12-02,16.34000015258789
^VIX3M,2024-12-03,16.239999771118164
^VIX3M,2024-12-04,16.389999389648438
^VIX3M,2024-12-05,16.579999923706055
^VIX3M,2024-12-06,16.31999969482422
^VIX3M,2024-12-09,17.09000015258789
^VIX3M,2024-12-10,16.979999542236328
^VIX3M,2024-12-11,16.8799991607666
^VIX3M,2024-12-12,17.350000381469727
^VIX3M,2024-12-13,17.149999618530273
^VIX3M,2024-12-16,17.56999969482422
^VIX3M,2024-12-17,18.1299991607666
^VIX3M,2024-12-18,24.239999771118164
^VIX3M,2024-12-19,24.139999389648438
^VIX3M,2024-12-20,20.100000381469727
^VIX3M,2024-12-23,18.649999618530273
^VIX3M,2024-12-24,17.200000762939453
^VIX3M,2024-12-26,17.360000610351562
^VIX3M,2024-12-27,18.06999969482422
^VIX3M,2024-12-30,18.940000534057617
^VIX3M,2024-12-31,18.979999542236328
^VIX3M,2025-01-02,19.329999923706055
^VIX3M,2025-01-03,18.139999389648438
^VIX3M,2025-01-06,18.030000686645508
^VIX3M,2025-01-07,19.190000534057617
^VIX3M,2025-01-08,19.34000015258789
^VIX3M,2025-01-10,20.969999313354492
^VIX3M,2025-01-13,20.43000030517578
^VIX3M,2025-01-14,19.989999771118164
^VIX3M,2025-01-15,18.229999542236328
^VIX3M,2025-01-16,18.350000381469727
^VIX3M,2025-01-17,18.190000534057617
^VIX3M,2025-01-21,17.5
^VIX3M,2025-01-22,17.809999465942383
^VIX3M,2025-01-23,17.520000457763672
^VIX3M,2025-01-24,17.549999237060547
^VIX3M,2025-01-27,18.969999313354492
^VIX3M,2025-01-28,18.1299991607666
^VIX3M,2025-01-29,18.149999618530273
^VIX3M,2025-01-30,17.90999984741211
^VIX3M,2025-01-31,18.43000030517578
^VIX3M,2025-02-03,19.549999237060547
^VIX3M,2025-02-04,18.639999389648438
^VIX3M,2025-02-05,17.959999084472656
^VIX3M,2025-02-06,17.940000534057617
^VIX3M,2025-02-07,18.6299991607666
^VIX3M,2025-02-10,18.229999542236328
^VIX3M,2025-02-11,18.280000686645508
^VIX3M,2025-02-12,18.309999465942383
^VIX3M,2025-02-13,17.84000015258789
^VIX3M,2025-02-14,17.809999465942383
^VIX3M,2025-02-18,17.81999969482422
^VIX3M,2025-02-19,17.93000030517578
^VIX3M,2025-02-20,18.010000228881836
^VIX3M,2025-02-21,19.479999542236328
^VIX3M,2025-02-24,19.860000610351562
^VIX3M,2025-02-25,20.030000686645508
^VIX3M,2025-02-26,19.75
^VIX3M,2025-02-27,21.219999313354492
^VIX3M,2025-02-28,20.18000030517578
^VIX3M,2025-03-03,22.18000030517578
^VIX3M,2025-03-04,22.780000686645508
^VIX3M,2025-03-05,21.719999313354492
^VIX3M,2025-03-06,23.700000762939453
^VIX3M,2025-03-07,22.59000015258789
^VIX3M,2025-03-10,25.719999313354492
^VIX3M,2025-03-11,25.34000015258789
^VIX3M,2025-03-12,23.670000076293945
^VIX3M,2025-03-13,24.059999465942383
^VIX3M,2025-03-14,22.170000076293945
^VIX3M,2025-03-17,21.299999237060547
^VIX3M,2025-03-18,21.969999313354492
^VIX3M,2025-03-19,20.829999923706055
^VIX3M,2025-03-20,20.709999084472656
^VIX3M,2025-03-21,20.350000381469727
^VIX3M,2025-03-24,19.040000915527344
^VIX3M,2025-03-25,19.049999237060547
^VIX3M,2025-03-26,19.84000015258789
^VIX3M,2025-03-27,19.889999389648438
^VIX3M,2025-03-28,22.010000228881836
^VIX3M,2025-03-31,21.969999313354492
^VIX3M,2025-04-01,21.81999969482422
^VIX3M,2025-04-02,21.450000762939453
^VIX3M,2025-04-03,27.3799991607666
^VIX3M,2025-04-04,36.709999084472656
^VIX3M,2025-04-07,36.880001068115234
^VIX3M,2025-04-08,41.5
^VIX3M,2025-04-09,29.920000076293945
^VIX3M,2025-04-10,35.709999084472656
^VIX3M,2025-04-11,33.90999984741211
^VIX3M,2025-04-14,29.6299991607666
^VIX3M,2025-04-15,29.0
^VIX3M,2025-04-16,30.940000534057617
^VIX3M,2025-04-17,29.350000381469727
^VIX3M,2025-04-21,31.829999923706055
^VIX3M,2025-04-22,29.450000762939453
^VIX3M,2025-04-23,28.020000457763672
^VIX3M,2025-04-24,26.440000534057617
^VIX3M,2025-04-25,25.3700008392334
^VIX3M,2025-04-28,25.729999542236328
^VIX3M,2025-04-29,25.219999313354492
^VIX3M,2025-04-30,25.540000915527344
^VIX3M,2025-05-01,25.489999771118164
^VIX3M,2025-05-02,24.0
^VIX3M,2025-05-05,24.549999237060547
^VIX3M,2025-05-06,25.40999984741211
^VIX3M,2025-05-07,24.700000762939453
^VIX3M,2025-05-08,23.760000228881836
^VIX3M,2025-05-09,23.3799991607666
^VIX3M,2025-05-12,20.219999313354492
^VIX3M,2025-05-13,20.09000015258789
^VIX3M,2025-05-14,20.579999923706055
^VIX3M,2025-05-15,20.25
^VIX3M,2025-05-16,20.079999923706055
^VIX3M,2025-05-19,20.690000534057617
^VIX3M,2025-05-20,20.719999313354492
^VIX3M,2025-05-21,22.65999984741211
^VIX3M,2025-05-22,22.31999969482422
^VIX3M,2025-05-23,23.799999237060547
^VIX3M,2025-05-27,21.290000915527344
^VIX3M,2025-05-28,21.670000076293945
^VIX3M,2025-05-29,21.6200008392334
^VIX3M,2025-05-30,21.3799991607666
^VIX3M,2025-06-02,21.09000015258789
^VIX3M,2025-06-03,20.719999313354492
^VIX3M,2025-06-04,20.65999984741211
^VIX3M,2025-06-05,21.110000610351562
^VIX3M,2025-06-06,20.020000457763672
^VIX3M,2025-06-09,20.09000015258789
^VIX3M,2025-06-10,19.940000534057617
^VIX3M,2025-06-11,20.299999237060547
^VIX3M,2025-06-12,20.649999618530273
^VIX3M,2025-06-13,22.6200008392334
^VIX3M,2025-06-16,21.229999542236328
^VIX3M,2025-06-17,22.90999984741211
^VIX3M,2025-06-18,21.969999313354492
^VIX3M,2025-06-20,22.479999542236328
^VIX3M,2025-06-23,21.81999969482422
^VIX3M,2025-06-24,20.049999237060547
^VIX3M,2025-06-25,19.670000076293945
^VIX3M,2025-06-26,19.450000762939453
^VIX3M,2025-06-27,19.450000762939453
^VIX3M,2025-06-30,19.440000534057617
^VIX3M,2025-07-01,19.510000228881836
^VIX3M,2025-07-02,19.350000381469727
^VIX3M,2025-07-03,19.209999084472656
^VIX3M,2025-07-07,20.209999084472656
^VIX3M,2025-07-08,19.579999923706055
^VIX3M,2025-07-09,19.020000457763672
^VIX3M,2025-07-10,18.920000076293945
^VIX3M,2025-07-11,19.3700008392334
^VIX3M,2025-07-14,19.84000015258789
^VIX3M,2025-07-15,20.059999465942383
^VIX3M,2025-07-16,20.09000015258789
^VIX3M,2025-07-17,19.690000534057617
^VIX3M,2025-07-18,19.579999923706055
^VIX3M,2025-07-21,19.510000228881836
^VIX3M,2025-07-22,19.530000686645508
^VIX3M,2025-07-23,18.559999465942383
^VIX3M,2025-07-24,18.559999465942383
^VIX3M,2025-07-25,18.31999969482422
^VIX3M,2025-07-28,18.15999984741211
^VIX3M,2025-07-29,18.770000457763672
^VIX3M,2025-07-30,18.350000381469727
^VIX3M,2025-07-31,19.139999389648438
^VIX3M,2025-08-01,21.239999771118164
^VIX3M,2025-08-04,19.610000610351562
^VIX3M,2025-08-05,20.030000686645508
^VIX3M,2025-08-06,19.469999313354492
^VIX3M,2025-08-07,19.350000381469727
^VIX3M,2025-08-08,18.700000762939453
^VIX3M,2025-08-11,19.25
^VIX3M,2025-08-12,18.34000015258789
^VIX3M,2025-08-13,18.329999923706055
^VIX3M,2025-08-14,18.489999771118164
^VIX3M,2025-08-15,18.639999389648438
^VIX3M,2025-08-18,18.450000762939453
^VIX3M,2025-08-19,18.899999618530273
^VIX3M,2025-08-20,19.100000381469727
^VIX3M,2025-08-21,19.40999984741211
^VIX3M,2025-08-22,17.760000228881836
^VIX3M,2025-08-25,18.020000457763672
^VIX3M,2025-08-26,17.899999618530273
^VIX3M,2025-08-27,17.940000534057617
^VIX3M,2025-08-28,17.719999313354492
^VIX3M,2025-08-29,18.350000381469727
^VIX3M,2025-09-02,19.3799991607666
^VIX3M,2025-09-03,18.93000030517578
^VIX3M,2025-09-04,18.389999389648438
^VIX3M,2025-09-05,18.420000076293945
^VIX3M,2025-09-08,18.290000915527344
^VIX3M,2025-09-09,18.270000457763672
^VIX3M,2025-09-10,18.440000534057617
^VIX3M,2025-09-11,18.030000686645508
^VIX3M,2025-09-12,18.059999465942383
^VIX3M,2025-09-15,18.530000686645508
^VIX3M,2025-09-16,18.90999984741211
^VIX3M,2025-09-17,18.440000534057617
^VIX3M,2025-09-18,18.520000457763672
^VIX3M,2025-09-19,18.479999542236328
^VIX3M,2025-09-22,18.950000762939453
^VIX3M,2025-09-23,19.440000534057617
^VIX3M,2025-09-24,19.139999389648438
^VIX3M,2025-09-25,19.459999084472656
^VIX3M,2025-09-26,18.40999984741211
^VIX3M,2025-09-29,18.760000228881836
^VIX3M,2025-09-30,18.770000457763672
^VIX3M,2025-10-01,18.760000228881836
^VIX3M,2025-10-02,18.889999389648438
^VIX3M,2025-10-03,19.079999923706055
^VIX3M,2025-10-06,19.1200008392334
^VIX3M,2025-10-07,19.709999084472656
^VIX3M,2025-10-08,19.260000228881836
^VIX3M,2025-10-09,19.3799991607666
^VIX3M,2025-10-10,22.809999465942383
^VIX3M,2025-10-13,20.93000030517578
^VIX3M,2025-10-14,22.030000686645508
^VIX3M,2025-10-15,21.940000534057617
^VIX3M,2025-10-16,24.8700008392334
^VIX3M,2025-10-17,22.09000015258789
^VIX3M,2025-10-20,20.309999465942383
^VIX3M,2025-10-21,19.989999771118164
^VIX3M,2025-10-22,20.309999465942383
^VIX3M,2025-10-23,19.649999618530273
^VIX3M,2025-10-24,19.200000762939453
^VIX3M,2025-10-27,18.989999771118164
^VIX3M,2025-10-28,19.549999237060547
^VIX3M,2025-10-29,19.829999923706055
^VIX3M,2025-10-30,19.979999542236328
^VIX3M,2025-10-31,20.489999771118164
^VIX3M,2025-11-03,20.3799991607666
^VIX3M,2025-11-04,21.290000915527344
^VIX3M,2025-11-05,20.600000381469727
^VIX3M,2025-11-06,21.350000381469727
^VIX3M,2025-11-07,21.190000534057617
^VIX3M,2025-11-10,20.239999771118164
^VIX3M,2025-11-11,20.190000534057617
^VIX3M,2025-11-12,20.34000015258789
^VIX3M,2025-11-13,21.850000381469727
^VIX3M,2025-11-14,21.579999923706055
^VIX3M,2025-11-17,23.18000030517578
^VIX3M,2025-11-18,24.540000915527344
^VIX3M,2025-11-19,23.989999771118164
^VIX3M,2025-11-20,25.760000228881836
^VIX3M,2025-11-21,23.959999084472656
^VIX3M,2025-11-24,21.850000381469727
^VIX3M,2025-11-25,20.729999542236328
^VIX3M,2025-11-26,20.020000457763672
^VIX3M,2025-11-28,19.639999389648438
^VIX3M,2025-12-01,20.219999313354492
^VIX3M,2025-12-02,19.84000015258789
^VIX3M,2025-12-03,19.709999084472656
^VIX3M,2025-12-04,19.489999771118164
^VIX3M,2025-12-05,19.270000457763672
^VIX3M,2025-12-08,19.90999984741211
^VIX3M,2025-12-09,20.079999923706055
^VIX3M,2025-12-10,19.350000381469727
^VIX3M,2025-12-11,19.049999237060547
^VIX3M,2025-12-12,19.25
^VIX3M,2025-12-15,19.68000030517578
^VIX3M,2025-12-16,19.670000076293945
^VIX3M,2025-12-17,20.079999923706055
^VIX3M,2025-12-18,19.59000015258789
^VIX3M,2025-12-19,18.25
^VIX3M,2025-12-22,17.790000915527344
^VIX3M,2025-12-23,17.84000015258789
^VIX3M,2025-12-24,17.770000457763672
^VIX3M,2025-12-26,17.770000457763672
^VIX3M,2025-12-29,17.81999969482422
^VIX3M,2025-12-30,17.770000457763672
^VIX3M,2025-12-31,18.18000030517578
^VIX3M,2026-01-02,18.020000457763672
^VIX3M,2026-01-05,18.31999969482422
^VIX3M,2026-01-06,18.149999618530273
^VIX3M,2026-01-07,18.59000015258789
^VIX3M,2026-01-08,18.389999389648438
^VIX3M,2026-01-09,17.8799991607666
^VIX3M,2026-01-12,18.229999542236328
^VIX3M,2026-01-13,18.850000381469727
^VIX3M,2026-01-14,19.3700008392334
^VIX3M,2026-01-15,18.899999618530273
^VIX3M,2026-01-16,18.989999771118164
^VIX3M,2026-01-20,21.280000686645508
^VIX3M,2026-01-21,19.360000610351562
^VIX3M,2026-01-22,18.75
^VIX3M,2026-01-23,19.149999618530273
^VIX3M,2026-01-26,19.06999969482422
^VIX3M,2026-01-27,19.219999313354492
^VIX3M,2026-01-28,19.299999237060547
^VIX3M,2026-01-29,19.670000076293945
^VIX3M,2026-01-30,20.06999969482422
^VIX3M,2026-02-02,19.3700008392334
^VIX3M,2026-02-03,20.350000381469727
^VIX3M,2026-02-04,20.6200008392334
^VIX3M,2026-02-05,22.450000762939453
^VIX3M,2026-02-06,20.3700008392334
^VIX3M,2026-02-09,20.09000015258789
^VIX3M,2026-02-10,20.43000030517578
^VIX3M,2026-02-11,20.3700008392334
^VIX3M,2026-02-12,22.170000076293945
^VIX3M,2026-02-13,22.170000076293945
^VIX3M,2026-02-17,21.600000381469727
^VIX3M,2026-02-18,21.389999389648438
^VIX3M,2026-02-19,21.8799991607666
^VIX3M,2026-02-20,21.09000015258789
^VIX3M,2026-02-23,22.139999389648438
^VIX3M,2026-02-24,21.34000015258789
^VIX3M,2026-02-25,20.360000610351562
^VIX3M,2026-02-26,20.809999465942383
^VIX3M,2026-02-27,21.559999465942383
^VIX3M,2026-03-02,22.440000534057617
^VIX3M,2026-03-03,23.540000915527344
^VIX3M,2026-03-04,22.290000915527344
^VIX3M,2026-03-05,23.860000610351562
^VIX3M,2026-03-06,27.559999465942383
^VIX3M,2026-03-09,25.34000015258789
^VIX3M,2026-03-10,25.510000228881836
^VIX3M,2026-03-11,24.969999313354492
^VIX3M,2026-03-12,26.950000762939453
^VIX3M,2026-03-13,27.280000686645508
^VIX3M,2026-03-16,24.920000076293945
^VIX3M,2026-03-17,24.329999923706055
^VIX3M,2026-03-18,26.559999465942383
^VIX3M,2026-03-19,25.540000915527344
^VIX3M,2026-03-20,27.43000030517578
^VIX3M,2026-03-23,26.100000381469727
^VIX3M,2026-03-24,26.559999465942383
^VIX3M,2026-03-25,25.6299991607666
^VIX3M,2026-03-26,27.15999984741211
^VIX3M,2026-03-27,29.270000457763672
^VIX3M,2026-03-30,29.1299991607666
^VIX3M,2026-03-31,25.549999237060547
^VIX3M,2026-04-01,24.860000610351562
^VIX3M,2026-04-02,24.719999313354492
^VIX3M,2026-04-06,24.770000457763672
^VIX3M,2026-04-07,25.56999969482422
^VIX3M,2026-04-08,22.68000030517578
^VIX3M,2026-04-09,21.809999465942383
^VIX3M,2026-04-10,21.860000610351562
^VIX3M,2026-04-13,21.34000015258789
^VIX3M,2026-04-14,20.81999969482422
^VIX3M,2026-04-15,20.780000686645508
^VIX3M,2026-04-16,20.770000457763672
^VIX3M,2026-04-17,20.510000228881836
^VIX3M,2026-04-20,21.239999771118164
^VIX3M,2026-04-21,21.510000228881836
^VIX3M,2026-04-22,21.239999771118164
^VIX3M,2026-04-23,21.479999542236328
^VIX3M,2026-04-24,21.299999237060547
^VIX3M,2026-04-27,20.770000457763672
^VIX3M,2026-04-28,20.489999771118164
^VIX3M,2026-04-29,21.190000534057617
^VIX3M,2026-04-30,20.079999923706055
^VIX3M,2026-05-01,20.3700008392334
^VIX3M,2026-05-04,21.049999237060547
^VIX3M,2026-05-05,20.81999969482422
^VIX3M,2026-05-06,20.56999969482422
^VIX3M,2026-05-07,20.350000381469727
^VIX3M,2026-05-08,20.5
^VIX3M,2026-05-11,21.239999771118164
^VIX3M,2026-05-12,21.040000915527344
^VIX3M,2026-05-13,21.18000030517578
^VIX3M,2026-05-14,20.850000381469727
^VIX3M,2026-05-15,21.360000610351562
^VIX3M,2026-05-18,20.920000076293945
^VIX3M,2026-05-19,21.1200008392334
^VIX3M,2026-05-20,20.760000228881836
^VIX3M,2026-05-21,20.0
^VIX3M,2026-05-22,20.030000686645508
^VIX3M,2026-05-26,19.889999389648438
^VIX3M,2026-05-27,19.450000762939453
^VIX3M,2026-05-28,19.110000610351562
^VIX3M,2026-05-29,18.65999984741211
^VIX3M,2026-06-01,19.43000030517578
^VIX3M,2026-06-02,19.489999771118164
^VIX3M,2026-06-03,19.760000228881836
^VIX3M,2026-06-04,19.229999542236328
^VIX3M,2026-06-05,21.81999969482422
^VIX3M,2026-06-08,20.790000915527344
^VIX3M,2026-06-09,21.309999465942383
^VIX3M,2026-06-10,22.889999389648438
^VIX3M,2026-06-11,21.420000076293945
^VIX3M,2026-06-12,21.049999237060547
